openalex_id,display_name,shared_paper_count,seed_connection_count,connected_seed_professor_ids,institutions,country_codes,korea_affiliated,review_priority,example_work,review_status,current_affiliation,affiliation_source,scholar_affiliation,scholar_profile_url,scholar_email,scholar_cited_by,openalex_last_known_affiliation,current_country_codes,academic_affiliation_signal,pi_title_signal,bio_relevance_signal,affiliation_conflict_warning,triage_score,triage_tier,triage_reason,human_decision,web_title,web_snippet,web_url,official_domain_signal,professor_title_signal,trainee_title_signal,auto_decision,auto_confidence,auto_reason,suggested_decision
A5100719069,Tae Min Kim,90,14,P0001; P0007; P0017; P0028; P0029; P0043; P0057; P0064; P0067; P0070; P0076; P0077; P0079; P0083,Cancer Research Institute; Korea University; National University College; New Generation University College; Seoul National University; Seoul National University Hospital,ET; KR; PR; US,yes,129,Anti-tumor effects of NK cells and anti-PD-L1 antibody with antibody-dependent cellular cytotoxicity in PD-L1-positive cancer cell lines,needs_review,Seoul National University; New Generation University College; Seoul National University Hospital,openalex_last_known,,,,,Seoul National University; New Generation University College; Seoul National University Hospital,ET; KR,yes,no,yes,no,80,A_review_first,strong collaboration signal + academic affiliation + bio relevance,,,,,no,no,no,,0.82,"strong network signal, but no explicit professor title evidence",review
A5033086793,Sang Kook Lee,72,13,P0028; P0032; P0034; P0035; P0036; P0038; P0040; P0042; P0044; P0055; P0056; P0057; P0079,Ewha Womans University; National University College; New Generation University College; Samsung Medical Center; Seoul National University; Seoul National University Hospital; Sungkyunkwan University,ET; KR; PR,yes,108,Abstract 2520: Analysis of the targeted sequencing with RNA Seq. results between primary breast cancer and metastatic sites: Matched paired analysis,needs_review,Ulsan College; Seoul National University; Yonsei University; Severance Hospital; Asan Medical Center; Samsung Medical Center; New Generation University College; University of Ulsan; National University; Pusan National University Hospital; National University College; Sungkyunkwan University,openalex_last_known,,,,,Ulsan College; Seoul National University; Yonsei University; Severance Hospital; Asan Medical Center; Samsung Medical Center; New Generation University College; University of Ulsan; National University; Pusan National University Hospital; National University College; Sungkyunkwan University,ET; KR; PR; SD,yes,no,yes,no,75,A_review_first,strong collaboration signal + academic affiliation + bio relevance,,,,,no,no,no,,0.82,"strong network signal, but no explicit professor title evidence",review
A5101626383,Yon Su Kim,35,13,P0028; P0030; P0034; P0040; P0043; P0056; P0064; P0068; P0070; P0076; P0079; P0082; P0083,Keimyung University; National University College; New Generation University College; Seoul National University; Seoul National University Hospital,ET; KR; PR,yes,71,Identification of radiation-specific responses from gene expression profile,needs_review,Seoul National University; Seoul National University Hospital,openalex_last_known,,,,,Seoul National University; Seoul National University Hospital,KR,yes,no,yes,no,75,A_review_first,strong collaboration signal + academic affiliation + bio relevance,,,,,no,no,no,,0.82,"strong network signal, but no explicit professor title evidence",review
A5070098382,Yoon Kyung Jeon,187,12,P0007; P0028; P0029; P0051; P0057; P0060; P0064; P0070; P0075; P0076; P0079; P0082,Cancer Research Institute; Chungnam National University; National Cancer Center; National University College; New Generation University College; Seoul National University; Seoul National University Hospital,ET; KR; PR; US,yes,220,"A Phase II Study of Ifosfamide, Methotrexate, Etoposide, and Prednisolone for Previously Untreated Stage I/II Extranodal Natural Killer/T-Cell Lymphoma, Nasal Type: A Multicenter Trial of the Korean Cancer Study Group",needs_review,Seoul National University; Cancer Research Institute; New Generation University College; Seoul National University Hospital; National University College,openalex_last_known,,,,,Seoul National University; Cancer Research Institute; New Generation University College; Seoul National University Hospital; National University College,ET; KR; PR; US,yes,no,yes,no,70,A_review_first,strong collaboration signal + academic affiliation + bio relevance,,,,,no,no,no,,0.82,"strong network signal, but no explicit professor title evidence",review
A5100443628,Kwangsoo Kim,60,11,P0013; P0026; P0043; P0050; P0056; P0064; P0067; P0071; P0079; P0082; P0098,CHA University; Chonnam National University; New Generation University College; SNUH SMG-SNU Boramae Medical Center; Seoul National University; Seoul National University Hospital,ET; KR,yes,90,L-Asparaginase delivered by Salmonella typhimurium suppresses solid tumors,needs_review,Seoul National University of Science and Technology; Seoul National University; New Generation University College; Seoul National University Hospital; Seoul National University Bundang Hospital; Chonnam National University Hospital; Institute of Crop Science,openalex_last_known,,,,,Seoul National University of Science and Technology; Seoul National University; New Generation University College; Seoul National University Hospital; Seoul National University Bundang Hospital; Chonnam National University Hospital; Institute of Crop Science,ET; JP; KR,yes,no,yes,no,65,A_review_first,strong collaboration signal + academic affiliation + bio relevance,,,,,no,no,no,,0.82,"strong network signal, but no explicit professor title evidence",review
A5008852874,Hang‐Rae Kim,52,11,P0001; P0023; P0057; P0067; P0068; P0069; P0070; P0073; P0078; P0079; P0082,Institute of Biomedical Science; Korea Institute of Science and Technology; Korea University; National Medical Center; National University; National University College; New Generation University College; Research Institute for Future Medicine; Samsung Medical Center; Seoul National University; Seoul National University Children's Hospital; Seoul National University Hospital; Sungkyunkwan University; Yale University; Yonsei University; Yonsei University Health System,ET; GB; KR; PR; SD; US,yes,82,Differentially Expressed Potassium Channels Are Associated with Function of Human Effector Memory CD8+ T Cells,needs_review,Samsung Medical Center; Research Institute for Future Medicine; Sungkyunkwan University,openalex_last_known,,,,,Samsung Medical Center; Research Institute for Future Medicine; Sungkyunkwan University,KR,yes,no,yes,no,65,A_review_first,strong collaboration signal + academic affiliation + bio relevance,,,,,no,no,no,,0.82,"strong network signal, but no explicit professor title evidence",review
A5005534381,Nam‐Hyuk Cho,41,11,P0023; P0028; P0060; P0067; P0068; P0069; P0070; P0075; P0076; P0077; P0082,Korea Institute of Science and Technology; Korea University; National University College; New Generation University College; Seoul National University; Seoul National University Bundang Hospital; Seoul National University Hospital; Yonsei University,ET; KR; PR,yes,71,A multifunctional core–shell nanoparticle for dendritic cell-based cancer immunotherapy,needs_review,Seoul National University; New Generation University College; Seoul National University Hospital; Seoul National University Bundang Hospital,openalex_last_known,,,,,Seoul National University; New Generation University College; Seoul National University Hospital; Seoul National University Bundang Hospital,ET; KR,yes,no,yes,no,65,A_review_first,strong collaboration signal + academic affiliation + bio relevance,,,,,no,no,no,,0.82,"strong network signal, but no explicit professor title evidence",review
A5089590792,Dohyun Han,28,11,P0034; P0051; P0058; P0060; P0064; P0067; P0068; P0070; P0071; P0082; P0083,Biomedical Research Institute; Seoul National University; Seoul National University Hospital,KR; US,yes,58,Integrative Multi-omics Analysis Reveals Different Metabolic Phenotypes Based on Molecular Characteristics in Thyroid Cancer,needs_review,Seoul National University; New Generation University College; Seoul National University Hospital; Biomedical Research Institute,openalex_last_known,,,,,Seoul National University; New Generation University College; Seoul National University Hospital; Biomedical Research Institute,ET; KR; US,yes,no,yes,no,65,A_review_first,strong collaboration signal + academic affiliation + bio relevance,,,,,no,no,no,,0.82,"strong network signal, but no explicit professor title evidence",review
A5045269587,Minh‐Trang Thi Phan,19,11,P0001; P0006; P0009; P0013; P0014; P0016; P0019; P0020; P0024; P0027; P0030,Chonnam National University; Chonnam National University Hospital; Chonnam National University Hwasun Hospital; Creative Research; Korea Post; Pohang University of Science and Technology; Regenerative Medicine Institute; Samsung Medical Center; Sungkyunkwan University; Van Lang University,GB; KR; MX; VN,yes,49,Expansion of Human NK Cells Using K562 Cells Expressing OX40 Ligand and Short Exposure to IL-21,needs_review,Chonnam National University; Chonnam National University Hospital; Chonnam National University Hwasun Hospital; Creative Research; Korea Post; Pohang University of Science and Technology; Regenerative Medicine Institute; Samsung Medical Center; Sungkyunkwan University; Van Lang University,authorship_history,,,,,,,yes,no,yes,no,65,A_review_first,strong collaboration signal + academic affiliation + bio relevance,,,,,no,no,no,,0.82,"strong network signal, but no explicit professor title evidence",review
A5086899824,Sung Ho Ryu,42,10,P0001; P0011; P0023; P0030; P0040; P0041; P0042; P0073; P0090; P0100,Dong-A University; Korea Basic Science Institute; Korea Research Institute of Bioscience and Biotechnology; Pohang University of Science and Technology; Research Institute of Industrial Science and Technology,KR,yes,69,Formation of cellular close-ended tunneling nanotubes through mechanical deformation,needs_review,Pohang University of Science and Technology,openalex_last_known,,,,,Pohang University of Science and Technology,KR,yes,no,yes,no,60,A_review_first,strong collaboration signal + academic affiliation + bio relevance,,,,,no,no,no,,0.82,"strong network signal, but no explicit professor title evidence",review
A5100420784,Taehyung P. Kim,34,10,P0013; P0014; P0019; P0020; P0021; P0026; P0051; P0056; P0073; P0108,Bioengineering Center; Chung-Ang University; Gachon University; Kangwon National University; Korea Institute of Science and Technology; Korea Research Institute of Bioscience and Biotechnology; Sungkyunkwan University; University of Toronto,CA; KR; RU,yes,61,Next Generation Sequencing (NGS)-Based Post-Transplant Monitoring in Acute Myeloid Leukemia Patients Receiving Allogeneic Hematopoietic Stem Cell Transplantation (HCT),needs_review,Sungkyunkwan University,openalex_last_known,,,,,Sungkyunkwan University,KR,yes,no,yes,no,60,A_review_first,strong collaboration signal + academic affiliation + bio relevance,,,,,no,no,no,,0.82,"strong network signal, but no explicit professor title evidence",review
A5036364665,Keon Wook Kang,28,10,P0029; P0033; P0040; P0042; P0050; P0051; P0067; P0073; P0075; P0079,Cancer Research Institute; Chosun University; Kyung Hee University; National Cancer Center; National University College; New Generation University College; Seoul National University; Seoul National University Hospital,ET; KR; PR; US,yes,55,Early metabolic response using FDG PET/CT and molecular phenotypes of breast cancer treated with neoadjuvant chemotherapy,needs_review,Seoul National University; Cancer Research Institute; New Generation University College; Seoul National University Hospital; National University College,openalex_last_known,,,,,Seoul National University; Cancer Research Institute; New Generation University College; Seoul National University Hospital; National University College,ET; KR; PR; US,yes,no,yes,no,60,A_review_first,strong collaboration signal + academic affiliation + bio relevance,,,,,no,no,no,,0.82,"strong network signal, but no explicit professor title evidence",review
A5008074124,Kyong Soo Park,25,10,P0023; P0030; P0042; P0058; P0060; P0075; P0079; P0082; P0083; P0098,National Institute for Basic Biology; National University College; New Generation University College; Seoul National University; Seoul National University Hospital,ET; JP; KR; PR,yes,52,Changes in Hepatic Gene Expression upon Oral Administration of Taurine-Conjugated Ursodeoxycholic Acid in ob/ob Mice,needs_review,Seoul National University; National Yang Ming Chiao Tung University; National Health Research Institutes; Konkuk University; Seoul National University Hospital; Taipei Veterans General Hospital; Taichung Veterans General Hospital; Konkuk University Medical Center; National Defense Medical Center; National Yang Ming Chiao Tung University,openalex_last_known,,,,,Seoul National University; National Yang Ming Chiao Tung University; National Health Research Institutes; Konkuk University; Seoul National University Hospital; Taipei Veterans General Hospital; Taichung Veterans General Hospital; Konkuk University Medical Center; National Defense Medical Center; National Yang Ming Chiao Tung University,KR; TW,yes,no,yes,no,60,A_review_first,strong collaboration signal + academic affiliation + bio relevance,,,,,no,no,no,,0.82,"strong network signal, but no explicit professor title evidence",review
A5100773895,So Yeon Park,24,10,P0021; P0040; P0051; P0057; P0061; P0064; P0075; P0079; P0082; P0091,CHA University; Hallym University Medical Center; Korea University; National Cancer Center; Office of Infectious Diseases; Seoul National University; Seoul National University Bundang Hospital; Ulsan College; University of Ulsan,KR; US,yes,51,Multimodal therapy strategy based on a bioactive hydrogel for repair of spinal cord injury,needs_review,Seoul National University; Seoul National University Bundang Hospital,openalex_last_known,,,,,Seoul National University; Seoul National University Bundang Hospital,KR,yes,no,yes,no,60,A_review_first,strong collaboration signal + academic affiliation + bio relevance,,,,,no,no,no,,0.82,"strong network signal, but no explicit professor title evidence",review
A5100335103,Young Ho Kim,21,10,P0028; P0038; P0040; P0042; P0050; P0051; P0055; P0060; P0072; P0090,Asan Medical Center; Catholic University of Korea; Chungnam National University; Keimyung University; Korea Research Institute of Bioscience and Biotechnology; Kyungpook National University; National Cancer Center; National University; New Generation University College; Seoul National University; Seoul National University Hospital; Sookmyung Women's University; University of Ulsan,ET; KR; US,yes,48,Allelic imbalance of somatic mutations in cancer genomes and transcriptomes,needs_review,Chungnam National University; Material Physics Center; Naval Research Laboratory Materials Science and Technology Division,openalex_last_known,,,,,Chungnam National University; Material Physics Center; Naval Research Laboratory Materials Science and Technology Division,ES; KR,yes,no,yes,no,60,A_review_first,strong collaboration signal + academic affiliation + bio relevance,,,,,no,no,no,,0.82,"strong network signal, but no explicit professor title evidence",review
A5043780534,Eun‐Jung Cho,19,10,P0006; P0025; P0028; P0030; P0031; P0034; P0043; P0051; P0079; P0086,Catholic University of Korea; National Cancer Center; Samsung Medical Center; Seoul National University; Seoul National University Hospital; Sungkyunkwan University; The Catholic University of Korea Incheon St. Mary's Hospital; Yonsei University,KR,yes,46,Red Blood Cell Alloimmunization in Korean Patients With Myelodysplastic Syndrome and Liver Cirrhosis,needs_review,Hallym University; Gyeongsang National University; Inha University; Sacred Heart Hospital; Hallym University Dongtan Sacred Heart Hospital; Sungkyunkwan University,openalex_last_known,,,,,Hallym University; Gyeongsang National University; Inha University; Sacred Heart Hospital; Hallym University Dongtan Sacred Heart Hospital; Sungkyunkwan University,KR; US,yes,no,yes,no,60,A_review_first,strong collaboration signal + academic affiliation + bio relevance,,,,,no,no,no,,0.82,"strong network signal, but no explicit professor title evidence",review
A5100363762,Ho Kim,16,10,P0007; P0028; P0030; P0034; P0036; P0051; P0053; P0057; P0072; P0082,Chonnam National University Hwasun Hospital; Daegu Catholic University; Korea Advanced Institute of Science and Technology; Macrogen (South Korea); National University College; New Generation University College; Seoul National University; Seoul National University Hospital; Ulsan University Hospital; Yonsei University,ET; KR; PR,yes,43,Trough plasma imatinib levels are correlated with optimal cytogenetic responses at 6 months after treatment with standard dose of imatinib in newly diagnosed chronic myeloid leukemia,needs_review,Ulsan College; Gachon University; University of Minnesota; Seoul National University; Gyeongsang National University; Inha University; Yonsei University; Chungnam National University; Asan Medical Center; University of Ulsan; National Cancer Center; Minnesota Department of Health; Pusan National University; National Institute of Environmental Research; Sungkyunkwan University,openalex_last_known,,,,,Ulsan College; Gachon University; University of Minnesota; Seoul National University; Gyeongsang National University; Inha University; Yonsei University; Chungnam National University; Asan Medical Center; University of Ulsan; National Cancer Center; Minnesota Department of Health; Pusan National University; National Institute of Environmental Research; Sungkyunkwan University,KR; US,yes,no,yes,no,60,A_review_first,strong collaboration signal + academic affiliation + bio relevance,,,,,no,no,no,,0.82,"strong network signal, but no explicit professor title evidence",review
A5004166441,Seok Jin Kim,124,10,P0006; P0007; P0013; P0014; P0019; P0020; P0028; P0029; P0050; P0082,Asan Medical Center; Bristol-Myers Squibb (Switzerland); Busan Medical Center; Chonnam National University Hwasun Hospital; Chungnam National University; Dong-A University; Dong-A University Hospital; Gangnam Severance Hospital; Kangbuk Samsung Hospital; Korea Food Research Institute; Korea University Medical Center; National Cancer Center; National Health Insurance Service Ilsan Hospital; Pusan National University Hospital; Research Institute for Future Medicine; Samsung (South Korea); Samsung Medical Center; Seoul National University Hospital; Severance Hospital; Stem Cell Institute; Sungkyunkwan University; Ulsan College; Ulsan University Hospital; University of Ulsan; Yonsei University,CH; KR; PA,yes,151,Avelumab for the treatment of relapsed or refractory extranodal NK/T-cell lymphoma: an open-label phase 2 study,needs_review,Samsung (South Korea); Samsung Medical Center; Seoul National University Bundang Hospital; Sungkyunkwan University,openalex_last_known,,,,,Samsung (South Korea); Samsung Medical Center; Seoul National University Bundang Hospital; Sungkyunkwan University,KR,yes,no,yes,no,60,A_review_first,strong collaboration signal + academic affiliation + bio relevance,,,,,no,no,no,,0.82,"strong network signal, but no explicit professor title evidence",review
A5003089475,Yoon‐La Choi,114,10,P0025; P0028; P0031; P0040; P0061; P0075; P0079; P0082; P0097; P0100,Chungbuk National University; National Institutes of Health; New Generation University College; Samsung (South Korea); Samsung Medical Center; Seoul National University; Sungkyunkwan University,ET; KR; US,yes,141,Patient-Derived Xenograft Models of Epithelial Ovarian Cancer for Preclinical Studies,needs_review,Samsung Medical Center; Chonnam National University Hospital; Chonnam National University Hwasun Hospital,openalex_last_known,,,,,Samsung Medical Center; Chonnam National University Hospital; Chonnam National University Hwasun Hospital,KR,yes,no,yes,no,60,A_review_first,strong collaboration signal + academic affiliation + bio relevance,,,,,no,no,no,,0.82,"strong network signal, but no explicit professor title evidence",review
A5024891671,Dae Seog Heo,98,9,P0001; P0007; P0017; P0029; P0051; P0057; P0064; P0067; P0079,Cancer Research Institute; National University College; New Generation University College; Seoul National University; Seoul National University Bundang Hospital; Seoul National University Hospital,ET; KR; PR; US,yes,122,Anti-tumor effects of NK cells and anti-PD-L1 antibody with antibody-dependent cellular cytotoxicity in PD-L1-positive cancer cell lines,needs_review,Seoul National University; University of Szeged; Seoul National University Hospital; National Evidenc- based healthcare Collaborating Agency,openalex_last_known,,,,,Seoul National University; University of Szeged; Seoul National University Hospital; National Evidenc- based healthcare Collaborating Agency,HU; KR,yes,no,yes,no,55,A_review_first,strong collaboration signal + academic affiliation + bio relevance,,,,,no,no,no,,0.82,"strong network signal, but no explicit professor title evidence",review
A5100638261,Dong‐Wan Kim,70,9,P0001; P0007; P0017; P0029; P0057; P0067; P0072; P0077; P0079,Cancer Research Institute; New Generation University College; Seoul National University; Seoul National University Bundang Hospital; Seoul National University Hospital,ET; KR; US,yes,94,Anti-tumor effects of NK cells and anti-PD-L1 antibody with antibody-dependent cellular cytotoxicity in PD-L1-positive cancer cell lines,needs_review,Seoul National University; New Generation University College; Seoul National University Hospital,openalex_last_known,,,,,Seoul National University; New Generation University College; Seoul National University Hospital,ET; KR,yes,no,yes,no,55,A_review_first,strong collaboration signal + academic affiliation + bio relevance,,,,,no,no,no,,0.82,"strong network signal, but no explicit professor title evidence",review
A5100772286,Sanghee Kim,54,9,P0030; P0035; P0036; P0038; P0040; P0042; P0050; P0079; P0091,Catholic University of Korea; Daegu-Gyeongbuk Medical Innovation Foundation; Hansung University; Laboratory of Molecular Genetics; Mokpo National University; National Cancer Center; National University College; New Generation University College; Seoul National University; Seoul National University Hospital; The Catholic University of Korea Bucheon St. Mary's Hospital; The Seoul Institute,ET; KR; PL; PR,yes,78,Minichromosome maintenance protein 3 is a candidate proliferation marker in papillary thyroid carcinoma,needs_review,Seoul National University; Keimyung University,openalex_last_known,,,,,Seoul National University; Keimyung University,KR,yes,no,yes,no,55,A_review_first,strong collaboration signal + academic affiliation + bio relevance,,,,,,,,,0.82,"strong network signal, but no explicit professor title evidence",review
A5028222807,Manh-Cuong Vo,50,9,P0001; P0006; P0009; P0013; P0014; P0016; P0019; P0020; P0027,Chonnam National University; Chonnam National University Hospital; Chonnam National University Hwasun Hospital; Duy Tan University; Palmetto Hematology Oncology,KR; US; VN,yes,74,Expansion of cytotoxic natural killer cells in multiple myeloma patients using K562 cells expressing OX40 ligand and membrane-bound IL-18 and IL-21,needs_review,Duy Tan University; Chonnam National University Hwasun Hospital,openalex_last_known,,,,,Duy Tan University; Chonnam National University Hwasun Hospital,KR; VN,yes,no,yes,no,55,A_review_first,strong collaboration signal + academic affiliation + bio relevance,no,,,,no,no,no,,0.82,"strong network signal, but no explicit professor title evidence",no
A5100390285,Jin‐Soo Kim,42,9,P0002; P0029; P0040; P0051; P0056; P0066; P0067; P0072; P0083,Institute for Basic Science; Korea Research Institute of Bioscience and Biotechnology; Korea University; Korea University of Science and Technology; National University College; New Generation University College; SNUH SMG-SNU Boramae Medical Center; Seoul National University; Seoul National University of Education; ToolGen (South Korea),ET; KR; PR,yes,66,dCas9-mediated Nanoelectrokinetic Direct Detection of Target Gene for Liquid Biopsy,needs_review,Institute for Basic Science; Korea Research Institute of Bioscience and Biotechnology; Korea University; Korea University of Science and Technology; National University College; New Generation University College; SNUH SMG-SNU Boramae Medical Center; Seoul National University; Seoul National University of Education; ToolGen (South Korea),authorship_history,,,,,,,yes,no,yes,no,55,A_review_first,strong collaboration signal + academic affiliation + bio relevance,,,,,,,,,0.82,"strong network signal, but no explicit professor title evidence",review
A5008938100,Hoon Kook,40,9,P0006; P0007; P0013; P0014; P0016; P0019; P0020; P0056; P0082,Chonnam National University; Chonnam National University Hospital; Chonnam National University Hwasun Hospital,KR,yes,64,Ex vivo expansion of natural killer cells using cryopreserved irradiated feeder cells.,needs_review,Chonnam National University Hospital; Chonnam National University Hwasun Hospital,openalex_last_known,,,,,Chonnam National University Hospital; Chonnam National University Hwasun Hospital,KR,yes,no,yes,no,55,A_review_first,strong collaboration signal + academic affiliation + bio relevance,,,,,no,no,no,,0.82,"strong network signal, but no explicit professor title evidence",review
A5100355268,Hyunju Lee,32,9,P0006; P0007; P0013; P0014; P0016; P0020; P0028; P0075; P0082,Cancer Research Institute; Chonnam National University; Chonnam National University Hwasun Hospital; Gwangju Institute of Science and Technology; Kongju National University; New Generation University College; Seoul National University; Seoul National University Bundang Hospital,ET; KR; US,yes,56,Cellular immunotherapy in multiple myeloma,needs_review,Konyang University; Seoul National University Bundang Hospital; Gwangju Institute of Science and Technology; Korea Institute of Geoscience and Mineral Resources; Hankuk University of Foreign Studies,openalex_last_known,,,,,Konyang University; Seoul National University Bundang Hospital; Gwangju Institute of Science and Technology; Korea Institute of Geoscience and Mineral Resources; Hankuk University of Foreign Studies,KR,yes,no,yes,no,55,A_review_first,strong collaboration signal + academic affiliation + bio relevance,,2025 대한의료정보학회 춘계학술대회 초록집 | PDF,"Sehyun Lee1, Hyunju Lee M.D., PhD2, Hyunho Kim M.D., Ph.D 3 1. Jeonbuk ... of Otorhinolaryngology-Head and Neck Surgery, College of Medicine, Konyang University ...",https://www.scribd.com/document/931949626/2025-%EB%8C%80%ED%95%9C%EC%9D%98%EB%A3%8C%EC%A0%95%EB%B3%B4%ED%95%99%ED%9A%8C-%EC%B6%98%EA%B3%84%ED%95%99%EC%88%A0%EB%8C%80%ED%9A%8C-%EC%B4%88%EB%A1%9D%EC%A7%91,no,no,no,,0.82,"strong network signal, but no explicit professor title evidence",review
A5102861222,Gwanghun Kim,30,9,P0001; P0023; P0057; P0070; P0075; P0076; P0078; P0079; P0082,Cancer Research Institute; National University College; New Generation University College; Seoul National University,ET; KR; PR; US,yes,54,Differentially Expressed Potassium Channels Are Associated with Function of Human Effector Memory CD8+ T Cells,needs_review,Seoul National University; Cancer Research Institute,openalex_last_known,,,,,Seoul National University; Cancer Research Institute,KR; US,yes,no,yes,no,55,A_review_first,strong collaboration signal + academic affiliation + bio relevance,,,,,,,,,0.82,"strong network signal, but no explicit professor title evidence",review
A5100757543,Soo Hyun Lee,30,9,P0006; P0013; P0016; P0028; P0040; P0051; P0058; P0079; P0086,Cancer Research Institute; Chonnam National University; Chonnam National University Hwasun Hospital; Chungnam National University; Kongju National University; Korea University; Korea University Anam Hospital; Korea University Medical Center; National University College; New Generation University College; Pfizer (South Korea); Samsung (South Korea); Samsung Medical Center; Seoul National University; Sungkyunkwan University; The University of Texas MD Anderson Cancer Center; Yonsei Cancer Hospital; Yonsei University,ET; KR; PR; US,yes,54,Effects of ADAM10 and ADAM17 Inhibitors on Natural Killer Cell Expansion and Antibody-dependent Cellular Cytotoxicity Against Breast Cancer Cells In Vitro,needs_review,Palo Alto University; Korea University Medical Center; Kyung Hee University; Union Hospital; Korea University; Korea University Anam Hospital; Dong-A University; Smith-Kettlewell Eye Research Institute; Stanford University,openalex_last_known,,,,,Palo Alto University; Korea University Medical Center; Kyung Hee University; Union Hospital; Korea University; Korea University Anam Hospital; Dong-A University; Smith-Kettlewell Eye Research Institute; Stanford University,JP; KR; US,yes,no,yes,no,55,A_review_first,strong collaboration signal + academic affiliation + bio relevance,,,,,,,,,0.82,"strong network signal, but no explicit professor title evidence",review
A5071627434,Sang‐Kyu Ye,29,9,P0030; P0051; P0057; P0067; P0068; P0070; P0073; P0077; P0079,Dankook University; Korea University; Kyung Hee University; National Cancer Center; National University College; New Generation University College; Seoul National University; Seoul National University Hospital,ET; JP; KR; PR,yes,53,Streptochlorin Suppresses Allergic Dermatitis and Mast Cell Activation via Regulation of Lyn/Fyn and Syk Signaling Pathways in Cellular and Mouse Models,needs_review,Seoul National University; New Generation University College,openalex_last_known,,,,,Seoul National University; New Generation University College,ET; KR,yes,no,yes,no,55,A_review_first,strong collaboration signal + academic affiliation + bio relevance,,,,,,,,,0.82,"strong network signal, but no explicit professor title evidence",review
A5026607578,Tan-Huy Chu,23,9,P0001; P0006; P0009; P0013; P0014; P0016; P0019; P0020; P0027,Chonnam National University; Chonnam National University Hospital; Chonnam National University Hwasun Hospital; Pham Ngoc Thach University of Medicine,KR; VN,yes,47,Expansion of cytotoxic natural killer cells in multiple myeloma patients using K562 cells expressing OX40 ligand and membrane-bound IL-18 and IL-21,needs_review,Chonnam National University Hwasun Hospital; Tam Anh Research Institute,openalex_last_known,,,,,Chonnam National University Hwasun Hospital; Tam Anh Research Institute,KR; VN,yes,no,yes,no,55,A_review_first,strong collaboration signal + academic affiliation + bio relevance,no,,,,no,no,no,,0.82,"strong network signal, but no explicit professor title evidence",no
A5100366813,Jin-Ho Kim,22,9,P0001; P0006; P0009; P0013; P0014; P0019; P0020; P0027; P0028,Samsung (South Korea); Samsung Medical Center; Seoul National University Bundang Hospital; Sungkyunkwan University,KR,yes,46,Expansion of cytotoxic natural killer cells in multiple myeloma patients using K562 cells expressing OX40 ligand and membrane-bound IL-18 and IL-21,needs_review,Seoul National University Bundang Hospital,openalex_last_known,,,,,Seoul National University Bundang Hospital,KR,yes,no,yes,no,55,A_review_first,strong collaboration signal + academic affiliation + bio relevance,,"Introducing Kim, Jin-Wook","2014 - 2023 Associate Professor, Internal Medicine Seoul National University Bundang Hospital ... Choi Yoon Jin, Kim Nayoung, Paik Jin Ho, Kim Jung Mogg ...",https://www.snubh.org/common/popup/drIntroduce_view.do?sDpCdDtl=IMG&sDrSid=1000264&sDrStfNo=00971&S_DP_CD=CCC&MENU_ID=001001&DP_CD=EN,no,yes,no,yes,0.92,professor/PI title signal + academic affiliation,review
A5064386987,Kyunga Kim,21,9,P0006; P0007; P0024; P0025; P0028; P0034; P0040; P0042; P0060,Dankook University Dental Hospital; Dankook University Hospital; GeneMatrix (South Korea); Korea Research Institute of Bioscience and Biotechnology; Research Institute for Future Medicine; Samsung (India); Samsung (South Korea); Samsung Medical Center; Sookmyung Women's University; Sungkyunkwan University; Yonsei University,IN; KR,yes,45,"Development, validation, and usability evaluation of machine learning algorithms for predicting personalized red blood cell demand among thoracic surgery patients",needs_review,Samsung Medical Center; Research Institute for Future Medicine; Sungkyunkwan University,openalex_last_known,,,,,Samsung Medical Center; Research Institute for Future Medicine; Sungkyunkwan University,KR,yes,no,yes,no,55,A_review_first,strong collaboration signal + academic affiliation + bio relevance,,,,,,,,,0.82,"strong network signal, but no explicit professor title evidence",review
A5003546968,Sang‐Jun Ha,20,9,P0001; P0003; P0011; P0044; P0068; P0078; P0079; P0098; P0104,Sungkyunkwan University; Yonsei University; Yonsei University Health System,KR,yes,44,MicroRNA-150 modulates intracellular Ca 2+ levels in naïve CD8+ T cells by targeting TMEM20,needs_review,Yonsei University,openalex_last_known,,,,,Yonsei University,KR,yes,no,yes,no,55,A_review_first,strong collaboration signal + academic affiliation + bio relevance,,,,,,,,,0.82,"strong network signal, but no explicit professor title evidence",review
A5100713154,Young Soo Kim,19,9,P0007; P0021; P0044; P0068; P0072; P0073; P0086; P0096; P0100,Ajou University; CHA University; Korea Institute of Brain Science; Korea Institute of Science and Technology; Korea University of Science and Technology; Korean Association Of Science and Technology Studies; Yonsei University,KR,yes,43,A Therapeutic Nanovaccine that Generates Anti‐Amyloid Antibodies and Amyloid‐specific Regulatory T Cells for Alzheimer's Disease,needs_review,Yonsei University; Korea Institute of Brain Science; Amyloidosis Foundation; Korea Institute of Science and Technology,openalex_last_known,,,,,Yonsei University; Korea Institute of Brain Science; Amyloidosis Foundation; Korea Institute of Science and Technology,KR; US,yes,no,yes,no,55,A_review_first,strong collaboration signal + academic affiliation + bio relevance,,,,,,,,,0.82,"strong network signal, but no explicit professor title evidence",review
A5021717111,Joon Haeng Rhee,18,9,P0006; P0013; P0014; P0016; P0020; P0023; P0042; P0079; P0100,Cell Biotech (South Korea); Center for Genomic Science; Chonnam National University; Chonnam National University Hospital; Chonnam National University Hwasun Hospital,IT; KR,yes,42,Combined NK Cell Therapy and Radiation Therapy Exhibit Long-Term Therapeutic and Antimetastatic Effects in a Human Triple Negative Breast Cancer Model,needs_review,Chonnam National University; Chonnam National University Hospital; Chonnam National University Hwasun Hospital,openalex_last_known,,,,,Chonnam National University; Chonnam National University Hospital; Chonnam National University Hwasun Hospital,KR,yes,no,yes,no,55,A_review_first,strong collaboration signal + academic affiliation + bio relevance,,,,,,,,,0.82,"strong network signal, but no explicit professor title evidence",review
A5056221486,Yeo‐Kyeoung Kim,138,9,P0006; P0007; P0013; P0014; P0016; P0019; P0020; P0029; P0082,Ajou University; Ajou University Hospital; Catholic University of Korea; Chonnam National University; Chonnam National University Hospital; Chonnam National University Hwasun Hospital; Kyungpook National University; Palmetto Hematology Oncology; Samsung Medical Center; Seonam University; Sungkyunkwan University; The Catholic University of Korea Seoul St. Mary's Hospital; Veterans Health Service Medical Center,KR; US,yes,162,Induction of multiple myeloma-specific cytotoxic T lymphocyte stimulation by dendritic cell pulsing with purified and optimized myeloma cell lysates,needs_review,Veterans Health Service Medical Center,openalex_last_known,,,,,Veterans Health Service Medical Center,KR,yes,no,yes,no,55,A_review_first,strong collaboration signal + academic affiliation + bio relevance,,Impact of Community-Onset Methicillin-Resistant ...,"Affiliations. 1 Department of Laboratory Medicine, Veterans Health Service Medical Center, Seoul, Korea. 2 Department of Internal Medicine, Veterans Health ...",https://pubmed.ncbi.nlm.nih.gov/30430778/,no,no,no,,0.82,"strong network signal, but no explicit professor title evidence",review
A5080295544,Bhumsuk Keam,130,9,P0001; P0017; P0023; P0028; P0029; P0057; P0064; P0067; P0079,Cancer Research Institute; National University College; New Generation University College; Samsung Medical Center; Seoul National University; Seoul National University Hospital; Sungkyunkwan University,ET; KR; PR; US,yes,154,Blockade of CD47 enhances the antitumor effect of macrophages in renal cell carcinoma through trogocytosis,needs_review,Seoul National University; Seoul National University Hospital,openalex_last_known,,,,,Seoul National University; Seoul National University Hospital,KR,yes,no,yes,no,55,A_review_first,strong collaboration signal + academic affiliation + bio relevance,,,,,,,,,0.82,"strong network signal, but no explicit professor title evidence",review
A5102724382,Yoon‐La Choi,91,8,P0001; P0025; P0028; P0030; P0040; P0056; P0075; P0082,Fox Chase Cancer Center; Samsung (South Korea); Samsung (United Kingdom); Samsung Medical Center; Seoul National University; Stanford University; Sungkyunkwan University,GB; KR; US,yes,112,Earlier-Phased Cancer Immunity Cycle Strongly Influences Cancer Immunity in Operable Never-Smoker Lung Adenocarcinoma,needs_review,Samsung Medical Center; Sungkyunkwan University,openalex_last_known,,,,,Samsung Medical Center; Sungkyunkwan University,KR,yes,no,yes,no,50,A_review_first,strong collaboration signal + academic affiliation + bio relevance,,,,,,,,,0.82,"strong network signal, but no explicit professor title evidence",review
A5103121931,Jong-Ho Won,74,8,P0006; P0007; P0013; P0014; P0016; P0019; P0020; P0029,Asan Medical Center; Bucheon University; Chonnam National University; Chonnam National University Hwasun Hospital; Dong-A University; Ewha Womans University; Jeonbuk National University; Korea University Medical Center; Kyungpook National University Hospital; Princess Margaret Cancer Centre; Samsung Medical Center; Soonchunhyang University; Soonchunhyang University Hospital Bucheon; Soonchunhyang University Hospital Seoul; Sungkyunkwan University; Ulsan College; University of Toronto; University of Ulsan,CA; KR,yes,95,A Case of Therapy-Related Acute Monocytic Leukemia following Low-dose of Etoposide Treatment for Hemophagocytic Lymphohistiocytosis,needs_review,Soonchunhyang University Hospital Seoul,openalex_last_known,,,,,Soonchunhyang University Hospital Seoul,KR,yes,no,yes,no,50,A_review_first,strong collaboration signal + academic affiliation + bio relevance,,,,,no,no,no,,0.82,"strong network signal, but no explicit professor title evidence",review
A5061232003,Jong‐Hee Chae,63,8,P0002; P0028; P0029; P0056; P0057; P0066; P0079; P0082,Korea Advanced Institute of Science and Technology; National University College; New Generation University College; Seoul National University; Seoul National University Children's Hospital; Seoul National University Hospital,ET; KR; PR,yes,84,dCas9-mediated Nanoelectrokinetic Direct Detection of Target Gene for Liquid Biopsy,needs_review,Seoul National University; Seoul National University Hospital; Seoul National University Children's Hospital,openalex_last_known,,,,,Seoul National University; Seoul National University Hospital; Seoul National University Children's Hospital,KR,yes,no,yes,no,50,A_review_first,strong collaboration signal + academic affiliation + bio relevance,,,,,,,,,0.82,"strong network signal, but no explicit professor title evidence",review
A5100438953,Hyun Soo Kim,57,8,P0025; P0028; P0030; P0051; P0057; P0072; P0075; P0079,Ajou University; Catholic University of America; Genomics (United Kingdom); Gwangju Institute of Science and Technology; Immune Regulation (United Kingdom); Inha University; Inje University; Jeju National University; Kyungpook National University Chilgok Hospital; Kyungpook National University Hospital; New Generation University College; Samsung (South Korea); Samsung Medical Center; Seoul National University; Severance Hospital; Sungkyunkwan University; Taewoong Medical (South Korea); University of Calgary; Wonju Severance Christian Hospital; Yonsei University,CA; ET; GB; KR; US,yes,78,Sphingosine kinase 1 is a reliable prognostic factor and a novel therapeutic target for uterine cervical cancer,needs_review,Ansan University; Kyung Hee University; Korea Research Institute of Chemical Technology,openalex_last_known,,,,,Ansan University; Kyung Hee University; Korea Research Institute of Chemical Technology,KR,yes,no,yes,no,50,A_review_first,strong collaboration signal + academic affiliation + bio relevance,,,,,,,,,0.82,"strong network signal, but no explicit professor title evidence",review
A5100725750,Mi‐Hyun Kim,56,8,P0006; P0007; P0013; P0014; P0020; P0028; P0038; P0083,Chonnam National University Hwasun Hospital; Electronics and Telecommunications Research Institute; Gachon University; New Generation University College; Samsung Medical Center; Seoul National University; Sungkyunkwan University; Yeungnam University,ET; KR,yes,77,Optimal culture conditions for the generation of natural killer cell-induced dendritic cells for cancer immunotherapy,needs_review,Gachon University,openalex_last_known,,,,,Gachon University,KR,yes,no,yes,no,50,A_review_first,strong collaboration signal + academic affiliation + bio relevance,,,,,,,,,0.82,"strong network signal, but no explicit professor title evidence",review
A5020574847,Ga‐Young Song,51,8,P0001; P0006; P0009; P0013; P0014; P0019; P0020; P0027,Chonnam National University Hospital; Chonnam National University Hwasun Hospital; Palmetto Hematology Oncology,KR; US,yes,72,Expansion of cytotoxic natural killer cells in multiple myeloma patients using K562 cells expressing OX40 ligand and membrane-bound IL-18 and IL-21,needs_review,Chonnam National University Hwasun Hospital,openalex_last_known,,,,,Chonnam National University Hwasun Hospital,KR,yes,no,yes,no,50,A_review_first,strong collaboration signal + academic affiliation + bio relevance,,,,,no,no,no,,0.82,"strong network signal, but no explicit professor title evidence",review
A5020847797,Kyung Chul Moon,49,8,P0023; P0028; P0051; P0064; P0070; P0076; P0079; P0082,Kidney Research UK; National University College; New Generation University College; Seoul National University; Seoul National University Children's Hospital; Seoul National University Hospital,ET; GB; KR; PR,yes,70,Epigenetic regulation of mammalian Hedgehog signaling to the stroma determines the molecular subtype of bladder cancer,needs_review,Seoul National University; New Generation University College; Seoul National University Hospital,openalex_last_known,,,,,Seoul National University; New Generation University College; Seoul National University Hospital,ET; KR,yes,no,yes,no,50,A_review_first,strong collaboration signal + academic affiliation + bio relevance,,,,,,,,,0.82,"strong network signal, but no explicit professor title evidence",review
A5032056701,Byong Chang Jeong,39,8,P0006; P0009; P0016; P0028; P0030; P0031; P0051; P0064,Gyeongsang National University; Research Institute for Future Medicine; Samsung (South Korea); Samsung Medical Center; Seoul National University; Seoul National University Hospital; Sungkyunkwan University,KR,yes,60,Evaluating a combination treatment of NK cells and reovirus against bladder cancer cells using an in vitro assay to simulate intravesical therapy,needs_review,Samsung Medical Center; Sungkyunkwan University,openalex_last_known,,,,,Samsung Medical Center; Sungkyunkwan University,KR,yes,no,yes,no,50,A_review_first,strong collaboration signal + academic affiliation + bio relevance,,,,,,,,,0.82,"strong network signal, but no explicit professor title evidence",review
A5100417563,Sun‐Hee Kim,28,8,P0006; P0013; P0014; P0020; P0028; P0029; P0042; P0051,Chonnam National University; Korea Research Institute of Bioscience and Biotechnology; Kyung Hee University; Pusan National University; Samsung Medical Center; Sungkyunkwan University; Ulsan College; University of Ottawa; University of Ulsan,CA; KR,yes,49,"Natural killer cell subsets and receptor expression in peripheral blood mononuclear cells of a healthy Korean population: Reference range, influence of age and sex, and correlation between NK cell receptors and cytotoxicity",needs_review,Ewha Womans University; Korea National Institute of Health; Yeungnam University College; Sheikh Khalifa Bin Zayed Al Nahyan Institute for Personalized Cancer Therapy; Yeungnam University; Hongik University,openalex_last_known,,,,,Ewha Womans University; Korea National Institute of Health; Yeungnam University College; Sheikh Khalifa Bin Zayed Al Nahyan Institute for Personalized Cancer Therapy; Yeungnam University; Hongik University,KR; US,yes,no,yes,no,50,A_review_first,strong collaboration signal + academic affiliation + bio relevance,,,,,,,,,0.82,"strong network signal, but no explicit professor title evidence",review
A5100608883,Kyung‐Hee Kim,28,8,P0007; P0040; P0042; P0057; P0072; P0073; P0090; P0097,Cancer Research Institute; Catholic University of Korea; Chungnam National University; Deleted Institution; Eulji University; National Cancer Center; New Generation University College; Seoul National University,ET; KR; US,yes,49,A Case of Chronic Myelogenous Leukemia with Abnormal Expression of N-CAM (CD56) Adhesion Molecule on CD34-negative Non-blastic Myeloid Cells,needs_review,Florida State University; Kookmin University; Emory University; Chungnam National University; Korea Polar Research Institute; Ajou University,openalex_last_known,,,,,Florida State University; Kookmin University; Emory University; Chungnam National University; Korea Polar Research Institute; Ajou University,KR; US,yes,no,yes,no,50,A_review_first,strong collaboration signal + academic affiliation + bio relevance,,,,,,,,,0.82,"strong network signal, but no explicit professor title evidence",review
A5100431002,Soo Hyun Kim,24,8,P0006; P0007; P0021; P0036; P0053; P0058; P0075; P0095,Ajou University; Amorepacific (South Korea); Ewha Womans University; Hanyang University; Kangwon National University; Korea Institute of Science and Technology; Korea University; Kyung Hee University; National Cancer Center; National Health Insurance Service Ilsan Hospital; Severance Hospital; Yonsei University; Yonsei University Health System,KR; US,yes,45,A Comparison of ID 32 GN System with Amplified Ribosomal DNA Restriction Analysis for Identification of Acinetobacter baumannii,needs_review,Korea Institute of Oriental Medicine; National Development Institute of Korean Medicine; Chonnam National University Hwasun Hospital,openalex_last_known,,,,,Korea Institute of Oriental Medicine; National Development Institute of Korean Medicine; Chonnam National University Hwasun Hospital,KR,yes,no,yes,no,50,A_review_first,strong collaboration signal + academic affiliation + bio relevance,,,,,,,,,0.82,"strong network signal, but no explicit professor title evidence",review
A5100739943,Hyun‐Young Kim,23,8,P0001; P0006; P0009; P0016; P0026; P0027; P0028; P0031,Gyeongsang National University Hospital; Korea Advanced Institute of Science and Technology; Pusan National University Hospital; Samsung (South Korea); Samsung Medical Center; Sungkyunkwan University,KR,yes,44,Anti-CD19 antibody cotreatment enhances serial killing activity of anti-CD19 CAR-T/-NK cells and reduces trogocytosis,needs_review,Samsung Medical Center; Seoul National University Hospital; Pusan National University Hospital; Sungkyunkwan University,openalex_last_known,,,,,Samsung Medical Center; Seoul National University Hospital; Pusan National University Hospital; Sungkyunkwan University,KR,yes,no,yes,no,50,A_review_first,strong collaboration signal + academic affiliation + bio relevance,no,Mahmood Mamdani | Department of Anthropology,"Mahmood Mamdani is the Herbert Lehman Professor of Government. specializes in the study of colonialism, anti-colonialism and decolonisation.",https://anthropology.columbia.edu/content/mahmood-mamdani,yes,yes,no,yes,0.98,official academic page/search result explicitly indicates professor/PI,no
A5071567586,Nam Hoon Kwon,23,8,P0029; P0040; P0051; P0072; P0079; P0093; P0100; P0102,Biocon (Switzerland); Gangnam Severance Hospital; New Generation University College; Seoul National University; Yonsei University,CH; ET; KR,yes,44,Single-cell analysis of AIMP2 splice variants informs on drug sensitivity and prognosis in hematologic cancer,needs_review,Biocon (Switzerland); Gangnam Severance Hospital; New Generation University College; Seoul National University; Yonsei University,authorship_history,,,,,,,yes,no,yes,no,50,A_review_first,strong collaboration signal + academic affiliation + bio relevance,,,,,,,,,0.82,"strong network signal, but no explicit professor title evidence",review
A5100371180,Hyun Wook Kim,21,8,P0006; P0028; P0030; P0039; P0042; P0073; P0076; P0090,Boston University; GeneMatrix (South Korea); Inje University; Inje University Ilsan Paik Hospital; Korea Institute of Science and Technology; Korea Research Institute of Bioscience and Biotechnology; Korea University; Samsung Medical Center; Yonsei University,JP; KR; US,yes,42,Microbiome and metabolite biomarkers of CAR T-cell therapy outcomes in relapsed/refractory diffuse large B-cell lymphoma,needs_review,Harvard University; Korea University; Gwangju Institute of Science and Technology; Jaseng Medical Foundation,openalex_last_known,,,,,Harvard University; Korea University; Gwangju Institute of Science and Technology; Jaseng Medical Foundation,KR; US,yes,no,yes,no,50,A_review_first,strong collaboration signal + academic affiliation + bio relevance,,,,,,,,,0.82,"strong network signal, but no explicit professor title evidence",review
A5100353399,Kihyun Kım,163,8,P0006; P0007; P0013; P0014; P0019; P0020; P0028; P0044,Asan Medical Center; Catholic University of Korea; Chonnam National University Hwasun Hospital; Dana-Farber Cancer Institute; Konkuk University Medical Center; National Cancer Center; SNUH SMG-SNU Boramae Medical Center; Samsung (South Korea); Samsung Medical Center; Seoul National University; Severance Hospital; Soonchunhyang University Hospital Seoul; Sungkyunkwan University; The Catholic University of Korea Seoul St. Mary's Hospital; The Catholic University of Korea St. Vincent's Hospital; Ulsan College; Ulsan University Hospital; University of Ulsan; Yonsei University,KR; US,yes,184,Clinical Utility of Next-Generation Flow-Based Minimal Residual Disease Assessment in Patients with Multiple Myeloma,needs_review,Seoul National University; Samsung Medical Center; Kyung Hee University; Jeonbuk National University; Sungkyunkwan University,openalex_last_known,,,,,Seoul National University; Samsung Medical Center; Kyung Hee University; Jeonbuk National University; Sungkyunkwan University,KR,yes,no,yes,no,50,A_review_first,strong collaboration signal + academic affiliation + bio relevance,,Kihyun Kim - PhD Student at MIT EECS,"View Kihyun Kim's profile on LinkedIn, a professional community of 1 billion members ... 서울대학교 (Seoul National University). Bachelor's degree Electrical and ...",https://www.linkedin.com/in/kihyun-kim-88010a200,no,no,yes,no,0.95,trainee/postdoc title signal,no
A5036888293,Joon Ho Moon,98,7,P0007; P0013; P0014; P0019; P0020; P0082; P0108,Bucheon University; Chonnam National University; Chonnam National University Hwasun Hospital; Hematology Oncology Associates; Kyungpook National University; Kyungpook National University Hospital; Maryland Oncology Hematology; National Cancer Center; Palmetto Hematology Oncology; Pusan National University Hospital; Samsung Medical Center; Soonchunhyang University; Soonchunhyang University Hospital Seoul,KR; US,yes,116,Trough Plasma Imatinib Levels and ABCG2 Polymorphisms Are Correlated with Optimal Cytogenetic Responses at 6 Months After Treatment with Standard Dose of Imatinib In Newly Diagnosed CML,needs_review,Kyungpook National University Hospital; Seoul National University Bundang Hospital; Kyungpook National University,openalex_last_known,,,,,Kyungpook National University Hospital; Seoul National University Bundang Hospital; Kyungpook National University,KR,yes,no,yes,no,45,A_review_first,strong collaboration signal + academic affiliation + bio relevance,,,,,,,,,0.82,"strong network signal, but no explicit professor title evidence",review
A5102784882,Ho‐Jin Shin,90,7,P0007; P0013; P0014; P0016; P0020; P0029; P0078,Asan Medical Center; Busan National University of Education; Catholic University of Korea; Dong-A University; Dong-A University Hospital; Ewha Womans University Medical Center; Inje University Busan Paik Hospital; Korea University; Kyungpook National University; National Cancer Center; Pusan National University; Pusan National University Hospital; Seoul National University Bundang Hospital; Seoul National University Hospital; Stanford University; The Catholic University of Korea Seoul St. Mary's Hospital; The Korean Society of Hematology; Ulsan College; University of Ulsan,KR; US,yes,108,Cytogenetic profiles of 2806 patients with acute myeloid leukemia—a retrospective multicenter nationwide study,needs_review,Pusan National University Hospital,openalex_last_known,,,,,Pusan National University Hospital,KR,yes,no,yes,no,45,A_review_first,strong collaboration signal + academic affiliation + bio relevance,,High one-hour plasma glucose is an intermediate risk state ...,"Affiliations. 1 Division of Endocrinology and Metabolism, Department of Internal Medicine, Pusan National University Hospital, Busan, Republic of Korea; ...",https://pubmed.ncbi.nlm.nih.gov/39617334/,no,no,no,,0.82,"strong network signal, but no explicit professor title evidence",review
A5100780621,Jin Seok Kim,87,7,P0007; P0013; P0014; P0019; P0020; P0029; P0051,Asan Medical Center; CHA University; Catholic University of Korea; Chonnam National University Hwasun Hospital; Gangnam Severance Hospital; Hallym University Medical Center; Hallym University Sacred Heart Hospital; Jeonbuk National University; Korea University Medical Center; Kyungpook National University; Kyungpook National University Hospital; National Cancer Center; Pusan National University Hospital; Samsung Medical Center; Seoul National University; Seoul National University Hospital; Severance Hospital; Soonchunhyang University Hospital Seoul; Sungkyunkwan University; The Catholic University of Korea Seoul St. Mary's Hospital; The Catholic University of Korea St. Vincent's Hospital; Ulsan College; Ulsan University Hospital; University of Ulsan; Yeungnam University; Yeungnam University College; Yonsei University; Yonsei University Health System,KR,yes,105,"Phase II Trial of Concurrent Radiation and Weekly Cisplatin Followed by VIPD Chemotherapy in Newly Diagnosed, Stage IE to IIE, Nasal, Extranodal NK/T-Cell Lymphoma: Consortium for Improving Survival of Lymphoma Study",needs_review,Yonsei University; Severance Hospital; University of Ulsan; Gangnam Severance Hospital; Yonsei University Health System,openalex_last_known,,,,,Yonsei University; Severance Hospital; University of Ulsan; Gangnam Severance Hospital; Yonsei University Health System,KR,yes,no,yes,no,45,A_review_first,strong collaboration signal + academic affiliation + bio relevance,,Jin Seok Kim,"JIN SEOK KIM. Yonsei University College of Medicine: Seodaemun-gu, Seoul, KR. 1999-03-01 to 2001-02-28 | MS. Education. Show more detail. Source: Self-asserted ...",https://orcid.org/0000-0001-8986-8436,no,no,no,,0.82,"strong network signal, but no explicit professor title evidence",review
A5054573839,Yeung‐Chul Mun,81,7,P0006; P0007; P0013; P0014; P0020; P0028; P0029,Baewha Women's University; Catholic University of Korea; Chung-Ang University Hospital; Deleted Institution; Ewha Womans University; Ewha Womans University Medical Center; Ewha Womans University Mokdong Hospital; Gachon University Gil Medical Center; Hallym University; Inje University Busan Paik Hospital; Konkuk University Medical Center; Kyungpook National University Hospital; National Health Insurance Service Ilsan Hospital; Oregon Health & Science University; Seoul National University Bundang Hospital; Sungkyunkwan University; The Catholic University of Korea Seoul St. Mary's Hospital; The Catholic University of Korea St. Vincent's Hospital; Ulsan College; Ulsan University Hospital; University of Toronto; University of Ulsan; Wonju Severance Christian Hospital; Yeungnam University Medical Center; Yonsei University,CA; KR; US,yes,99,Plasma Circulating Tumor DNA in Patients with Primary Central Nervous System Lymphoma,needs_review,Ewha Womans University,openalex_last_known,,,,,Ewha Womans University,KR,yes,no,yes,no,45,A_review_first,strong collaboration signal + academic affiliation + bio relevance,,"(PDF) Past, Present, and Future of Ewha Medical Care","... Ewha Womans University School of Medicine, Seoul, Korea. 서 론. Ewha Medical Care (EMC)의 소개와 경과보고 등으로 관련내. 용을 보고한 적은 많으나 이렇게 글로써 ...",https://www.researchgate.net/publication/313682193_Past_Present_and_Future_of_Ewha_Medical_Care,no,no,no,,0.82,"strong network signal, but no explicit professor title evidence",review
A5082025437,Jin Seok Ahn,81,7,P0007; P0014; P0028; P0029; P0040; P0073; P0079,Hallym University Medical Center; Samsung Medical Center; Sungkyunkwan University,KR,yes,99,Response to high-dose intravenous immune globulin as a valuable factor predicting the effect of splenectomy in chronic idiopathic thrombocytopenic purpura patients,needs_review,Samsung Medical Center; Sungkyunkwan University,openalex_last_known,,,,,Samsung Medical Center; Sungkyunkwan University,KR,yes,no,yes,no,45,A_review_first,strong collaboration signal + academic affiliation + bio relevance,,,,,,,,,0.82,"strong network signal, but no explicit professor title evidence",review
A5010232519,Young Rok Do,71,7,P0007; P0013; P0014; P0019; P0020; P0029; P0052,Asan Medical Center; Catholic University of Korea; Ewha Womans University; Inje University Busan Paik Hospital; Keimyung University; Keimyung University Dongsan Hospital; Keimyung University Dongsan Medical Center; Korea University; Korea University Anam Hospital; Korea University Medical Center; Pusan National University Hospital; Samsung Medical Center; The Catholic University of Korea Bucheon St. Mary's Hospital; The Catholic University of Korea St. Vincent's Hospital; Ulsan College; University of Ulsan,KR,yes,89,Odronextamab monotherapy in patients with relapsed/refractory diffuse large B cell lymphoma: primary efficacy and safety analysis in phase 2 ELM-2 trial,needs_review,Keimyung University Dongsan Medical Center; Keimyung University,openalex_last_known,,,,,Keimyung University Dongsan Medical Center; Keimyung University,KR,yes,no,yes,no,45,A_review_first,strong collaboration signal + academic affiliation + bio relevance,,,,,,,,,0.82,"strong network signal, but no explicit professor title evidence",review
A5023527480,Yong Park,70,7,P0006; P0007; P0013; P0014; P0019; P0020; P0029,Chonnam National University Hwasun Hospital; Gachon University Gil Medical Center; Inje University Busan Paik Hospital; Jeonbuk National University; Kangwon National University; Keimyung University; Keimyung University Dongsan Medical Center; Korea University; Korea University Anam Hospital; Korea University Medical Center; New Generation University College; Scripps Korea Antibody Institute; Seoul National University Hospital; Ulsan College; Ulsan University Hospital; University of Ulsan,ET; JP; KR,yes,88,Single‐dose etoposide is an effective and safe protocol for stem cell mobilization in patients with multiple myeloma,needs_review,Ewha Womans University; Texas A&M University System; Korea University; Augusta University; New Generation University College; Chonnam National University Hwasun Hospital; Korea University; Ewha Womans University Mokdong Hospital; Korea University Anam Hospital; Jeonbuk National University,openalex_last_known,,,,,Ewha Womans University; Texas A&M University System; Korea University; Augusta University; New Generation University College; Chonnam National University Hwasun Hospital; Korea University; Ewha Womans University Mokdong Hospital; Korea University Anam Hospital; Jeonbuk National University,ET; JP; KR; US,yes,no,yes,no,45,A_review_first,strong collaboration signal + academic affiliation + bio relevance,,",17(51$7,21$/ )2580 21 (175(35(1(856+,3","... Ewha Womans University. 연사 Speaker. 반성식. 한국글로벌 기업가정신 ... Yong Park. Senior Vice President, Korean Academic Society of.",https://www.jinju.go.kr/jinjuforum/files/brochure-2025.pdf,no,no,no,,0.82,"strong network signal, but no explicit professor title evidence",review
A5049007470,Sang Jeong Kim,50,7,P0067; P0073; P0075; P0076; P0077; P0079; P0083,"Czech Academy of Sciences, Institute of Physiology; Institute for Basic Science; Institute of Immunology; Korea University; Kyung Hee University; Medical Research Network; National Medical Center; National University College; New Generation University College; Seoul National University; Seoul National University Hospital",CZ; ET; HR; KR; PR; US,yes,68,Signal transducer and activator of transcription 3 (Stat3) contributes to T ‐cell homeostasis by regulating pro‐survival Bcl‐2 family genes,needs_review,Seoul National University; National Medical Center,openalex_last_known,,,,,Seoul National University; National Medical Center,KR,yes,no,yes,no,45,A_review_first,strong collaboration signal + academic affiliation + bio relevance,,,,,,,,,0.82,"strong network signal, but no explicit professor title evidence",review
A5071885891,Won Seog Kim,48,7,P0006; P0007; P0013; P0014; P0020; P0028; P0029,Chonnam National University; Samsung (South Korea); Samsung Medical Center; Sungkyunkwan University,KR,yes,66,Avelumab for the treatment of relapsed or refractory extranodal NK/T-cell lymphoma: an open-label phase 2 study,needs_review,Samsung Medical Center; Sungkyunkwan University,openalex_last_known,,,,,Samsung Medical Center; Sungkyunkwan University,KR,yes,no,yes,no,45,A_review_first,strong collaboration signal + academic affiliation + bio relevance,,Yhim Ho-Young - Google 학술 검색,"공동 저자. Won Seog kimSamsung Medical Centerskku.edu의 이메일 확인됨. Seok Jin KimSamsung Medical Center, Sungkyunkwan University ...",https://scholar.google.com/citations?user=GJH-aVIAAAAJ&hl=ko,no,no,no,,0.82,"strong network signal, but no explicit professor title evidence",review
A5005022842,Wonshik Han,36,7,P0028; P0029; P0051; P0057; P0067; P0079; P0093,Cancer Research Institute; Kyung Hee University; National Cancer Center; National University College; New Generation University College; Samsung (South Korea); Samsung Medical Center; Seoul National University; Seoul National University Hospital; Sungkyunkwan University,ET; KR; PR; US,yes,54,Single-cell RNA-seq enables comprehensive tumour and immune cell profiling in primary breast cancer,needs_review,Seoul National University; Cancer Research Institute; Seoul National University Hospital; National University College,openalex_last_known,,,,,Seoul National University; Cancer Research Institute; Seoul National University Hospital; National University College,KR; PR; US,yes,no,yes,no,45,A_review_first,strong collaboration signal + academic affiliation + bio relevance,,,,,,,,,0.82,"strong network signal, but no explicit professor title evidence",review
A5055870378,Hoon Ryu,36,7,P0028; P0033; P0069; P0073; P0076; P0077; P0096,Bio-Medical Science (South Korea); Boston University; Convergence Research Center for Diagnosis Treatment and Care System of Dementia; Daejeon University; Korea Institute of Brain Science; Korea Institute of Science and Technology; Korea University of Science and Technology; Korean Association Of Science and Technology Studies; Kyung Hee Cyber University; Kyung Hee University; Seoul National University; University of Science and Technology; VA Boston Healthcare System,KR; US; YE,yes,54,Integrated analysis of omics data using microRNA-target mRNA network and PPI network reveals regulation of Gnai1 function in the spinal cord of Ews/Ewsr1 KO mice,needs_review,Korea Institute of Brain Science; Korean Association Of Science and Technology Studies; Bio-Medical Science (South Korea); Korea Institute of Science and Technology; Korea University of Science and Technology,openalex_last_known,,,,,Korea Institute of Brain Science; Korean Association Of Science and Technology Studies; Bio-Medical Science (South Korea); Korea Institute of Science and Technology; Korea University of Science and Technology,KR,yes,no,yes,no,45,A_review_first,strong collaboration signal + academic affiliation + bio relevance,,,,,,,,,0.82,"strong network signal, but no explicit professor title evidence",review
A5070300049,Sang Eun Yoon,33,7,P0006; P0013; P0014; P0020; P0028; P0029; P0082,Catholic University of Korea; Kyungpook National University Hospital; Samsung Medical Center; Seoul National University Bundang Hospital; Seoul National University Hospital; Sungkyunkwan University; The Catholic University of Korea Seoul St. Mary's Hospital,KR,yes,51,Avelumab for the treatment of relapsed or refractory extranodal NK/T-cell lymphoma: an open-label phase 2 study,needs_review,Samsung Medical Center; Sungkyunkwan University,openalex_last_known,,,,,Samsung Medical Center; Sungkyunkwan University,KR,yes,no,yes,no,45,A_review_first,strong collaboration signal + academic affiliation + bio relevance,,,,,,,,,0.82,"strong network signal, but no explicit professor title evidence",review
A5043824226,June‐Won Cheong,33,7,P0007; P0013; P0014; P0019; P0020; P0029; P0082,Asan Medical Center; Catholic University of Korea; Dankook University Hospital; Gachon University Gil Medical Center; Inje University Busan Paik Hospital; Severance Hospital; Ulsan College; Ulsan University Hospital; University of Ulsan; Yonsei University; Yonsei University Health System,KR,yes,51,Cytogenetic profiles of 2806 patients with acute myeloid leukemia—a retrospective multicenter nationwide study,needs_review,Yonsei University; Severance Hospital; Gangnam Severance Hospital; Yonsei University Health System,openalex_last_known,,,,,Yonsei University; Severance Hospital; Gangnam Severance Hospital; Yonsei University Health System,KR,yes,no,yes,no,45,A_review_first,strong collaboration signal + academic affiliation + bio relevance,,,,,,,,,0.82,"strong network signal, but no explicit professor title evidence",review
A5100348844,Won Kyum Kim,32,7,P0029; P0033; P0051; P0064; P0070; P0075; P0082,National University College; New Generation University College; SNUH SMG-SNU Boramae Medical Center; Seoul Metropolitan Government; Seoul National University; Seoul National University Bundang Hospital; Seoul National University Hospital; Target (United States),ET; KR; PR; US,yes,50,KIT and PDGFRAmutation status and their immunohistochemical (IHC) expression profile of gastrointestinal stromal tumor (GIST) patients treated with imatinib (IMT): Seven-year single-center experience,needs_review,Seoul National University; Seoul Metropolitan Government; SNUH SMG-SNU Boramae Medical Center; National University College,openalex_last_known,,,,,Seoul National University; Seoul Metropolitan Government; SNUH SMG-SNU Boramae Medical Center; National University College,KR; PR,yes,no,yes,no,45,A_review_first,strong collaboration signal + academic affiliation + bio relevance,,,,,,,,,0.82,"strong network signal, but no explicit professor title evidence",review
A5100766238,Jung Hee Kim,31,7,P0030; P0039; P0051; P0060; P0064; P0079; P0083,Korea Institute of Science and Technology; Korea Research Institute of Bioscience and Biotechnology; Kyungpook National University; Pai Chai University; Seoul National University; Seoul National University Bundang Hospital; Seoul National University Hospital; Yonsei University,KR,yes,49,Malignant mixed mullerian tumor of the cervix including components of a rhabdomyosarcoma: case report and literature review.,needs_review,Korea Institute for Advanced Study; Seoul National University Hospital; Hallym University Dongtan Sacred Heart Hospital; Korea Research Institute of Bioscience and Biotechnology,openalex_last_known,,,,,Korea Institute for Advanced Study; Seoul National University Hospital; Hallym University Dongtan Sacred Heart Hospital; Korea Research Institute of Bioscience and Biotechnology,KR,yes,no,yes,no,45,A_review_first,strong collaboration signal + academic affiliation + bio relevance,,,,,,,,,0.82,"strong network signal, but no explicit professor title evidence",review
A5063101533,Yoo Hong Min,29,7,P0007; P0012; P0013; P0014; P0020; P0029; P0082,Asan Medical Center; Daegu Catholic University; Palmetto Hematology Oncology; Severance Hospital; Soonchunhyang University Hospital Seoul; The Korean Society of Hematology; Ulsan College; University of Ulsan; Yonsei University,KR; US,yes,47,Cytogenetic profiles of 2806 patients with acute myeloid leukemia—a retrospective multicenter nationwide study,needs_review,Yonsei University; Chungnam National University; Convergence; Korea Research Institute of Bioscience and Biotechnology,openalex_last_known,,,,,Yonsei University; Chungnam National University; Convergence; Korea Research Institute of Bioscience and Biotechnology,KR; US,yes,no,yes,no,45,A_review_first,strong collaboration signal + academic affiliation + bio relevance,,,,,,,,,0.82,"strong network signal, but no explicit professor title evidence",review
A5045827347,Jongheon Shin,29,7,P0035; P0036; P0038; P0042; P0044; P0050; P0086,Seoul National University; Yonsei University,KR,yes,47,New Scaffold for Angiogenesis Inhibitors Discovered by Targeted Chemical Transformations of Wondonin Natural Products,needs_review,Seoul National University,openalex_last_known,,,,,Seoul National University,KR,yes,no,yes,no,45,A_review_first,strong collaboration signal + academic affiliation + bio relevance,,,,,,,,,0.82,"strong network signal, but no explicit professor title evidence",review
A5066161983,Se‐Hoon Lee,141,7,P0001; P0028; P0029; P0040; P0057; P0079; P0082,Cancer Research Institute; Ewha Womans University; Konkuk University; Korea Advanced Institute of Science and Technology; Korea National University of Transportation; National University College; New Generation University College; Samsung (South Korea); Samsung (United Kingdom); Samsung Medical Center; Seoul National University; Seoul National University Hospital; Sungkyunkwan University; Ulsan College; University of Ulsan,ET; GB; KR; PR; US,yes,159,Earlier-Phased Cancer Immunity Cycle Strongly Influences Cancer Immunity in Operable Never-Smoker Lung Adenocarcinoma,needs_review,Samsung (South Korea); Samsung Medical Center; Seoul Medical Center; Bristol-Myers Squibb (South Korea); Sungkyunkwan University,openalex_last_known,,,,,Samsung (South Korea); Samsung Medical Center; Seoul Medical Center; Bristol-Myers Squibb (South Korea); Sungkyunkwan University,KR,yes,no,yes,no,45,A_review_first,strong collaboration signal + academic affiliation + bio relevance,,,,,,,,,0.82,"strong network signal, but no explicit professor title evidence",review
A5046657476,Jae‐Weon Kim,121,7,P0006; P0025; P0028; P0051; P0057; P0064; P0068,"Asan Medical Center; Beijing Obstetrics and Gynecology Hospital; Bucheon University; CHA University; CHA University Bundang Medical Center; Catholic Kwandong University; Catholic University of Korea; Cheil General Hospital and Women's Healthcare Center; Cornell University; Denver Health Medical Center; Duke Medical Center; Gangnam Severance Hospital; Gynecologic Oncology Group; Iwate Medical University; Johns Hopkins University; Keimyung University; Keimyung University Dongsan Medical Center; Magee-Womens Research Institute; Memorial Sloan Kettering Cancer Center; Metro-Minnesota Community Oncology Research Consortium; NRG Oncology; National Cancer Center; National University College; New Generation University College; Providence College; Roswell Park Comprehensive Cancer Center; Saitama Medical University; Samsung Medical Center; Seoul National University; Seoul National University Hospital; Seoul National University of Science and Technology; Severance Hospital; Sidney Kimmel Comprehensive Cancer Center; Soonchunhyang University; Sungkyunkwan University; The Ohio State University; The University of Melbourne; The University of Texas MD Anderson Cancer Center; UNSW Sydney; Ulsan College; University of California, Irvine; University of Cincinnati; University of Colorado Denver; University of Duisburg-Essen; University of Oklahoma Health Sciences Center; University of Pennsylvania; University of Ulsan; Women & Infants Hospital of Rhode Island; Women's Cancer Center of Nevada; Yonsei University",AU; CN; DE; ET; JP; KR; PR; US,yes,139,Efficacy and safety of BVAC-C in HPV type 16- or 18–positive cervical carcinoma who failed 1st platinum-based chemotherapy: a phase I/IIa study,needs_review,Seoul National University; New Generation University College; Seoul National University Hospital,openalex_last_known,,,,,Seoul National University; New Generation University College; Seoul National University Hospital,ET; KR,yes,no,yes,no,45,A_review_first,strong collaboration signal + academic affiliation + bio relevance,,,,,,,,,0.82,"strong network signal, but no explicit professor title evidence",review
A5101479359,Deok‐Hwan Yang,111,7,P0006; P0013; P0014; P0016; P0019; P0020; P0082,Chonnam National University; Chonnam National University Hospital; Chonnam National University Hwasun Hospital; Palmetto Hematology Oncology; Samsung Medical Center,KR; US,yes,129,"Expanded natural killer cells augment the antimyeloma effect of daratumumab, bortezomib, and dexamethasone in a mouse model",needs_review,Chonnam National University Hospital; Chonnam National University Hwasun Hospital,openalex_last_known,,,,,Chonnam National University Hospital; Chonnam National University Hwasun Hospital,KR,yes,no,yes,no,45,A_review_first,strong collaboration signal + academic affiliation + bio relevance,,,,,,,,,0.82,"strong network signal, but no explicit professor title evidence",review
A5014715024,Chun Gwon Park,64,6,P0001; P0006; P0007; P0021; P0026; P0050,Advanced Institute of Convergence Technology; CHA University; Chungbuk National University; Forest Institute; Institute for Basic Science; Korea Institute of Science and Technology; Kyungpook National University; Seoul National University; Sungkyunkwan University; Wake Forest University,KR; US,yes,79,T‐Cell‐Derived Nanovesicles for Cancer Immunotherapy,needs_review,Korea Institute of Science and Technology; Sungkyunkwan University,openalex_last_known,,,,,Korea Institute of Science and Technology; Sungkyunkwan University,KR,yes,no,yes,no,40,A_review_first,strong collaboration signal + academic affiliation + bio relevance,,,,,,,,,0.82,"strong network signal, but no explicit professor title evidence",review
A5030107272,Keunchil Park,60,6,P0007; P0028; P0029; P0040; P0057; P0079,Aarhus University; Aarhus University Hospital; Korea University; Samsung (South Korea); Samsung Medical Center; Sangmyung University; Sungkyunkwan University,DK; KR,yes,75,"Dose modification of alemtuzumab in combination with dexamethasone, cytarabine, and cisplatin in patients with relapsed or refractory peripheral T-cell lymphoma: analysis of efficacy and toxicity",needs_review,The University of Texas MD Anderson Cancer Center; Samsung Medical Center; Sungkyunkwan University,openalex_last_known,,,,,The University of Texas MD Anderson Cancer Center; Samsung Medical Center; Sungkyunkwan University,KR; US,yes,no,yes,no,40,A_review_first,strong collaboration signal + academic affiliation + bio relevance,,,,,,,,,0.82,"strong network signal, but no explicit professor title evidence",review
A5101962595,Won Sik Lee,49,6,P0007; P0013; P0014; P0019; P0020; P0029,Catholic University of Korea; Deleted Institution; Gachon University Gil Medical Center; Hallym University; Inje University; Inje University Busan Paik Hospital; Keimyung University; Keimyung University Dongsan Medical Center; Kosin University; National Health Insurance Service Ilsan Hospital; Pusan National University Hospital; Seoul National University Bundang Hospital; Somerville Hospital; The Catholic University of Korea Seoul St. Mary's Hospital,KR; US,yes,64,Cytogenetic profiles of 2806 patients with acute myeloid leukemia—a retrospective multicenter nationwide study,needs_review,Inje University Busan Paik Hospital,openalex_last_known,,,,,Inje University Busan Paik Hospital,KR,yes,no,yes,no,40,A_review_first,strong collaboration signal + academic affiliation + bio relevance,,,,,,,,,0.82,"strong network signal, but no explicit professor title evidence",review
A5024676627,Sun Young Rha,47,6,P0007; P0028; P0029; P0040; P0058; P0104,Cancer Research Center; Korea Institute of Brain Science; Korea University Medical Center; Yonsei Cancer Hospital; Yonsei University; Yonsei University Health System,KR; US,yes,62,Changing Patterns of Prognosticators During 15-Year Follow-Up of Advanced Gastric Cancer after Radical Gastrectomy and Adjuvant Chemotherapy: A 15-Year Follow-Up Study at a Single Korean Institute,needs_review,Yonsei University; Yonsei University Health System; Indiana University Melvin and Bren Simon Comprehensive Cancer Center; Yonsei Cancer Hospital,openalex_last_known,,,,,Yonsei University; Yonsei University Health System; Indiana University Melvin and Bren Simon Comprehensive Cancer Center; Yonsei Cancer Hospital,KR,yes,no,yes,no,40,A_review_first,strong collaboration signal + academic affiliation + bio relevance,,,,,,,,,0.82,"strong network signal, but no explicit professor title evidence",review
A5031068192,Seung‐Woo Cho,46,6,P0007; P0031; P0050; P0056; P0063; P0108,Boston Children's Hospital; Hanyang University; Harvard University; Institute for Basic Science; Korea Institute of Science and Technology; Massachusetts Institute of Technology; New Generation University College; Seoul National University; Stem Cell Institute; Sungkyunkwan University; Yonsei University,ET; KR; PA; US,yes,61,Angiogenesis in ischemic tissue produced by spheroid grafting of human adipose-derived stromal cells,needs_review,Kangwon National University; Yonsei University; Institute for Basic Science,openalex_last_known,,,,,Kangwon National University; Yonsei University; Institute for Basic Science,KR,yes,no,yes,no,40,A_review_first,strong collaboration signal + academic affiliation + bio relevance,,,,,,,,,0.82,"strong network signal, but no explicit professor title evidence",review
A5081706948,Chul Won Choi,45,6,P0006; P0007; P0013; P0014; P0019; P0020,Catholic University of Korea; Dong-A University; Korea University; Korea University Guro Hospital; Korea University Medical Center; Kosin University Gospel Hospital; New Generation University College; Samsung Medical Center; Sungkyunkwan University,ET; JP; KR,yes,60,Single‐dose etoposide is an effective and safe protocol for stem cell mobilization in patients with multiple myeloma,needs_review,Korea University; Korea University Medical Center; Korea University Guro Hospital,openalex_last_known,,,,,Korea University; Korea University Medical Center; Korea University Guro Hospital,KR,yes,no,yes,no,40,A_review_first,strong collaboration signal + academic affiliation + bio relevance,,,,,,,,,0.82,"strong network signal, but no explicit professor title evidence",review
A5068604302,Myeong Gyu Kim,44,6,P0029; P0040; P0043; P0050; P0053; P0105,CHA University; Ewha Womans University; Ewha Womans University Medical Center; National University College; New Generation University College; Seoul National University; Yonsei University,ET; KR; PR,yes,59,"Topical Recombinant Human Epidermal Growth Factor for Oral Mucositis Induced by Intensive Chemotherapy with Hematopoietic Stem Cell Transplantation: Final Analysis of a Randomized, Double-Blind, Placebo-Controlled, Phase 2 Trial",needs_review,Ewha Womans University,openalex_last_known,,,,,Ewha Womans University,KR,yes,no,yes,no,40,A_review_first,strong collaboration signal + academic affiliation + bio relevance,,,,,,,,,0.82,"strong network signal, but no explicit professor title evidence",review
A5100692942,Hee‐Jin Kim,43,6,P0006; P0013; P0014; P0028; P0029; P0040,Chonnam National University; Chonnam National University Hwasun Hospital; Samsung Medical Center; Sungkyunkwan University; Ulsan College; Ulsan University Hospital; University of Ulsan,KR,yes,58,Clinical Utility of Next-Generation Flow-Based Minimal Residual Disease Assessment in Patients with Multiple Myeloma,needs_review,Samsung Medical Center; Seoul National University Hospital; Pusan National University Hospital; Sungkyunkwan University,openalex_last_known,,,,,Samsung Medical Center; Seoul National University Hospital; Pusan National University Hospital; Sungkyunkwan University,KR,yes,no,yes,no,40,A_review_first,strong collaboration signal + academic affiliation + bio relevance,,,,,,,,,0.82,"strong network signal, but no explicit professor title evidence",review
A5100726133,Miso Kim,43,6,P0028; P0043; P0057; P0064; P0075; P0079,Seoul National University; Seoul National University Hospital,KR,yes,58,Longitudinal multi-omics study of palbociclib resistance in HR-positive/HER2-negative metastatic breast cancer,needs_review,Seoul National University; Seoul National University Hospital,openalex_last_known,,,,,Seoul National University; Seoul National University Hospital,KR,yes,no,yes,no,40,A_review_first,strong collaboration signal + academic affiliation + bio relevance,,,,,,,,,0.82,"strong network signal, but no explicit professor title evidence",review
A5052325883,Chang Wook Jeong,42,6,P0007; P0029; P0051; P0064; P0070; P0082,Incheon Medical Center; New Generation University College; Seonam University; Seoul National University; Seoul National University Bundang Hospital; Seoul National University Hospital,ET; KR,yes,57,Rate and association of lower urinary tract infection with recurrence after transurethral resection of bladder tumor,needs_review,New Generation University College; Seoul National University Hospital,openalex_last_known,,,,,New Generation University College; Seoul National University Hospital,ET; KR,yes,no,yes,no,40,A_review_first,strong collaboration signal + academic affiliation + bio relevance,,,,,,,,,0.82,"strong network signal, but no explicit professor title evidence",review
A5010192735,Yeon Jeong Kim,39,6,P0006; P0023; P0028; P0029; P0034; P0082,Ajou University; Samsung (South Korea); Samsung (United States); Samsung Electronics (South Korea); Samsung Medical Center; Seoul National University; Sungkyunkwan University; Yonsei University,KR; US,yes,54,Analysis of circulating tumor DNA by targeted ultra-deep sequencing across various non-Hodgkin lymphoma subtypes,needs_review,Samsung Medical Center,openalex_last_known,,,,,Samsung Medical Center,KR,yes,no,yes,no,40,A_review_first,strong collaboration signal + academic affiliation + bio relevance,,,,,,,,,0.82,"strong network signal, but no explicit professor title evidence",review
A5009814376,Ka‐Won Kang,37,6,P0006; P0007; P0013; P0019; P0020; P0029,Korea University; Korea University Anam Hospital; Korea University Medical Center; New Generation University College,ET; JP; KR,yes,52,Single‐dose etoposide is an effective and safe protocol for stem cell mobilization in patients with multiple myeloma,needs_review,Korea University; Korea University Medical Center; Korea University; Korea University Anam Hospital,openalex_last_known,,,,,Korea University; Korea University Medical Center; Korea University; Korea University Anam Hospital,JP; KR,yes,no,yes,no,40,A_review_first,strong collaboration signal + academic affiliation + bio relevance,,,,,,,,,0.82,"strong network signal, but no explicit professor title evidence",review
A5076726962,Kyeong Cheon Jung,35,6,P0040; P0064; P0070; P0076; P0079; P0083,Hallym University; Kangwon National University; Ministry of National Defense; National University College; New Generation University College; Seoul National University,ET; KR; PR,yes,50,CD99 Regulates the Transport of MHC Class I Molecules from the Golgi Complex to the Cell Surface,needs_review,Seoul National University Hospital,openalex_last_known,,,,,Seoul National University Hospital,KR,yes,no,yes,no,40,A_review_first,strong collaboration signal + academic affiliation + bio relevance,,,,,,,,,0.82,"strong network signal, but no explicit professor title evidence",review
A5000328867,Myung Hyun Noh,33,6,P0002; P0008; P0010; P0015; P0018; P0023,Korea Research Institute of Chemical Technology; Pohang University of Science and Technology; University of California San Diego,KR; US,yes,48,Vibrio sp. dhg as a platform for the biorefinery of brown macroalgae,needs_review,University of San Diego; University of California San Diego; La Jolla Bioengineering Institute; Korea Research Institute of Chemical Technology; Korea Research Institute of Bioscience and Biotechnology,openalex_last_known,,,,,University of San Diego; University of California San Diego; La Jolla Bioengineering Institute; Korea Research Institute of Chemical Technology; Korea Research Institute of Bioscience and Biotechnology,KR; US,yes,no,yes,no,40,A_review_first,strong collaboration signal + academic affiliation + bio relevance,no,,,,no,no,no,,0.82,"strong network signal, but no explicit professor title evidence",no
A5046467729,Chan‐Young Ock,33,6,P0023; P0028; P0029; P0064; P0072; P0079,Boditech Med (South Korea); Lunit (South Korea); National University College; New Generation University College; Seoul National University; Seoul National University Bundang Hospital; Seoul National University Hospital,ET; KR; PR,yes,48,Phase II study of a trastuzumab biosimilar in combination with paclitaxel for HER2-positive recurrent or metastatic urothelial carcinoma: KCSG GU18-18,needs_review,Boditech Med (South Korea); Lunit (South Korea); National University College; New Generation University College; Seoul National University; Seoul National University Bundang Hospital; Seoul National University Hospital,authorship_history,,,,,,,yes,no,yes,no,40,A_review_first,strong collaboration signal + academic affiliation + bio relevance,,,,,,,,,0.82,"strong network signal, but no explicit professor title evidence",review
A5069050806,Seock‐Ah Im,33,6,P0028; P0029; P0040; P0057; P0075; P0079,Cancer Research Institute; National University College; New Generation University College; Seoul National University; Seoul National University Bundang Hospital; Seoul National University Hospital,ET; KR; PR; US,yes,48,"Palbociclib plus exemestane with gonadotropin-releasing hormone agonist versus capecitabine in premenopausal women with hormone receptor-positive, HER2-negative metastatic breast cancer (KCSG-BR15-10): a multicentre, open-label, randomised, phase 2 trial",needs_review,Seoul National University; Seoul National University Hospital,openalex_last_known,,,,,Seoul National University; Seoul National University Hospital,KR,yes,no,yes,no,40,A_review_first,strong collaboration signal + academic affiliation + bio relevance,,,,,,,,,0.82,"strong network signal, but no explicit professor title evidence",review
A5101676772,Woo Yong Lee,29,6,P0001; P0009; P0023; P0025; P0028; P0061,Samsung (South Korea); Samsung Medical Center; Sungkyunkwan University; Yonsei University,KR,yes,44,Establishment of patient‐derived organotypic tumor spheroid models for tumor microenvironment modeling,needs_review,Samsung Medical Center; Sungkyunkwan University,openalex_last_known,,,,,Samsung Medical Center; Sungkyunkwan University,KR,yes,no,yes,no,40,A_review_first,strong collaboration signal + academic affiliation + bio relevance,,,,,,,,,0.82,"strong network signal, but no explicit professor title evidence",review
A5025533376,Ji‐Youn Jung,28,6,P0006; P0013; P0016; P0026; P0039; P0075,Kongju National University; Korea National Institute of Health; Seoul National University,KR,yes,43,Ex vivo expansion of canine cytotoxic large granular lymphocytes exhibiting characteristics of natural killer cells,needs_review,Kongju National University,openalex_last_known,,,,,Kongju National University,KR,yes,no,yes,no,40,A_review_first,strong collaboration signal + academic affiliation + bio relevance,,,,,,,,,0.82,"strong network signal, but no explicit professor title evidence",review
A5100410665,Ji Hyun Lee,27,6,P0001; P0006; P0013; P0014; P0020; P0029,Ascension Providence Hospital; Chonnam National University; Chonnam National University Hwasun Hospital; Daegu Fatima Hospital; Dong-A University; Dong-A University Hospital; EVERSANA (Canada); Gachon University Gil Medical Center; Korea University; Kyungpook National University; Kyungpook National University Hospital; Seoul National University Bundang Hospital; Ulsan College; Ulsan University Hospital; University of Ulsan,CA; KR; US,yes,42,Tumor-Primed CD3+CD56+ natural Killer T-like Cells As an Efficient Novel Cell Therapy for Relapsed/Refractory Multiple Myeloma,needs_review,Gachon University Gil Medical Center; Dong-A University,openalex_last_known,,,,,Gachon University Gil Medical Center; Dong-A University,KR,yes,no,yes,no,40,A_review_first,strong collaboration signal + academic affiliation + bio relevance,,,,,,,,,0.82,"strong network signal, but no explicit professor title evidence",review
A5073866582,Ick Chan Kwon,27,6,P0007; P0021; P0050; P0068; P0077; P0105,Korea Institute of Science and Technology; Korea University; PRG S&Tech (South Korea),JP; KR,yes,42,In vivo stem cell tracking with imageable nanoparticles that bind bioorthogonal chemical receptors on the stem cell surface,needs_review,Harvard University; Korea University; Dana-Farber Cancer Institute; PRG S&Tech (South Korea); Korea Institute of Science and Technology,openalex_last_known,,,,,Harvard University; Korea University; Dana-Farber Cancer Institute; PRG S&Tech (South Korea); Korea Institute of Science and Technology,KR; US,yes,no,yes,no,40,A_review_first,strong collaboration signal + academic affiliation + bio relevance,,,,,,,,,0.82,"strong network signal, but no explicit professor title evidence",review
A5003192332,Jung Min Ko,27,6,P0028; P0029; P0056; P0073; P0076; P0082,National University College; New Generation University College; Seoul National University; Seoul National University Children's Hospital; Seoul National University Hospital,ET; KR; PR,yes,42,Targeted exome sequencing resolves allelic and the genetic heterogeneity in the genetic diagnosis of nephronophthisis-related ciliopathy,needs_review,Seoul National University; New Generation University College; Seoul National University Hospital; Seoul National University Children's Hospital,openalex_last_known,,,,,Seoul National University; New Generation University College; Seoul National University Hospital; Seoul National University Children's Hospital,ET; KR,yes,no,yes,no,40,A_review_first,strong collaboration signal + academic affiliation + bio relevance,,,,,,,,,0.82,"strong network signal, but no explicit professor title evidence",review
A5019406140,Jeeyun Lee,114,6,P0025; P0028; P0061; P0070; P0072; P0082,Cleveland Clinic Lerner College of Medicine; Research Institute for Future Medicine; Samsung Medical Center; Seoul Medical Center; Sungkyunkwan University,KR; US,yes,129,Survival benefit from ovarian metastatectomy in colorectal cancer patients with ovarian metastasis: a retrospective analysis,needs_review,Samsung Medical Center; Sungkyunkwan University,openalex_last_known,,,,,Samsung Medical Center; Sungkyunkwan University,KR,yes,no,yes,no,40,A_review_first,strong collaboration signal + academic affiliation + bio relevance,,,,,,,,,0.82,"strong network signal, but no explicit professor title evidence",review
A5111738208,Dong‐Wook Ryang,70,5,P0006; P0013; P0014; P0016; P0030,Chonnam National University; Chonnam National University Hospital; Chonnam National University Hwasun Hospital,KR,yes,82,An improved flow cytometry-based natural killer cytotoxicity assay involving calcein AM staining of effector cells.,needs_review,Chonnam National University; Chonnam National University Hospital; Chonnam National University Hwasun Hospital,openalex_last_known,,,,,Chonnam National University; Chonnam National University Hospital; Chonnam National University Hwasun Hospital,KR,yes,no,yes,no,35,A_review_first,strong collaboration signal + academic affiliation + bio relevance,,,,,,,,,0.82,"strong network signal, but no explicit professor title evidence",review
A5010875676,Ja Min Byun,70,5,P0007; P0013; P0020; P0029; P0064,Biomedical Research Institute; Cancer Research Institute; Kyung Hee University; Namseoul University; National University College; New Generation University College; SNUH SMG-SNU Boramae Medical Center; Seoul Metropolitan Government; Seoul National University; Seoul National University Bundang Hospital; Seoul National University Hospital,ET; KR; PR; US,yes,82,Cytogenetic profiles of 2806 patients with acute myeloid leukemia—a retrospective multicenter nationwide study,needs_review,Seoul National University; New Generation University College; Seoul National University Hospital; National University College; Biomedical Research Institute,openalex_last_known,,,,,Seoul National University; New Generation University College; Seoul National University Hospital; National University College; Biomedical Research Institute,ET; KR; PR; US,yes,no,yes,no,35,A_review_first,strong collaboration signal + academic affiliation + bio relevance,,,,,,,,,0.82,"strong network signal, but no explicit professor title evidence",review
A5100387458,Jae Hoon Lee,66,5,P0007; P0013; P0014; P0020; P0029,Asan Medical Center; Bucheon University; Catholic University of Korea; Chonnam National University; Chonnam National University Hospital; Chonnam National University Hwasun Hospital; Chung-Ang University Hospital; Daegu Fatima Hospital; Deleted Institution; Dong-A University; Ewha Womans University; Gachon University; Gachon University Gil Hospital; Gachon University Gil Medical Center; Inje University Busan Paik Hospital; Kosin University Gospel Hospital; Mayo Clinic; National Taiwan University Hospital; Pusan National University Hospital; Seoul National University Bundang Hospital; Severance Hospital; Soonchunhyang University; The University of Texas MD Anderson Cancer Center; Ulsan College; University of Ulsan; WinnMed; Yonsei University,KR; TW; US,yes,78,Cytogenetic profiles of 2806 patients with acute myeloid leukemia—a retrospective multicenter nationwide study,needs_review,Yonsei University; Gachon University Gil Medical Center; Dong-A University,openalex_last_known,,,,,Yonsei University; Gachon University Gil Medical Center; Dong-A University,KR,yes,no,yes,no,35,A_review_first,strong collaboration signal + academic affiliation + bio relevance,,,,,,,,,0.82,"strong network signal, but no explicit professor title evidence",review
A5059649335,Cheol Hun Kwak,66,5,P0007; P0051; P0070; P0076; P0082,Busan Institute of Science and Technology; Military Manpower Administration; New Generation University College; Seonam University; Seoul National University; Seoul National University Bundang Hospital; Seoul National University Hospital; Soonchunhyang University,ET; KR,yes,78,Rate and association of lower urinary tract infection with recurrence after transurethral resection of bladder tumor,needs_review,Seoul National University; Seoul National University of Education; Seoul National University Hospital,openalex_last_known,,,,,Seoul National University; Seoul National University of Education; Seoul National University Hospital,KR,yes,no,yes,no,35,A_review_first,strong collaboration signal + academic affiliation + bio relevance,,,,,,,,,0.82,"strong network signal, but no explicit professor title evidence",review
A5103473970,Cha Yong Choi,61,5,P0002; P0007; P0031; P0044; P0084,Ajou University; Bio-Medical Science (South Korea); Ewha Womans University; Hanyang University; Kyung Hee University; New Generation University College; Seoul National University; Seoul National University of Science and Technology,ET; KR,yes,73,Synthesis and Characterization of Polyethylenimine-Graft-Poly(L-Lactide-Co-Glycolide) Block Copolymers for Gene Delivery,needs_review,Seoul National University,openalex_last_known,,,,,Seoul National University,KR,yes,no,yes,no,35,A_review_first,strong collaboration signal + academic affiliation + bio relevance,,,,,,,,,0.82,"strong network signal, but no explicit professor title evidence",review
A5102924577,Chang‐Ki Min,61,5,P0006; P0007; P0013; P0020; P0029,Catholic University of Korea; Dong-A University; Samsung Medical Center; Seoul National University Bundang Hospital; St Mary's Hospital; St. Mary's Hospital; Sungkyunkwan University; The Catholic University of Korea Seoul St. Mary's Hospital; Yeungnam University Medical Center,GB; KR; US,yes,73,A Phase II Study of Daratumumab in Combination with Bortezomib and Dexamethasone in Patients with Multiple Myeloma Who Received One Prior Line of Therapy (KMM1906),needs_review,The Catholic University of Korea Seoul St. Mary's Hospital,openalex_last_known,,,,,The Catholic University of Korea Seoul St. Mary's Hospital,KR,yes,no,yes,no,35,A_review_first,strong collaboration signal + academic affiliation + bio relevance,,,,,,,,,0.82,"strong network signal, but no explicit professor title evidence",review
A5018929039,Do‐Hyun Nam,55,5,P0007; P0025; P0028; P0031; P0078,Korea University; Samsung (South Korea); Samsung Electronics (South Korea); Samsung Medical Center; Seoul National University; Sungkyunkwan University,KR,yes,67,Therapeutic effects of human adipose stem cell‐conditioned medium on stroke,needs_review,Samsung Medical Center; Sungkyunkwan University,openalex_last_known,,,,,Samsung Medical Center; Sungkyunkwan University,KR,yes,no,yes,no,35,A_review_first,strong collaboration signal + academic affiliation + bio relevance,,,,,,,,,0.82,"strong network signal, but no explicit professor title evidence",review
A5057636290,Seok Jin Nam,55,5,P0025; P0028; P0040; P0061; P0073,Fox Chase Cancer Center; Samsung Medical Center; Seoul National University; Stanford University; Sungkyunkwan University,KR; US,yes,67,Single-Port Access Laparoscopic Prophylactic Bilateral Salpingo-Oophorectomy inBRCA-Positive Breast Cancer Patient: A Case Report,needs_review,Samsung Medical Center; Sungkyunkwan University,openalex_last_known,,,,,Samsung Medical Center; Sungkyunkwan University,KR,yes,no,yes,no,35,A_review_first,strong collaboration signal + academic affiliation + bio relevance,,,,,,,,,0.82,"strong network signal, but no explicit professor title evidence",review
A5015777957,Suckchang Hong,51,5,P0007; P0032; P0038; P0042; P0044,Inje University; Korea Research Institute of Chemical Technology; National University College; New Generation University College; Seoul National University,ET; KR; PR,yes,63,"Enantioselective Synthesis of Chiral α-Azido and α-Aryloxy Quaternary Stereogenic Centers via the Phase-Transfer-Catalyzed α-Alkylation of α-Bromomalonates, Followed by SN2 Substitution",needs_review,Seoul National University; New Generation University College,openalex_last_known,,,,,Seoul National University; New Generation University College,ET; KR,yes,no,yes,no,35,A_review_first,strong collaboration signal + academic affiliation + bio relevance,,,,,,,,,0.82,"strong network signal, but no explicit professor title evidence",review
A5044958787,Cheolwon Suh,48,5,P0007; P0013; P0014; P0020; P0029,Asan Medical Center; Catholic University of Korea; Chonnam National University Hwasun Hospital; Deleted Institution; Moffitt Cancer Center; Seoul National University; Severance Hospital; Ulsan College; University of Ulsan; Veterans Health Service Medical Center; Yonsei University,KR; US,yes,60,"Phase II Trial of Concurrent Radiation and Weekly Cisplatin Followed by VIPD Chemotherapy in Newly Diagnosed, Stage IE to IIE, Nasal, Extranodal NK/T-Cell Lymphoma: Consortium for Improving Survival of Lymphoma Study",needs_review,Asan Medical Center; Catholic University of Korea; Chonnam National University Hwasun Hospital; Deleted Institution; Moffitt Cancer Center; Seoul National University; Severance Hospital; Ulsan College; University of Ulsan; Veterans Health Service Medical Center; Yonsei University,authorship_history,,,,,,,yes,no,yes,no,35,A_review_first,strong collaboration signal + academic affiliation + bio relevance,,,,,,,,,0.82,"strong network signal, but no explicit professor title evidence",review
A5101629084,Jeong Eon Lee,48,5,P0014; P0025; P0028; P0040; P0073,Asan Medical Center; Catholic University of Korea; Cleveland Clinic Lerner College of Medicine; Kyungpook National University Chilgok Hospital; Kyungpook National University Hospital; Research Institute for Future Medicine; Samsung (South Korea); Samsung Medical Center; Sungkyunkwan University; The Catholic University of Korea Seoul St. Mary's Hospital; Ulsan College; University of Ulsan,KR; US,yes,60,Previous best responses can be re-achieved by resumption after imatinib discontinuation in patients with chronic myeloid leukemia: implication for intermittent imatinib therapy,needs_review,Seoul National University; Soonchunhyang University Hospital Seoul; Samsung Medical Center; National Institute of Ecology; Sungkyunkwan University,openalex_last_known,,,,,Seoul National University; Soonchunhyang University Hospital Seoul; Samsung Medical Center; National Institute of Ecology; Sungkyunkwan University,KR,yes,no,yes,no,35,A_review_first,strong collaboration signal + academic affiliation + bio relevance,,,,,,,,,0.82,"strong network signal, but no explicit professor title evidence",review
A5012791367,Inpyo Choi,47,5,P0001; P0011; P0017; P0051; P0102,Genomics (United Kingdom); Korea Research Institute of Bioscience and Biotechnology; Korea University of Science and Technology,GB; KR,yes,59,MicroRNA-150 regulates the cytotoxicity of natural killers by targeting perforin-1,needs_review,Genomics (United Kingdom); Korea Research Institute of Bioscience and Biotechnology; Korea University of Science and Technology,authorship_history,,,,,,,yes,no,yes,no,35,A_review_first,strong collaboration signal + academic affiliation + bio relevance,,,,,,,,,0.82,"strong network signal, but no explicit professor title evidence",review
A5053847518,Ik‐Joo Chung,45,5,P0006; P0013; P0014; P0016; P0020,Chonnam National University; Chonnam National University Hospital; Chonnam National University Hwasun Hospital,KR,yes,57,Induction of multiple myeloma-specific cytotoxic T lymphocyte stimulation by dendritic cell pulsing with purified and optimized myeloma cell lysates,needs_review,Chonnam National University Hwasun Hospital,openalex_last_known,,,,,Chonnam National University Hwasun Hospital,KR,yes,no,yes,no,35,A_review_first,strong collaboration signal + academic affiliation + bio relevance,,,,,,,,,0.82,"strong network signal, but no explicit professor title evidence",review
A5018771950,Seungchan An,45,5,P0032; P0034; P0036; P0044; P0055,Chungbuk National University; National University; New Generation University College; Seoul National University,ET; KR; SD,yes,57,InertDB as a generative AI-expanded resource of biologically inactive small molecules from PubChem,needs_review,"Seoul National University; Princeton University; New Generation University College; National University; STR Biotech (South Korea); Ludwig Cancer Research; Epi Biotech Co., Ltd. (South Korea)",openalex_last_known,,,,,"Seoul National University; Princeton University; New Generation University College; National University; STR Biotech (South Korea); Ludwig Cancer Research; Epi Biotech Co., Ltd. (South Korea)",ET; KR; SD; US,yes,no,yes,no,35,A_review_first,strong collaboration signal + academic affiliation + bio relevance,,,,,,,,,0.82,"strong network signal, but no explicit professor title evidence",review
A5036340123,Dae Gyu Kim,42,5,P0025; P0040; P0051; P0100; P0102,Advanced Institute of Convergence Technology; Biocon (Switzerland); Gangnam Severance Hospital; New Generation University College; Seoul National University; Sungkyunkwan University; Yonsei University,CH; ET; KR,yes,54,Splicing variant of AIMP2 as an effective target against chemoresistant ovarian cancer,needs_review,Gangnam Severance Hospital,openalex_last_known,,,,,Gangnam Severance Hospital,KR,yes,no,yes,no,35,A_review_first,strong collaboration signal + academic affiliation + bio relevance,,,,,,,,,0.82,"strong network signal, but no explicit professor title evidence",review
A5021758819,Suk Ran Yoon,40,5,P0001; P0011; P0017; P0060; P0104,Chonnam National University; Korea Research Institute of Bioscience and Biotechnology; Korea University of Science and Technology,KR,yes,52,NgR1 is an NK cell inhibitory receptor that destabilizes the immunological synapse,needs_review,Korea Research Institute of Bioscience and Biotechnology,openalex_last_known,,,,,Korea Research Institute of Bioscience and Biotechnology,KR,yes,no,yes,no,35,A_review_first,strong collaboration signal + academic affiliation + bio relevance,,,,,,,,,0.82,"strong network signal, but no explicit professor title evidence",review
A5100728438,Jeongmi Lee,39,5,P0003; P0032; P0034; P0056; P0066,National University College; Seoul National University; Sungkyunkwan University; The University of Texas Southwestern Medical Center,KR; PR; US,yes,51,Monocyte-Derived Dendritic Cells Dictate the Memory Differentiation of CD8+ T Cells During Acute Infection,needs_review,Kyung Hee University; Sungkyunkwan University,openalex_last_known,,,,,Kyung Hee University; Sungkyunkwan University,KR,yes,no,yes,no,35,A_review_first,strong collaboration signal + academic affiliation + bio relevance,,,,,,,,,0.82,"strong network signal, but no explicit professor title evidence",review
A5103431461,Sang Yong Song,39,5,P0006; P0025; P0028; P0040; P0061,Samsung Medical Center; Sungkyunkwan University,KR,yes,51,"TP003/#1557 An open label, single arm, multicenter trial of durvalumab and BVAC-C, in patients with HPV 16 or 18 positive cervical cancer (DURBAC)",needs_review,Sungkyunkwan University,openalex_last_known,,,,,Sungkyunkwan University,KR,yes,no,yes,no,35,A_review_first,strong collaboration signal + academic affiliation + bio relevance,,,,,,,,,0.82,"strong network signal, but no explicit professor title evidence",review
A5050684671,Yung‐Jue Bang,37,5,P0029; P0051; P0057; P0079; P0082,Cancer Research Institute; Molecular Oncology (United States); National University College; New Generation University College; Seoul National University; Seoul National University Bundang Hospital; Seoul National University Hospital,ET; KR; PR; US,yes,49,Early metabolic response using FDG PET/CT and molecular phenotypes of breast cancer treated with neoadjuvant chemotherapy,needs_review,Seoul National University,openalex_last_known,,,,,Seoul National University,KR,yes,no,yes,no,35,A_review_first,strong collaboration signal + academic affiliation + bio relevance,,,,,,,,,0.82,"strong network signal, but no explicit professor title evidence",review
A5047165960,Seung‐Yong Jeong,34,5,P0028; P0057; P0077; P0079; P0082,Cancer Research Institute; National Cancer Center; National Medical Center; National University College; New Generation University College; SNUH SMG-SNU Boramae Medical Center; Seoul National University; Seoul National University Hospital; Seoul Women's College of Nursing,ET; KR; PR; US,yes,46,Predicting multi-class responses to preoperative chemoradiotherapy in rectal cancer patients,needs_review,Seoul National University; Cancer Research Institute; Shaikh Khalifa Medical City; New Generation University College; Seoul National University Hospital,openalex_last_known,,,,,Seoul National University; Cancer Research Institute; Shaikh Khalifa Medical City; New Generation University College; Seoul National University Hospital,AE; ET; KR; US,yes,no,yes,no,35,A_review_first,strong collaboration signal + academic affiliation + bio relevance,,,,,,,,,0.82,"strong network signal, but no explicit professor title evidence",review
A5083559838,Yong Beom Cho,32,5,P0001; P0009; P0023; P0025; P0028,Department of Medical Sciences; Samsung (South Korea); Samsung Medical Center; Sungkyunkwan University,BY; KR,yes,44,Establishment of patient‐derived organotypic tumor spheroid models for tumor microenvironment modeling,needs_review,Samsung Medical Center; Sungkyunkwan University,openalex_last_known,,,,,Samsung Medical Center; Sungkyunkwan University,KR,yes,no,yes,no,35,A_review_first,strong collaboration signal + academic affiliation + bio relevance,,,,,,,,,0.82,"strong network signal, but no explicit professor title evidence",review
A5003821248,Sei‐Ryang Oh,32,5,P0011; P0042; P0051; P0055; P0056,Chungbuk National University; Korea Research Institute of Bioscience and Biotechnology; Korea University of Science and Technology; University of Science and Technology,KR; YE,yes,44,Integrated mRNA-MicroRNA Profiling of Human NK Cell Differentiation Identifies MiR-583 as a Negative Regulator of IL2Rγ Expression,needs_review,Korea Research Institute of Bioscience and Biotechnology,openalex_last_known,,,,,Korea Research Institute of Bioscience and Biotechnology,KR,yes,no,yes,no,35,A_review_first,strong collaboration signal + academic affiliation + bio relevance,,,,,,,,,0.82,"strong network signal, but no explicit professor title evidence",review
A5086268762,Jeonghwan Youk,32,5,P0023; P0029; P0057; P0079; P0082,Korea Advanced Institute of Science and Technology; National University College; New Generation University College; Seoul National University; Seoul National University Hospital,ET; KR; PR,yes,44,Phase II study of a trastuzumab biosimilar in combination with paclitaxel for HER2-positive recurrent or metastatic urothelial carcinoma: KCSG GU18-18,needs_review,Seoul National University; Korea Advanced Institute of Science and Technology; New Generation University College; Seoul National University Hospital; National University College,openalex_last_known,,,,,Seoul National University; Korea Advanced Institute of Science and Technology; New Generation University College; Seoul National University Hospital; National University College,ET; KR; PR,yes,no,yes,no,35,A_review_first,strong collaboration signal + academic affiliation + bio relevance,,,,,,,,,0.82,"strong network signal, but no explicit professor title evidence",review
A5081944917,Duk‐Soo Bae,313,5,P0006; P0007; P0025; P0028; P0040,BAE Systems (Sweden); Beijing Obstetrics and Gynecology Hospital; Catholic Kwandong University; Cheil General Hospital and Women's Healthcare Center; Pediatrics and Genetics; Samsung Medical Center; Sungkyunkwan University,CN; KR; SE; US,yes,325,Efficacy and safety of BVAC-C in HPV type 16- or 18–positive cervical carcinoma who failed 1st platinum-based chemotherapy: a phase I/IIa study,needs_review,Samsung Medical Center; Sungkyunkwan University,openalex_last_known,,,,,Samsung Medical Center; Sungkyunkwan University,KR,yes,no,yes,no,35,A_review_first,strong collaboration signal + academic affiliation + bio relevance,,,,,,,,,0.82,"strong network signal, but no explicit professor title evidence",review
A5100672939,Jeong‐Won Lee,207,5,P0003; P0006; P0025; P0028; P0051,Ajou University; Ansan University; BAE Systems (Sweden); Beijing Obstetrics and Gynecology Hospital; CHA University; Catholic Kwandong University; Cheil General Hospital and Women's Healthcare Center; Chung-Ang University; Chung-Ang University Gwangmyeong Hospital; Cleveland Clinic Lerner College of Medicine; Genome and Company (South Korea); Genomics (United Kingdom); Gynecologic Oncology Group; Korea University Guro Hospital; Korea University Medical Center; Kyung Hee University Hospital at Gangdong; Kyungpook National University Chilgok Hospital; Kyungpook National University Hospital; National University College; New Generation University College; Pediatrics and Genetics; Research Institute for Future Medicine; Samsung (South Korea); Samsung Medical Center; Seoul National University; Seoul National University Bundang Hospital; Severance Hospital; Sungkyunkwan University; Ulsan College; University of Ulsan; Yonsei University,CN; ET; GB; KR; PR; SE; US,yes,219,"Abstract CT123: Phase I study of a B cell-based and monocyte-based immunotherapeutic vaccine, BVAC-C, in human papillomavirus type 16- or 18-positive recurrent cervical cancer",needs_review,Samsung Medical Center,openalex_last_known,,,,,Samsung Medical Center,KR,yes,no,yes,no,35,A_review_first,strong collaboration signal + academic affiliation + bio relevance,,,,,,,,,0.82,"strong network signal, but no explicit professor title evidence",review
A5060488559,Je‐Gun Joung,129,5,P0001; P0007; P0025; P0028; P0029,CHA University; Center for Systems Biology; Dongduk Women's University; Research Institute for Future Medicine; Samsung (South Korea); Samsung Medical Center; Seoul National University Children's Hospital; Sunchon National University; Sungkyunkwan University,KR; US,yes,141,Earlier-Phased Cancer Immunity Cycle Strongly Influences Cancer Immunity in Operable Never-Smoker Lung Adenocarcinoma,needs_review,CHA University,openalex_last_known,,,,,CHA University,KR,yes,no,yes,no,35,A_review_first,strong collaboration signal + academic affiliation + bio relevance,,,,,,,,,0.82,"strong network signal, but no explicit professor title evidence",review
A5100647365,Hyo Jung Kim,34,5,P0006; P0007; P0013; P0020; P0029,Dong-A University; Gyeongsang National University; Gyeongsang National University Changwon Hospital; Hallym University; Hallym University Medical Center; Hallym University Sacred Heart Hospital; Hallym University of Graduate Studies; Jeonbuk National University; Kosin University; Kosin University Gospel Hospital; National University College; New Generation University College; Sacred Heart Hospital; Seoul National University Hospital; Ulsan College; Ulsan University Hospital; University of Ulsan; Wonju Severance Christian Hospital; Yeungnam University Medical Center; Yonsei University,ET; KR; NG; PR; US,yes,46,A Phase II Study of Daratumumab in Combination with Bortezomib and Dexamethasone in Patients with Multiple Myeloma Who Received One Prior Line of Therapy (KMM1906),needs_review,The Catholic University of Korea Bucheon St. Mary's Hospital; Catholic University of Korea,openalex_last_known,,,,,The Catholic University of Korea Bucheon St. Mary's Hospital; Catholic University of Korea,KR,yes,no,yes,yes,32,A_review_first,strong collaboration signal + academic affiliation + bio relevance,,,,,,,,,0.5,manual review needed,review
A5065244228,Won Ki Kang,99,4,P0025; P0028; P0082; P0096,Samsung (South Korea); Samsung Medical Center; Sungkyunkwan University,KR,yes,108,Survival benefit from ovarian metastatectomy in colorectal cancer patients with ovarian metastasis: a retrospective analysis,needs_review,Samsung Medical Center; Sungkyunkwan University,openalex_last_known,,,,,Samsung Medical Center; Sungkyunkwan University,KR,yes,no,yes,no,30,A_review_first,strong collaboration signal + academic affiliation + bio relevance,,,,,,,,,0.82,"strong network signal, but no explicit professor title evidence",review
A5050010599,Suk Ho Bhang,86,4,P0007; P0022; P0052; P0077,Emory University; Georgia Institute of Technology; Government of the Republic of Korea; Hanyang University; Korea Advanced Institute of Science and Technology; National University; New Generation University College; Pohang University of Science and Technology; RIKEN BioResource Research Center; Seoul National University; Sungkyunkwan University; Suwon Research Institute; University of Illinois Chicago; V.I.Shumakov Federal Research Center of Transplantology and Artificial Organs,ET; JP; KR; RU; SD; US,yes,95,Angiogenesis in ischemic tissue produced by spheroid grafting of human adipose-derived stromal cells,needs_review,Sungkyunkwan University,openalex_last_known,,,,,Sungkyunkwan University,KR,yes,no,yes,no,30,A_review_first,strong collaboration signal + academic affiliation + bio relevance,,,,,,,,,0.82,"strong network signal, but no explicit professor title evidence",review
A5036978198,Sehui Kim,81,4,P0057; P0070; P0076; P0079,Gangnam Severance Hospital; Korea University; Korea University Guro Hospital; Korea University Medical Center; New Generation University College; Seoul National University; Seoul National University Hospital; Severance Hospital; Yonsei University,ET; JP; KR,yes,90,Clonal History and Genetic Predictors of Transformation Into Small-Cell Carcinomas From Lung Adenocarcinomas,needs_review,Yonsei University; Korea University; Korea University Medical Center; Yeungnam University Medical Center; Korea University Guro Hospital,openalex_last_known,,,,,Yonsei University; Korea University; Korea University Medical Center; Yeungnam University Medical Center; Korea University Guro Hospital,KR,yes,no,yes,no,30,A_review_first,strong collaboration signal + academic affiliation + bio relevance,,,,,,,,,0.82,"strong network signal, but no explicit professor title evidence",review
A5052451906,Bong‐Kiun Kaang,62,4,P0063; P0066; P0073; P0096,Canada Research Chairs; Chungbuk National University; Columbia University; Creative Research; Howard Hughes Medical Institute; Icahn School of Medicine at Mount Sinai; Institute for Basic Science; Institute of Cognitive and Brain Sciences; Institute of Molecular Biology; Korea Advanced Institute of Science and Technology; Kyung Hee University; National Institute of Advanced Industrial Science and Technology; National University College; New Generation University College; Seoul National University; University of Toronto; Xi'an Jiaotong University; Yonsei University,AM; CA; CN; ET; GB; JP; KR; PR; US,yes,71,Intranasal delivery of siRNA targeting NR2B attenuates cancer-associated neuropathic pain,needs_review,Seoul National University; Korea Advanced Institute of Science and Technology; New Generation University College; Institute for Basic Science,openalex_last_known,,,,,Seoul National University; Korea Advanced Institute of Science and Technology; New Generation University College; Institute for Basic Science,ET; KR,yes,no,yes,no,30,A_review_first,strong collaboration signal + academic affiliation + bio relevance,,,,,,,,,0.82,"strong network signal, but no explicit professor title evidence",review
A5073164087,Seung Geun Song,60,4,P0070; P0073; P0076; P0079,National University College; New Generation University College; Seoul National University; Seoul National University Hospital,ET; KR; PR,yes,69,"CRIF1 deficiency induces FOXP3 LOW inflammatory non-suppressive regulatory T cells, thereby promoting antitumor immunity",needs_review,Seoul National University,openalex_last_known,,,,,Seoul National University,KR,yes,no,yes,no,30,A_review_first,strong collaboration signal + academic affiliation + bio relevance,,,,,,,,,0.82,"strong network signal, but no explicit professor title evidence",review
A5100396594,Ji‐Yeon Kim,56,4,P0028; P0040; P0073; P0075,Samsung Medical Center; Seoul National University Bundang Hospital; Sungkyunkwan University,KR,yes,65,Chemotherapy induces dynamic immune responses in breast cancers that impact treatment outcome,needs_review,Yonsei University; Samsung Medical Center; Seoul National University Bundang Hospital; Kyung Hee University; National Cancer Center; National Cancer Center; Gangnam Severance Hospital; Korea University; Sungkyunkwan University,openalex_last_known,,,,,Yonsei University; Samsung Medical Center; Seoul National University Bundang Hospital; Kyung Hee University; National Cancer Center; National Cancer Center; Gangnam Severance Hospital; Korea University; Sungkyunkwan University,JP; KR; US,yes,no,yes,no,30,A_review_first,strong collaboration signal + academic affiliation + bio relevance,,,,,,,,,0.82,"strong network signal, but no explicit professor title evidence",review
A5072489887,Il-Kwon Lee,53,4,P0006; P0013; P0014; P0020,Chonnam National University; Chonnam National University Hospital; Chonnam National University Hwasun Hospital,KR,yes,62,Profiling of length heteroplasmies in the human mitochondrial DNA control regions from blood cells in the Korean population,needs_review,Chonnam National University; Chonnam National University Hospital; Chonnam National University Hwasun Hospital,authorship_history,,,,,,,yes,no,yes,no,30,A_review_first,strong collaboration signal + academic affiliation + bio relevance,,,,,,,,,0.82,"strong network signal, but no explicit professor title evidence",review
A5090832721,Hyun Cheol Chung,46,4,P0007; P0028; P0029; P0058,Ajou University; Cancer Research Center; Ewha Womans University; Korea Institute of Brain Science; Korea University Medical Center; Yonsei Cancer Hospital; Yonsei University,KR; US,yes,55,Changing Patterns of Prognosticators During 15-Year Follow-Up of Advanced Gastric Cancer after Radical Gastrectomy and Adjuvant Chemotherapy: A 15-Year Follow-Up Study at a Single Korean Institute,needs_review,Yonsei University; Yonsei University Health System; Yonsei Cancer Hospital,openalex_last_known,,,,,Yonsei University; Yonsei University Health System; Yonsei Cancer Hospital,KR,yes,no,yes,no,30,A_review_first,strong collaboration signal + academic affiliation + bio relevance,,,,,,,,,0.82,"strong network signal, but no explicit professor title evidence",review
A5101801850,Donghyun Park,45,4,P0006; P0007; P0023; P0028,GeneMatrix (South Korea); Samsung (South Korea); Samsung Electronics (South Korea); Samsung Medical Center; The Seoul Institute,KR,yes,54,Analysis of circulating tumor DNA by targeted ultra-deep sequencing across various non-Hodgkin lymphoma subtypes,needs_review,GeneMatrix (South Korea); Samsung (South Korea); Samsung Electronics (South Korea); Samsung Medical Center; The Seoul Institute,authorship_history,,,,,,,yes,no,yes,no,30,A_review_first,strong collaboration signal + academic affiliation + bio relevance,,,,,,,,,0.82,"strong network signal, but no explicit professor title evidence",review
A5048058078,Hui‐Young Lee,45,4,P0051; P0058; P0067; P0090,Gachon University; National Institute of Agricultural Science and Technology; Seoul National University,KR,yes,54,Gut bacteria-derived 3-phenylpropionylglycine mitigates adipocyte differentiation of 3T3-L1 cells by inhibiting adiponectin-PPAR pathway,needs_review,Gachon University,openalex_last_known,,,,,Gachon University,KR,yes,no,yes,no,30,A_review_first,strong collaboration signal + academic affiliation + bio relevance,,,,,,,,,0.82,"strong network signal, but no explicit professor title evidence",review
A5100708869,Tae‐Jin Lee,41,4,P0007; P0022; P0077; P0090,Emory University; Hanyang University; Keimyung University; Korea Advanced Institute of Science and Technology; RIKEN BioResource Research Center; Seoul National University; Sungkyunkwan University; University of Illinois Chicago; Washington University in St. Louis; Yeungnam University,JP; KR; US,yes,50,Angiogenesis in ischemic tissue produced by spheroid grafting of human adipose-derived stromal cells,needs_review,Yeungnam University; Sungkyunkwan University,openalex_last_known,,,,,Yeungnam University; Sungkyunkwan University,KR,yes,no,yes,no,30,A_review_first,strong collaboration signal + academic affiliation + bio relevance,,,,,,,,,0.82,"strong network signal, but no explicit professor title evidence",review
A5041377436,Gaab Soo Kim,40,4,P0006; P0024; P0030; P0061,Inha University; Kangbuk Samsung Hospital; Mayo Clinic; Pain and Rehabilitation Medicine; Samsung (South Korea); Samsung Medical Center; Sungkyunkwan University,KR; US,yes,49,Perioperative Fresh Red Blood Cell Transfusion May Negatively Affect Recipient Survival After Liver Transplantation,needs_review,Samsung Medical Center; Sungkyunkwan University,openalex_last_known,,,,,Samsung Medical Center; Sungkyunkwan University,KR,yes,no,yes,no,30,A_review_first,strong collaboration signal + academic affiliation + bio relevance,,,,,,,,,0.82,"strong network signal, but no explicit professor title evidence",review
A5081382387,Hyeon‐Ki Jang,37,4,P0007; P0022; P0056; P0066,Bioengineering Center; Cell Biotech (South Korea); Gachon University; Government of the Republic of Korea; Hanyang University; Kangwon National University; Korea Advanced Institute of Science and Technology; Myongji University; National University; New Generation University College; Pohang University of Science and Technology; Pusan National University; Seoul National University; Sungkyunkwan University; University of Seoul; Yonsei University,ET; KR; RU; SD,yes,46,Mesenchymal Stem Cells Aggregate and Deliver Gold Nanoparticles to Tumors for Photothermal Therapy,needs_review,Kangwon National University,openalex_last_known,,,,,Kangwon National University,KR,yes,no,yes,no,30,A_review_first,strong collaboration signal + academic affiliation + bio relevance,,,,,,,,,0.82,"strong network signal, but no explicit professor title evidence",review
A5101445353,Yeon Hee Park,35,4,P0013; P0028; P0073; P0075,Keimyung University; Keimyung University Dongsan Medical Center; Samsung (South Korea); Samsung Medical Center; Samsung SDS (South Korea); Sungkyunkwan University,KR,yes,44,FcγRIIIa Gene Polymorphisms May Correlate with Response to Frontline R-CHOP Therapy for Diffuse Large B-Cell Lymphoma.,needs_review,Samsung (South Korea); Samsung Medical Center; The Catholic University of Korea Daejeon St. Mary's Hospital; St. Mary's Hospital; Sungkyunkwan University,openalex_last_known,,,,,Samsung (South Korea); Samsung Medical Center; The Catholic University of Korea Daejeon St. Mary's Hospital; St. Mary's Hospital; Sungkyunkwan University,KR; US,yes,no,yes,no,30,A_review_first,strong collaboration signal + academic affiliation + bio relevance,,,,,,,,,0.82,"strong network signal, but no explicit professor title evidence",review
A5053048037,Haiyoung Jung,34,4,P0001; P0011; P0051; P0060,Korea Research Institute of Bioscience and Biotechnology; Korea University of Science and Technology; Pohang University of Science and Technology,KR,yes,43,NgR1 is an NK cell inhibitory receptor that destabilizes the immunological synapse,needs_review,Korea Research Institute of Bioscience and Biotechnology; Korea University of Science and Technology,openalex_last_known,,,,,Korea Research Institute of Bioscience and Biotechnology; Korea University of Science and Technology,KR,yes,no,yes,no,30,A_review_first,strong collaboration signal + academic affiliation + bio relevance,,,,,,,,,0.82,"strong network signal, but no explicit professor title evidence",review
A5061006522,Chel Hun Choi,304,4,P0003; P0006; P0025; P0028,Ansan University; Beijing Obstetrics and Gynecology Hospital; Catholic Kwandong University; Center for Cancer Research; Cheil General Hospital and Women's Healthcare Center; Chung-Ang University; Chung-Ang University Gwangmyeong Hospital; Genomics (United Kingdom); Gynecologic Oncology Group; Kantonsspital Graubünden; Kyungpook National University Chilgok Hospital; Kyungpook National University Hospital; National Cancer Institute; National Institutes of Health; Pediatrics and Genetics; Samsung Medical Center; Seoul National University; Severance Hospital; Sungkyunkwan University; Yonsei University,CH; CN; GB; KR; US,yes,313,"Abstract CT123: Phase I study of a B cell-based and monocyte-based immunotherapeutic vaccine, BVAC-C, in human papillomavirus type 16- or 18-positive recurrent cervical cancer",needs_review,Samsung Medical Center; Kangbuk Samsung Hospital; Sungkyunkwan University,openalex_last_known,,,,,Samsung Medical Center; Kangbuk Samsung Hospital; Sungkyunkwan University,KR,yes,no,yes,no,30,A_review_first,strong collaboration signal + academic affiliation + bio relevance,,,,,,,,,0.82,"strong network signal, but no explicit professor title evidence",review
A5100672940,Jeong‐Won Lee,121,4,P0006; P0025; P0028; P0075,Korea University Medical Center; Samsung (South Korea); Samsung Medical Center; Sungkyunkwan University; Yonsei University; Yonsei University Health System,KR,yes,130,"TP003/#1557 An open label, single arm, multicenter trial of durvalumab and BVAC-C, in patients with HPV 16 or 18 positive cervical cancer (DURBAC)",needs_review,Yonsei University; Samsung (South Korea); Severance Hospital; Samsung Medical Center; Gangnam Severance Hospital; Yonsei Cancer Hospital; Sungkyunkwan University,openalex_last_known,,,,,Yonsei University; Samsung (South Korea); Severance Hospital; Samsung Medical Center; Gangnam Severance Hospital; Yonsei Cancer Hospital; Sungkyunkwan University,KR,yes,no,yes,no,30,A_review_first,strong collaboration signal + academic affiliation + bio relevance,,,,,,,,,0.82,"strong network signal, but no explicit professor title evidence",review
A5055431215,Kyoung‐Mee Kim,102,4,P0007; P0028; P0070; P0082,Ajou University; Samsung Medical Center; Sungkyunkwan University,KR,yes,111,A Method to Evaluate the Quality of Clinical Gene-Panel Sequencing Data for Single-Nucleotide Variant Detection,needs_review,Samsung Medical Center; Sungkyunkwan University,openalex_last_known,,,,,Samsung Medical Center; Sungkyunkwan University,KR,yes,no,yes,no,30,A_review_first,strong collaboration signal + academic affiliation + bio relevance,,,,,,,,,0.82,"strong network signal, but no explicit professor title evidence",review
A5100765035,Jinwoong Kim,85,4,P0042; P0050; P0055; P0082,Catholic University of Korea; Center for Theoretical Physics; Chungbuk National University; Dongguk University; Korea Pharma (South Korea); Korea Research Institute of Bioscience and Biotechnology; Korea Research Institute of Chemical Technology; National University College; New Generation University College; Seoul National University; Sogang University; Sungkyunkwan University,ET; KR; PL; PR,yes,94,Andrographolide Activates Keap1/Nrf2/ARE/HO-1 Pathway in HT22 Cells and Suppresses Microglial Activation by Aβ42through Nrf2-Related Inflammatory Response,needs_review,Yonsei University,openalex_last_known,,,,,Yonsei University,KR,yes,no,yes,yes,27,A_review_first,strong collaboration signal + academic affiliation + bio relevance,,,,,,,,,0.5,manual review needed,review
A5026351538,Seung Tae Kim,97,3,P0028; P0061; P0070,Chungbuk National University; Korea University; Samsung Medical Center; Sungkyunkwan University,KR,yes,103,Prevalence and detection of low-allele-fraction variants in clinical cancer samples,needs_review,Samsung Medical Center; Sungkyunkwan University,openalex_last_known,,,,,Samsung Medical Center; Sungkyunkwan University,KR,yes,no,yes,no,25,A_review_first,strong collaboration signal + academic affiliation + bio relevance,,,,,,,,,0.82,"strong network signal, but no explicit professor title evidence",review
A5077653549,Insuk So,97,3,P0068; P0077; P0082,Chosun University; Hanyang University; Korea University; Myongji University; National University College; New Generation University College; Pusan National University; Samsung (South Korea); Samsung Medical Center; Seoul National University; Seoul National University Bundang Hospital; Seoul National University Hospital; University of Ulsan; Yonsei University,ET; KR; PR,yes,103,Functional Manipulation of Dendritic Cells by Photoswitchable Generation of Intracellular Reactive Oxygen Species,needs_review,Seoul National University; National University College,openalex_last_known,,,,,Seoul National University; National University College,KR; PR,yes,no,yes,no,25,A_review_first,strong collaboration signal + academic affiliation + bio relevance,,,,,,,,,0.82,"strong network signal, but no explicit professor title evidence",review
A5041054285,Jeong Hill Park,73,3,P0032; P0034; P0036,National University College; New Generation University College; Seoul National University; Ton Duc Thang University,ET; KR; PR; VN,yes,79,Simultaneous determination of 23 amino acids and 7 biogenic amines in fermented food samples by liquid chromatography/quadrupole time-of-flight mass spectrometry,needs_review,Seoul National University,openalex_last_known,,,,,Seoul National University,KR,yes,no,yes,no,25,A_review_first,strong collaboration signal + academic affiliation + bio relevance,,,,,,,,,0.82,"strong network signal, but no explicit professor title evidence",review
A5088724487,Hyuk‐Sang Kwon,65,3,P0030; P0056; P0076,Catholic University of Korea; Gwangju Institute of Science and Technology; Inje University Haeundae Paik Hospital; National Institute of Environmental Health Sciences; SK Group (Japan); Seoul National University; The Catholic University of Korea Seoul St. Mary's Hospital; The Catholic University of Korea Uijeongbu St. Mary's Hospital; The Catholic University of Korea Yeouido St. Mary's Hospital,JP; KR; US,yes,71,Predicting the Development of Diabetes Using the Product of Triglycerides and Glucose: The Chungju Metabolic Disease Cohort (CMC) Study,needs_review,Gwangju Institute of Science and Technology; The Catholic University of Korea Yeouido St. Mary's Hospital,openalex_last_known,,,,,Gwangju Institute of Science and Technology; The Catholic University of Korea Yeouido St. Mary's Hospital,KR,yes,no,yes,no,25,A_review_first,strong collaboration signal + academic affiliation + bio relevance,,,,,,,,,0.82,"strong network signal, but no explicit professor title evidence",review
A5014599911,Yoon Ki Joung,59,3,P0007; P0021; P0026,Ajou University; Bio-Medical Science (South Korea); Biomedical Research Institute; Korea Institute of Science and Technology; Korea University of Science and Technology; Korean Association Of Science and Technology Studies,KR; US,yes,65,Modified Magnesium Hydroxide Nanoparticles Inhibit the Inflammatory Response to Biodegradable Poly(lactide-co-glycolide) Implants,needs_review,Bio-Medical Science (South Korea); Korea Institute of Science and Technology; Korea University of Science and Technology,openalex_last_known,,,,,Bio-Medical Science (South Korea); Korea Institute of Science and Technology; Korea University of Science and Technology,KR,yes,no,yes,no,25,A_review_first,strong collaboration signal + academic affiliation + bio relevance,,,,,,,,,0.82,"strong network signal, but no explicit professor title evidence",review
A5045264210,Ho Sup Lee,54,3,P0013; P0014; P0020,Catholic University of Korea; Chung-Ang University; Dongguk University; Dongguk University Medical Center; Hallym University Sacred Heart Hospital; Konkuk University Medical Center; Kosin University; Kosin University Gospel Hospital; Kyungpook National University; Kyungpook National University Hospital; National Cancer Center; Samsung Medical Center; Seoul National University Bundang Hospital; Somerville Hospital; Sungkyunkwan University; The Catholic University of Korea Seoul St. Mary's Hospital,KR; US,yes,60,Nilotinib combined with multiagent chemotherapy for newly diagnosed Philadelphia-positive acute lymphoblastic leukemia,needs_review,Kosin University Gospel Hospital; Konkuk University Medical Center; National Cancer Center; Kosin University,openalex_last_known,,,,,Kosin University Gospel Hospital; Konkuk University Medical Center; National Cancer Center; Kosin University,KR,yes,no,yes,no,25,A_review_first,strong collaboration signal + academic affiliation + bio relevance,,,,,,,,,0.82,"strong network signal, but no explicit professor title evidence",review
A5101639536,Young A Kim,54,3,P0064; P0073; P0079,SNUH SMG-SNU Boramae Medical Center; Seoul Metropolitan Government; Seoul National University,KR,yes,60,Prognostic influences of BCL1 and BCL2 expression on disease-free survival in breast cancer,needs_review,Seoul National University; Seoul Metropolitan Government; SNUH SMG-SNU Boramae Medical Center,openalex_last_known,,,,,Seoul National University; Seoul Metropolitan Government; SNUH SMG-SNU Boramae Medical Center,KR,yes,no,yes,no,25,A_review_first,strong collaboration signal + academic affiliation + bio relevance,,,,,,,,,0.82,"strong network signal, but no explicit professor title evidence",review
A5067328906,Kun Na,53,3,P0021; P0026; P0072,Bucheon University; Catholic University of Korea; Government of the Republic of Korea; Seoul National University; Suwon Catholic University; The Catholic University of Korea Bucheon St. Mary's Hospital; World University of Bangladesh,BD; KR,yes,59,Advanced hybrid nanomaterials for biomedical applications,needs_review,The Catholic University of Korea Bucheon St. Mary's Hospital; Command Hospital; Catholic University of Korea,openalex_last_known,,,,,The Catholic University of Korea Bucheon St. Mary's Hospital; Command Hospital; Catholic University of Korea,IN; KR,yes,no,yes,no,25,A_review_first,strong collaboration signal + academic affiliation + bio relevance,,,,,,,,,0.82,"strong network signal, but no explicit professor title evidence",review
A5049511963,Young‐Jae Cho,52,3,P0025; P0028; P0095,Catholic Kwandong University; Cheil General Hospital and Women's Healthcare Center; Research Institute for Future Medicine; Samsung Medical Center; Seoul National University; Seoul National University Bundang Hospital; Sungkyunkwan University,KR,yes,58,Sphingosine kinase 1 is a reliable prognostic factor and a novel therapeutic target for uterine cervical cancer,needs_review,Seoul National University of Science and Technology; Seoul National University; Samsung Medical Center; Seoul National University Bundang Hospital; Advanced Institute of Convergence Technology; Research Institute for Future Medicine; Sungkyunkwan University,openalex_last_known,,,,,Seoul National University of Science and Technology; Seoul National University; Samsung Medical Center; Seoul National University Bundang Hospital; Advanced Institute of Convergence Technology; Research Institute for Future Medicine; Sungkyunkwan University,KR,yes,no,yes,no,25,A_review_first,strong collaboration signal + academic affiliation + bio relevance,,,,,,,,,0.82,"strong network signal, but no explicit professor title evidence",review
A5101603582,Hee Nam Kim,51,3,P0006; P0013; P0014,Catholic University of Korea; Chonnam National University; Chonnam National University Hospital; Chonnam National University Hwasun Hospital; Hallym University Sacred Heart Hospital; The Korean Society of Hematology,KR,yes,57,Sex-specific differences in the association between ABO genotype and gastric cancer risk in a Korean population,needs_review,Chonnam National University; Chonnam National University Hospital,openalex_last_known,,,,,Chonnam National University; Chonnam National University Hospital,KR,yes,no,yes,no,25,A_review_first,strong collaboration signal + academic affiliation + bio relevance,,,,,,,,,0.82,"strong network signal, but no explicit professor title evidence",review
A5008186343,Kyeung Min Joo,51,3,P0007; P0028; P0031,Korea University; Research Institute for Future Medicine; Samsung (South Korea); Samsung Medical Center; Seoul National University; Sungkyunkwan University,KR,yes,57,Therapeutic effects of human adipose stem cell‐conditioned medium on stroke,needs_review,Samsung Medical Center; Research Institute for Future Medicine; Sungkyunkwan University,openalex_last_known,,,,,Samsung Medical Center; Research Institute for Future Medicine; Sungkyunkwan University,KR,yes,no,yes,no,25,A_review_first,strong collaboration signal + academic affiliation + bio relevance,,,,,,,,,0.82,"strong network signal, but no explicit professor title evidence",review
A5050471798,Mi Sook Gwak,46,3,P0006; P0024; P0030,Mayo Clinic; Pain and Rehabilitation Medicine; Samsung (South Korea); Samsung Medical Center; Sungkyunkwan University,KR; US,yes,52,Perioperative Fresh Red Blood Cell Transfusion May Negatively Affect Recipient Survival After Liver Transplantation,needs_review,Samsung Medical Center; Sungkyunkwan University,openalex_last_known,,,,,Samsung Medical Center; Sungkyunkwan University,KR,yes,no,yes,no,25,A_review_first,strong collaboration signal + academic affiliation + bio relevance,,,,,,,,,0.82,"strong network signal, but no explicit professor title evidence",review
A5022379369,Dok Hyun Yoon,46,3,P0013; P0020; P0029,Ajou University; Asan Medical Center; Catholic University of Korea; Kyungpook National University Hospital; National Cancer Center; National University College; New Generation University College; Seoul National University Hospital; Severance Hospital; Soonchunhyang University Hospital Seoul; The Catholic University of Korea Seoul St. Mary's Hospital; The Catholic University of Korea St. Vincent's Hospital; Ulsan College; University of Ulsan; Yonsei University,ET; KR; PR,yes,52,Clinical Outcomes and Prognostic Factors of Up-Front Autologous Stem Cell Transplantation in Patients with Extranodal Natural Killer/T Cell Lymphoma,needs_review,Ulsan College; Asan Medical Center; University of Ulsan,openalex_last_known,,,,,Ulsan College; Asan Medical Center; University of Ulsan,KR,yes,no,yes,no,25,A_review_first,strong collaboration signal + academic affiliation + bio relevance,,,,,,,,,0.82,"strong network signal, but no explicit professor title evidence",review
A5048071325,Yi Rang Na,45,3,P0067; P0075; P0082,National University College; New Generation University College; Seoul National University; Seoul National University Hospital,ET; KR; PR,yes,51,Macrophages in intestinal inflammation and resolution: a potential therapeutic target in IBD,needs_review,Seoul National University; New Generation University College; Seoul National University Hospital,openalex_last_known,,,,,Seoul National University; New Generation University College; Seoul National University Hospital,ET; KR,yes,no,yes,no,25,A_review_first,strong collaboration signal + academic affiliation + bio relevance,,,,,,,,,0.82,"strong network signal, but no explicit professor title evidence",review
A5089465499,Young‐Hyuck Im,42,3,P0028; P0040; P0073,Samsung Medical Center; Sungkyunkwan University,KR,yes,48,Multi-omics profiling of younger Asian breast cancers reveals distinctive molecular signatures,needs_review,Samsung (South Korea); Samsung Medical Center; Sungkyunkwan University,openalex_last_known,,,,,Samsung (South Korea); Samsung Medical Center; Sungkyunkwan University,KR,yes,no,yes,no,25,A_review_first,strong collaboration signal + academic affiliation + bio relevance,,,,,,,,,0.82,"strong network signal, but no explicit professor title evidence",review
A5055171803,Seok Won Kim,39,3,P0028; P0040; P0073,Samsung Medical Center; Sungkyunkwan University,KR,yes,45,Multi-omics profiling of younger Asian breast cancers reveals distinctive molecular signatures,needs_review,Samsung Medical Center; Sungkyunkwan University,openalex_last_known,,,,,Samsung Medical Center; Sungkyunkwan University,KR,yes,no,yes,no,25,A_review_first,strong collaboration signal + academic affiliation + bio relevance,,,,,,,,,0.82,"strong network signal, but no explicit professor title evidence",review
A5103007035,Min Woo Ha,38,3,P0007; P0038; P0050,Jeju National University; Jeju Research Institute; New Generation University College; Seoul National University; Yeungnam University,ET; KR,yes,44,"Enantioselective Synthesis of Chiral α-Azido and α-Aryloxy Quaternary Stereogenic Centers via the Phase-Transfer-Catalyzed α-Alkylation of α-Bromomalonates, Followed by SN2 Substitution",needs_review,Jeju Research Institute; Jeju National University,openalex_last_known,,,,,Jeju Research Institute; Jeju National University,KR,yes,no,yes,no,25,A_review_first,strong collaboration signal + academic affiliation + bio relevance,,,,,,,,,0.82,"strong network signal, but no explicit professor title evidence",review
A5109099368,Joon Seol Bae,36,3,P0007; P0025; P0028,Cancer Genetics (United States); Columbia University; Research Institute for Future Medicine; Samsung (South Korea); Samsung Medical Center; Sungkyunkwan University,KR; US,yes,42,A Method to Evaluate the Quality of Clinical Gene-Panel Sequencing Data for Single-Nucleotide Variant Detection,needs_review,Cancer Genetics (United States); Columbia University; Research Institute for Future Medicine; Samsung (South Korea); Samsung Medical Center; Sungkyunkwan University,authorship_history,,,,,,,yes,no,yes,no,25,A_review_first,strong collaboration signal + academic affiliation + bio relevance,,,,,,,,,0.82,"strong network signal, but no explicit professor title evidence",review
A5103005676,Tae‐Joong Kim,270,3,P0006; P0025; P0028,Catholic Kwandong University; Cheil General Hospital and Women's Healthcare Center; Genomics (United Kingdom); Gynecologic Oncology Group; Konyang University Hospital; Korea Institute of Radiological and Medical Sciences; Kyungpook National University Chilgok Hospital; Kyungpook National University Hospital; Pediatrics and Genetics; Samsung Medical Center; Seoul National University; Severance Hospital; Sungkyunkwan University; Yonsei University,GB; KR; US,yes,276,"TP003/#1557 An open label, single arm, multicenter trial of durvalumab and BVAC-C, in patients with HPV 16 or 18 positive cervical cancer (DURBAC)",needs_review,Samsung Medical Center,openalex_last_known,,,,,Samsung Medical Center,KR,yes,no,yes,no,25,A_review_first,strong collaboration signal + academic affiliation + bio relevance,,,,,,,,,0.82,"strong network signal, but no explicit professor title evidence",review
A5026719950,Yoo-Young Lee,171,3,P0006; P0025; P0028,Ansan University; CHA University; CHA University Bundang Medical Center; Catholic Kwandong University; Cheil General Hospital and Women's Healthcare Center; Genomics (United Kingdom); Kyungpook National University Chilgok Hospital; Kyungpook National University Hospital; Princess Margaret Cancer Centre; Samsung Medical Center; Severance Hospital; Sungkyunkwan University; University Health Network; University of Toronto; Yonsei University,CA; GB; KR,yes,177,"TP003/#1557 An open label, single arm, multicenter trial of durvalumab and BVAC-C, in patients with HPV 16 or 18 positive cervical cancer (DURBAC)",needs_review,Queensland Health; The University of Queensland; Samsung Medical Center; Sungkyunkwan University,openalex_last_known,,,,,Queensland Health; The University of Queensland; Samsung Medical Center; Sungkyunkwan University,AU; KR,yes,no,yes,no,25,A_review_first,strong collaboration signal + academic affiliation + bio relevance,,,,,,,,,0.82,"strong network signal, but no explicit professor title evidence",review
A5030411648,Chung Lee,45,3,P0007; P0028; P0082,GeneMatrix (South Korea); Samsung (South Korea); Samsung Medical Center; Seonam University; Seoul National University Bundang Hospital; Seoul National University Hospital; Sungkyunkwan University; The Ark,IE; KR,yes,51,A Method to Evaluate the Quality of Clinical Gene-Panel Sequencing Data for Single-Nucleotide Variant Detection,needs_review,"APLA Health; University of California, Los Angeles; Yonsei University; Severance Hospital; Taipei Tzu Chi Hospital",openalex_last_known,,,,,"APLA Health; University of California, Los Angeles; Yonsei University; Severance Hospital; Taipei Tzu Chi Hospital",KR; TW; US,yes,no,yes,yes,22,A_review_first,strong collaboration signal + academic affiliation + bio relevance,,,,,,,,,0.5,manual review needed,review
A5066965737,Suk‐Koo Lee,35,3,P0024; P0030; P0061,Mayo Clinic; Samsung (South Korea); Samsung (United States); Samsung Medical Center; Sungkyunkwan University,KR; US,yes,41,Safety of the Use of Blood Salvage and Autotransfusion During Liver Transplantation for Hepatocellular Carcinoma,needs_review,Myongji Hospital,openalex_last_known,,,,,Myongji Hospital,KR,yes,no,yes,yes,22,A_review_first,strong collaboration signal + academic affiliation + bio relevance,,,,,,,,,0.5,manual review needed,review
A5019050469,Seok‐Soo Byun,99,2,P0021; P0051,Government of the Republic of Korea; Incheon Medical Center; JK Research (United States); Kangwon National University; New Generation University College; Seonam University; Seoul National University; Seoul National University Bundang Hospital; Seoul National University Hospital,ET; KR; US,yes,102,The Effect of Human Muscle-Derived Stem Cells (MDSC) and Glycine-Isoleucine-Lysine-Valine-Alanine-Valine (GIKVAV) on the Cryo-Injured Bladder of Nude Mouse,needs_review,Seoul National University; Seoul National University Bundang Hospital,openalex_last_known,,,,,Seoul National University; Seoul National University Bundang Hospital,KR,yes,no,yes,no,20,A_review_first,strong collaboration signal + academic affiliation + bio relevance,,,,,,,,,0.82,"strong network signal, but no explicit professor title evidence",review
A5090481007,Hae‐Ock Lee,78,2,P0028; P0031,Catholic University of Korea; Genome and Company (South Korea); National University College; Samsung (South Korea); Samsung Medical Center; Seoul National University; Seoul National University Children's Hospital; Sunchon National University; Sungkyunkwan University; Yonsei University,KR; PR,yes,81,Single-cell RNA sequencing demonstrates the molecular and cellular reprogramming of metastatic lung adenocarcinoma,needs_review,Catholic University of Korea,openalex_last_known,,,,,Catholic University of Korea,KR,yes,no,yes,no,20,A_review_first,strong collaboration signal + academic affiliation + bio relevance,,,,,,,,,0.82,"strong network signal, but no explicit professor title evidence",review
A5074645251,Jung‐Yun Lee,73,2,P0006; P0025,"Asan Medical Center; Gangnam Severance Hospital; Gynecologic Oncology Group; Jikei University School of Medicine; Korea University; Korea University Guro Hospital; Korea University Medical Center; Kyung Hee University Hospital at Gangdong; National University Cancer Institute, Singapore; Research Institute for Future Medicine; Samsung Medical Center; Seoul National University; Seoul National University Bundang Hospital; Seoul Women's University; Severance Hospital; Sungkyunkwan University; The Catholic University of Korea Seoul St. Mary's Hospital; Ulsan College; Ulsan University Hospital; University of Ulsan; Yonsei Cancer Hospital; Yonsei University; Yonsei University Health System",JP; KR; SG; US,yes,76,Efficacy and safety of BVAC-C in HPV type 16- or 18–positive cervical carcinoma who failed 1st platinum-based chemotherapy: a phase I/IIa study,needs_review,Yonsei University; Korea University Medical Center; Korea University,openalex_last_known,,,,,Yonsei University; Korea University Medical Center; Korea University,JP; KR,yes,no,yes,no,20,A_review_first,strong collaboration signal + academic affiliation + bio relevance,,,,,,,,,0.82,"strong network signal, but no explicit professor title evidence",review
A5067941687,Kang‐Yell Choi,68,2,P0001; P0090,Catholic University of Korea; Pohang University of Science and Technology; Protein Express (United States); Pusan National University; Severance Hospital; Yonsei Proteome Research Center; Yonsei University,KR; US,yes,71,Branched oligomerization of cell-permeable peptides markedly enhances the transduction efficiency of adenovirus into mesenchymal stem cells,needs_review,Yonsei University,openalex_last_known,,,,,Yonsei University,KR,yes,no,yes,no,20,A_review_first,strong collaboration signal + academic affiliation + bio relevance,,,,,,,,,0.82,"strong network signal, but no explicit professor title evidence",review
A5077795933,Jung‐Joo Choi,60,2,P0025; P0028,Beijing Obstetrics and Gynecology Hospital; Catholic Kwandong University; Cheil General Hospital and Women's Healthcare Center; Pediatrics and Genetics; Research Institute for Future Medicine; Samsung Medical Center; Sungkyunkwan University,CN; KR; US,yes,63,Altered MicroRNA Expression in Cervical Carcinomas,needs_review,Samsung Medical Center; Research Institute for Future Medicine; Sungkyunkwan University,openalex_last_known,,,,,Samsung Medical Center; Research Institute for Future Medicine; Sungkyunkwan University,KR,yes,no,yes,no,20,A_review_first,strong collaboration signal + academic affiliation + bio relevance,,,,,,,,,0.82,"strong network signal, but no explicit professor title evidence",review
A5057060265,Kyunghee Park,60,2,P0028; P0075,National University College; New Generation University College; Samsung (South Korea); Samsung Medical Center; Seoul National University Hospital; Sungkyunkwan University,ET; KR; PR,yes,63,Prevalence and detection of low-allele-fraction variants in clinical cancer samples,needs_review,Samsung Medical Center,openalex_last_known,,,,,Samsung Medical Center,KR,yes,no,yes,no,20,A_review_first,strong collaboration signal + academic affiliation + bio relevance,,,,,,,,,0.82,"strong network signal, but no explicit professor title evidence",review
A5042842813,Kwideok Park,59,2,P0007; P0021,Ajou University; Daejin University; Korea Institute of Science and Technology; Korea University of Science and Technology; The University of Texas at Austin,KR; US,yes,62,Self-Assembled Extracellular Macromolecular Matrices and Their Different Osteogenic Potential with Preosteoblasts and Rat Bone Marrow Mesenchymal Stromal Cells,needs_review,Bio-Medical Science (South Korea); Korea Institute of Science and Technology; Korea University of Science and Technology,openalex_last_known,,,,,Bio-Medical Science (South Korea); Korea Institute of Science and Technology; Korea University of Science and Technology,KR,yes,no,yes,no,20,A_review_first,strong collaboration signal + academic affiliation + bio relevance,,,,,,,,,0.82,"strong network signal, but no explicit professor title evidence",review
A5052740970,Chan Soo Shin,50,2,P0028; P0083,Erasmus MC; National University College; Netherlands Consortium for Healthy Ageing; New Generation University College; Seoul National University; Seoul National University Hospital,ET; KR; NL; PR,yes,53,Changes of MicroRNA Profile and MicroRNA-mRNA Regulatory Network in Bones of Ovariectomized Mice,needs_review,Seoul National University; Seoul National University Hospital,openalex_last_known,,,,,Seoul National University; Seoul National University Hospital,KR,yes,no,yes,no,20,A_review_first,strong collaboration signal + academic affiliation + bio relevance,,,,,,,,,0.82,"strong network signal, but no explicit professor title evidence",review
A5113777902,Kyu‐Tae Kim,45,2,P0028; P0108,Ajou University; Korea Research Institute of Standards and Science; National University College; New York Genome Center; Samsung Medical Center; Seoul National University; Sungkyunkwan University,KR; PR; US,yes,48,Single-cell mRNA sequencing identifies subclonal heterogeneity in anti-cancer drug responses of lung adenocarcinoma cells,needs_review,Ajou University,openalex_last_known,,,,,Ajou University,KR,yes,no,yes,no,20,A_review_first,strong collaboration signal + academic affiliation + bio relevance,,,,,,,,,0.82,"strong network signal, but no explicit professor title evidence",review
A5007164434,Yeon Hee Ban,45,2,P0038; P0044,Ewha Womans University; Ewha Womans University Medical Center; Government of the Republic of Korea; Kangwon National University; New Generation University College; Seoul National University; The Seoul Institute,ET; KR,yes,48,"Discovery of Spirosnuolides A–D, Type I/III Hybrid Polyketide Spiro-Macrolides for a Chemotherapeutic Lead against Lung Cancer",needs_review,Kangwon National University,openalex_last_known,,,,,Kangwon National University,KR,yes,no,yes,no,20,A_review_first,strong collaboration signal + academic affiliation + bio relevance,,,,,,,,,0.82,"strong network signal, but no explicit professor title evidence",review
A5041449522,Nam Ah Kim,45,2,P0040; P0097,Chonnam National University; Dongguk University; Mokpo National University; Pusan National University; University of Colorado Denver; University of Copenhagen,DK; KR; US,yes,48,Polyamidoamine-Decorated Nanodiamonds as a Hybrid Gene Delivery Vector and siRNA Structural Characterization at the Charged Interfaces,needs_review,Mokpo National University,openalex_last_known,,,,,Mokpo National University,KR,yes,no,yes,no,20,A_review_first,strong collaboration signal + academic affiliation + bio relevance,,,,,,,,,0.82,"strong network signal, but no explicit professor title evidence",review
A5006210358,Junsung Woo,44,2,P0073; P0096,Baylor College of Medicine; Bio-Medical Science (South Korea); Convergence Research Center for Diagnosis Treatment and Care System of Dementia; Korea Food Research Institute; Korea Institute of Brain Science; Korea Institute of Science and Technology; Korea University; Korea University of Science and Technology; Korean Association Of Science and Technology Studies,KR; US,yes,47,Severe reactive astrocytes precipitate pathological hallmarks of Alzheimer’s disease via H2O2− production,needs_review,Baylor College of Medicine; Korea Institute of Science and Technology; Korea University of Science and Technology,openalex_last_known,,,,,Baylor College of Medicine; Korea Institute of Science and Technology; Korea University of Science and Technology,KR; US,yes,no,yes,no,20,A_review_first,strong collaboration signal + academic affiliation + bio relevance,,,,,,,,,0.82,"strong network signal, but no explicit professor title evidence",review
A5022807309,Sun Hee,43,2,P0021; P0108,Chemopharma (Austria); Government of the Republic of Korea; Konkuk University; Konkuk University Medical Center; Korea Institute of Science and Technology,AT; KR,yes,46,Induction of Re-Differentiation of Passaged Rat Chondrocytes Using a Naturally Obtained Extracellular Matrix Microenvironment,needs_review,Konkuk University,openalex_last_known,,,,,Konkuk University,KR,yes,no,yes,no,20,A_review_first,strong collaboration signal + academic affiliation + bio relevance,,,,,,,,,0.82,"strong network signal, but no explicit professor title evidence",review
A5035112064,Nguyen Phuoc Long,43,2,P0032; P0034,Government of the Republic of Korea; Inha University; Inje University; Instytut Farmaceutyczny; New Generation University College; Seoul National University,ET; KR; PL,yes,46,Toward a Standardized Strategy of Clinical Metabolomics for the Advancement of Precision Medicine,needs_review,Inje University; Chang Gung University; Molecular Medicine Research Institute; Linkou Chang Gung Memorial Hospital; Institute of Biomedical Science,openalex_last_known,,,,,Inje University; Chang Gung University; Molecular Medicine Research Institute; Linkou Chang Gung Memorial Hospital; Institute of Biomedical Science,GB; KR; TW; US,yes,no,yes,no,20,A_review_first,strong collaboration signal + academic affiliation + bio relevance,,,,,,,,,0.82,"strong network signal, but no explicit professor title evidence",review
A5037463025,Gue‐Ho Hwang,42,2,P0056; P0066,Hanyang University; Kangwon National University; Korea Advanced Institute of Science and Technology; Myongji University; National University College; New Generation University College; Seoul National University; Seoul National University Hospital,ET; KR; PR,yes,45,Enhancing genome editing in hPSCs through dual inhibition of DNA damage response and repair pathways,needs_review,Broad Institute; Boston Children's Hospital; Harvard University; Seoul National University Hospital; Massachusetts General Hospital; Dana-Farber Cancer Institute; Center for Cancer Research; Harvard Stem Cell Institute; Hanyang University,openalex_last_known,,,,,Broad Institute; Boston Children's Hospital; Harvard University; Seoul National University Hospital; Massachusetts General Hospital; Dana-Farber Cancer Institute; Center for Cancer Research; Harvard Stem Cell Institute; Hanyang University,KR; US,yes,no,yes,no,20,A_review_first,strong collaboration signal + academic affiliation + bio relevance,,,,,,,,,0.82,"strong network signal, but no explicit professor title evidence",review
A5102873774,Yoo‐Young Lee,41,2,P0025; P0028,CHA University; Genome and Company (South Korea); Gynecologic Oncology Group; Princess Margaret Cancer Centre; Research Institute for Future Medicine; Samsung Medical Center; Severance Hospital; Sungkyunkwan University; University Health Network; Yonsei University,CA; KR; US,yes,44,"Prognostic value of the copper transporters, CTR1 and CTR2, in patients with ovarian carcinoma receiving platinum-based chemotherapy",needs_review,Samsung Medical Center; National Defense Medical Center; Sungkyunkwan University,openalex_last_known,,,,,Samsung Medical Center; National Defense Medical Center; Sungkyunkwan University,KR; TW,yes,no,yes,no,20,A_review_first,strong collaboration signal + academic affiliation + bio relevance,,,,,,,,,0.82,"strong network signal, but no explicit professor title evidence",review
A5012315805,Dongjoo Lee,41,2,P0071; P0079,"Agency for Science, Technology and Research; Seoul National University; Sungkyunkwan University",KR; SG,yes,44,Metabolic signals regulate resuscitation speed of antibiotic persister bacteria during infection,needs_review,"Agency for Science, Technology and Research; Seoul National University; Sungkyunkwan University; Pukyong National University",openalex_last_known,,,,,"Agency for Science, Technology and Research; Seoul National University; Sungkyunkwan University; Pukyong National University",KR; SG,yes,no,yes,no,20,A_review_first,strong collaboration signal + academic affiliation + bio relevance,,,,,,,,,0.82,"strong network signal, but no explicit professor title evidence",review
A5003528434,Yeon‐Ju Lee,38,2,P0002; P0038,Korea Institute of Ocean Science and Technology; Kwangwoon University; Laboratoire de Chimie; New Generation University College; Seoul National University; Yeungnam University,ET; FR; KR,yes,41,Fabrication of Troponin I Biosensor Composed of Multi-Functional DNA Structure/Au Nanocrystal Using Electrochemical and Localized Surface Plasmon Resonance Dual-Detection Method,needs_review,Georgia Institute of Technology; Sookmyung Women's University,openalex_last_known,,,,,Georgia Institute of Technology; Sookmyung Women's University,KR; US,yes,no,yes,no,20,A_review_first,strong collaboration signal + academic affiliation + bio relevance,,,,,,,,,0.82,"strong network signal, but no explicit professor title evidence",review
A5026167409,E Sun Paik,38,2,P0025; P0028,Kangbuk Samsung Hospital; Samsung Medical Center; Sungkyunkwan University,KR,yes,41,Prediction of survival outcomes in patients with epithelial ovarian cancer using machine learning methods,needs_review,Kangbuk Samsung Hospital; Sungkyunkwan University,openalex_last_known,,,,,Kangbuk Samsung Hospital; Sungkyunkwan University,KR,yes,no,yes,no,20,A_review_first,strong collaboration signal + academic affiliation + bio relevance,,,,,,,,,0.82,"strong network signal, but no explicit professor title evidence",review
A5041140138,Kun‐Ho Yoon,109,2,P0028; P0030,Catholic University of Korea; Max Planck Institute for Metabolism Research; National Institute of Environmental Health Sciences; SK Group (Japan); St Mary's Hospital; St. Mary's Hospital; The Catholic University of Korea Seoul St. Mary's Hospital; The Catholic University of Korea Yeouido St. Mary's Hospital,DE; GB; JP; KR; US,yes,112,IL-6 protects pancreatic islet beta cells from pro-inflammatory cytokines-induced cell death and functional impairment in vitro and in vivo,needs_review,The Catholic University of Korea Seoul St. Mary's Hospital,openalex_last_known,,,,,The Catholic University of Korea Seoul St. Mary's Hospital,KR,yes,no,yes,no,20,A_review_first,strong collaboration signal + academic affiliation + bio relevance,,,,,,,,,0.82,"strong network signal, but no explicit professor title evidence",review
A5027538523,Hyein Jeong,44,2,P0070; P0079,Cancer Research Institute; Seoul National University,KR; US,yes,47,Recombinant Mycobacterium paragordonae Expressing SARS-CoV-2 Receptor-Binding Domain as a Vaccine Candidate Against SARS-CoV-2 Infections,needs_review,Kyung Hee University,openalex_last_known,,,,,Kyung Hee University,KR,yes,no,yes,yes,17,A_review_first,strong collaboration signal + academic affiliation + bio relevance,,,,,,,,,0.5,manual review needed,review
A5070011199,Daeun Ryu,42,2,P0001; P0028,Korea Advanced Institute of Science and Technology; Research Institute for Future Medicine; Samsung (South Korea); Samsung Medical Center; Sungkyunkwan University,KR,yes,45,Earlier-Phased Cancer Immunity Cycle Strongly Influences Cancer Immunity in Operable Never-Smoker Lung Adenocarcinoma,needs_review,Hongik University,openalex_last_known,,,,,Hongik University,KR,yes,no,yes,yes,17,A_review_first,strong collaboration signal + academic affiliation + bio relevance,,,,,,,,,0.5,manual review needed,review
A5083071827,KangJu Lee,41,2,P0022; P0108,"California NanoSystems Institute; Chonnam National University; Pohang University of Science and Technology; Samueli Institute; Terasaki Foundation; University of California, Los Angeles",KR; US,yes,44,Encoded Display of Chemical Libraries on Nanoparticles as a Versatile Selection Tool To Discover Protein Ligands,needs_review,Incheon National University,openalex_last_known,,,,,Incheon National University,KR,yes,no,yes,yes,17,A_review_first,strong collaboration signal + academic affiliation + bio relevance,,,,,,,,,0.5,manual review needed,review
A5100348070,Nayoung Kim,38,2,P0028; P0073,Catholic University of Korea; Dankook University; Samsung (South Korea); Samsung Medical Center; Sungkyunkwan University,KR,yes,41,Single-cell RNA sequencing demonstrates the molecular and cellular reprogramming of metastatic lung adenocarcinoma,needs_review,Hongik University,openalex_last_known,,,,,Hongik University,KR,yes,no,yes,yes,17,A_review_first,strong collaboration signal + academic affiliation + bio relevance,,,,,,,,,0.5,manual review needed,review
A5056480807,Minae An,89,1,P0028,Samsung (South Korea); Samsung Medical Center; Sungkyunkwan University,KR,yes,89,Lineage-dependent gene expression programs influence the immune landscape of colorectal cancer,needs_review,Samsung Medical Center; Sungkyunkwan University,openalex_last_known,,,,,Samsung Medical Center; Sungkyunkwan University,KR,yes,no,yes,no,15,A_review_first,strong collaboration signal + academic affiliation + bio relevance,,,,,,,,,0.5,manual review needed,review
A5064163183,Byung‐Hoon Min,85,1,P0028,Samsung Medical Center; Sungkyunkwan University,KR,yes,85,Early Immune Remodeling Steers Clinical Response to First-Line Chemoimmunotherapy in Advanced Gastric Cancer,needs_review,Samsung Medical Center; Sungkyunkwan University,openalex_last_known,,,,,Samsung Medical Center; Sungkyunkwan University,KR,yes,no,yes,no,15,A_review_first,strong collaboration signal + academic affiliation + bio relevance,,,,,,,,,0.5,manual review needed,review
A5085887595,Chaitany Jayprakash Raorane,77,1,P0012,Yeungnam University,KR,yes,77,"Update on Chitosan-Based Hydrogels: Preparation, Characterization, and Its Antimicrobial and Antibiofilm Applications",needs_review,Yeungnam University,openalex_last_known,,,,,Yeungnam University,KR,yes,no,yes,no,15,A_review_first,strong collaboration signal + academic affiliation + bio relevance,,,,,,,,,0.5,manual review needed,review
A5046649612,Byeong‐Seon Jeong,69,1,P0038,Chungbuk National University; New Generation University College; Seoul National University; Yeungnam University,ET; KR,yes,69,Highly Enantioselective and Practical Cinchona-Derived Phase-Transfer Catalysts for the Synthesis of α-Amino Acids This work was supported by grants from Aminogen Co. (Korea) through the Research Center of New Drug Development of Seoul National University and the Research Institute of Pharmaceutical Sciences in the College of Pharmacy of Seoul National University.,needs_review,Yeungnam University,openalex_last_known,,,,,Yeungnam University,KR,yes,no,yes,no,15,A_review_first,strong collaboration signal + academic affiliation + bio relevance,,,,,,,,,0.5,manual review needed,review
A5102002061,Junmin Lee,62,1,P0108,"Advanced Institute of Convergence Technology; California NanoSystems Institute; Chonnam National University; Korea Institute of Science and Technology; Pohang University of Science and Technology; Samueli Institute; Terasaki Foundation; University of California, Los Angeles; Yonsei University",KR; US,yes,62,Gelatin Methacryloyl‐Based Tactile Sensors for Medical Wearables,needs_review,Pohang University of Science and Technology; Korea University Medical Center; Korea University,openalex_last_known,,,,,Pohang University of Science and Technology; Korea University Medical Center; Korea University,JP; KR,yes,no,yes,no,15,A_review_first,strong collaboration signal + academic affiliation + bio relevance,,,,,,,,,0.5,manual review needed,review
A5047846074,Kyungdo Han,55,1,P0030,Catholic University of Korea; National Institute of Environmental Health Sciences; Seoul National University Hospital; Soongsil University; The Catholic University of Korea Seoul St. Mary's Hospital; The Catholic University of Korea Yeouido St. Mary's Hospital,KR; US,yes,55,"Associations of Variability in Blood Pressure, Glucose and Cholesterol Concentrations, and Body Mass Index With Mortality and Cardiovascular Outcomes in the General Population",needs_review,"University of Nevada, Las Vegas; Soongsil University; Naver (South Korea)",openalex_last_known,,,,,"University of Nevada, Las Vegas; Soongsil University; Naver (South Korea)",KR; US,yes,no,yes,no,15,A_review_first,strong collaboration signal + academic affiliation + bio relevance,,,,,,,,,0.5,manual review needed,review
A5102745188,Vanaraj Ramkumar,54,1,P0012,"Anna University, Chennai; Saveetha University; Yeungnam University",IN; KR,yes,54,"Update on Chitosan-Based Hydrogels: Preparation, Characterization, and Its Antimicrobial and Antibiofilm Applications",needs_review,Yeungnam University; Saveetha University,openalex_last_known,,,,,Yeungnam University; Saveetha University,IN; KR,yes,no,yes,no,15,A_review_first,strong collaboration signal + academic affiliation + bio relevance,,,,,,,,,0.5,manual review needed,review
A5068068014,Je Won Park,52,1,P0044,Ewha Womans University; Ewha Womans University Medical Center; Government of the Republic of Korea; Korea University; Seoul National University; Sun Moon University; The Seoul Institute; Yonsei University,JP; KR,yes,52,Biosynthesis of the Allylmalonyl-CoA Extender Unit for the FK506 Polyketide Synthase Proceeds through a Dedicated Polyketide Synthase and Facilitates the Mutasynthesis of Analogues,needs_review,Korea University,openalex_last_known,,,,,Korea University,KR,yes,no,yes,no,15,A_review_first,strong collaboration signal + academic affiliation + bio relevance,,,,,,,,,0.5,manual review needed,review
A5066734707,Taejong Song,47,1,P0025,CHA University; CHA University Gangnam Medical Center; Kangbuk Samsung Hospital; Samsung Medical Center; Sungkyunkwan University,KR,yes,47,Prognosis of ovarian clear cell carcinoma compared to other histological subtypes: A meta-analysis,needs_review,Kangbuk Samsung Hospital,openalex_last_known,,,,,Kangbuk Samsung Hospital,KR,yes,no,yes,no,15,A_review_first,strong collaboration signal + academic affiliation + bio relevance,,,,,,,,,0.5,manual review needed,review
A5035829948,Raja Thiruvothur Venkatesan,45,1,P0012,Saveetha University; Yeungnam University,IN; KR,yes,45,"Green synthesis, characterization, antibacterial, and antifungal activity of copper oxide nanoparticles derived from Morinda citrifolia leaf extract",needs_review,National Dairy Research Institute; Yeungnam University; Saveetha University,openalex_last_known,,,,,National Dairy Research Institute; Yeungnam University; Saveetha University,IN; KR,yes,no,yes,no,15,A_review_first,strong collaboration signal + academic affiliation + bio relevance,,,,,,,,,0.5,manual review needed,review
A5051870266,Bogyeong Han,43,1,P0079,Seoul National University; Seoul National University Hospital,KR,yes,43,Comparative analysis of the tumor immune-microenvironment of primary and brain metastases of non-small-cell lung cancer reveals organ-specific and EGFR mutation-dependent unique immune landscape,needs_review,Seoul National University; Samsung Medical Center; Sungkyunkwan University,openalex_last_known,,,,,Seoul National University; Samsung Medical Center; Sungkyunkwan University,KR,yes,no,yes,no,15,A_review_first,strong collaboration signal + academic affiliation + bio relevance,,,,,,,,,0.5,manual review needed,review
A5030367192,Madhappan Santhamoorthy,41,1,P0012,Saveetha University; Yeungnam University,IN; KR,yes,41,"Update on Chitosan-Based Hydrogels: Preparation, Characterization, and Its Antimicrobial and Antibiofilm Applications",needs_review,Yeungnam University; Karpagam Academy of Higher Education; Saveetha University,openalex_last_known,,,,,Yeungnam University; Karpagam Academy of Higher Education; Saveetha University,IN; KR,yes,no,yes,no,15,A_review_first,strong collaboration signal + academic affiliation + bio relevance,,,,,,,,,0.5,manual review needed,review
A5042789749,Tae Jun Kim,83,1,P0028,Samsung Medical Center; Sungkyunkwan University,KR,yes,83,Determinants of Response and Intrinsic Resistance to PD-1 Blockade in Microsatellite Instability–High Gastric Cancer,needs_review,Incheon National University; Hallym University Dongtan Sacred Heart Hospital; Pukyong National University,openalex_last_known,,,,,Incheon National University; Hallym University Dongtan Sacred Heart Hospital; Pukyong National University,KR,yes,no,yes,yes,12,A_review_first,strong collaboration signal + academic affiliation + bio relevance,,,,,,,,,0.5,manual review needed,review
A5024437094,Je–Ho Lee,53,1,P0025,Samsung Medical Center; Sungkyunkwan University,KR,yes,53,Altered MicroRNA Expression in Cervical Carcinomas,needs_review,Yonsei University; Chung-Ang University,openalex_last_known,,,,,Yonsei University; Chung-Ang University,KR,yes,no,yes,yes,12,A_review_first,strong collaboration signal + academic affiliation + bio relevance,,,,,,,,,0.5,manual review needed,review
A5108607458,Dong Woo Kang,52,1,P0090,Asan Medical Center; Bioinstitut; Busan Institute of Science and Technology; Catholic University of Korea; Pusan National University; Ulsan College; University of Ulsan; Yonsei University,CZ; KR,yes,52,Functional Regulation of Phospholipase D Expression in Cancer and Inflammation,needs_review,Soonchunhyang University,openalex_last_known,,,,,Soonchunhyang University,KR,yes,no,yes,yes,12,A_review_first,strong collaboration signal + academic affiliation + bio relevance,,,,,,,,,0.5,manual review needed,review
A5103131865,Junghan Yoon,44,1,P0030,Jungwon University; Wonju Severance Christian Hospital; Yonsei University,KR,yes,44,A prospective study of total sleep duration and incident metabolic syndrome: the ARIRANG study,needs_review,The Catholic University of Korea Incheon St. Mary's Hospital; Catholic University of Korea,openalex_last_known,,,,,The Catholic University of Korea Incheon St. Mary's Hospital; Catholic University of Korea,KR,yes,no,yes,yes,12,A_review_first,strong collaboration signal + academic affiliation + bio relevance,,,,,,,,,0.5,manual review needed,review
A5003715831,Young Ji Yoo,41,1,P0044,Ewha Womans University; Ewha Womans University Medical Center; iNtRON (South Korea),KR,yes,41,Biosynthesis of the Allylmalonyl-CoA Extender Unit for the FK506 Polyketide Synthase Proceeds through a Dedicated Polyketide Synthase and Facilitates the Mutasynthesis of Analogues,needs_review,Rural Development Administration; Sookmyung Women's University,openalex_last_known,,,,,Rural Development Administration; Sookmyung Women's University,KR,yes,no,yes,yes,12,A_review_first,strong collaboration signal + academic affiliation + bio relevance,,,,,,,,,0.5,manual review needed,review
A5100647740,Young Joo Park,31,9,P0007; P0014; P0028; P0034; P0051; P0057; P0073; P0075; P0083,Convergence Research Center for Diagnosis Treatment and Care System of Dementia; Institute for Basic Science; Korea Institute of Science and Technology; Korea University Medical Center; Korea University of Science and Technology; National University College; New Generation University College; Samsung Medical Center; Seoul National University; Seoul National University Bundang Hospital; Seoul National University Hospital; Seoul National University of Science and Technology; Yonsei University,ET; KR; PR,yes,55,Generation of an induced pluripotent stem cell line KUMCi001-A from CD34+ bone marrow cells of a patient with acute lymphoblastic leukemia using human placenta-derived cell conditioned medium,needs_review,Sutro Biopharma (United States),openalex_last_known,,,,,Sutro Biopharma (United States),US,no,no,yes,yes,49,C_manual,current OpenAlex affiliation is not clearly Korea-based,,,,,,,,,0.5,manual review needed,review
A5038474427,Jae‐Seong Yang,46,8,P0002; P0008; P0010; P0012; P0015; P0018; P0023; P0068,Center for Research in Agricultural Genomics; Centre for Genomic Regulation; National University; Pohang University of Science and Technology; Seoul National University; Universitat Autònoma de Barcelona,ES; KR; SD,yes,67,Predictive design of mRNA translation initiation region to control prokaryotic translation efficiency,needs_review,Universitat Autònoma de Barcelona; Center for Research in Agricultural Genomics,openalex_last_known,,,,,Universitat Autònoma de Barcelona; Center for Research in Agricultural Genomics,ES,no,no,yes,no,47,C_manual,current OpenAlex affiliation is not clearly Korea-based,,,,,,,,,0.5,manual review needed,review
A5100413793,Dong‐Hyun Kim,49,7,P0001; P0021; P0026; P0029; P0050; P0075; P0108,"Argonne National Laboratory; Catholic University of Korea; Chungnam National University; Indo-American Center; Korea University; McCormick Theological Seminary; Midwestern University; National University College; Northwestern Medicine; Northwestern University; Robert H. Lurie Comprehensive Cancer Center of Northwestern University; Rutgers, The State University of New Jersey; Seoul National University; Seoul National University Hospital; University of Illinois Chicago",KR; PH; PR; US,yes,67,Cationic Nanoparticle-Mediated Activation of Natural Killer Cells for Effective Cancer Immunotherapy,needs_review,Northwestern University; University of Illinois Chicago,openalex_last_known,,,,,Northwestern University; University of Illinois Chicago,US,yes,no,yes,no,45,C_manual,current OpenAlex affiliation is not clearly Korea-based,,,,,,,,,0.5,manual review needed,review
A5012450211,Chang‐Yuil Kang,32,7,P0003; P0006; P0025; P0040; P0050; P0079; P0093,Cellid (South Korea); Korea Research Institute of Bioscience and Biotechnology; National University College; New Generation University College; Seoul National University; Seoul National University of Science and Technology,ET; KR; PR,yes,50,IL-21-mediated reversal of NK cell exhaustion facilitates anti-tumour immunity in MHC class I-deficient tumours,needs_review,Cellid (South Korea),openalex_last_known,,,,,Cellid (South Korea),KR,no,no,yes,no,42,C_manual,insufficient evidence for automatic PI/professor inference,,,,,,,,,0.5,manual review needed,review
A5022722737,Oju Jeon,29,6,P0002; P0007; P0021; P0022; P0031; P0108,CHA University; Case Western Reserve University; Hanyang University; Purdue University West Lafayette; Stem Cell Institute; University of Chicago; University of Illinois Chicago,KR; PA; US,yes,44,Nanosphere-mediated delivery of vascular endothelial growth factor gene for therapeutic angiogenesis in mouse ischemic limbs,needs_review,University of Illinois Chicago,openalex_last_known,,,,,University of Illinois Chicago,US,yes,no,yes,no,40,C_manual,current OpenAlex affiliation is not clearly Korea-based,,,,,,,,,0.5,manual review needed,review
A5084708084,Dennis Dong Hwan Kim,45,5,P0013; P0014; P0019; P0020; P0082,Catholic University of Korea; Chonnam National University Hwasun Hospital; Princess Margaret Cancer Centre; Saga University; Samsung Medical Center; Sungkyunkwan University; Ulsan College; Ulsan University Hospital; University Health Network; University of Toronto; University of Ulsan,CA; JP; KR,yes,57,Next-generation sequencing–based posttransplant monitoring of acute myeloid leukemia identifies patients at high risk of relapse,needs_review,University Health Network; University of Toronto; Princess Margaret Cancer Centre,openalex_last_known,,,,,University Health Network; University of Toronto; Princess Margaret Cancer Centre,CA,yes,no,yes,no,35,C_manual,current OpenAlex affiliation is not clearly Korea-based,,,,,,,,,0.5,manual review needed,review
A5011618732,Choon Hyuck David Kwon,42,4,P0006; P0024; P0030; P0061,Cleveland Clinic; Samsung Medical Center; Sungkyunkwan University,KR; US,yes,51,Infectious Complications in Patients Who Received High-Volume Plasma Exchange Prior to Liver Transplant: A Case Report,needs_review,Cedars-Sinai Medical Center; Cleveland Clinic,openalex_last_known,,,,,Cedars-Sinai Medical Center; Cleveland Clinic,US,yes,no,no,no,25,C_manual,current OpenAlex affiliation is not clearly Korea-based,,,,,,,,,0.5,manual review needed,review
A5033142661,Justin Sangwook Ko,47,3,P0006; P0024; P0030,Inha University; Kangbuk Samsung Hospital; Mayo Clinic; Pain and Rehabilitation Medicine; Samsung (South Korea); Samsung Medical Center; Sungkyunkwan University,KR; US,yes,53,Perioperative Fresh Red Blood Cell Transfusion May Negatively Affect Recipient Survival After Liver Transplantation,needs_review,Froedtert Hospital; Medical College of Wisconsin,openalex_last_known,,,,,Froedtert Hospital; Medical College of Wisconsin,US,yes,no,yes,yes,22,C_manual,current OpenAlex affiliation is not clearly Korea-based,,,,,,,,,0.5,manual review needed,review
A5023387547,Myong Cheol Lim,49,2,P0006; P0025,Academia Sinica; Academy of Medical Sciences; Asan Medical Center; Cancer Hospital of Chinese Academy of Medical Sciences; Chinese Academy of Medical Sciences & Peking Union Medical College; Jikei University School of Medicine; Korea University Guro Hospital; Korea University Medical Center; National Cancer Center; National Health Insurance Service Ilsan Hospital; SNUH SMG-SNU Boramae Medical Center; Samsung Medical Center; Seoul Metropolitan Government; Seoul National University; Seoul National University Hospital; Severance Hospital; Sungkyunkwan University,CN; GB; JP; KR; TW; US,yes,52,Efficacy and safety of BVAC-C in HPV type 16- or 18–positive cervical carcinoma who failed 1st platinum-based chemotherapy: a phase I/IIa study,needs_review,National Cancer Center; National Cancer Center,openalex_last_known,,,,,National Cancer Center; National Cancer Center,KR; US,no,no,yes,no,17,C_manual,insufficient evidence for automatic PI/professor inference,,,,,,,,,0.5,manual review needed,review
A5040610316,Yong Jun Lee,35,3,P0057; P0060; P0073,Korea Institute of Radiological and Medical Sciences; Korea Research Institute of Bioscience and Biotechnology; UPMC Hillman Cancer Center; University of Pittsburgh; University of Pittsburgh Medical Center,KR; US,yes,41,Glucose deprivation‐induced endoplasmic reticulum stress response plays a pivotal role in enhancement of TRAIL cytotoxicity,needs_review,Cedars-Sinai Medical Center,openalex_last_known,,,,,Cedars-Sinai Medical Center,US,yes,no,no,yes,17,C_manual,current OpenAlex affiliation is not clearly Korea-based,,,,,,,,,0.5,manual review needed,review
A5052867457,Hee‐Sung Chae,73,2,P0042; P0055,Dongguk University; Korea Research Institute of Bioscience and Biotechnology; Korea University of Science and Technology; National University; New Generation University College; Seoul National University; University of Mississippi; Wonkwang University,ET; KR; SD; US,yes,76,Combined MS/MS-NMR Annotation Guided Discovery of Iris lactea var. chinensis Seed as a Source of Viral Neuraminidase Inhibitory Polyphenols,needs_review,University of Mississippi,openalex_last_known,,,,,University of Mississippi,US,yes,no,no,no,15,C_manual,current OpenAlex affiliation is not clearly Korea-based,,,,,,,,,0.5,manual review needed,review
A5066380394,Yong‐Moon Park,41,1,P0030,Catholic University of Korea; General Department of Preventive Medicine; National Institute of Environmental Health Sciences; National Institutes of Health; SK Group (Japan); The Catholic University of Korea Seoul St. Mary's Hospital; The Catholic University of Korea Yeouido St. Mary's Hospital; University of Arkansas for Medical Sciences; University of South Carolina; Washington University in St. Louis; Winthrop Rockefeller Foundation,JP; KR; US; VN,yes,41,The Gut Microbiome Profile in Obesity: A Systematic Review,needs_review,Washington University in St. Louis; Winthrop Rockefeller Foundation; University of Arkansas for Medical Sciences,openalex_last_known,,,,,Washington University in St. Louis; Winthrop Rockefeller Foundation; University of Arkansas for Medical Sciences,US,yes,no,yes,no,15,C_manual,current OpenAlex affiliation is not clearly Korea-based,,,,,,,,,0.5,manual review needed,review
A5033056518,Ali Khademhosseini,62,2,P0030; P0108,"Brigham and Women's Hospital; California NanoSystems Institute; Center for Special Minimally Invasive and Robotic Surgery; Harvard University; Harvard–MIT Division of Health Sciences and Technology; King Abdulaziz University; Konkuk University; Korea University; Massachusetts Institute of Technology; Samueli Institute; Terasaki Foundation; UCLA Jonsson Comprehensive Cancer Center; University of California System; University of California, Los Angeles",KR; SA; US,yes,65,Benchtop fabrication of PDMS microstructures by an unconventional photolithographic method,needs_review,Terasaki Foundation,openalex_last_known,,,,,Terasaki Foundation,US,no,no,no,no,12,C_manual,current OpenAlex affiliation is not clearly Korea-based,,,,,,,,,0.5,manual review needed,review
A5061870890,Mi Jeong Kwon,46,1,P0040,Advanced Institute of Convergence Technology; Fox Chase Cancer Center; Hallym University; Hallym University Sacred Heart Hospital; Kyungpook National University; National Sagamihara Hospital; Samsung Medical Center; Seoul National University; Stanford University; Sungkyunkwan University,JP; KR; US,yes,46,LYN Is a Mediator of Epithelial-Mesenchymal Transition and a Target of Dasatinib in Breast Cancer,needs_review,Hospital General Universitario Gregorio Marañón; Instituto de Investigación Sanitaria Gregorio Marañón,openalex_last_known,,,,,Hospital General Universitario Gregorio Marañón; Instituto de Investigación Sanitaria Gregorio Marañón,ES,yes,no,yes,yes,12,C_manual,current OpenAlex affiliation is not clearly Korea-based,,,,,,,,,0.5,manual review needed,review
A5073142902,Song-Yi Lee,75,1,P0028,Samsung Medical Center; Sungkyunkwan University,KR,yes,75,Early Immune Remodeling Steers Clinical Response to First-Line Chemoimmunotherapy in Advanced Gastric Cancer,needs_review,Dong-A Pharmaceutical (South Korea),openalex_last_known,,,,,Dong-A Pharmaceutical (South Korea),KR,no,no,yes,yes,9,C_manual,insufficient evidence for automatic PI/professor inference,,,,,,,,,0.5,manual review needed,review
A5100429324,Sung‐Hoon Kim,156,16,P0020; P0025; P0028; P0029; P0031; P0040; P0051; P0057; P0072; P0083; P0090; P0093; P0098; P0100; P0102; P0107,Advanced Institute of Convergence Technology; Biocon (Switzerland); CHA University; Cancer Research Center; Cancer Research Institute; Creative Research; Dong-A University; Gangnam Severance Hospital; Institute of Molecular Biology; Keimyung University; Korea Research Institute of Bioscience and Biotechnology; Korea University; Korea University of Science and Technology; Kyung Hee University; National Cancer Center; National University College; New Generation University College; Sahmyook University; Samsung Medical Center; Seoul National University; Seoul National University of Science and Technology; Sungkyunkwan University; Ulsan College; University of Ulsan; Yonsei University,AM; CH; ET; GB; KR; PR; US,yes,201,Adverse prognostic effect of homozygous TET2 mutation on the relapse risk of acute myeloid leukemia in patients of normal karyotype,needs_review,Biocon (Switzerland); Yonsei University; Kyung Hee University; Gangnam Severance Hospital,openalex_last_known,,,,,Biocon (Switzerland); Yonsei University; Kyung Hee University; Gangnam Severance Hospital,CH; KR,yes,no,no,no,85,D_noise_check,collaboration signal exists but example work looks outside bio,,,,,,,,,0.5,manual review needed,review
A5078895940,Dae‐Duk Kim,80,12,P0032; P0034; P0036; P0038; P0040; P0044; P0050; P0053; P0056; P0090; P0097; P0108,Chungnam National University; Kangwon National University; Lee College; National University; National University College; New Generation University College; Pusan National University; Seoul National University,ET; KR; PR; SD; US,yes,113,Effect of permeation enhancers on transdermal delivery of fluoxetine: In vitro and in vivo evaluation,needs_review,Seoul National University; New Generation University College; National University,openalex_last_known,,,,,Seoul National University; New Generation University College; National University,ET; KR; SD,yes,no,no,no,65,D_noise_check,collaboration signal exists but example work looks outside bio,,,,,,,,,0.5,manual review needed,review
A5000424971,Dong‐Chan Oh,51,11,P0032; P0033; P0035; P0036; P0038; P0042; P0044; P0053; P0055; P0057; P0086,National University; New Generation University College; Seoul National University; Yonsei University,ET; KR; SD,yes,81,"Apoptolidin I: A new glycosylated macrocyclic lactone from wasp gut bacterium, Amycolatopsis sp.",needs_review,Seoul National University; New Generation University College; National University,openalex_last_known,,,,,Seoul National University; New Generation University College; National University,ET; KR; SD,yes,no,no,no,60,D_noise_check,collaboration signal exists but example work looks outside bio,,,,,,,,,0.5,manual review needed,review
A5102881408,Sung‐Soo Yoon,162,10,P0007; P0013; P0014; P0020; P0028; P0029; P0043; P0079; P0082; P0105,Asan Medical Center; Bucheon University; Cancer Research Institute; Chonnam National University; Chonnam National University Hwasun Hospital; Clinical Research Institute; Deleted Institution; Inje University Haeundae Paik Hospital; Janssen (Belgium); Janssen Korea (South Korea); National University College; New Generation University College; PharmacoGenetics (China); Samsung Medical Center; Seoul National University; Seoul National University Bundang Hospital; Seoul National University Hospital; Soonchunhyang University; Sungkyunkwan University; The Catholic University of Korea St. Vincent's Hospital; Ulsan College; Ulsan University Hospital; University of Ulsan; Veterans Health Service Medical Center,BE; CN; ET; KR; PR; US,yes,189,Comparative analysis between azacitidine and decitabine for the treatment of myelodysplastic syndromes,needs_review,Seoul National University; Seoul National University Hospital; Kyung Hee University; Kyung Hee University Dental Hospital,openalex_last_known,,,,,Seoul National University; Seoul National University Hospital; Kyung Hee University; Kyung Hee University Dental Hospital,KR,yes,no,no,no,55,D_noise_check,collaboration signal exists but example work looks outside bio,,,,,,,,,0.5,manual review needed,review
A5058857350,Geum‐Sook Hwang,16,10,P0064; P0070; P0071; P0077; P0082; P0089; P0090; P0093; P0098; P0100,Chung-Ang University; Chungnam National University; Ewha Womans University; Korea Basic Science Institute; Yonsei University,KR,yes,43,Association between circulating bile acid alterations and nonalcoholic steatohepatitis independent of obesity and diabetes mellitus,needs_review,Korea Basic Science Institute; Chung-Ang University,openalex_last_known,,,,,Korea Basic Science Institute; Chung-Ang University,KR,yes,no,no,no,55,D_noise_check,collaboration signal exists but example work looks outside bio,,,,,,,,,0.5,manual review needed,review
A5041899046,Soo‐Mee Bang,79,9,P0007; P0013; P0014; P0019; P0020; P0029; P0043; P0051; P0075,Chungnam National University Hospital; Gachon University; Gachon University Gil Medical Center; Hallym University Medical Center; Kangbuk Samsung Hospital; Seoul National University; Seoul National University Bundang Hospital; Seoul National University Hospital; Severance Hospital; Sungkyunkwan University; Yonsei University,KR,yes,103,Comparative analysis between azacitidine and decitabine for the treatment of myelodysplastic syndromes,needs_review,Seoul National University Bundang Hospital,openalex_last_known,,,,,Seoul National University Bundang Hospital,KR,yes,no,no,no,50,D_noise_check,collaboration signal exists but example work looks outside bio,,,,,,,,,0.5,manual review needed,review
A5106557026,Young Tae Kim,49,9,P0007; P0014; P0025; P0051; P0057; P0072; P0075; P0079; P0082,Cancer Research Institute; National University College; New Generation University College; Pusan National University; Samsung Medical Center; Seoul Medical Center; Seoul National University; Seoul National University Bundang Hospital; Seoul National University Hospital; Xenotran (United States),ET; KR; PR; US,yes,73,A Case of the Thrombi in Left Atrial Appendage Confirmed by Transesophageal Echocardiography(TEE) in A Patient with Acute Myocardial Infarction Accompanied by Cerebral Infarction,needs_review,Seoul National University; Cancer Research Institute; Seoul National University Hospital,openalex_last_known,,,,,Seoul National University; Cancer Research Institute; Seoul National University Hospital,KR; US,yes,no,no,no,50,D_noise_check,collaboration signal exists but example work looks outside bio,,,,,,,,,0.5,manual review needed,review
A5103327413,Seonyang Park,47,9,P0007; P0013; P0014; P0020; P0021; P0029; P0040; P0043; P0079,Bucheon University; Chosun University Hospital; Inje University Haeundae Paik Hospital; New Generation University College; Samsung Medical Center; Seoul National University; Seoul National University Hospital; Soonchunhyang University,ET; KR,yes,71,Comparative analysis between azacitidine and decitabine for the treatment of myelodysplastic syndromes,needs_review,Inje University Haeundae Paik Hospital,openalex_last_known,,,,,Inje University Haeundae Paik Hospital,KR,yes,no,no,no,50,D_noise_check,collaboration signal exists but example work looks outside bio,,,,,,,,,0.5,manual review needed,review
A5013714341,Sung‐Yup Cho,29,9,P0013; P0020; P0051; P0058; P0060; P0066; P0077; P0079; P0082,Cancer Research Institute; Institute of Aging; National University College; New Generation University College; Seoul National University; Seoul National University Hospital,CA; ET; KR; PR; US,yes,53,Impact of Clonal Hematopoiesis on the Carcinogenic Process of Multiple Myeloma,needs_review,Seoul National University; Cancer Research Institute; New Generation University College; Seoul National University Hospital; National University College,openalex_last_known,,,,,Seoul National University; Cancer Research Institute; New Generation University College; Seoul National University Hospital; National University College,ET; KR; PR; US,yes,no,no,no,50,D_noise_check,collaboration signal exists but example work looks outside bio,,,,,,,,,0.5,manual review needed,review
A5019897388,In‐Soo Yoon,26,9,P0032; P0034; P0040; P0050; P0055; P0073; P0090; P0097; P0107,Kangwon National University; Konkuk University; Mokpo National University; Pusan National University; Seoul National University,KR,yes,50,Effect of permeation enhancers on transdermal delivery of fluoxetine: In vitro and in vivo evaluation,needs_review,Pusan National University,openalex_last_known,,,,,Pusan National University,KR,yes,no,no,no,50,D_noise_check,collaboration signal exists but example work looks outside bio,,,,,,,,,0.5,manual review needed,review
A5079269717,Gyoo Yeol Jung,164,9,P0001; P0002; P0008; P0010; P0012; P0015; P0018; P0022; P0023,Inha University; Pohang University of Science and Technology; Yonsei University,KR,yes,188,Simultaneous quantitative detection of 12 pathogens using high‐resolution CE‐SSCP,needs_review,Pohang University of Science and Technology,openalex_last_known,,,,,Pohang University of Science and Technology,KR,yes,no,no,no,50,D_noise_check,collaboration signal exists but example work looks outside bio,,,,,,,,,0.5,manual review needed,review
A5103193360,Sang Kyun Sohn,88,8,P0007; P0013; P0014; P0019; P0020; P0029; P0082; P0108,Ajou University; Ajou University Hospital; Catholic University of Korea; Chonnam National University Hwasun Hospital; Dong-A University; Ewha Womans University; Inha University Hospital; Jeonbuk National University; Jeonbuk National University Hospital; Konkuk University Medical Center; Korea University; Korea University Medical Center; Kyungpook National University; Kyungpook National University Hospital; Palmetto Hematology Oncology; Samsung Medical Center; Seoul National University Hospital; Soonchunhyang University Hospital Seoul; The Catholic University of Korea Seoul St. Mary's Hospital; The Korean Society of Hematology; Yeungnam University Medical Center,KR; US,yes,109,Deferasirox improves hematologic and hepatic function with effective reduction of serum ferritin and liver iron concentration in transfusional iron overload patients with myelodysplastic syndrome or aplastic anemia,needs_review,Kyungpook National University Hospital,openalex_last_known,,,,,Kyungpook National University Hospital,KR,yes,no,no,no,45,D_noise_check,collaboration signal exists but example work looks outside bio,,,,,,,,,0.5,manual review needed,review
A5006728335,Young Dae Kim,22,8,P0007; P0014; P0030; P0034; P0052; P0068; P0073; P0099,Ajou University; Chosun University; Dong-A University; Dong-A University Hospital; Dongguk University; Dongguk University Ilsan Hospital; Gwangju Institute of Science and Technology; National Hospital for Neurology and Neurosurgery; University College London; Yonsei University,GB; KR,yes,43,Effect of Valsartan on N-Terminal Pro-Brain Natriuretic Peptide in Patient With Stable Chronic Heart Failure: Comparison With Enalapril,needs_review,Yonsei University; Severance Hospital; Yonsei University Health System,openalex_last_known,,,,,Yonsei University; Severance Hospital; Yonsei University Health System,KR,yes,no,no,no,45,D_noise_check,collaboration signal exists but example work looks outside bio,,,,,,,,,0.5,manual review needed,review
A5006422911,Jae‐Sook Ahn,171,8,P0006; P0007; P0013; P0014; P0019; P0020; P0029; P0082,Chonnam National University; Chonnam National University Hospital; Chonnam National University Hwasun Hospital; Palmetto Hematology Oncology; Pusan National University,KR; US,yes,192,Clinical significance of clonality and Epstein‐Barr virus infection in adult patients with hemophagocytic lymphohistiocytosis,needs_review,Chonnam National University Hwasun Hospital,openalex_last_known,,,,,Chonnam National University Hwasun Hospital,KR,yes,no,no,no,45,D_noise_check,collaboration signal exists but example work looks outside bio,,,,,,,,,0.5,manual review needed,review
A5022308730,Deok‐Hwan Yang,138,8,P0006; P0007; P0013; P0014; P0016; P0019; P0020; P0029,Chonnam National University; Chonnam National University Hospital; Chonnam National University Hwasun Hospital; Kosin University Gospel Hospital; Palmetto Hematology Oncology; Seonam University,KR; US,yes,159,Clinical significance of clonality and Epstein‐Barr virus infection in adult patients with hemophagocytic lymphohistiocytosis,needs_review,Chonnam National University Hospital; Chonnam National University Hwasun Hospital,openalex_last_known,,,,,Chonnam National University Hospital; Chonnam National University Hwasun Hospital,KR,yes,no,no,no,45,D_noise_check,collaboration signal exists but example work looks outside bio,,,,,,,,,0.5,manual review needed,review
A5027741708,Jaemoon Koh,129,8,P0028; P0057; P0060; P0070; P0075; P0076; P0079; P0082,Chungnam National University; National University College; New Generation University College; Seoul National University; Seoul National University Hospital,ET; KR; PR,yes,150,Enhanced eosinophil-mediated inflammation associated with antibody and complement-dependent pneumonic insults in critical COVID-19,needs_review,Seoul National University Hospital,openalex_last_known,,,,,Seoul National University Hospital,KR,yes,no,no,no,45,D_noise_check,collaboration signal exists but example work looks outside bio,,,,,,,,,0.5,manual review needed,review
A5100649694,Inho Kim,82,7,P0007; P0013; P0014; P0020; P0029; P0043; P0082,Cancer Research Institute; Chonnam National University Hwasun Hospital; National University College; New Generation University College; Seoul National University; Seoul National University Bundang Hospital; Seoul National University Hospital; Soonchunhyang University; Soonchunhyang University Hospital Bucheon; Sungkyunkwan University; The Korean Society of Hematology,ET; KR; PR; US,yes,100,Molecular Predictive Markers in Dose Escalation Treatment for Suboptimal Responders to Standard Dose Imatinib in CML,needs_review,Seoul National University Hospital,openalex_last_known,,,,,Seoul National University Hospital,KR,yes,no,no,no,40,D_noise_check,collaboration signal exists but example work looks outside bio,,,,,,,,,0.5,manual review needed,review
A5064603147,Nayoung Han,71,7,P0040; P0043; P0082; P0092; P0095; P0099; P0105,Inje University Sanggye Paik Hospital; Jeju National University; Jeju Research Institute; National University; New Generation University College; Seoul National University; Seoul National University Hospital,ET; KR; US,yes,89,Whole exome sequencing for the identification of CYP3A7 variants associated with tacrolimus concentrations in kidney transplant patients,needs_review,Jeju National University,openalex_last_known,,,,,Jeju National University,KR,yes,no,no,no,40,D_noise_check,collaboration signal exists but example work looks outside bio,,,,,,,,,0.5,manual review needed,review
A5100379516,Hye Young Kim,61,7,P0067; P0070; P0075; P0076; P0078; P0079; P0082,Cancer Research Institute; Ewha Womans University; Immune Regulation (United Kingdom); Korea Advanced Institute of Science and Technology; Namseoul University; National Institute of Pathology; National University College; New Generation University College; Seoul National University; Seoul National University Hospital; Sungkyunkwan University,ET; GB; IN; KR; PR; US,yes,79,CCR2 ‐Dependent Monocyte Recruitment Accelerates Allergic Airway Inflammation in Diesel Exhaust‐Exposed Mice,needs_review,Gyeongsang National University; Korea Institute of Ceramic Engineering and Technology,openalex_last_known,,,,,Gyeongsang National University; Korea Institute of Ceramic Engineering and Technology,KR,yes,no,no,no,40,D_noise_check,collaboration signal exists but example work looks outside bio,,,,,,,,,0.5,manual review needed,review
A5015112169,Chul Won Jung,54,7,P0006; P0007; P0013; P0014; P0019; P0020; P0029,Chonnam National University Hwasun Hospital; Kyung Hee University; Princess Margaret Cancer Centre; Samsung Medical Center; Seoul National University Hospital; Sungkyunkwan University; The Korean Society of Hematology; University Health Network; University of Toronto,CA; KR,yes,72,The First Case of Acute Myeloid Leukemia With t(10;11)(p13;q21);PICALM-MLLT10 Rearrangement Presenting With Extensive Skin Involvement,needs_review,Samsung Medical Center; Sungkyunkwan University,openalex_last_known,,,,,Samsung Medical Center; Sungkyunkwan University,KR,yes,no,no,no,40,D_noise_check,collaboration signal exists but example work looks outside bio,,,,,,,,,0.5,manual review needed,review
A5075143500,Young‐Ger Suh,51,7,P0038; P0040; P0051; P0053; P0055; P0056; P0102,CHA University; Chungbuk National University; Gachon University; Government of the Republic of Korea; National University College; New Generation University College; Seoul National University; Sookmyung Women's University,ET; KR; PR,yes,69,Asymmetric Total Synthesis of (+)-Intricenyne via an Endocyclization Route to Oxocane Skeleton,needs_review,CHA University; Chungbuk National University; Gachon University; Government of the Republic of Korea; National University College; New Generation University College; Seoul National University; Sookmyung Women's University,authorship_history,,,,,,,yes,no,no,no,40,D_noise_check,collaboration signal exists but example work looks outside bio,,,,,,,,,0.5,manual review needed,review
A5100413485,Ji‐Hyun Lee,32,7,P0013; P0020; P0030; P0056; P0090; P0093; P0100,Ajou University; Biocon (Switzerland); Busan Medical Center; Chonnam National University Hwasun Hospital; Dong-A University; New Generation University College; Seoul National University; Seoul National University Bundang Hospital,CH; ET; KR,yes,50,Evidence-based Korean guidelines for the clinical management of multiple myeloma: addressing 12 key clinical questions,needs_review,Gachon University; Brigham and Women's Hospital; University of Florida Health; University of Florida; Quantitative BioSciences; Ajou University Hospital; Chungnam National University Hospital; Kyung Hee University Hospital at Gangdong; UF Health Cancer Center,openalex_last_known,,,,,Gachon University; Brigham and Women's Hospital; University of Florida Health; University of Florida; Quantitative BioSciences; Ajou University Hospital; Chungnam National University Hospital; Kyung Hee University Hospital at Gangdong; UF Health Cancer Center,KR; US,yes,no,no,no,40,D_noise_check,collaboration signal exists but example work looks outside bio,,,,,,,,,0.5,manual review needed,review
A5044669272,Youngil Koh,26,7,P0007; P0013; P0014; P0020; P0028; P0079; P0082,New Generation University College; Seoul National University; Seoul National University Hospital; The Korean Society of Hematology,ET; KR,yes,44,Molecular Predictive Markers in Dose Escalation Treatment for Suboptimal Responders to Standard Dose Imatinib in CML,needs_review,Seoul National University; Seoul National University Hospital,openalex_last_known,,,,,Seoul National University; Seoul National University Hospital,KR,yes,no,no,no,40,D_noise_check,collaboration signal exists but example work looks outside bio,,,,,,,,,0.5,manual review needed,review
A5087561050,Sang Hyun Sung,24,7,P0034; P0038; P0042; P0050; P0055; P0056; P0102,Bank of Korea; New Generation University College; Seoul National University,ET; KR,yes,42,"Non-Derivatization Method for the Determination of Gabapentin in Pharmaceutical Formulations, Rat Serum and Rat Urine using High Performance Liquid Chromatography Coupled with Charged Aerosol Detection",needs_review,Seoul National University; Samsung (South Korea); New Generation University College; Samsung Pharm (South Korea),openalex_last_known,,,,,Seoul National University; Samsung (South Korea); New Generation University College; Samsung Pharm (South Korea),ET; KR,yes,no,no,no,40,D_noise_check,collaboration signal exists but example work looks outside bio,,,,,,,,,0.5,manual review needed,review
A5009312981,Myung‐Geun Shin,108,7,P0006; P0013; P0014; P0016; P0019; P0020; P0030,Chonnam National University; Chonnam National University Hospital; Chonnam National University Hwasun Hospital,KR,yes,126,Changes in Karyotype and Azole Susceptibility of Sequential Bloodstream Isolates from Patients with Candida glabrata Candidemia,needs_review,Chonnam National University; Chonnam National University Hwasun Hospital,openalex_last_known,,,,,Chonnam National University; Chonnam National University Hwasun Hospital,KR,yes,no,no,no,40,D_noise_check,collaboration signal exists but example work looks outside bio,,,,,,,,,0.5,manual review needed,review
A5016807045,Dong‐Yeop Shin,68,6,P0007; P0013; P0014; P0019; P0020; P0029,Biomedical Research Institute; Cancer Research Institute; National Cancer Center; National University College; New Generation University College; Seoul National University; Seoul National University Hospital,ET; KR; PR; US,yes,83,Prognostic Impact of Chromosomal Translocations in 751 Korean Patients with Primary Myelodysplastic Syndrome,needs_review,Seoul National University; Seoul National University Hospital,openalex_last_known,,,,,Seoul National University; Seoul National University Hospital,KR,yes,no,no,no,35,D_noise_check,collaboration signal exists but example work looks outside bio,,,,,,,,,0.5,manual review needed,review
A5026860974,Young Hee Choi,68,6,P0033; P0036; P0042; P0043; P0055; P0097,Dongguk University; Dongguk University Ilsan Hospital; Seoul National University,KR,yes,83,Gα12 ablation exacerbates liver steatosis and obesity by suppressing USP22/SIRT1-regulated mitochondrial respiration,needs_review,Dongguk University,openalex_last_known,,,,,Dongguk University,KR,yes,no,no,no,35,D_noise_check,collaboration signal exists but example work looks outside bio,,,,,,,,,0.5,manual review needed,review
A5100426023,Sung‐Hyun Kim,65,6,P0007; P0013; P0014; P0019; P0020; P0029,Busan Medical Center; Catholic University of Korea; Chonnam National University Hwasun Hospital; Chulalongkorn University; Dong-A University; Dong-A University Hospital; Ewha Womans University; Ewha Womans University Medical Center; Gachon University Gil Medical Center; Hallym University; Hallym University Medical Center; Hallym University Sacred Heart Hospital; Inha University Hospital; Janssen Korea (South Korea); Jeonbuk National University; Kangbuk Samsung Hospital; King Chulalongkorn Memorial Hospital; Korea University Medical Center; Samsung Medical Center; Seoul National University Bundang Hospital; Severance Hospital; Sungkyunkwan University; Yeungnam University; Yeungnam University College; Yonsei University,KR; TH,yes,80,Clinical Features and Survival Outcomes in Patients with Multiple Myeloma: Analysis of Web-Based Data from the Korean Myeloma Registry,needs_review,Dong-A University,openalex_last_known,,,,,Dong-A University,KR,yes,no,no,no,35,D_noise_check,collaboration signal exists but example work looks outside bio,,,,,,,,,0.5,manual review needed,review
A5014597278,Ho‐Young Yhim,52,6,P0007; P0013; P0014; P0019; P0020; P0029,Jeonbuk National University; Jeonbuk National University Hospital; Seoul National University; Seoul National University Hospital; Yeungnam University Medical Center,KR,yes,67,"Risk stratification for early mortality in newly diagnosed acute promyelocytic leukemia: a multicenter, non-selected, retrospective cohort study",needs_review,Jeonbuk National University Hospital; Jeonbuk National University,openalex_last_known,,,,,Jeonbuk National University Hospital; Jeonbuk National University,KR,yes,no,no,no,35,D_noise_check,collaboration signal exists but example work looks outside bio,,,,,,,,,0.5,manual review needed,review
A5078463338,Youngjoo Byun,42,6,P0036; P0053; P0102; P0104; P0105; P0108,Amorepacific (South Korea); Johns Hopkins Bayview Medical Center; Johns Hopkins University; Korea University; Korea University Guro Hospital; Korea University Medical Center; Sejong University,JP; KR; US,yes,57,"In Vitro Structure−Activity Relationship and in Vivo Studies for a Novel Class of Cyclooxygenase-2 Inhibitors: 5-Aryl-2,2-dialkyl-4-phenyl-3(2H)furanone Derivatives",needs_review,Korea University; Sejong University; Korea University,openalex_last_known,,,,,Korea University; Sejong University; Korea University,JP; KR,yes,no,no,no,35,D_noise_check,collaboration signal exists but example work looks outside bio,,,,,,,,,0.5,manual review needed,review
A5103282604,Myung Hee Kim,42,6,P0051; P0065; P0070; P0093; P0100; P0102,Advanced Institute of Convergence Technology; Chungbuk National University; Dongguk University; Gangnam Severance Hospital; Korea Research Institute of Bioscience and Biotechnology; Korea University of Science and Technology; Sahmyook University; Seoul National University; Yonsei University,KR,yes,57,Protective Effect of Hypothermia in Delayed Astrocyte Death after Transient Histotoxic Hypoxia in Vitro,needs_review,Advanced Institute of Convergence Technology; Chungbuk National University; Dongguk University; Gangnam Severance Hospital; Korea Research Institute of Bioscience and Biotechnology; Korea University of Science and Technology; Sahmyook University; Seoul National University; Yonsei University,authorship_history,,,,,,,yes,no,no,no,35,D_noise_check,collaboration signal exists but example work looks outside bio,,,,,,,,,0.5,manual review needed,review
A5034083187,Jaekwang Lee,39,6,P0002; P0021; P0028; P0073; P0076; P0096,Asan Medical Center; Gangneung Asan Hospital; Institute for Basic Science; Korea Food Research Institute; Korea Institute of Brain Science; Korea Institute of Science and Technology; Korea University; Kwangwoon University; Seoul National University; University of North Carolina at Chapel Hill; University of Ulsan,KR; US,yes,54,"Dieckol, a Major Marine Polyphenol, Enhances Non-Rapid Eye Movement Sleep in Mice via the GABAA-Benzodiazepine Receptor",needs_review,University of Science and Technology; Institute for Basic Science; Korea Food Research Institute; Korea Institute of Science and Technology; Korea University of Science and Technology,openalex_last_known,,,,,University of Science and Technology; Institute for Basic Science; Korea Food Research Institute; Korea Institute of Science and Technology; Korea University of Science and Technology,KR; YE,yes,no,no,no,35,D_noise_check,collaboration signal exists but example work looks outside bio,,,,,,,,,0.5,manual review needed,review
A5100632168,Jong Man Kim,37,6,P0006; P0021; P0024; P0030; P0051; P0061,Animal and Plant Quarantine Agency; Korea Institute of Science and Technology; Kyung Hee University Hospital at Gangdong; Samsung Medical Center; Sungkyunkwan University,KR,yes,52,Initial experience with high‐volume plasma exchange in patients with acute liver failure,needs_review,Samsung Medical Center; Sungkyunkwan University,openalex_last_known,,,,,Samsung Medical Center; Sungkyunkwan University,KR,yes,no,no,no,35,D_noise_check,collaboration signal exists but example work looks outside bio,,,,,,,,,0.5,manual review needed,review
A5077318648,Sang Kyun Sohn,35,6,P0007; P0013; P0014; P0019; P0020; P0082,Catholic University of Korea; Chonnam National University Hwasun Hospital; Hematology Oncology Associates; Kyungpook National University; Kyungpook National University Hospital; Maryland Oncology Hematology; National University College; New Generation University College; Palmetto Hematology Oncology; The Catholic University of Korea Seoul St. Mary's Hospital,ET; KR; PR; US,yes,50,Bortezomib and the Increased Incidence of Herpes Zoster in Patients with Multiple Myeloma,needs_review,Kyungpook National University Hospital,openalex_last_known,,,,,Kyungpook National University Hospital,KR,yes,no,no,no,35,D_noise_check,collaboration signal exists but example work looks outside bio,,,,,,,,,0.5,manual review needed,review
A5111893453,Hyeoung Joon Kim,33,6,P0006; P0007; P0013; P0019; P0020; P0082,Asan Medical Center; Catholic University of Korea; Chonnam National University; Chonnam National University Hospital; Chonnam National University Hwasun Hospital; Gwangju Institute of Science and Technology; Hallym University; Hallym University Medical Center; Hallym University Sacred Heart Hospital; St. Paul's Hospital; The Korean Society of Hematology; Ulsan College; Ulsan University Hospital; University of Ulsan,KR,yes,48,Clinical Characteristics of Autosomal Dominant Giant Platelet Syndromes and Mutation Analysis of MYH9,needs_review,Chonnam National University Hwasun Hospital; The Catholic University of Korea Seoul St. Mary's Hospital,openalex_last_known,,,,,Chonnam National University Hwasun Hospital; The Catholic University of Korea Seoul St. Mary's Hospital,KR,yes,no,no,no,35,D_noise_check,collaboration signal exists but example work looks outside bio,,,,,,,,,0.5,manual review needed,review
A5022219891,Jong‐Il Kim,33,6,P0028; P0066; P0067; P0073; P0079; P0082,Asan Medical Center; Institute of Molecular Biology; Korea Research Institute of Bioscience and Biotechnology; Namseoul University; National University College; New Generation University College; Seoul National University; Seoul National University Hospital; Ulsan College; University of Ulsan,AM; ET; KR; PR,yes,48,A highly annotated whole-genome sequence of a Korean individual,needs_review,Seoul National University; Kangwon National University; Cancer Research Institute; Agency for Defense Development; New Generation University College; Seoul National University Hospital; Seoul National University Bundang Hospital; Korea Institute of Ceramic Engineering and Technology; National University College,openalex_last_known,,,,,Seoul National University; Kangwon National University; Cancer Research Institute; Agency for Defense Development; New Generation University College; Seoul National University Hospital; Seoul National University Bundang Hospital; Korea Institute of Ceramic Engineering and Technology; National University College,ET; KR; PR; US,yes,no,no,no,35,D_noise_check,collaboration signal exists but example work looks outside bio,,,,,,,,,0.5,manual review needed,review
A5091065629,Jeong‐Ok Lee,32,6,P0007; P0013; P0014; P0020; P0029; P0079,Asan Medical Center; Chonnam National University Hwasun Hospital; Daegu Fatima Hospital; Deleted Institution; Dong-A University; Gachon University; Gachon University Gil Hospital; Gachon University Gil Medical Center; Inje University Busan Paik Hospital; Keimyung University; Seoul National University Bundang Hospital; Seoul National University Hospital; Ulsan College; University of Ulsan,KR,yes,47,Comparative analysis between azacitidine and decitabine for the treatment of myelodysplastic syndromes,needs_review,Seoul National University Bundang Hospital,openalex_last_known,,,,,Seoul National University Bundang Hospital,KR,yes,no,no,no,35,D_noise_check,collaboration signal exists but example work looks outside bio,,,,,,,,,0.5,manual review needed,review
A5100452154,Sangwoo Kim,31,6,P0040; P0066; P0073; P0089; P0090; P0100,Institute for Basic Science; Korea Advanced Institute of Science and Technology; Korea University; Nano-Convergence Foundation; Severance Hospital; Stanley Medical Research Institute; University of Brain Education; University of California San Diego; Yonsei University; Yonsei University Health System,KR; US,yes,46,NTRK oncogenic fusions are exclusively associated with the serrated neoplasia pathway in the colorectum and begin to occur in sessile serrated lesions,needs_review,Pohang University of Science and Technology; Korea Advanced Institute of Science and Technology; Yonsei University; Severance Hospital; Samsung Medical Center; Seoul National University Hospital; Kyungpook National University; Kyung Hee University; BC Platforms (Finland); Korea Institute of Ceramic Engineering and Technology; Yonsei University Health System; Chung-Ang University; Sungkyunkwan University,openalex_last_known,,,,,Pohang University of Science and Technology; Korea Advanced Institute of Science and Technology; Yonsei University; Severance Hospital; Samsung Medical Center; Seoul National University Hospital; Kyungpook National University; Kyung Hee University; BC Platforms (Finland); Korea Institute of Ceramic Engineering and Technology; Yonsei University Health System; Chung-Ang University; Sungkyunkwan University,FI; KR,yes,no,no,no,35,D_noise_check,collaboration signal exists but example work looks outside bio,,,,,,,,,0.5,manual review needed,review
A5029637939,Seo Young Jeong,27,6,P0007; P0021; P0050; P0068; P0072; P0089,Chung-Ang University; Konkuk University; Korea Advanced Institute of Science and Technology; Korea Institute of Science and Technology; Korea University; Kyung Hee University; Seoul National University,KR,yes,42,Non-invasive optical imaging of cathepsin B with activatable fluorogenic nanoprobes in various metastatic models,needs_review,Chung-Ang University; Konkuk University; Korea Advanced Institute of Science and Technology; Korea Institute of Science and Technology; Korea University; Kyung Hee University; Seoul National University,authorship_history,,,,,,,yes,no,no,no,35,D_noise_check,collaboration signal exists but example work looks outside bio,,,,,,,,,0.5,manual review needed,review
A5067482196,Junshik Hong,66,5,P0007; P0013; P0014; P0020; P0029,Biomedical Research Institute; Cancer Research Institute; Gachon University; Gachon University Gil Medical Center; National Cancer Center; National University College; New Generation University College; Seoul National University; Seoul National University Hospital,ET; KR; PR; US,yes,78,Prognostic Impact of IPSS-R and Chromosomal Translocations in 751 Korean Patients with Primary Myelodysplastic Syndrome,needs_review,Seoul National University; New Generation University College; Seoul National University Hospital,openalex_last_known,,,,,Seoul National University; New Generation University College; Seoul National University Hospital,ET; KR,yes,no,no,no,30,D_noise_check,collaboration signal exists but example work looks outside bio,,,,,,,,,0.5,manual review needed,review
A5086925583,Hyun‐Jong Cho,60,5,P0038; P0040; P0050; P0088; P0108,"California NanoSystems Institute; Kangwon National University; Samueli Institute; Seoul National University; University of California, Los Angeles",KR; US,yes,72,Determination and validation of psammaplin A and its derivatives in rat plasma by liquid chromatography–tandem mass spectrometry and its application in pharmacokinetic study,needs_review,Kangwon National University,openalex_last_known,,,,,Kangwon National University,KR,yes,no,no,no,30,D_noise_check,collaboration signal exists but example work looks outside bio,,,,,,,,,0.5,manual review needed,review
A5102771863,Jae‐Yong Kwak,52,5,P0007; P0013; P0014; P0019; P0020,Chonnam National University Hospital; Chonnam National University Hwasun Hospital; Deleted Institution; Ewha Womans University; Inje University; Jeonbuk National University; Jeonbuk National University Hospital; Korea Institute of Radiological and Medical Sciences; Seoul National University; The Korean Society of Hematology; Wonju Severance Christian Hospital; Yonsei University,KR,yes,64,"Risk stratification for early mortality in newly diagnosed acute promyelocytic leukemia: a multicenter, non-selected, retrospective cohort study",needs_review,Jeonbuk National University Hospital; Jeonbuk National University,openalex_last_known,,,,,Jeonbuk National University Hospital; Jeonbuk National University,KR,yes,no,no,no,30,D_noise_check,collaboration signal exists but example work looks outside bio,,,,,,,,,0.5,manual review needed,review
A5034739279,Myung‐Ju Ahn,51,5,P0013; P0028; P0033; P0040; P0079,Hanyang University; Konkuk University; Palmetto Hematology Oncology; Samsung Medical Center; Sungkyunkwan University,KR; US,yes,63,Preliminary Report of Risk-Based Approach in Korean Patients with Newly Diagnosed Multiple Myeloma.,needs_review,Samsung Medical Center; Hanyang University Medical Center; Hanyang University; Sungkyunkwan University,openalex_last_known,,,,,Samsung Medical Center; Hanyang University Medical Center; Hanyang University; Sungkyunkwan University,KR,yes,no,no,no,30,D_noise_check,collaboration signal exists but example work looks outside bio,,,,,,,,,0.5,manual review needed,review
A5102983628,Soo‐Jin Oh,42,5,P0028; P0058; P0069; P0073; P0096,Catholic Kwandong University International St. Mary's Hospital; Convergence Research Center for Diagnosis Treatment and Care System of Dementia; Emory University; Korea Institute of Brain Science; Korea Institute of Science and Technology; Korea University; Korea University of Science and Technology; Korean Association Of Science and Technology Studies; Kyung Hee University; Seoul National University Dental Hospital; Seoul National University Hospital,KR; US,yes,54,A nonsense TMEM43 variant leads to disruption of connexin-linked function and autosomal dominant auditory neuropathy spectrum disorder,needs_review,Korea Institute of Brain Science; Korean Association Of Science and Technology Studies; Korea Institute of Science and Technology,openalex_last_known,,,,,Korea Institute of Brain Science; Korean Association Of Science and Technology Studies; Korea Institute of Science and Technology,KR,yes,no,no,no,30,D_noise_check,collaboration signal exists but example work looks outside bio,,,,,,,,,0.5,manual review needed,review
A5102010196,Sang‐Hee Cho,37,5,P0006; P0013; P0014; P0020; P0028,Chonnam National University; Chonnam National University Hospital; Chonnam National University Hwasun Hospital,KR,yes,49,CD34 expression is associated with poor clinical outcome in patients with acute promyelocytic leukemia,needs_review,Chonnam National University; Catholic Medical Center; Chonnam National University Hospital; Chonnam National University Hwasun Hospital; Catholic University of Korea,openalex_last_known,,,,,Chonnam National University; Catholic Medical Center; Chonnam National University Hospital; Chonnam National University Hwasun Hospital; Catholic University of Korea,KR; US,yes,no,no,no,30,D_noise_check,collaboration signal exists but example work looks outside bio,,,,,,,,,0.5,manual review needed,review
A5101781931,Chul Lee,32,5,P0028; P0029; P0051; P0057; P0064,National University College; New Generation University College; Samsung Medical Center; Seoul National University; Seoul National University Hospital; Sungkyunkwan University,ET; KR; PR,yes,44,Comprehensive somatic genome alterations of urachal carcinoma,needs_review,Seoul National University; Seoul National University Hospital,openalex_last_known,,,,,Seoul National University; Seoul National University Hospital,KR,yes,no,no,no,30,D_noise_check,collaboration signal exists but example work looks outside bio,,,,,,,,,0.5,manual review needed,review
A5038945896,Ju‐Yeun Lee,31,5,P0043; P0092; P0095; P0099; P0105,Anyang University; Hanyang University; Inha University; National University College; Seoul National University; Seoul National University Hospital,KR; PR,yes,43,Factors Affecting the Apparent Clearance of Tacrolimus in Korean Adult Liver Transplant Recipients,needs_review,Boston Children's Hospital; Harvard University; Seoul National University; Kyungpook National University Hospital; New Generation University College; Seoul National University Bundang Hospital; National University College; LG (South Korea); Chungbuk National University Hospital; Chung-Ang University,openalex_last_known,,,,,Boston Children's Hospital; Harvard University; Seoul National University; Kyungpook National University Hospital; New Generation University College; Seoul National University Bundang Hospital; National University College; LG (South Korea); Chungbuk National University Hospital; Chung-Ang University,ET; KR; PR; US,yes,no,no,no,30,D_noise_check,collaboration signal exists but example work looks outside bio,,,,,,,,,0.5,manual review needed,review
A5083144436,Soon‐Pal Suh,69,4,P0006; P0013; P0014; P0016,Chonnam National University; Chonnam National University Hospital; Chonnam National University Hwasun Hospital,KR,yes,78,Changes in Karyotype and Azole Susceptibility of Sequential Bloodstream Isolates from Patients with Candida glabrata Candidemia,needs_review,Chonnam National University; Gyeongsang National University; University of French Guiana; Asan Medical Center; Chonnam National University Hospital; Korea Association of Health Promotion; National Public Health Laboratory; Chonnam National University Hwasun Hospital; National Health Laboratory; Chung-Ang University,openalex_last_known,,,,,Chonnam National University; Gyeongsang National University; University of French Guiana; Asan Medical Center; Chonnam National University Hospital; Korea Association of Health Promotion; National Public Health Laboratory; Chonnam National University Hwasun Hospital; National Health Laboratory; Chung-Ang University,GF; KR; MM; NP,yes,no,no,no,25,D_noise_check,collaboration signal exists but example work looks outside bio,,,,,,,,,0.5,manual review needed,review
A5043552754,Jae‐Won Joh,65,4,P0006; P0024; P0030; P0061,Mayo Clinic; Samsung (South Korea); Samsung Medical Center; Sungkyunkwan University,KR; US,yes,74,Initial experience with high‐volume plasma exchange in patients with acute liver failure,needs_review,Changwon National University; Korea Institute of Materials Science,openalex_last_known,,,,,Changwon National University; Korea Institute of Materials Science,KR,yes,no,no,no,25,D_noise_check,collaboration signal exists but example work looks outside bio,,,,,,,,,0.5,manual review needed,review
A5100460048,Young‐Mi Kim,60,4,P0036; P0042; P0055; P0056,Dongguk University; Government of the Republic of Korea; Hanyang University; New Generation University College; Seoul National University,ET; KR,yes,69,"Discovery and Structure–Activity Relationships of Novel Template, Truncated 1′-Homologated Adenosine Derivatives as Pure Dual PPARγ/δ Modulators",needs_review,Hanyang University,openalex_last_known,,,,,Hanyang University,KR,yes,no,no,no,25,D_noise_check,collaboration signal exists but example work looks outside bio,,,,,,,,,0.5,manual review needed,review
A5055104158,Sun‐Woong Kang,47,4,P0002; P0007; P0021; P0073,CHA University; Hanyang University; Korea Institute of Science and Technology; Korea Institute of Toxicology; Korea Research Institute of Chemical Technology; Korea University of Science and Technology; Massachusetts Institute of Technology; New Generation University College; Seoul National University; Stem Cell Institute,ET; KR; PA; US,yes,56,Apatite‐coated poly(lactic‐co‐glycolic acid) microspheres as an injectable scaffold for bone tissue engineering,needs_review,Korea Institute of Toxicology; Korea University of Science and Technology,openalex_last_known,,,,,Korea Institute of Toxicology; Korea University of Science and Technology,KR,yes,no,no,no,25,D_noise_check,collaboration signal exists but example work looks outside bio,,,,,,,,,0.5,manual review needed,review
A5036385502,Jong Hee Shin,45,4,P0006; P0013; P0014; P0016,Chonnam National University; Chonnam National University Hospital; Chonnam National University Hwasun Hospital,KR,yes,54,Changes in Karyotype and Azole Susceptibility of Sequential Bloodstream Isolates from Patients with Candida glabrata Candidemia,needs_review,Inje University; Chonnam National University; Green Cross (South Korea); Chonnam National University Hospital; Inje University Busan Paik Hospital; Green Cross International,openalex_last_known,,,,,Inje University; Chonnam National University; Green Cross (South Korea); Chonnam National University Hospital; Inje University Busan Paik Hospital; Green Cross International,KR; US,yes,no,no,no,25,D_noise_check,collaboration signal exists but example work looks outside bio,,,,,,,,,0.5,manual review needed,review
A5038188064,Jae‐Cheol Jo,40,4,P0013; P0014; P0019; P0020,Ewha Womans University; Keimyung University; Keimyung University Dongsan Medical Center; Kosin University; Ulsan College; Ulsan University Hospital; University of Ulsan,KR,yes,49,Daratumumab plus bortezomib and dexamethasone versus bortezomib and dexamethasone in relapsed or refractory multiple myeloma: updated analysis of CASTOR,needs_review,University of Ulsan; Ulsan University Hospital,openalex_last_known,,,,,University of Ulsan; Ulsan University Hospital,KR,yes,no,no,no,25,D_noise_check,collaboration signal exists but example work looks outside bio,,,,,,,,,0.5,manual review needed,review
A5039633463,Hong‐Hee Won,34,4,P0014; P0028; P0031; P0082,Korea Institute of Brain Science; Korea National Institute of Health; Samsung (India); Samsung (South Korea); Samsung Medical Center; Sungkyunkwan University,IN; KR,yes,43,A genome-wide association study identifies novel loci associated with susceptibility to chronic myeloid leukemia,needs_review,Broad Institute; Samsung (South Korea); Samsung Medical Center; Sungkyunkwan University,openalex_last_known,,,,,Broad Institute; Samsung (South Korea); Samsung Medical Center; Sungkyunkwan University,KR; US,yes,no,no,no,25,D_noise_check,collaboration signal exists but example work looks outside bio,,,,,,,,,0.5,manual review needed,review
A5068284030,Tai Young Kim,33,4,P0028; P0051; P0073; P0096,American Association of Colleges of Pharmacy; Daejeon University; Institute for Basic Science; Korea Advanced Institute of Science and Technology; New Generation University College; Seoul National University; University of North Carolina at Chapel Hill,ET; KR; US,yes,42,A nonsense TMEM43 variant leads to disruption of connexin-linked function and autosomal dominant auditory neuropathy spectrum disorder,needs_review,Institute for Basic Science,openalex_last_known,,,,,Institute for Basic Science,KR,yes,no,no,no,25,D_noise_check,collaboration signal exists but example work looks outside bio,,,,,,,,,0.5,manual review needed,review
A5076088179,Hyeon‐Seok Eom,51,4,P0007; P0013; P0020; P0029,Asan Medical Center; Catholic University of Korea; Chungnam National University; Hematology\Oncology Clinic; Inje University Busan Paik Hospital; National Cancer Center; Samsung Medical Center; Sungkyunkwan University; The Catholic University of Korea Seoul St. Mary's Hospital; Ulsan College; University of Ulsan,KR; US,yes,60,Clinical Features and Survival Outcomes in Patients with Multiple Myeloma: Analysis of Web-Based Data from the Korean Myeloma Registry,needs_review,National Cancer Center; National Cancer Center,openalex_last_known,,,,,National Cancer Center; National Cancer Center,KR; US,no,no,no,no,22,D_noise_check,collaboration signal exists but example work looks outside bio,,,,,,,,,0.5,manual review needed,review
A5013507111,Bo Yeon Kim,100,4,P0042; P0044; P0060; P0102,Daejin University; Korea Research Institute of Bioscience and Biotechnology; Korea University; Korea University Medical Center; Korea University of Science and Technology; Université de Yaoundé I,CM; KR,yes,109,Antidiabetic effects of extracts from Psidium guajava,needs_review,Dong-A University,openalex_last_known,,,,,Dong-A University,KR,yes,no,no,yes,22,D_noise_check,collaboration signal exists but example work looks outside bio,,,,,,,,,0.5,manual review needed,review
A5032997162,Jong Seog Ahn,86,3,P0042; P0044; P0060,Chosun University; Ewha Womans University; Korea Research Institute of Bioscience and Biotechnology; Korea University; Korea University of Science and Technology; Makerere University; Seoul National University; Université de Yaoundé I,CM; KR; UG,yes,92,Antidiabetic effects of extracts from Psidium guajava,needs_review,Korea Research Institute of Bioscience and Biotechnology,openalex_last_known,,,,,Korea Research Institute of Bioscience and Biotechnology,KR,yes,no,no,no,20,D_noise_check,collaboration signal exists but example work looks outside bio,,,,,,,,,0.5,manual review needed,review
A5081852574,In‐Wha Kim,74,3,P0040; P0043; P0105,Chonnam National University; National University College; New Generation University College; Seoul National University; Seoul National University Hospital,ET; KR; PR,yes,80,Author Correction: Whole exome sequencing for the identification of CYP3A7 variants associated with tacrolimus concentrations in kidney transplant patients,needs_review,Seoul National University; New Generation University College,openalex_last_known,,,,,Seoul National University; New Generation University College,ET; KR,yes,no,no,no,20,D_noise_check,collaboration signal exists but example work looks outside bio,,,,,,,,,0.5,manual review needed,review
A5029214767,Jae‐Hak Park,74,3,P0067; P0075; P0079,Konyang University; National Institute of Agricultural Science and Technology; New Generation University College; Seoul National University; Seoul Women's University; Soongsil University; University of Michigan,ET; KR; US,yes,80,"Human originated bacteria, Lactobacillus rhamnosus PL60, produce conjugated linoleic acid and show anti-obesity effects in diet-induced obese mice",needs_review,Seoul National University,openalex_last_known,,,,,Seoul National University,KR,yes,no,no,no,20,D_noise_check,collaboration signal exists but example work looks outside bio,,,,,,,,,0.5,manual review needed,review
A5023933695,Seo‐Yeon Ahn,43,3,P0013; P0014; P0020,Chonnam National University Hospital; Chonnam National University Hwasun Hospital,KR,yes,49,Endothelial activation and stress index (EASIX) is a reliable predictor for overall survival in patients with multiple myeloma,needs_review,Chonnam National University Hwasun Hospital,openalex_last_known,,,,,Chonnam National University Hwasun Hospital,KR,yes,no,no,no,20,D_noise_check,collaboration signal exists but example work looks outside bio,,,,,,,,,0.5,manual review needed,review
A5049891346,Hawk Kim,38,3,P0007; P0013; P0014,Catholic University of Korea; Changwon National University; Chonnam National University Hospital; Chonnam National University Hwasun Hospital; Deleted Institution; Gachon University; Gachon University Gil Medical Center; Gyeongsang National University; Gyeongsang National University Changwon Hospital; Hallym University; Hallym University Medical Center; Hallym University Sacred Heart Hospital; Jeonbuk National University; National University College; New Generation University College; Samsung Medical Center; Seoul National University Hospital; Severance Hospital; St. Paul's Hospital; Sungkyunkwan University; The Catholic University of Korea Seoul St. Mary's Hospital; Ulsan College; Ulsan University Hospital; University of Ulsan; Wonju Severance Christian Hospital; Yeungnam University Medical Center; Yonsei University,ET; KR; PR,yes,44,Bortezomib and the Increased Incidence of Herpes Zoster in Patients with Multiple Myeloma,needs_review,Ulsan College; Yonsei University; Severance Hospital; University of Ulsan; Gachon University Gil Medical Center; Ulsan University Hospital; Chonnam National University Hwasun Hospital,openalex_last_known,,,,,Ulsan College; Yonsei University; Severance Hospital; University of Ulsan; Gachon University Gil Medical Center; Ulsan University Hospital; Chonnam National University Hwasun Hospital,KR,yes,no,no,no,20,D_noise_check,collaboration signal exists but example work looks outside bio,,,,,,,,,0.5,manual review needed,review
A5049150936,Min‐Ho Nam,38,3,P0069; P0073; P0096,Center for Neurosciences; Convergence; Korea Institute of Brain Science; Korea Institute of Science and Technology; Korea University of Science and Technology; Korean Association Of Science and Technology Studies; Kyung Hee Cyber University; Kyung Hee University; Severance Hospital,KR; US,yes,44,Visualization of differential GPCR crosstalk in DRD1-DRD2 heterodimer upon different dopamine levels,needs_review,Kyung Hee Cyber University; Kyung Hee University; Korea Institute of Brain Science; Korean Association Of Science and Technology Studies; Korea Institute of Science and Technology,openalex_last_known,,,,,Kyung Hee Cyber University; Kyung Hee University; Korea Institute of Brain Science; Korean Association Of Science and Technology Studies; Korea Institute of Science and Technology,KR,yes,no,no,no,20,D_noise_check,collaboration signal exists but example work looks outside bio,,,,,,,,,0.5,manual review needed,review
A5051553362,Ki Duk Park,38,3,P0069; P0073; P0096,Bio-Medical Science (South Korea); Convergence Research Center for Diagnosis Treatment and Care System of Dementia; Daejeon University; Institute for Basic Science; Korea Food Research Institute; Korea Institute of Brain Science; Korea Institute of Science and Technology; Korea University; Korea University of Science and Technology; Korean Association Of Science and Technology Studies; Kyung Hee University; University of Science and Technology,KR; YE,yes,44,Benzoxazoles as Selective Monoamine Oxidase B (MAO‐B) Inhibitors,needs_review,University of Science and Technology; Allen Institute for Brain Science; Chinese Institute for Brain Research; Bio-Medical Science (South Korea); Korea Institute of Science and Technology,openalex_last_known,,,,,University of Science and Technology; Allen Institute for Brain Science; Chinese Institute for Brain Research; Bio-Medical Science (South Korea); Korea Institute of Science and Technology,CN; KR; US; YE,yes,no,no,no,20,D_noise_check,collaboration signal exists but example work looks outside bio,,,,,,,,,0.5,manual review needed,review
A5032320239,Wuhyun Koh,36,3,P0073; P0083; P0096,Bio-Medical Science (South Korea); Institute for Basic Science; Korea Institute of Brain Science; Korea Institute of Science and Technology; Korea University of Science and Technology; Korean Association Of Science and Technology Studies,KR,yes,42,Ultrasonic Neuromodulation via Astrocytic TRPA1,needs_review,Institute for Basic Science,openalex_last_known,,,,,Institute for Basic Science,KR,yes,no,no,no,20,D_noise_check,collaboration signal exists but example work looks outside bio,,,,,,,,,0.5,manual review needed,review
A5007213477,Hyuk Lee,90,2,P0007; P0028,Samsung (South Korea); Samsung Medical Center; Sungkyunkwan University,KR,yes,93,Myocardial Contrast Echocardiography for the Assessment of Coronary Blood Flow Reserve,needs_review,Samsung Medical Center; Sungkyunkwan University,openalex_last_known,,,,,Samsung Medical Center; Sungkyunkwan University,KR,yes,no,no,no,15,D_noise_check,collaboration signal exists but example work looks outside bio,,,,,,,,,0.5,manual review needed,review
A5025716461,Soon Koo Baik,53,2,P0030; P0072,Ajou University; Catholic University of America; Gwangju Institute of Science and Technology; Inha University; Inje University; Sangji University; Taewoong Medical (South Korea); Wonju Severance Christian Hospital; Yonsei University,KR; US,yes,56,Dobutamine stress echocardiography for evaluating cirrhotic cardiomyopathy in liver cirrhosis,needs_review,Yonsei University; Wonju Severance Christian Hospital,openalex_last_known,,,,,Yonsei University; Wonju Severance Christian Hospital,KR,yes,no,no,no,15,D_noise_check,collaboration signal exists but example work looks outside bio,,,,,,,,,0.5,manual review needed,review
A5074311299,Gu Seob Roh,47,2,P0077; P0101,Chinju National University of Education; Gyeongnam National University of Science and Technology; Gyeongsang National University; Institute of Neurobiology; Yale University,BG; KR; US,yes,50,Resveratrol Attenuates Obesity-Associated Peripheral and Central Inflammation and Improves Memory Deficit in Mice Fed a High-Fat Diet,needs_review,Gyeongsang National University,openalex_last_known,,,,,Gyeongsang National University,KR,yes,no,no,no,15,D_noise_check,collaboration signal exists but example work looks outside bio,,,,,,,,,0.5,manual review needed,review
A5025853206,Jihyeon Yu,40,2,P0051; P0066,Convergence; Hanyang University; Institute for Basic Science; Korea Polar Research Institute; New Generation University College; Seoul National University; Seoul National University Hospital; Yonsei University,ET; KR; US,yes,43,Effects of two-step annealing on the characteristics of the low temperature polycrystalline silicon thin film transistors,needs_review,Korea Polar Research Institute,openalex_last_known,,,,,Korea Polar Research Institute,KR,yes,no,no,no,15,D_noise_check,collaboration signal exists but example work looks outside bio,,,,,,,,,0.5,manual review needed,review
A5112020578,Min‐Won Baek,39,2,P0067; P0079,National Institute of Agricultural Science and Technology; Seoul National University,KR,yes,42,"Human originated bacteria, Lactobacillus rhamnosus PL60, produce conjugated linoleic acid and show anti-obesity effects in diet-induced obese mice",needs_review,Seoul National University,openalex_last_known,,,,,Seoul National University,KR,yes,no,no,no,15,D_noise_check,collaboration signal exists but example work looks outside bio,,,,,,,,,0.5,manual review needed,review
A5007809275,Jang‐Young Kim,38,2,P0007; P0030,Johns Hopkins University; Ulsan College; University of Ulsan; Wonju Severance Christian Hospital; Yonsei University,KR; US,yes,41,Characteristics of hypertension subtypes and treatment outcome among elderly Korean hypertensives,needs_review,Yonsei University,openalex_last_known,,,,,Yonsei University,KR,yes,no,no,no,15,D_noise_check,collaboration signal exists but example work looks outside bio,,,,,,,,,0.5,manual review needed,review
A5110620354,Sang‐sup Jew,104,2,P0038; P0053,Chungbuk National University; National University College; New Generation University College; Seoul National University; Yeungnam University,ET; KR; PR,yes,107,Cinchona-based phase-transfer catalysts for asymmetric synthesis,needs_review,Seoul National University,openalex_last_known,,,,,Seoul National University,KR,yes,no,no,no,15,D_noise_check,collaboration signal exists but example work looks outside bio,,,,,,,,,0.5,manual review needed,review
A5080800139,Rajesh Haldhar,76,1,P0012,Yeungnam University,KR,yes,76,An Overview of Heavy Metal Pollution and Control,needs_review,Sri Sai University; Yeungnam University,openalex_last_known,,,,,Sri Sai University; Yeungnam University,IN; KR,yes,no,no,no,10,D_noise_check,collaboration signal exists but example work looks outside bio,,,,,,,,no,0.93,field mismatch/noise pattern without independent PI evidence,no
A5101946203,Jae‐Hyoung Cho,65,1,P0030,Catholic University of Korea; Max Planck Institute for Metabolism Research; Soongsil University; St. Mary's Hospital; The Catholic University of Korea Seoul St. Mary's Hospital,DE; KR; US,yes,65,"Triglyceride glucose index, a marker of insulin resistance, is associated with coronary artery stenosis in asymptomatic subjects with type 2 diabetes",needs_review,The Catholic University of Korea Seoul St. Mary's Hospital; Catholic University of Korea,openalex_last_known,,,,,The Catholic University of Korea Seoul St. Mary's Hospital; Catholic University of Korea,KR,yes,no,no,no,10,D_noise_check,collaboration signal exists but example work looks outside bio,,,,,,,,no,0.93,field mismatch/noise pattern without independent PI evidence,no
A5043943494,Seong Jin Jeong,50,1,P0051,Kangwon National University; New Generation University College; Seonam University; Seoul National University; Seoul National University Bundang Hospital; Seoul National University Hospital,ET; KR,yes,50,Seoul National University Renal Stone Complexity Score for Predicting Stone-Free Rate after Percutaneous Nephrolithotomy,needs_review,Seoul National University; Seoul National University Bundang Hospital,openalex_last_known,,,,,Seoul National University; Seoul National University Bundang Hospital,KR,yes,no,no,no,10,D_noise_check,collaboration signal exists but example work looks outside bio,,,,,,,,no,0.93,field mismatch/noise pattern without independent PI evidence,no
A5022753022,Jae Hee Cho,48,1,P0072,Gachon University Gil Medical Center; Gangnam Severance Hospital; Inha University Hospital; Korea University; Seoul National University Bundang Hospital; Seoul National University Hospital; Severance Hospital; Yonsei University; Yonsei University Health System,JP; KR,yes,48,Magnetic Compression Anastomosis for the Treatment of Post-Transplant Biliary Stricture,needs_review,Yonsei University; Gangnam Severance Hospital,openalex_last_known,,,,,Yonsei University; Gangnam Severance Hospital,KR,yes,no,no,no,10,D_noise_check,collaboration signal exists but example work looks outside bio,,,,,,,,no,0.93,field mismatch/noise pattern without independent PI evidence,no
A5086195230,Hyung‐Min Kwon,44,1,P0073,National University College; New Generation University College; SNUH SMG-SNU Boramae Medical Center; Seoul Metropolitan Government; Seoul National University,ET; KR; PR,yes,44,Effect of atherogenic index of plasma and triglyceride-glucose index on early neurological deterioration of patients with large artery atherosclerotic ischemic stroke,needs_review,Seoul National University; Seoul Metropolitan Government; New Generation University College; SNUH SMG-SNU Boramae Medical Center; National University College; Hanyang University Guri Hospital,openalex_last_known,,,,,Seoul National University; Seoul Metropolitan Government; New Generation University College; SNUH SMG-SNU Boramae Medical Center; National University College; Hanyang University Guri Hospital,ET; KR; PR,yes,no,no,no,10,D_noise_check,collaboration signal exists but example work looks outside bio,,,,,,,,no,0.93,field mismatch/noise pattern without independent PI evidence,no
A5100439006,Tae Hyun Kim,44,1,P0099,Governors State University; Yonsei University; Yonsei University Dental Hospital; Yonsei University Health System,KR; US,yes,44,Beverage consumption and individual-level associations in South Korea,needs_review,Yonsei University; Yonsei University Health System; Ajou University,openalex_last_known,,,,,Yonsei University; Yonsei University Health System; Ajou University,KR,yes,no,no,no,10,D_noise_check,collaboration signal exists but example work looks outside bio,,,,,,,,no,0.93,field mismatch/noise pattern without independent PI evidence,no
A5020765041,Thi Kim Quy Ha,42,1,P0042,Can Tho University; Seoul National University,KR; VN,yes,42,Triterpenoids from the genus Gynostemma: Chemistry and pharmacological activities,needs_review,Seoul National University; Can Tho University; National Institute of Nutrition; Taipei Medical University-Shuang Ho Hospital; Taipei Medical University; Nong Lam University Ho Chi Minh City,openalex_last_known,,,,,Seoul National University; Can Tho University; National Institute of Nutrition; Taipei Medical University-Shuang Ho Hospital; Taipei Medical University; Nong Lam University Ho Chi Minh City,KR; TW; VN,yes,no,no,no,10,D_noise_check,collaboration signal exists but example work looks outside bio,,,,,,,,no,0.93,field mismatch/noise pattern without independent PI evidence,no
A5025219406,Sung Ill Jang,130,1,P0072,Cleveland Clinic; Gangnam Severance Hospital; Government of the Republic of Korea; Hallym University; Hallym University Kangnam Sacred Heart Hospital; Inha University Hospital; Kangnam Sacred Heart Hospital; Korea University; Severance Hospital; Yonsei University; Yonsei University Health System,JP; KR; US,yes,130,Magnetic Compression Anastomosis for the Treatment of Post-Transplant Biliary Stricture,needs_review,Yonsei University; Gangnam Severance Hospital,openalex_last_known,,,,,Yonsei University; Gangnam Severance Hospital,KR,yes,no,no,no,10,D_noise_check,collaboration signal exists but example work looks outside bio,,,,,,,,no,0.93,field mismatch/noise pattern without independent PI evidence,no
A5052439030,Sung Kyu Hong,111,1,P0051,JK Research (United States); Kangwon National University; National University College; New Generation University College; Seonam University; Seoul National University; Seoul National University Bundang Hospital; Seoul National University Hospital; The Catholic University of Korea Seoul St. Mary's Hospital,ET; KR; PR; US,yes,111,Seoul National University Renal Stone Complexity Score for Predicting Stone-Free Rate after Percutaneous Nephrolithotomy,needs_review,Seoul National University; Seoul National University Bundang Hospital; Prostate Cancer Research; Prostate Cancer UK,openalex_last_known,,,,,Seoul National University; Seoul National University Bundang Hospital; Prostate Cancer Research; Prostate Cancer UK,GB; KR,yes,no,no,no,10,D_noise_check,collaboration signal exists but example work looks outside bio,,,,,,,,no,0.93,field mismatch/noise pattern without independent PI evidence,no
A5045202685,Sang Ok Kwon,52,2,P0030; P0072,Ajou University; Catholic University of America; Gwangju Institute of Science and Technology; Inha University; Inje University; Sangji University; Taewoong Medical (South Korea); University of Calgary; Wonju Severance Christian Hospital; Yonsei University,CA; KR; US,yes,55,Dobutamine stress echocardiography for evaluating cirrhotic cardiomyopathy in liver cirrhosis,needs_review,Health Insurance Review and Assessment Service,openalex_last_known,,,,,Health Insurance Review and Assessment Service,KR,no,no,no,yes,9,D_noise_check,collaboration signal exists but example work looks outside bio,,,,,,,,,0.5,manual review needed,review
