openalex_id,display_name,shared_paper_count,seed_connection_count,connected_seed_professor_ids,institutions,country_codes,korea_affiliated,review_priority,example_work,review_status
A5089673584,Sung-Ae Jung,143,1,P0005,Dongwha Pharm (South Korea); Ewha Womans University; Ewha Womans University Medical Center; Ewha Womans University Mokdong Hospital; Jeju National University; Medical Research Institute; Soonchunhyang University Hospital Seoul,KR; LK,yes,143,Adiponectin Represses Colon Cancer Cell Proliferation via AdipoR1- and -R2-Mediated AMPK Activation,needs_review
A5044683284,Ki‐Nam Shim,132,1,P0005,Dongwha Pharm (South Korea); Ewha Womans University; Ewha Womans University Medical Center; Ewha Womans University Mokdong Hospital; Jeju National University; Medical Research Institute; Soonchunhyang University Hospital Seoul,KR; LK,yes,132,Lactobacillus paracasei-derived extracellular vesicles attenuate the intestinal inflammatory response by augmenting the endoplasmic reticulum stress pathway,needs_review
A5021373549,Hye‐Kyung Jung,93,1,P0005,Dongwha Pharm (South Korea); Ewha Womans University; Ewha Womans University Medical Center; Ewha Womans University Mokdong Hospital; Medical Research Institute; Soonchunhyang University Hospital Seoul,KR; LK,yes,93,Lactobacillus paracasei-derived extracellular vesicles attenuate the intestinal inflammatory response by augmenting the endoplasmic reticulum stress pathway,needs_review
A5079269717,Gyoo Yeol Jung,80,2,P0001; P0002,Pohang University of Science and Technology,KR,yes,83,Simultaneous quantitative detection of 12 pathogens using high‐resolution CE‐SSCP,needs_review
A5081586719,Chang Mo Moon,69,1,P0005,Ewha Womans University; Ewha Womans University Medical Center; Ewha Womans University Mokdong Hospital; Gibson Area Hospital and Health Services; Soonchunhyang University Hospital Seoul,KR; US,yes,69,Lactobacillus paracasei-derived extracellular vesicles attenuate the intestinal inflammatory response by augmenting the endoplasmic reticulum stress pathway,needs_review
A5007222103,Jina Yang,45,1,P0002,Center for Research in Agricultural Genomics; Government of the Republic of Korea; Jeju National University; National University; Pohang University of Science and Technology; Seoul National University; The Seoul Institute,ES; KR; SD,yes,45,Predictive design of mRNA translation initiation region to control prokaryotic translation efficiency,needs_review
A5025155778,Chung Hyun Tae,44,1,P0005,Ewha Womans University; Ewha Womans University Medical Center; Ewha Womans University Mokdong Hospital; Soonchunhyang University Hospital Seoul,KR,yes,44,Gender Specific Differences in Prevalence and Risk Factors for Gastro-Esophageal Reflux Disease,needs_review
A5065822450,Kwon Yoo,31,1,P0005,Dongwha Pharm (South Korea); Ewha Womans University; Ewha Womans University Medical Center; Medical Research Institute,KR; LK,yes,31,Impact of Shiftwork on Irritable Bowel Syndrome and Functional Dyspepsia,needs_review
A5049309135,Hyun Joo Song,30,1,P0005,Ewha Womans University; Ewha Womans University Medical Center; Jeju National University; Jeju National University Hospital; National University College; New Generation University College,ET; KR; PR,yes,30,"Effect of Probiotic Lactobacillus (Lacidofil® Cap) for the Prevention of Antibiotic-associated Diarrhea: A Prospective, Randomized, Double-blind, Multicenter Study",needs_review
A5109980603,Il Hwan Moon,29,1,P0005,Dongwha Pharm (South Korea); Ewha Womans University; Ewha Womans University Medical Center; Medical Research Institute,KR; LK,yes,29,"Associations between single nucleotide polymorphisms of MMP2, VEGF, and HIF1A genes and the risk of developing colorectal cancer.",needs_review
A5060849462,Jeong Eun Shin,26,1,P0005,Dankook University; Dankook University Hospital; Ewha Womans University; Korean Society of Neurogastroenterology and Motility; New Generation University College; Seoul National University; Soonchunhyang University; Yonsei University,ET; KR,yes,26,Change of Fecal Flora and Effectiveness of the Short-term VSL#3 Probiotic Treatment in Patients With Functional Constipation,needs_review
A5051699142,Dong Il Park,25,1,P0005,Catholic University of Korea; Kangbuk Samsung Hospital; Soonchunhyang University; Sungkyunkwan University; Ulsan College; University of Ulsan; Yonsei University,KR,yes,25,"Clinical outcomes and risk factors of post-polypectomy coagulation syndrome: a multicenter, retrospective, case-control study",needs_review
A5009662056,Ji Young Chang,23,1,P0005,Ewha Womans University; Ewha Womans University Medical Center; Ewha Womans University Seoul Hospital,KR,yes,23,Comparison of clinical outcomes after endoscopic submucosal dissection and surgery in the treatment of early gastric cancer,needs_review
A5012450211,Chang‐Yuil Kang,22,1,P0003,Cellid (South Korea); National University College; New Generation University College; Seoul National University; Seoul National University of Science and Technology,ET; KR; PR,yes,22,IL-21-mediated reversal of NK cell exhaustion facilitates anti-tumour immunity in MHC class I-deficient tumours,needs_review
A5070799293,Jaesin Oh,22,1,P0004,Gyeongsang National University,KR,yes,22,A Study for Establishing Business Model of Korean Medical Tourism Cloud Platform–Focusing Expert Group in Depth Interview,needs_review
A5037784890,Sung Noh Hong,22,1,P0005,Konkuk University; Samsung Medical Center; Sungkyunkwan University; Yonsei University,KR,yes,22,Korean Guidelines for Colorectal Cancer Screening and Polyp Detection,needs_review
A5102012730,Sun Young Yi,22,1,P0005,Ewha Womans University; Ewha Womans University Medical Center,KR,yes,22,"Associations between single nucleotide polymorphisms of MMP2, VEGF, and HIF1A genes and the risk of developing colorectal cancer.",needs_review
A5100717280,Tae Hun Kim,22,1,P0005,Ewha Womans University; Ewha Womans University Medical Center; Jeju National University,KR,yes,22,A Case of Gastric Tuberculosis Mimicking Advanced Gastric Cancer,needs_review
A5070346124,Kwang Hoon Song,21,1,P0001,In-Q-Tel; Incheon National University; Philadelphia University; Pohang University of Science and Technology; University of Pennsylvania,KR; US,yes,21,Sinusoidal wavy surfaces for curvature-guided migration of T lymphocytes,needs_review
A5089200258,Eun‐Ah Bae,21,1,P0003,Discovery Institute; Sanford Burnham Prebys Medical Discovery Institute; Seoul National University; Seoul National University of Science and Technology,KR; US,yes,21,IL-21-mediated reversal of NK cell exhaustion facilitates anti-tumour immunity in MHC class I-deficient tumours,needs_review
A5110693054,Il-Hwan Moon,21,1,P0005,Ewha Womans University; Ewha Womans University Medical Center; Jeju National University,KR,yes,21,Emerging Need for Vaccination against Hepatitis A Virus in Patients with Chronic Liver Disease in Korea,needs_review
A5073811977,Sung Pil Hong,20,1,P0005,Konkuk University; Soonchunhyang University; Sungkyunkwan University; University Gastroenterology; Yonsei University,KR; US,yes,20,Korean Guidelines for Colorectal Cancer Screening and Polyp Detection,needs_review
A5100676804,Dong‐Hoon Yang,19,1,P0005,Asan Medical Center; Society for Academic Emergency Medicine; Soonchunhyang University; Ulsan College; University of Ulsan; Yonsei University,KR; US,yes,19,"Clinical outcomes and risk factors of post-polypectomy coagulation syndrome: a multicenter, retrospective, case-control study",needs_review
A5083271482,Eun Mi Song,19,1,P0005,Dongwha Pharm (South Korea); Ewha Womans University; Ewha Womans University Medical Center; Ewha Womans University Mokdong Hospital; Medical Research Institute,KR; LK,yes,19,The role of PD-1/PD-L1 pathway in ulcerative colitis and changes following tonsil-derived mesenchymal stem cells treatment,needs_review
A5100441132,Hyun‐Soo Kim,18,1,P0005,Catholic University of Korea; Ewha Womans University; Ewha Womans University Medical Center; Korea University; Kyung Hee University; Seoul National University; Soonchunhyang University; Sungkyunkwan University; Yonsei University,KR,yes,18,Korean Guidelines for Colorectal Cancer Screening and Polyp Detection,needs_review
A5007880310,Jeehun Park,17,1,P0001,Kangwon National University; National University; Pohang University of Science and Technology; Seoul National University,KR; SD,yes,17,A Water‐Soluble Organic Photocatalyst Discovered for Highly Efficient Additive‐Free Visible‐Light‐Driven Grafting of Polymers from Proteins at Ambient and Aqueous Environments,needs_review
A5000177690,Mi‐Ju Kim,17,1,P0001,Amorepacific (South Korea); California University of Pennsylvania; Gachon University; Korea Research Institute of Bioscience and Biotechnology; Pohang University of Science and Technology; University of Pennsylvania,KR; US,yes,17,MicroRNA-150 regulates the cytotoxicity of natural killers by targeting perforin-1,needs_review
A5014839787,Hyun Gyu Lim,17,1,P0002,Inha University; Pohang University of Science and Technology,KR,yes,17,Design and optimization of genetically encoded biosensors for high-throughput screening of chemicals,needs_review
A5112471678,Ji Min Jung,17,1,P0005,Ewha Womans University; Ewha Womans University Medical Center; Jeju National University,KR,yes,17,"Associations between single nucleotide polymorphisms of MMP2, VEGF, and HIF1A genes and the risk of developing colorectal cancer.",needs_review
A5075032078,Won Suk An,17,1,P0005,Busan Medical Center; Dong-A University; Dong-A University Hospital,KR,yes,17,Vascular calcification score on plain radiographs of the feet as a predictor of peripheral arterial disease in patients with chronic kidney disease,needs_review
A5102323160,Jong‐Cheol Choi,16,1,P0001,In-Q-Tel; Pohang University of Science and Technology; Seoul National University,KR; US,yes,16,A comparative study on collagen type I and hyaluronic acid dependent cell behavior for osteochondral tissue bioprinting,needs_review
A5035547791,Ji Sung Lee,16,1,P0005,Asan Medical Center; Biostatistical Consulting (United States); Chonnam National University Hospital; Chosun University Hospital; Dong-A University Hospital; Eulji University; Eulji University Uijeongbu Eulji Medical Center; Health Insurance Review and Assessment Service; Inha University Hospital; Inje University Ilsan Paik Hospital; Korea University; Seoul Medical Center; Seoul National University Bundang Hospital; Seoul National University Hospital; Soonchunhyang University; Soonchunhyang University Hospital Seoul; Soonchunhyang University Medical Center; Ulsan University Hospital; Yeungnam University Medical Center,JP; KR; US,yes,16,Executive Summary of Stroke Statistics in Korea 2018: A Report from the Epidemiology Research Council of the Korean Stroke Society,needs_review
A5064548160,A Reum Choe,16,1,P0005,Ewha Womans University; Ewha Womans University Medical Center; Ewha Womans University Mokdong Hospital; Soonchunhyang University Hospital Seoul,KR,yes,16,Gender Specific Differences in Prevalence and Risk Factors for Gastro-Esophageal Reflux Disease,needs_review
A5085322898,Kwon Yoo,16,1,P0005,Ewha Womans University; Ewha Womans University Medical Center; Jeju National University,KR,yes,16,Comparison of Clinical Characteristics and Outcomes between Geriatric and Non-geriatric Patients in Peptic Ulcer Bleeding,needs_review
A5072950930,Byung Eun Min,15,1,P0002,Pohang University of Science and Technology,KR,yes,15,Predictive design of mRNA translation initiation region to control prokaryotic translation efficiency,needs_review
A5077539926,Sungho Jang,15,1,P0002,Incheon National University; Pohang University of Science and Technology,KR,yes,15,Synthetic RNA devices to expedite the evolution of metabolite-producing microbes,needs_review
A5069610959,Insu Jeon,15,1,P0003,National University College; Seoul National University; Seoul National University of Science and Technology,KR; PR,yes,15,IL-21-mediated reversal of NK cell exhaustion facilitates anti-tumour immunity in MHC class I-deficient tumours,needs_review
A5102194811,Chung Kihan,15,1,P0004,Gyeongsang National University,KR,yes,15,"The Effects of Perceived Value of Mobile Phones on User Satisfaction, Brand Trust, and Loyalty",needs_review
A5101947393,Ko Eun Lee,15,1,P0005,Ewha Womans University; Ewha Womans University Medical Center,KR,yes,15,Influence of anti-tumor necrosis factor-alpha therapy to pregnant inflammatory bowel disease women and their children’s immunity,needs_review
A5100694944,Seong‐Eun Kim,14,1,P0001,Korea Institute of Brain Science; Korea Institute of Science and Technology; Korea Research Institute of Bioscience and Biotechnology; Korea University of Science and Technology; Korean Association Of Science and Technology Studies; Pohang University of Science and Technology; Seoul National University; Seoul National University Hospital,KR,yes,14,Anti-tumor effects of NK cells and anti-PD-L1 antibody with antibody-dependent cellular cytotoxicity in PD-L1-positive cancer cell lines,needs_review
A5110279936,Kyung Bok Lee,14,1,P0005,Catholic Kwandong University International St. Mary's Hospital; Catholic University of Korea; Chonnam National University Hospital; Chosun University Hospital; Dong-A University Hospital; Eulji University; Eulji University Uijeongbu Eulji Medical Center; Inha University Hospital; Inje University Ilsan Paik Hospital; Korea University; Seoul Medical Center; Seoul National University Bundang Hospital; Soonchunhyang University; Soonchunhyang University Hospital Seoul; The Catholic University of Korea Seoul St. Mary's Hospital,KR,yes,14,Executive Summary of Stroke Statistics in Korea 2018: A Report from the Epidemiology Research Council of the Korean Stroke Society,needs_review
A5100318692,Juneyoung Lee,14,1,P0005,Asan Medical Center; Chonnam National University Hospital; Health Insurance Review and Assessment Service; Korea University; Seoul National University Bundang Hospital; Seoul National University Hospital; Soonchunhyang University Hospital Seoul; Ulsan University Hospital; Yeungnam University Medical Center,KR,yes,14,Executive Summary of Stroke Statistics in Korea 2018: A Report from the Epidemiology Research Council of the Korean Stroke Society,needs_review
A5107638583,Suk‐Kyun Yang,14,1,P0005,Asan Medical Center; Ulsan College; University of Ulsan,KR,yes,14,Korean Guidelines for Colorectal Cancer Screening and Polyp Detection,needs_review
A5051679091,Hyo Jong Kim,14,1,P0005,Catholic University of Korea; Ewha Womans University; Ewha Womans University Medical Center; Korea University; Kyung Hee University; Samsung Medical Center; Seoul National University; Soonchunhyang University; Sungkyunkwan University; Yonsei University,KR,yes,14,Korean Guidelines for Colorectal Cancer Screening and Polyp Detection,needs_review
A5029825934,Min‐Jung Kang,14,1,P0005,Ewha Womans University Medical Center,KR,yes,14,"Associations between single nucleotide polymorphisms of MMP2, VEGF, and HIF1A genes and the risk of developing colorectal cancer.",needs_review
A5018548842,Young Ki Son,14,1,P0005,Busan Medical Center; Dong-A University; Dong-A University Hospital,KR,yes,14,Vascular calcification score on plain radiographs of the feet as a predictor of peripheral arterial disease in patients with chronic kidney disease,needs_review
A5100642851,Byung‐Soo Kim,5,4,P0001; P0002; P0003; P0005,Hanyang University; Kangwon National University; National University; New Generation University College; Scripps Korea Antibody Institute; Seoul National University,ET; KR; SD,yes,14,T‐Cell‐Mimicking Nanoparticles for Cancer Immunotherapy,needs_review
A5083853234,Yong Hee Han,13,1,P0002,Chonnam National University; Seoul National University,KR,yes,13,Programmable synthetic biology tools for developing microbial cell factories,needs_review
A5080552007,Il‐Kyu Kim,13,1,P0003,Namseoul University; Nation University; New Generation University College; Seoul National University; Seoul National University of Science and Technology,ET; KR; TH,yes,13,IL-21-mediated reversal of NK cell exhaustion facilitates anti-tumour immunity in MHC class I-deficient tumours,needs_review
A5013471175,Jihoon Kang,13,1,P0005,Chonnam National University Hospital; Seoul National University Bundang Hospital; Seoul National University Hospital; Soonchunhyang University Hospital Seoul,KR,yes,13,Executive Summary of Stroke Statistics in Korea 2018: A Report from the Epidemiology Research Council of the Korean Stroke Society,needs_review
A5100661072,Beom Joon Kim,13,1,P0005,Asan Medical Center; Chonnam National University Hospital; Seoul National University Bundang Hospital; Soonchunhyang University Hospital Seoul,KR,yes,13,Executive Summary of Stroke Statistics in Korea 2018: A Report from the Epidemiology Research Council of the Korean Stroke Society,needs_review
A5071829277,Hee‐Joon Bae,13,1,P0005,Chonnam National University Hospital; Seoul National University Bundang Hospital,KR,yes,13,Executive Summary of Stroke Statistics in Korea 2018: A Report from the Epidemiology Research Council of the Korean Stroke Society,needs_review
A5037549135,Bo‐In Lee,13,1,P0005,Catholic University of Korea; Society for Academic Emergency Medicine; The Catholic University of Korea Seoul St. Mary's Hospital,KR; US,yes,13,Korean Guidelines for Colorectal Cancer Screening and Polyp Detection,needs_review
A5102781382,Sung Jae Shin,13,1,P0005,Ajou University; Konkuk University; Sungkyunkwan University; Yonsei University,KR,yes,13,Korean Guidelines for Colorectal Cancer Screening and Polyp Detection,needs_review
A5100324553,Tae Il Kim,13,1,P0005,Soonchunhyang University; Yonsei University,KR,yes,13,Sodium Picosulfate with Magnesium Citrate (SPMC) Plus Laxative Is a Good Alternative to Conventional Large Volume Polyethylene Glycol in Bowel Preparation: A Multicenter Randomized Single-Blinded Trial,needs_review
A5088274241,Jong‐Moo Park,13,1,P0005,Chonnam National University Hospital; Eulji Medical Center; Eulji University; Eulji University Nowon Eulji Medical Center; Inje University Ilsan Paik Hospital,KR,yes,13,Three-month modified Rankin Scale as a determinant of 5-year cumulative costs after ischemic stroke,needs_review
A5031993607,Seun Ja Park,13,1,P0005,Catholic University of Korea; Chungbuk National University; Ewha Womans University; Hallym University; Kangwon National University; Korea University; Kosin University; Kosin University Gospel Hospital; Seoul National University Bundang Hospital; Soonchunhyang University; The Catholic University of Korea Seoul St. Mary's Hospital; Yonsei University,KR,yes,13,"The Distribution of Endoscopic Gastritis in 25,536 Heath Check-up Subjects in Korea",needs_review
A5007433808,Suk‐Ho Choi,12,1,P0002,Kyung Hee University; Yong In University,KR,yes,12,Graphene transparent conductive electrodes doped with graphene quantum dots-mixed silver nanowires for highly-flexible organic solar cells,needs_review
A5101950062,Byung‐Seok Kim,12,1,P0003,Incheon National University; New Generation University College; Seoul National University,ET; KR,yes,12,IL-21-mediated reversal of NK cell exhaustion facilitates anti-tumour immunity in MHC class I-deficient tumours,needs_review
A5020867342,Boyeong Song,12,1,P0003,Namseoul University; Nation University; National University College; Seoul National University; Seoul National University of Science and Technology,KR; PR; TH,yes,12,IL-21-mediated reversal of NK cell exhaustion facilitates anti-tumour immunity in MHC class I-deficient tumours,needs_review
A5034734404,Choong‐Hyun Koh,12,1,P0003,New Generation University College; Seoul National University,ET; KR,yes,12,IL-21-mediated reversal of NK cell exhaustion facilitates anti-tumour immunity in MHC class I-deficient tumours,needs_review
A5080689339,Jun Yup Kim,12,1,P0005,"Chonnam National University Hospital; Chung-Ang University Hospital; Daejeon Eulji Medical Center, Eulji University; Eulji University; Jeju National University; Jeju National University Hospital; Seoul National University Bundang Hospital; Seoul National University Hospital; Soonchunhyang University Hospital Seoul",KR,yes,12,Executive Summary of Stroke Statistics in Korea 2018: A Report from the Epidemiology Research Council of the Korean Stroke Society,needs_review
A5081841423,Jae Myung,12,1,P0005,Biostatistical Consulting (United States); Kyung Hee University; Kyung Hee University Hospital at Gangdong,KR; US,yes,12,"Risk factors for complications and mortality of percutaneous endoscopic gastrostomy: a multicenter, retrospective study",needs_review
A5108494643,Hye Jung Yeom,12,1,P0005,Ewha Womans University Medical Center,KR,yes,12,The Prevalence and Clinical Characteristics of Reflux Esophagitis in Koreans and Its Possible Relation to Metabolic Syndrome,needs_review
A5085146978,Chang Soo Eun,12,1,P0005,Hanyang University; Hanyang University Guri Hospital; Soonchunhyang University; Yonsei University,KR,yes,12,A Clear Liquid Diet Is Not Mandatory for Polyethylene Glycol-Based Bowel Preparation for Afternoon Colonoscopy in Healthy Outpatients,needs_review
A5012308900,Young Joo Yang,12,1,P0005,Hallym University; Hallym University Chuncheon Sacred Heart Hospital; University Gastroenterology,KR; US,yes,12,Comparative outcomes of acute colonic diverticulitis in immunocompromised versus immunocompetent patients: a systematic review and meta-analysis,needs_review
A5068463807,Duck Cho,9,2,P0001; P0003,Chonnam National University; Regenerative Medicine Institute; Samsung (South Korea); Samsung Medical Center; Sungkyunkwan University,KR; MX,yes,12,Expansion of Human NK Cells Using K562 Cells Expressing OX40 Ligand and Short Exposure to IL-21,needs_review
A5011238552,Dong Hee Shin,11,1,P0002,Korea University; Kyung Hee University; Yong In University,KR,yes,11,Graphene transparent conductive electrodes doped with graphene quantum dots-mixed silver nanowires for highly-flexible organic solar cells,needs_review
A5102910953,Kwangsoo Shin,11,1,P0003,New Generation University College; Seoul National University,ET; KR,yes,11,IL-21-mediated reversal of NK cell exhaustion facilitates anti-tumour immunity in MHC class I-deficient tumours,needs_review
A5080790669,Hong‐Kyun Park,11,1,P0005,Chonnam National University Hospital; Hong Kong Science and Technology Parks Corporation; Inje University Ilsan Paik Hospital; Keimyung University,HK; KR,yes,11,Executive Summary of Stroke Statistics in Korea 2018: A Report from the Epidemiology Research Council of the Korean Stroke Society,needs_review
A5100747260,Tae Hee Lee,11,1,P0005,Korean Society of Neurogastroenterology and Motility; Soonchunhyang University; Soonchunhyang University Hospital Seoul; Wonkwang University,KR,yes,11,Change of Fecal Flora and Effectiveness of the Short-term VSL#3 Probiotic Treatment in Patients With Functional Constipation,needs_review
A5105873384,Seung‐Jae Myung,11,1,P0005,Asan Medical Center; Ulsan College; University of Ulsan,KR,yes,11,Change of Fecal Flora and Effectiveness of the Short-term VSL#3 Probiotic Treatment in Patients With Functional Constipation,needs_review
A5041865193,Dong Kyung Chang,11,1,P0005,Samsung Medical Center; Soonchunhyang University; Sungkyunkwan University; Yonsei University,KR,yes,11,"Risk factors for complications and mortality of percutaneous endoscopic gastrostomy: a multicenter, retrospective study",needs_review
A5100664630,Yoo Jin Lee,11,1,P0005,Keimyung University; Keimyung University Dongsan Medical Center; Soonchunhyang University,KR,yes,11,Medical Management of Constipation in Elderly Patients: Systematic Review,needs_review
A5101640110,Ju Young Choi,11,1,P0005,Dongwha Pharm (South Korea); Ewha Womans University; Ewha Womans University Medical Center; Medical Research Institute,KR; LK,yes,11,Impact of Shiftwork on Irritable Bowel Syndrome and Functional Dyspepsia,needs_review
A5066836888,Kwon Yoo,11,1,P0005,Ewha Womans University; Ewha Womans University Medical Center,KR,yes,11,Primary Esophageal Adenoid Cystic Carcinoma,needs_review
A5102026034,Byung Chang Kim,11,1,P0005,National Cancer Center; Soonchunhyang University; Yonsei University,KR; US,yes,11,Comparative outcomes of acute colonic diverticulitis in immunocompromised versus immunocompetent patients: a systematic review and meta-analysis,needs_review
A5091513608,Sung-Ae Jung,11,1,P0005,Ewha Womans University; Ewha Womans University Medical Center,KR,yes,11,Cell-derived vesicles extruded from adipose mesenchymal stem cells attenuate intestinal inflammation and augment epithelial regeneration in a colitis model,needs_review
A5020449635,Hyoungjun Park,10,1,P0001,Pohang University of Science and Technology,KR,yes,10,A comparative study on collagen type I and hyaluronic acid dependent cell behavior for osteochondral tissue bioprinting,needs_review
A5109987655,Keon Woo Kwon,10,1,P0001,Pohang University of Science and Technology; Seoul National University,KR,yes,10,Nanotopography-Guided Migration of T Cells,needs_review
A5014829076,Ha Seung Lee,10,1,P0002,Kyung Hee University; Sungkyunkwan University; Yong In University,KR,yes,10,Graphene transparent conductive electrodes doped with graphene quantum dots-mixed silver nanowires for highly-flexible organic solar cells,needs_review
A5100429322,Sung Kim,10,1,P0002,Kyung Hee University; Yong In University,KR,yes,10,Graphene/porous silicon Schottky-junction solar cells,needs_review
A5100888589,Seung‐Man Yang,10,1,P0004,Korea Advanced Institute of Science and Technology,KR,yes,10,Effects of Sodium Salicylate on the Microstructure of an Aqueous Micellar Solution and Its Rheological Responses,needs_review
A5071101211,Hanjin Cho,10,1,P0004,Electronics and Telecommunications Research Institute,KR,yes,10,A Platform-Based SoC Design of a 32-Bit Smart Card,needs_review
A5038364929,Soo Joo Lee,10,1,P0005,"Chonnam National University Hospital; Daejeon Eulji Medical Center, Eulji University; Dong-A University Hospital; Eulji University; Hallym University; Hallym University Chuncheon Sacred Heart Hospital; Sacred Heart Hospital",KR; NG,yes,10,Executive Summary of Stroke Statistics in Korea 2018: A Report from the Epidemiology Research Council of the Korean Stroke Society,needs_review
A5013755229,Dong Soo Han,10,1,P0005,Hanyang University; Hanyang University Guri Hospital,KR,yes,10,Clinical Factors and Disease Course Related to Diagnostic Delay in Korean Crohn’s Disease Patients: Results from the CONNECT Study,needs_review
A5044314189,Kum Hei Ryu,10,1,P0005,Ewha Womans University Medical Center; National Cancer Center,KR,yes,10,Antibiotic-Associated Diarrhea: Candidate Organisms other than Clostridium Difficile,needs_review
A5077916803,Hye-Kyung Jung,10,1,P0005,Ewha Womans University; Ewha Womans University Medical Center; Jeju National University,KR,yes,10,The role of PD-1/PD-L1 pathway in ulcerative colitis and changes following tonsil-derived mesenchymal stem cells treatment,needs_review
A5079069268,Duk Hwan Kim,10,1,P0005,CHA University; CHA University Bundang Medical Center; Catholic University of Korea; Kosin University Gospel Hospital; Soonchunhyang University Hospital Seoul; The Catholic University of Korea Seoul St. Mary's Hospital,KR,yes,10,Comparative outcomes of acute colonic diverticulitis in immunocompromised versus immunocompetent patients: a systematic review and meta-analysis,needs_review
A5068134141,Su Mi Lee,10,1,P0005,Dong-A University,KR,yes,10,Association between Diastolic Dysfunction by Color Tissue Doppler Imaging and Vascular Calcification on Plain Radiographs in Dialysis Patients,needs_review
A5062421406,Won-Suk An,10,1,P0005,Dong-A University,KR,yes,10,Clinical courses of the adult patients with idiopathic membranous nephropathy,needs_review
A5010733573,Jae‐Hyun Lee,7,2,P0001; P0005,Pohang University of Science and Technology; Severance Hospital; Yonsei University,KR,yes,10,Harnessing the Formation of Natural Killer–Tumor Cell Immunological Synapses for Enhanced Therapeutic Effect in Solid Tumors,needs_review
A5038474427,Jae‐Seong Yang,9,1,P0002,Center for Research in Agricultural Genomics; National University; Pohang University of Science and Technology; Seoul National University,ES; KR; SD,yes,9,Predictive design of mRNA translation initiation region to control prokaryotic translation efficiency,needs_review
A5014248011,Chan Wook Jang,9,1,P0002,Kyung Hee University; Yong In University,KR,yes,9,Graphene/porous silicon Schottky-junction solar cells,needs_review
A5056525061,Byung Soh Min,9,1,P0003,Yonsei University,KR,yes,9,IL-21-mediated reversal of NK cell exhaustion facilitates anti-tumour immunity in MHC class I-deficient tumours,needs_review
A5046647594,Yoon Dae Han,9,1,P0003,New Generation University College; Seoul National University; Yonsei University,ET; KR,yes,9,IL-21-mediated reversal of NK cell exhaustion facilitates anti-tumour immunity in MHC class I-deficient tumours,needs_review
A5051983148,Sang Joon Shin,9,1,P0003,Yonsei University,KR,yes,9,IL-21-mediated reversal of NK cell exhaustion facilitates anti-tumour immunity in MHC class I-deficient tumours,needs_review
A5040314718,Yeonseok Chung,9,1,P0003,New Generation University College; Seoul National University,ET; KR,yes,9,IL-21-mediated reversal of NK cell exhaustion facilitates anti-tumour immunity in MHC class I-deficient tumours,needs_review
A5111657318,Suck-Ho Lee,9,1,P0005,Soonchunhyang University,KR,yes,9,Korean Guidelines for Colorectal Cancer Screening and Polyp Detection,needs_review
A5100335103,Young Ho Kim,9,1,P0005,Ewha Womans University; Ewha Womans University Medical Center; Samsung Medical Center; Sungkyunkwan University,KR,yes,9,Korean Guidelines for Colorectal Cancer Screening and Polyp Detection,needs_review
A5100717287,Tae Hun Kim,9,1,P0005,Ewha Womans University; Ewha Womans University Medical Center,KR,yes,9,Involvement of adiponectin in early stage of colorectal carcinogenesis,needs_review
A5103167603,Kang Hoon Lee,9,1,P0005,Ewha Womans University; Ewha Womans University Medical Center,KR,yes,9,Comparison of clinical outcomes after endoscopic submucosal dissection and surgery in the treatment of early gastric cancer,needs_review
A5079772051,Chung Ryul Jung,8,1,P0001,Korea Research Institute of Bioscience and Biotechnology; Korea University of Science and Technology; Pohang University of Science and Technology,KR,yes,8,Geometrically Controlled Asymmetric Division of CD4+ T Cells Studied by Immunological Synapse Arrays,needs_review
A5100682311,Donghyuk Kim,8,1,P0002,Kyung Hee University; La Jolla Bioengineering Institute; Ulsan National Institute of Science and Technology; University of California San Diego,KR; US,yes,8,Cellular responses to reactive oxygen species are predicted from molecular mechanisms,needs_review
A5101903782,Ju Hwan Kim,8,1,P0002,Kyung Hee University; Yong In University,KR,yes,8,Graphene/porous silicon Schottky-junction solar cells,needs_review
A5061619355,Jae Hyung Lim,8,1,P0002,Pohang University of Science and Technology,KR,yes,8,Butyrate production in engineered Escherichia coli with synthetic scaffolds,needs_review
A5100755771,Dohun Kim,8,1,P0004,Chung-Ang University; Electronics and Telecommunications Research Institute; Korea Electronics Technology Institute,KR,yes,8,Real-time driver monitoring system with facial landmark-based eye closure detection and head pose recognition,needs_review
A5033463484,Keun‐Sik Hong,8,1,P0005,Chonnam National University Hospital; Inje University Ilsan Paik Hospital,KR,yes,8,Executive Summary of Stroke Statistics in Korea 2018: A Report from the Epidemiology Research Council of the Korean Stroke Society,needs_review
A5019652970,Suck Chei Choi,8,1,P0005,Wonkwang University,KR,yes,8,Change of Fecal Flora and Effectiveness of the Short-term VSL#3 Probiotic Treatment in Patients With Functional Constipation,needs_review
A5025597483,Kyung Sik Park,8,1,P0005,Keimyung University,KR,yes,8,Change of Fecal Flora and Effectiveness of the Short-term VSL#3 Probiotic Treatment in Patients With Functional Constipation,needs_review
A5113649214,Se Hyung Kim,8,1,P0005,Catholic University of Korea; Ewha Womans University; Ewha Womans University Medical Center; Korea University; Kyung Hee University; New Generation University College; Seoul National University; Sungkyunkwan University; Yonsei University,ET; KR,yes,8,Korean Guidelines for Colorectal Cancer Screening and Polyp Detection,needs_review
A5086190985,Seong Ran Jeon,8,1,P0005,Soonchunhyang University; Soonchunhyang University Hospital Seoul,KR,yes,8,Diagnosis of Bleeding Meckel's Diverticulum in Adults,needs_review
A5100643175,Yong‐Jin Cho,8,1,P0005,Chonnam National University Hospital; Inje University Ilsan Paik Hospital; Yong In University,KR,yes,8,Three-month modified Rankin Scale as a determinant of 5-year cumulative costs after ischemic stroke,needs_review
A5066222479,Min Sun Ryu,8,1,P0005,Ewha Womans University; Ewha Womans University Medical Center,KR,yes,8,Emergence of rifampin-resistant staphylococci after rifaximin administration in cirrhotic patients,needs_review
A5003415029,Jae Gon Lee,8,1,P0005,Hallym University Dongtan Sacred Heart Hospital,KR,yes,8,Comparative outcomes of acute colonic diverticulitis in immunocompromised versus immunocompetent patients: a systematic review and meta-analysis,needs_review
A5103029509,Yong Eun Park,8,1,P0005,Inje University Haeundae Paik Hospital,KR,yes,8,Comparative outcomes of acute colonic diverticulitis in immunocompromised versus immunocompetent patients: a systematic review and meta-analysis,needs_review
A5087895605,Ju Ran Byeon,8,1,P0005,Ewha Womans University; Ewha Womans University Medical Center; Ewha Womans University Mokdong Hospital; Soonchunhyang University Hospital Seoul,KR,yes,8,Enhancing the Predictions of Cytomegalovirus Infection in Severe Ulcerative Colitis Using a Deep Learning Ensemble Model: Development and Validation Study,needs_review
A5090247221,Eui Sun Jeong,8,1,P0005,Ewha Womans University; Ewha Womans University Mokdong Hospital,KR,yes,8,Enhancing the Predictions of Cytomegalovirus Infection in Severe Ulcerative Colitis Using a Deep Learning Ensemble Model: Development and Validation Study,needs_review
A5006806311,Kyu Won Chung,8,1,P0005,Ewha Womans University Medical Center,KR,yes,8,Emerging Need for Vaccination against Hepatitis A Virus in Patients with Chronic Liver Disease in Korea,needs_review
A5101401786,Hak Sung Lee,8,1,P0005,Kolmar Korea (South Korea),KR,yes,8,"Chondroprotective Effects of a Standardized Extract (KBH-JP-040) from Kalopanax pictus, Hericium erinaceus, and Astragalus membranaceus in Experimentally Induced In Vitro and In Vivo Osteoarthritis Models",needs_review
A5082403477,So Yoon Yoon,8,1,P0005,Ewha Womans University; Ewha Womans University Medical Center,KR,yes,8,The Effect of Aspirin Alone or Aspirin Plus Additional Antiplatelets Therapy on Upper Gastrointestinal Hemorrhage,needs_review
A5101763371,Kyoung Sup Hong,8,1,P0005,New Generation University College; Seoul National University,ET; KR,yes,8,Conventional Laxatives,needs_review
A5017124041,Dowon Moon,5,2,P0001; P0005,Pohang University of Science and Technology; Seoul National University,KR,yes,8,A multilayered blood vessel/tumor tissue chip to investigate T cell infiltration into solid tumor tissues,needs_review
A5101235628,Hyungjin Sun,5,2,P0001; P0002,Bioengineering Center; Seoul National University,KR; RU,yes,8,Development of exosome membrane materials-fused microbubbles for enhanced stability and efficient drug delivery of ultrasound contrast agent,needs_review
A5091718941,Chulhong Kim,5,2,P0001; P0004,Pohang University of Science and Technology,KR,yes,8,Super-resolution visible photoactivated atomic force microscopy,needs_review
A5047859685,Sanguk Kim,7,1,P0002,Pohang University of Science and Technology,KR,yes,7,Predictive design of mRNA translation initiation region to control prokaryotic translation efficiency,needs_review
A5102352578,Tae-Seung Kang,7,1,P0003,Seoul National University; Seoul National University of Science and Technology,KR,yes,7,GM-CSF Promotes Antitumor Immunity by Inducing Th9 Cell Responses,needs_review
A5023681581,Hyunchul Shin,7,1,P0004,Hanyang University,KR,yes,7,Hierarchical LVS based on hierarchy rebuilding,needs_review
A5030458953,Gantumur Khongorzul,7,1,P0004,Gyeongsang National University,KR,yes,7,A Study on Antecedents Affecting Customer Satisfaction in Mongolian Postal Service Sector,needs_review
A5029061981,Tai Hwan Park,7,1,P0005,Chonnam National University Hospital; Eulji University; Seoul Medical Center,KR,yes,7,Executive Summary of Stroke Statistics in Korea 2018: A Report from the Epidemiology Research Council of the Korean Stroke Society,needs_review
A5022150256,Mi Sun Oh,7,1,P0005,Chonnam National University Hospital; Hallym University; Hallym University Sacred Heart Hospital; Sacred Heart Hospital,KR; US,yes,7,Executive Summary of Stroke Statistics in Korea 2018: A Report from the Epidemiology Research Council of the Korean Stroke Society,needs_review
A5072090016,Kang‐Ho Choi,7,1,P0005,Chonnam National University; Chonnam National University Hospital; University of Kang Ning,KR; TW,yes,7,Executive Summary of Stroke Statistics in Korea 2018: A Report from the Epidemiology Research Council of the Korean Stroke Society,needs_review
A5031866717,Kee Wook Jung,7,1,P0005,Asan Medical Center; Ulsan College; University of Ulsan,KR,yes,7,Change of Fecal Flora and Effectiveness of the Short-term VSL#3 Probiotic Treatment in Patients With Functional Constipation,needs_review
A5026872254,Young‐Eun Joo,7,1,P0005,Chonnam National University; Chonnam National University Hwasun Hospital,KR,yes,7,"Clinical outcomes and risk factors of post-polypectomy coagulation syndrome: a multicenter, retrospective, case-control study",needs_review
A5089812218,Seon‐Young Park,7,1,P0005,Chonnam National University; Chonnam National University Hospital; Soonchunhyang University Hospital Seoul,KR,yes,7,Medical Management of Constipation in Elderly Patients: Systematic Review,needs_review
A5022998619,Byong Duk Ye,7,1,P0005,Asan Medical Center; Inje University; Ulsan College; University of Ulsan,KR,yes,7,"Effect of Probiotic Lactobacillus (Lacidofil® Cap) for the Prevention of Antibiotic-associated Diarrhea: A Prospective, Randomized, Double-blind, Multicenter Study",needs_review
A5111641073,Suck-Ho Lee,7,1,P0005,Soonchunhyang University,KR,yes,7,Korean Guidelines for Postpolypectomy Colonoscopy Surveillance,needs_review
A5023763300,Hyun Gun Kim,7,1,P0005,Kyung Hee University; Soonchunhyang University; Yonsei University,KR,yes,7,Sodium Picosulfate with Magnesium Citrate (SPMC) Plus Laxative Is a Good Alternative to Conventional Large Volume Polyethylene Glycol in Bowel Preparation: A Multicenter Randomized Single-Blinded Trial,needs_review
A5069973820,Jin Oh Kim,7,1,P0005,Inje University; Korea University; Soonchunhyang University; Soonchunhyang University Hospital Seoul,KR,yes,7,Sodium Picosulfate with Magnesium Citrate (SPMC) Plus Laxative Is a Good Alternative to Conventional Large Volume Polyethylene Glycol in Bowel Preparation: A Multicenter Randomized Single-Blinded Trial,needs_review
A5043215089,Chang Kyun Lee,7,1,P0005,Biostatistical Consulting (United States); Kyung Hee University,KR; US,yes,7,Sodium Picosulfate with Magnesium Citrate (SPMC) Plus Laxative Is a Good Alternative to Conventional Large Volume Polyethylene Glycol in Bowel Preparation: A Multicenter Randomized Single-Blinded Trial,needs_review
A5020512513,Eun Soo Kim,7,1,P0005,Keimyung University; Kyungpook National University,KR,yes,7,Influence of anti-tumor necrosis factor-alpha therapy to pregnant inflammatory bowel disease women and their children’s immunity,needs_review
A5047005390,Moon‐Ku Han,7,1,P0005,Chonnam National University Hospital; Seoul National University Bundang Hospital; Sun Moon University,KR,yes,7,Three-month modified Rankin Scale as a determinant of 5-year cumulative costs after ischemic stroke,needs_review
A5025909748,Yehyun Park,7,1,P0005,Ewha Womans University; Ewha Womans University Medical Center; Ewha Womans University Mokdong Hospital,KR,yes,7,The role of PD-1/PD-L1 pathway in ulcerative colitis and changes following tonsil-derived mesenchymal stem cells treatment,needs_review
A5046526476,Jeong Seop Moon,7,1,P0005,Inje University; Soonchunhyang University,KR,yes,7,"The Distribution of Endoscopic Gastritis in 25,536 Heath Check-up Subjects in Korea",needs_review
A5110316841,Hee Jung Oh,7,1,P0005,Ewha Womans University Medical Center,KR,yes,7,The Prevalence and Clinical Characteristics of Reflux Esophagitis in Koreans and Its Possible Relation to Metabolic Syndrome,needs_review
A5038219435,Yang-Hee Joo,7,1,P0005,Ewha Womans University; Ewha Womans University Medical Center,KR,yes,7,Therapeutic potential of tonsil-derived mesenchymal stem cells in dextran sulfate sodium-induced experimental murine colitis,needs_review
A5111913592,Suck Ho Lee,7,1,P0005,Soonchunhyang University; Sungkyunkwan University; Yonsei University,KR,yes,7,A Clear Liquid Diet Is Not Mandatory for Polyethylene Glycol-Based Bowel Preparation for Afternoon Colonoscopy in Healthy Outpatients,needs_review
A5062809796,Su Jung Baik,7,1,P0005,Ewha Womans University Medical Center; Gangnam Severance Hospital,KR,yes,7,Primary Esophageal Adenoid Cystic Carcinoma,needs_review
A5023107428,Hyun-Kyu Kim,7,1,P0005,Kolmar Korea (South Korea),KR,yes,7,"Chondroprotective Effects of a Standardized Extract (KBH-JP-040) from Kalopanax pictus, Hericium erinaceus, and Astragalus membranaceus in Experimentally Induced In Vitro and In Vivo Osteoarthritis Models",needs_review
A5108107827,Kyung Sik Park,7,1,P0005,Keimyung University,KR,yes,7,Conventional Laxatives,needs_review
A5100398117,Jinwoo Lee,4,2,P0001; P0002,Pohang University of Science and Technology,KR,yes,7,Pt-Decorated Magnetic Nanozymes for Facile and Sensitive Point-of-Care Bioassay,needs_review
A5027787988,Min Seong Jang,4,2,P0001; P0005,Korea Institute of Toxicology; Osaka International University; Pohang University of Science and Technology; The University of Osaka,JP; KR,yes,7,Combined two-photon microscopy and optical coherence tomography using individually optimized sources,needs_review
A5010238674,Yongbum Cho,6,1,P0001,Pohang University of Science and Technology; Seoul National University,KR,yes,6,T‐Cell‐Derived Nanovesicles for Cancer Immunotherapy,needs_review
A5052784878,Myoung Ho Jang,6,1,P0001,Cell Biotech (South Korea); Osaka International University; Pohang University of Science and Technology; The University of Osaka,JP; KR,yes,6,Harnessing the Formation of Natural Killer–Tumor Cell Immunological Synapses for Enhanced Therapeutic Effect in Solid Tumors,needs_review
A5110467160,Hye Mi Kim,6,1,P0001,Pohang University of Science and Technology,KR,yes,6,Microfluidic system for monitoring temporal variations of hemorheological properties and platelet adhesion in LPS-injected rats,needs_review
A5100682313,Donghyuk Kim,6,1,P0002,La Jolla Bioengineering Institute; Ulsan National Institute of Science and Technology; University of California San Diego,KR; US,yes,6,Deciphering Fur transcriptional regulatory network highlights its complex role beyond iron metabolism in Escherichia coli,needs_review
A5091067470,Byung‐Kwan Cho,6,1,P0002,Intelligent Synthetic Biology Center; Korea Advanced Institute of Science and Technology; Novo Nordisk Foundation; Technical University of Denmark,DK; KR,yes,6,Systematic discovery of uncharacterized transcription factors in Escherichia coli K-12 MG1655,needs_review
A5100416703,Jong Min Kim,6,1,P0002,Kyung Hee University; Yong In University,KR,yes,6,Graphene transparent conductive electrodes doped with graphene quantum dots-mixed silver nanowires for highly-flexible organic solar cells,needs_review
A5000328867,Myung Hyun Noh,6,1,P0002,Korea Research Institute of Chemical Technology; Pohang University of Science and Technology,KR,yes,6,Vibrio sp. dhg as a platform for the biorefinery of brown macroalgae,needs_review
A5086409096,Seong‐Cheol Kim,6,1,P0002,Pohang University of Science and Technology,KR,yes,6,Predictive combinatorial design of mRNA translation initiation regions for systematic optimization of gene expression levels,needs_review
A5028944403,Younghwan Bae,6,1,P0004,Electronics and Telecommunications Research Institute,KR,yes,6,A Platform-Based SoC Design of a 32-Bit Smart Card,needs_review
A5090733758,Kyusik Kang,6,1,P0005,Chonnam National University Hospital; Eulji University; Eulji University Nowon Eulji Medical Center,KR,yes,6,Executive Summary of Stroke Statistics in Korea 2018: A Report from the Epidemiology Research Council of the Korean Stroke Society,needs_review
A5029133016,Kwang‐Yeol Park,6,1,P0005,Chung-Ang University; Chung-Ang University Hospital,KR,yes,6,Executive Summary of Stroke Statistics in Korea 2018: A Report from the Epidemiology Research Council of the Korean Stroke Society,needs_review
A5072472240,Jay Chol Choi,6,1,P0005,Chonnam National University Hospital; Jeju National University; Jeju National University Hospital; Korea University; Seoul Medical Center,KR,yes,6,Executive Summary of Stroke Statistics in Korea 2018: A Report from the Epidemiology Research Council of the Korean Stroke Society,needs_review
A5067060558,Min Kyoung Jo,6,1,P0005,Ewha Womans University; Ewha Womans University Medical Center,KR,yes,6,Lactobacillus paracasei-derived extracellular vesicles attenuate the intestinal inflammatory response by augmenting the endoplasmic reticulum stress pathway,needs_review
A5109656521,Eun-Mi Song,6,1,P0005,Ewha Womans University; Ewha Womans University Medical Center; Ewha Womans University Mokdong Hospital,KR,yes,6,Clinicopathological characteristics and prognosis of signet ring cell carcinoma of the stomach,needs_review
A5056628655,Jong Pil Im,6,1,P0005,New Generation University College; Seoul National University; Seoul National University Hospital,ET; KR,yes,6,"Risk factors for complications and mortality of percutaneous endoscopic gastrostomy: a multicenter, retrospective study",needs_review
A5069672688,Eun Ran Kim,6,1,P0005,Daegu Catholic University; Daegu Catholic University Medical Center; Samsung Medical Center; Sungkyunkwan University,KR,yes,6,"Risk factors for complications and mortality of percutaneous endoscopic gastrostomy: a multicenter, retrospective study",needs_review
A5065478389,Young Wook Noh,6,1,P0005,Ewha Womans University; Ewha Womans University Medical Center; Jeju National University,KR,yes,6,Overlap of Erosive and Non-erosive Reflux Diseases With Functional Gastrointestinal Disorders According to Rome III Criteria,needs_review
A5100659336,Sang Yoon Kim,6,1,P0005,Ewha Womans University; Ewha Womans University Medical Center,KR,yes,6,Gender Specific Differences in Prevalence and Risk Factors for Gastro-Esophageal Reflux Disease,needs_review
A5101812183,Tae Oh Kim,6,1,P0005,Ewha Womans University; Ewha Womans University Medical Center,KR,yes,6,Gender Specific Differences in Prevalence and Risk Factors for Gastro-Esophageal Reflux Disease,needs_review
A5047459123,Min-Sun Cho,6,1,P0005,Ewha Womans University; Ewha Womans University Medical Center,KR,yes,6,Involvement of adiponectin in early stage of colorectal carcinogenesis,needs_review
A5091036340,Keon‐Joo Lee,6,1,P0005,Catholic Kwandong University; Catholic Kwandong University International St. Mary's Hospital; Chonnam National University Hospital; Seoul National University Bundang Hospital; Seoul National University Hospital; Soonchunhyang University; Soonchunhyang University Hospital Seoul,KR,yes,6,Three-month modified Rankin Scale as a determinant of 5-year cumulative costs after ischemic stroke,needs_review
A5070052023,Jae‐Kwan Cha,6,1,P0005,Chonnam National University Hospital; Dong-A University; Dong-A University Hospital; Korea University,JP; KR,yes,6,Three-month modified Rankin Scale as a determinant of 5-year cumulative costs after ischemic stroke,needs_review
A5010993791,Hyeon-Jeong Jeon,6,1,P0005,Ewha Womans University; Ewha Womans University Medical Center,KR,yes,6,Effect of aging on the formation and growth of colonic epithelial organoids by changes in cell cycle arrest through TGF-β-Smad3 signaling,needs_review
A5089297438,Hwang Choi,6,1,P0005,Catholic University of Korea; Soonchunhyang University; The Catholic University of Korea Incheon St. Mary's Hospital; Yonsei University,KR,yes,6,Cap-Assisted Chromoendoscopy Using a Mounted Cap Versus Standard Colonoscopy for Adenoma Detection,needs_review
A5066009054,Kyu‐Hye Lee,6,1,P0005,Hanyang University,KR,yes,6,Faux Fur Trade Networks Using Macroscopic Data: A Social Network Approach,needs_review
A5075585771,Bora Keum,6,1,P0005,Korea University; Soonchunhyang University; Yonsei University,KR,yes,6,Clinical Efficacy of Real-Time Artificial Intelligence-Assisted Colonoscopy in Colorectal Polyp Detection: A Prospective Multicenter Randomized Controlled Trial,needs_review
A5024665915,Jun Hee Noh,6,1,P0005,Woosuk University,KR,yes,6,Nursing Students’ Awareness and Behaviour of Academic Misconduct in South Korea,needs_review
A5054143801,Hee Chan Yang,6,1,P0005,Jeonbuk National University,KR,yes,6,SARS-CoV-2 Vaccination for Adult Patients with Inflammatory Bowel Disease: Expert Consensus Statements by KASID,needs_review
A5100459358,Ki Hyun Kim,6,1,P0005,Dong-A University,KR,yes,6,Association between Diastolic Dysfunction by Color Tissue Doppler Imaging and Vascular Calcification on Plain Radiographs in Dialysis Patients,needs_review
A5088894874,Jae‐In Ryu,6,1,P0005,Ewha Womans University; Ewha Womans University Medical Center,KR,yes,6,What's the Clinical Features of Colitis in Elderly People in Long-Term Care Facilities?,needs_review
A5103242037,Hyunjoo Song,6,1,P0005,Soongsil University,KR,yes,6,Network analysis of stroke systems of care in Korea,needs_review
A5100765314,Junseok Lee,3,2,P0001; P0004,Assemblée Nationale de France; Institute for Basic Science; Pohang University of Science and Technology,FR; KR,yes,6,Harnessing the Formation of Natural Killer–Tumor Cell Immunological Synapses for Enhanced Therapeutic Effect in Solid Tumors,needs_review
A5019501902,You‐Yeon Won,3,2,P0001; P0005,Center for Cancer Research; Korea Institute of Science and Technology; Purdue University Institute for Cancer Research; Purdue University West Lafayette,KR; US,yes,6,Nanotechnology‐enhanced radiotherapy and the abscopal effect: Current status and challenges of nanomaterial‐based radio‐immunotherapy,needs_review
A5037602360,Hong Nam Kim,3,2,P0001; P0005,Bio-Medical Science (South Korea); Korea Institute of Brain Science; Korea Institute of Science and Technology; Korea University of Science and Technology; Korean Association Of Science and Technology Studies; Yonsei University,KR,yes,6,Imaging‐Based Efficacy Evaluation of Cancer Immunotherapy in Engineered Tumor Platforms and Tumor Organoids,needs_review
A5021016946,Hyun‐Jeong Ko,3,2,P0003; P0005,Kangwon National University,KR,yes,6,Serum amyloid A3 exacerbates cancer by enhancing the suppressive capacity of myeloid‐derived suppressor cells via TLR2‐dependent STAT3 activation,needs_review
A5103187813,Hye‐Mi Kim,5,1,P0001,Institute for Basic Science; Institute of Bioinformatics and Applied Biotechnology; Korea Basic Science Institute; Pohang University of Science and Technology; Sungkyunkwan University,IN; KR,yes,5,Gold Nanoparticle‐Carrying T Cells for the Combined Immuno‐Photothermal Therapy,needs_review
A5019115055,Tae‐Don Kim,5,1,P0001,Institute for Basic Science; Korea Basic Science Institute; Korea Research Institute of Bioscience and Biotechnology; Korea University of Science and Technology; Sungkyunkwan University,KR,yes,5,MicroRNA-150 regulates the cytotoxicity of natural killers by targeting perforin-1,needs_review
A5111681185,Kahp‐Yang Suh,5,1,P0001,Pohang University of Science and Technology; Seoul National University,KR,yes,5,Nanotopography-Guided Migration of T Cells,needs_review
A5037009590,Kyung‐Mi Lee,5,1,P0001,Korea University; Kyung Hee University; The University of Texas MD Anderson Cancer Center,JP; KR; US,yes,5,Homotypic NK cell-to-cell communication controls cytokine responsiveness of innate immune NK cells,needs_review
A5071699799,Gibyuck Byun,5,1,P0002,National University; Seoul National University,KR; SD,yes,5,CRISPRi-mediated tunable control of gene expression level with engineered single-guide RNA in Escherichia coli,needs_review
A5103177724,Giho Kim,5,1,P0002,National University; New Generation University College; Seoul National University,ET; KR; SD,yes,5,Programmable synthetic biology tools for developing microbial cell factories,needs_review
A5023738566,Byung Seok Kim,5,1,P0003,New Generation University College; Seoul National University,ET; KR,yes,5,Activation of NKT Cells in an Anti-PD-1–Resistant Tumor Model Enhances Antitumor Immunity by Reinvigorating Exhausted CD8 T Cells,needs_review
A5008690022,Hyun‐Ja Ko,5,1,P0003,Institute for Basic Science; Pohang University of Science and Technology,KR,yes,5,GM-CSF Promotes Antitumor Immunity by Inducing Th9 Cell Responses,needs_review
A5059187034,Han‐Jin Cho,5,1,P0004,Electronics and Telecommunications Research Institute; Seoul Women's College of Nursing,KR,yes,5,Development of an easy payment system based on IoT gateway,needs_review
A5032189559,June-Young Chang,5,1,P0004,Electronics and Telecommunications Research Institute,KR,yes,5,Pipelined Scheduling of Functional HW/SW Modules for Platform-Based SoC Design,needs_review
A5101940430,Joon‐Tae Kim,5,1,P0005,"Chonnam National University; Chonnam National University Hospital; Chung-Ang University Hospital; Daejeon Eulji Medical Center, Eulji University; Eulji University; Jeju National University; Jeju National University Hospital; Seoul National University Bundang Hospital",KR,yes,5,Executive Summary of Stroke Statistics in Korea 2018: A Report from the Epidemiology Research Council of the Korean Stroke Society,needs_review
A5100359900,Ji Won Kim,5,1,P0005,Catholic University of Korea; SNUH SMG-SNU Boramae Medical Center; Seoul National University; Seoul National University Hospital; Yonsei University,KR,yes,5,"Risk factors for complications and mortality of percutaneous endoscopic gastrostomy: a multicenter, retrospective study",needs_review
A5100370257,Eun Young Kim,5,1,P0005,Daegu Catholic University; Daegu Catholic University Medical Center; Samsung Medical Center; Sungkyunkwan University,KR,yes,5,"Risk factors for complications and mortality of percutaneous endoscopic gastrostomy: a multicenter, retrospective study",needs_review
A5100436425,Hyun Jung Kim,5,1,P0005,Korea University; Kyung Hee University; Seoul National University; Yonsei University,KR,yes,5,Korean Guidelines for Colorectal Cancer Screening and Polyp Detection,needs_review
A5102119560,Hae Jeong Jeon,5,1,P0005,Konkuk University,KR,yes,5,Korean Guidelines for Colorectal Cancer Screening and Polyp Detection,needs_review
A5100436421,Hyun Jung Kim,5,1,P0005,Korea University; Kyung Hee University; Seoul National University; Sungkyunkwan University; Yonsei University,KR,yes,5,Korean Guidelines for Colorectal Cancer Screening and Polyp Detection,needs_review
A5101848158,Jeewon Lee,5,1,P0005,Korea University,JP; KR,yes,5,Fluorescent Ferritin Nanoparticles and Application to the Aptamer Sensor,needs_review
A5059865111,Jae Hee Cheon,5,1,P0005,Ewha Womans University; Yonsei University,KR,yes,5,"Effect of Probiotic Lactobacillus (Lacidofil® Cap) for the Prevention of Antibiotic-associated Diarrhea: A Prospective, Randomized, Double-blind, Multicenter Study",needs_review
A5071322957,You Sun Kim,5,1,P0005,Inje University Seoul Paik Hospital; Sungkyunkwan University,KR,yes,5,Clinical Factors and Disease Course Related to Diagnostic Delay in Korean Crohn’s Disease Patients: Results from the CONNECT Study,needs_review
A5054844422,Kyu Chan Huh,5,1,P0005,Konyang University; Soonchunhyang University; Yonsei University,KR,yes,5,Sodium Picosulfate with Magnesium Citrate (SPMC) Plus Laxative Is a Good Alternative to Conventional Large Volume Polyethylene Glycol in Bowel Preparation: A Multicenter Randomized Single-Blinded Trial,needs_review
A5100658618,Soo Jung Park,5,1,P0005,Asan Medical Center; Ulsan College; University of Ulsan; Yonsei University,KR,yes,5,Diagnosis of Bleeding Meckel's Diverticulum in Adults,needs_review
A5009385328,Sang Hyoung Park,5,1,P0005,Asan Medical Center; Ulsan College; University of Ulsan; Yonsei University,KR,yes,5,Influence of anti-tumor necrosis factor-alpha therapy to pregnant inflammatory bowel disease women and their children’s immunity,needs_review
A5069866514,Dong‐Eog Kim,5,1,P0005,Chonnam National University Hospital; Dong-A University; Dong-A University Hospital; Dongguk University Ilsan Hospital,KR,yes,5,Three-month modified Rankin Scale as a determinant of 5-year cumulative costs after ischemic stroke,needs_review
A5008573288,Kyung‐Ho Yu,5,1,P0005,Chonnam National University Hospital; Hallym University; Hallym University Sacred Heart Hospital; Sacred Heart Hospital,KR; US,yes,5,Three-month modified Rankin Scale as a determinant of 5-year cumulative costs after ischemic stroke,needs_review
A5019914929,Philip B. Gorelick,5,1,P0005,Chonnam National University Hospital; Mercy Health; Northwestern University; W. L. Gore & Associates (Germany),DE; KR; US,yes,5,Three-month modified Rankin Scale as a determinant of 5-year cumulative costs after ischemic stroke,needs_review
A5100413485,Ji‐Hyun Lee,5,1,P0005,Ewha Womans University; Ewha Womans University Medical Center,KR,yes,5,Comparison of clinical outcomes after endoscopic submucosal dissection and surgery in the treatment of early gastric cancer,needs_review
A5027953512,Ji Hyun Song,5,1,P0005,Ewha Womans University Medical Center,KR,yes,5,The Prevalence and Clinical Characteristics of Reflux Esophagitis in Koreans and Its Possible Relation to Metabolic Syndrome,needs_review
A5100459366,Ki‐Hyun Kim,5,1,P0005,Busan Medical Center; Dong-A University,KR,yes,5,Vascular calcification score on plain radiographs of the feet as a predictor of peripheral arterial disease in patients with chronic kidney disease,needs_review
A5007395656,Seo-Hee Rha,5,1,P0005,Dong-A University,KR,yes,5,Vascular calcification score on plain radiographs of the feet as a predictor of peripheral arterial disease in patients with chronic kidney disease,needs_review
A5056257749,Sun Hee Roh,5,1,P0005,Ewha Womans University; Ewha Womans University Medical Center,KR,yes,5,The Clinical Meaning of Benign Colon Uptake in18F-FDG PET: Comparison with Colonoscopic Findings,needs_review
A5107945689,Hee‐Joon Bae,5,1,P0005,Seoul National University Bundang Hospital; Seoul National University Hospital,KR,yes,5,Quality of Acute Stroke Care within Emergency Medical Service System in Korea: Proposal for Severe Emergency Medical Center,needs_review
A5045922626,Kwon Yoo,5,1,P0005,Ewha Womans University Medical Center,KR,yes,5,Methylation of the Tumor Suppressor Gene RUNX3 in Human Gastric Carcinoma,needs_review
A5030743658,Bong Eun Lee,5,1,P0005,Korean Society of Neurogastroenterology and Motility; Pusan National University; Soonchunhyang University; Wonkwang University,KR,yes,5,Conventional Laxatives,needs_review
A5113020510,Yong Woo Song,5,1,P0005,Chung-Ang University,KR,yes,5,Controlling Nitrogen Oxide and Ultraviolet-A irradiance in ventilation duct system using TiO2 photocatalyst,needs_review
A5002210245,Miyoung Choi,5,1,P0005,National Evidenc- based healthcare Collaborating Agency,KR,yes,5,SARS-CoV-2 Vaccination for Adult Patients with Inflammatory Bowel Disease: Expert Consensus Statements by KASID,needs_review
A5060161034,Jung-Il Kim,5,1,P0005,Inje University Ilsan Paik Hospital,KR,yes,5,"The Effect of Non-regular Employment on the Health Behaviors, Mental Health and Quality of Life: Data from the Korea National Health and Nutrition Examination Survey 2013",needs_review
A5101601658,Minjung Kang,5,1,P0005,Ewha Womans University; Ewha Womans University Medical Center; Jeju National University,KR,yes,5,Predictable Factors of Biofeedback Therapy Compliance in Patients with Chronic Constipation due to Pelvic Floor Dyssynergia,needs_review
A5000137293,Seongyeon Cho,2,2,P0001; P0002,Gachon University; National University; Seoul National University,KR; SD,yes,5,Pt-Decorated Magnetic Nanozymes for Facile and Sensitive Point-of-Care Bioassay,needs_review
A5007655648,Sung Pil Kwon,2,2,P0001; P0005,Seoul National University,KR,yes,5,T‐Cell‐Mimicking Nanoparticles for Cancer Immunotherapy,needs_review
A5087989423,Jae‐Hyung Jeon,2,2,P0001; P0003,Asia Pacific Center for Theoretical Physics; Pohang University of Science and Technology; Sungkyunkwan University,KR,yes,5,Formation of cellular close-ended tunneling nanotubes through mechanical deformation,needs_review
A5100650579,Hyuncheol Kim,2,2,P0001; P0005,Sogang University,KR,yes,5,Development of exosome membrane materials-fused microbubbles for enhanced stability and efficient drug delivery of ultrasound contrast agent,needs_review
A5090770824,Sun Moon Kim,2,2,P0001; P0005,Catholic University of Korea,KR,yes,5,Branched oligomerization of cell-permeable peptides markedly enhances the transduction efficiency of adenovirus into mesenchymal stem cells,needs_review
A5041840523,Gi Won Shin,2,2,P0001; P0002,Health First; Pohang University of Science and Technology,KR; US,yes,5,Simultaneous quantitative detection of 12 pathogens using high‐resolution CE‐SSCP,needs_review
A5052371960,Hee Sung Hwang,2,2,P0001; P0002,Health First; Pohang University of Science and Technology,KR; US,yes,5,Simultaneous quantitative detection of 12 pathogens using high‐resolution CE‐SSCP,needs_review
A5040199365,Mi‐Hwa Oh,2,2,P0001; P0002,National Institute of Animal Science; Rural Development Administration,KR,yes,5,Simultaneous quantitative detection of 12 pathogens using high‐resolution CE‐SSCP,needs_review
A5028790314,Dong Keun Han,2,2,P0001; P0002,CHA University; Korea Institute of Science and Technology,KR,yes,5,Biomaterial-based strategies to prime dendritic cell-mediated anti-cancer immune responses,needs_review
A5042344146,Young Ho Ban,2,2,P0001; P0003,Yonsei University,KR,yes,5,MicroRNA-150 modulates intracellular Ca 2+ levels in naïve CD8+ T cells by targeting TMEM20,needs_review
A5108631421,Young-Jun Park,2,2,P0001; P0003,Korea Research Institute of Bioscience and Biotechnology; Korea University of Science and Technology; Seoul National University,KR,yes,5,MicroRNA-150 modulates intracellular Ca 2+ levels in naïve CD8+ T cells by targeting TMEM20,needs_review
A5003546968,Sang‐Jun Ha,2,2,P0001; P0003,Yonsei University,KR,yes,5,MicroRNA-150 modulates intracellular Ca 2+ levels in naïve CD8+ T cells by targeting TMEM20,needs_review
A5053461530,Nam Ki Lee,2,2,P0001; P0002,New Generation University College; Pohang University of Science and Technology; Seoul National University,ET; KR,yes,5,High‐resolution pluronic‐filled microchip CE‐SSCP analysis system via channel width control,needs_review
A5013188874,Jihyun Bae,2,2,P0002; P0005,Hanyang University; Kwangwoon University,KR,yes,5,Strategy for Sustainable Bio‐Value Chain Development: Algal Biomass Utilization Without Inhibitory Effects on Lactic Acid Production via Efficient Diluted Acid Hydrolysis of Brown Macroalga,needs_review
A5103008088,Ji‐Young Lim,2,2,P0003; P0005,Seoul National University,KR,yes,5,Monocyte-Derived Dendritic Cells Dictate the Memory Differentiation of CD8+ T Cells During Acute Infection,needs_review
A5009476522,In‐San Kim,2,2,P0003; P0005,Korea Institute of Science and Technology; Kyungpook National University,KR,yes,5,Anticoagulation therapy promotes the tumor immune-microenvironment and potentiates the efficacy of immunotherapy by alleviating hypoxia,needs_review
A5008732306,Seong‐Joon Koh,2,2,P0003; P0005,New Generation University College; Yonsei University,ET; KR,yes,5,Notch2−expressing CD4+ T cells attain immunoregulatory functions during autoimmune inflammation,needs_review
A5013064573,Taekyun Shin,2,2,P0004; P0005,Jeju National University; SK Group (South Korea),KR,yes,5,"13.8 A 1a-nm 1.05V 10.5Gb/s/pin 16Gb LPDDR5 Turbo DRAM with WCK Correction Strategy, a Voltage-Offset-Calibrated Receiver and Parasitic Capacitance Reduction",needs_review
A5055907176,SoonHo Kweon,4,1,P0001,Pohang University of Science and Technology; Samsung Medical Center,KR,yes,4,Expansion of Human NK Cells Using K562 Cells Expressing OX40 Ligand and Short Exposure to IL-21,needs_review
A5100366805,Jin-Ho Kim,4,1,P0001,Asan Medical Center; Sungkyunkwan University; Ulsan College; University of Ulsan,KR,yes,4,Expansion of Human NK Cells Using K562 Cells Expressing OX40 Ligand and Short Exposure to IL-21,needs_review
A5059045953,Yujin Baek,4,1,P0001,Seoul National University,KR,yes,4,Gold Nanoparticle‐Carrying T Cells for the Combined Immuno‐Photothermal Therapy,needs_review
A5012791367,Inpyo Choi,4,1,P0001,Korea Research Institute of Bioscience and Biotechnology; Korea University of Science and Technology,KR,yes,4,MicroRNA-150 regulates the cytotoxicity of natural killers by targeting perforin-1,needs_review
A5058106720,Dong Sung Kim,4,1,P0001,Pohang University of Science and Technology,KR,yes,4,Sinusoidal wavy surfaces for curvature-guided migration of T lymphocytes,needs_review
A5003478304,Won Jong Kim,4,1,P0001,Institute for Basic Science; Pohang University of Science and Technology,KR,yes,4,Harnessing the Formation of Natural Killer–Tumor Cell Immunological Synapses for Enhanced Therapeutic Effect in Solid Tumors,needs_review
A5013124722,Bo‐Gie Yang,4,1,P0001,Pohang University of Science and Technology,KR,yes,4,Negative role of inducible PD-1 on survival of activated dendritic cells,needs_review
A5100735244,Sang Joon Lee,4,1,P0001,Pohang University of Science and Technology,KR,yes,4,Microfluidic system for monitoring temporal variations of hemorheological properties and platelet adhesion in LPS-injected rats,needs_review
A5006969249,Jeong‐Yun Sun,4,1,P0001,Seoul National University,KR,yes,4,Jammed Microgel‐Based Inks for 3D Printing of Complex Structures Transformable via pH/Temperature Variations,needs_review
A5054580891,Suji Yun,4,1,P0001,Seoul National University,KR,yes,4,Imaging‐Based Efficacy Evaluation of Cancer Immunotherapy in Engineered Tumor Platforms and Tumor Organoids,needs_review
A5043539796,Sungwoo Park,4,1,P0002,Seoul National University,KR,yes,4,Vibrio sp. dhg as a platform for the biorefinery of brown macroalgae,needs_review
A5019410379,Beomhee Kim,4,1,P0002,Seoul National University,KR,yes,4,Vibrio sp. dhg as a platform for the biorefinery of brown macroalgae,needs_review
A5101787257,Hyomin Lee,4,1,P0002,Government of the Republic of Korea; Jeju National University; Seoul National University; The Seoul Institute,KR,yes,4,dCas9-mediated Nanoelectrokinetic Direct Detection of Target Gene for Liquid Biopsy,needs_review
A5101520382,Sung Jae Kim,4,1,P0002,Beijing Institute of Big Data Research; Government of the Republic of Korea; Seoul National University; The Seoul Institute,CN; KR,yes,4,dCas9-mediated Nanoelectrokinetic Direct Detection of Target Gene for Liquid Biopsy,needs_review
A5044722349,Chulhwan Park,4,1,P0002,Korea University; Kwangwoon University,KR,yes,4,Fabrication of Troponin I Biosensor Composed of Multi-Functional DNA Structure/Au Nanocrystal Using Electrochemical and Localized Surface Plasmon Resonance Dual-Detection Method,needs_review
A5073035689,Gi Yeon Kim,4,1,P0002,Seoul National University,KR,yes,4,Synthetic biology for evolutionary engineering: from perturbation of genotype to acquisition of desired phenotype,needs_review
A5102000910,Sung Won Cho,4,1,P0002,Seoul National University,KR,yes,4,Engineering Tools for the Development of Recombinant Lactic Acid Bacteria,needs_review
A5068036652,Myung Hwan Park,4,1,P0003,Namseoul University; Nation University; NovaCell Technology (South Korea); Seoul National University; Seoul National University of Science and Technology,KR; TH,yes,4,IL-21-mediated reversal of NK cell exhaustion facilitates anti-tumour immunity in MHC class I-deficient tumours,needs_review
A5001530320,Eun-Ah Bae,4,1,P0003,Namseoul University; Nation University; Seoul National University,KR; TH,yes,4,IFN-γ-induced MHCII+ inflammatory monocytes play a role for down-regulating CD8 T cell responses in acute LCMV infection,needs_review
A5005418615,Chang-Yuil Kang,4,1,P0003,Namseoul University; Nation University; Seoul National University,KR; TH,yes,4,IFN-γ-induced MHCII+ inflammatory monocytes play a role for down-regulating CD8 T cell responses in acute LCMV infection,needs_review
A5086762323,Jeongwon Choi,4,1,P0003,Namseoul University; Nation University; Seoul National University,KR; TH,yes,4,Analysis of immunogenicity of different sizes of HER2/neu antigen,needs_review
A5058915739,Myung‐Haeng Hur,4,1,P0004,Eulji University,KR,yes,4,"Effects of Virtual Reality (VR)-Based Meditation on Sleep Quality, Stress, and Autonomic Nervous System Balance in Nursing Students",needs_review
A5075933564,Ik-Lyul Bae,4,1,P0004,Daejeon Institute of Science and Technology; International University of Korea; R2M Solution (Italy); Woosong University,IT; KR,yes,4,"The Effects of AI-based ECG Waveform-Based Soundwave Solution Healing beats on Autonomic Nervous System Activity, Stress, and Brain Waves in Adults; Randomized Controlled Design",needs_review
A5101899294,Ki-Yong Kim,4,1,P0004,Gimcheon University,KR,yes,4,"The Effects of AI-based ECG Waveform-Based Soundwave Solution Healing beats on Autonomic Nervous System Activity, Stress, and Brain Waves in Adults; Randomized Controlled Design",needs_review
A5064421538,Seungchul Kim,4,1,P0004,Electronics and Telecommunications Research Institute,KR,yes,4,A Platform-Based SoC Design of a 32-Bit Smart Card,needs_review
A5009402144,Juyeob Kim,4,1,P0004,Electronics and Telecommunications Research Institute,KR,yes,4,Performance analysis of NoC structure based on Star-Mesh Topology,needs_review
A5110072125,Jin-Woong Hong,4,1,P0004,Kwangwoon University,KR,yes,4,Dependence of the Partial Discharge Characteristics of Ultra-high Voltage Cable Insulators on the Measuring Temperature,needs_review
A5029909932,Hyunmin Choi,4,1,P0004,Kwangwoon University,KR,yes,4,?Study on Electrical Conductive Mechanism in Five-Layered Structure of Organic Light-Emitting Diodes,needs_review
A5102991352,Jae Guk Kim,4,1,P0005,"Chonnam National University Hospital; Chung-Ang University Hospital; Daejeon Eulji Medical Center, Eulji University; Eulji University; Jeju National University; Jeju National University Hospital; Seoul National University Bundang Hospital",KR,yes,4,Executive Summary of Stroke Statistics in Korea 2018: A Report from the Epidemiology Research Council of the Korean Stroke Society,needs_review
A5042201071,Hyun‐Wook Nah,4,1,P0005,Chonnam National University Hospital; Dong-A University Hospital; National Medical Center,KR,yes,4,Executive Summary of Stroke Statistics in Korea 2018: A Report from the Epidemiology Research Council of the Korean Stroke Society,needs_review
A5046562530,Moo‐Seok Park,4,1,P0005,Chonnam National University Hospital; Seoul Medical Center,KR,yes,4,Executive Summary of Stroke Statistics in Korea 2018: A Report from the Epidemiology Research Council of the Korean Stroke Society,needs_review
A5051395190,Young Hoon Joo,4,1,P0005,Ewha Womans University; Ewha Womans University Medical Center,KR,yes,4,Lactobacillus paracasei-derived extracellular vesicles attenuate the intestinal inflammatory response by augmenting the endoplasmic reticulum stress pathway,needs_review
A5110222804,Kyoung-Joo Kwon,4,1,P0005,Ewha Womans University; Ewha Womans University Medical Center; Ewha Womans University Mokdong Hospital,KR,yes,4,Clinicopathological characteristics and prognosis of signet ring cell carcinoma of the stomach,needs_review
A5101816162,Ji-Young Lim,4,1,P0005,Ewha Womans University; Ewha Womans University Medical Center,KR,yes,4,Gender Specific Differences in Prevalence and Risk Factors for Gastro-Esophageal Reflux Disease,needs_review
A5067367286,Han Seung Ryu,4,1,P0005,Wonkwang University,KR,yes,4,Medical Management of Constipation in Elderly Patients: Systematic Review,needs_review
A5047186669,Jung‐Wook Kim,4,1,P0005,Kyung Hee University,KR,yes,4,Medical Management of Constipation in Elderly Patients: Systematic Review,needs_review
A5025886871,Eun‐Kee Jeong,4,1,P0005,Advanced Imaging Research (United States); Korea University; Korea University Medical Center; University of Utah,JP; KR; US,yes,4,Decreased brain PME / PDE ratio in bipolar disorder: a preliminary 31P magnetic resonance spectroscopy study,needs_review
A5023765422,Jae Kyu Sung,4,1,P0005,Chungnam National University,KR,yes,4,"Effect of Probiotic Lactobacillus (Lacidofil® Cap) for the Prevention of Antibiotic-associated Diarrhea: A Prospective, Randomized, Double-blind, Multicenter Study",needs_review
A5101640123,Eok‐Soo Oh,4,1,P0005,Ewha Womans University,KR,yes,4,Shed syndecan-2 enhances tumorigenic activities of colon cancer cells,needs_review
A5101853554,Heeyoung Lee,4,1,P0005,Chonnam National University Hospital; Seoul National University Bundang Hospital,KR,yes,4,Three-month modified Rankin Scale as a determinant of 5-year cumulative costs after ischemic stroke,needs_review
A5022194885,Wi‐Sun Ryu,4,1,P0005,Chonnam National University Hospital; Dongguk University Ilsan Hospital,KR,yes,4,Three-month modified Rankin Scale as a determinant of 5-year cumulative costs after ischemic stroke,needs_review
A5046239431,Byung‐Chul Lee,4,1,P0005,Chonnam National University Hospital; Hallym University Sacred Heart Hospital; Sacred Heart Hospital,KR; US,yes,4,Three-month modified Rankin Scale as a determinant of 5-year cumulative costs after ischemic stroke,needs_review
A5019802351,Jee‐Hyun Kwon,4,1,P0005,Chonnam National University Hospital; Chosun University Hospital; Ulsan University Hospital,KR,yes,4,Three-month modified Rankin Scale as a determinant of 5-year cumulative costs after ischemic stroke,needs_review
A5054528536,Jin‐Sun Park,4,1,P0005,Ewha Womans University,KR,yes,4,Neuroprotective and anti-inflammatory effects of the RIPK3 inhibitor GSK872 in an MPTP-induced mouse model of Parkinson's disease,needs_review
A5101713488,Hee-Sun Kim,4,1,P0005,Ewha Womans University,KR,yes,4,Neuroprotective and anti-inflammatory effects of the RIPK3 inhibitor GSK872 in an MPTP-induced mouse model of Parkinson's disease,needs_review
A5100348065,Nayoung Kim,4,1,P0005,Catholic University of Korea; Chungnam National University; Ewha Womans University; Hallym University; Korea University; Seoul National University Bundang Hospital; Soonchunhyang University; The Catholic University of Korea Seoul St. Mary's Hospital,KR,yes,4,"The Distribution of Endoscopic Gastritis in 25,536 Heath Check-up Subjects in Korea",needs_review
A5036418542,Su Jin Hong,4,1,P0005,Soonchunhyang University,KR,yes,4,"The Distribution of Endoscopic Gastritis in 25,536 Heath Check-up Subjects in Korea",needs_review
A5074534548,Geom Seog Seo,4,1,P0005,Catholic University of Korea; Ewha Womans University; Hallym University; Institut de Recherche en Santé Digestive; Korea University; Seoul National University Bundang Hospital; Soonchunhyang University; The Catholic University of Korea Seoul St. Mary's Hospital; Wonkwang University,FR; KR,yes,4,"The Distribution of Endoscopic Gastritis in 25,536 Heath Check-up Subjects in Korea",needs_review
A5006702854,Seon Hee Lim,4,1,P0005,Catholic University of Korea; Ewha Womans University; Hallym University; Korea University; Seoul National University Bundang Hospital; Seoul National University Hospital; Soonchunhyang University; The Catholic University of Korea Seoul St. Mary's Hospital,KR,yes,4,"The Distribution of Endoscopic Gastritis in 25,536 Heath Check-up Subjects in Korea",needs_review
A5051679124,Chung Hyeon Kim,4,1,P0005,Catholic University of Korea; Ewha Womans University; Hallym University; Korea University; Seoul National University Bundang Hospital; Seoul National University Hospital; Soonchunhyang University; The Catholic University of Korea Seoul St. Mary's Hospital,KR,yes,4,"The Distribution of Endoscopic Gastritis in 25,536 Heath Check-up Subjects in Korea",needs_review
A5083317033,Kyung Ran Cho,4,1,P0005,Catholic University of Korea; Ewha Womans University; Hallym University; Korea University; Seoul National University Bundang Hospital; Seoul National University Hospital; Soonchunhyang University; The Catholic University of Korea Seoul St. Mary's Hospital,KR,yes,4,"The Distribution of Endoscopic Gastritis in 25,536 Heath Check-up Subjects in Korea",needs_review
A5041019402,Soo‐Heon Park,4,1,P0005,Catholic University of Korea; Chungbuk National University; Kosin University; Kosin University Gospel Hospital; Soonchunhyang University; The Catholic University of Korea Seoul St. Mary's Hospital,KR,yes,4,"The Distribution of Endoscopic Gastritis in 25,536 Heath Check-up Subjects in Korea",needs_review
A5043856063,Hyun Chae Jung,4,1,P0005,Catholic University of Korea; Ewha Womans University; Hallym University; Inha University; Korea University; Seoul National University; Seoul National University Bundang Hospital; Soonchunhyang University; The Catholic University of Korea Seoul St. Mary's Hospital,KR,yes,4,"The Distribution of Endoscopic Gastritis in 25,536 Heath Check-up Subjects in Korea",needs_review
A5008363538,Inho Jo,4,1,P0005,Ewha Womans University,KR,yes,4,Therapeutic potential of tonsil-derived mesenchymal stem cells in dextran sulfate sodium-induced experimental murine colitis,needs_review
A5088316336,Hong Jun Park,4,1,P0005,Yonsei University,KR,yes,4,Cap-Assisted Chromoendoscopy Using a Mounted Cap Versus Standard Colonoscopy for Adenoma Detection,needs_review
A5072438777,Cheol Hee Park,4,1,P0005,Hallym University; Hallym University Medical Center; Soonchunhyang University; Yonsei University,KR,yes,4,Cap-Assisted Chromoendoscopy Using a Mounted Cap Versus Standard Colonoscopy for Adenoma Detection,needs_review
A5101723516,Se Hyung Kim,4,1,P0005,Korea University; Kyung Hee University; Seoul National University; Yonsei University,KR,yes,4,Korean Guidelines for Post-polypectomy Colonoscopic Surveillance,needs_review
A5102866886,Shin Hee Lee,4,1,P0005,Catholic University of Korea; Hanyang University Guri Hospital; The Catholic University of Korea Daejeon St. Mary's Hospital,KR,yes,4,Comparative outcomes of acute colonic diverticulitis in immunocompromised versus immunocompetent patients: a systematic review and meta-analysis,needs_review
A5100623514,Jin Su Kim,4,1,P0005,Bucheon University; Catholic University of Korea; Kosin University; Kosin University Gospel Hospital; Soonchunhyang University; The Catholic University of Korea Seoul St. Mary's Hospital,KR,yes,4,Use of Device-Assisted Enteroscopy in Small Bowel Disease: An Expert Consensus Statement by the Korean Association for the Study of Intestinal Diseases,needs_review
A5008907841,Kwangwoo Nam,4,1,P0005,Dankook University Hospital,KR,yes,4,Effect of Different Types of Antithrombotic Agents on Clinical Outcomes in Patients With Small Bowel Bleeding Who Underwent Balloon‐Assisted Enteroscopy: A KASID Multicenter Study,needs_review
A5029450269,Jin Chul Park,4,1,P0005,Chung-Ang University,KR,yes,4,Controlling Nitrogen Oxide and Ultraviolet-A irradiance in ventilation duct system using TiO2 photocatalyst,needs_review
A5100635865,Sung Chul Park,4,1,P0005,Kangwon National University; Kosin University,KR,yes,4,Risk factors of nonadherence to colonoscopy surveillance after polypectomy and its impact on clinical outcomes: a KASID multicenter study,needs_review
A5053221451,Hye In Kim,4,1,P0005,Ewha Womans University; Ewha Womans University Medical Center,KR,yes,4,Significance of calcium-sensing receptor expression in gastric cancer,needs_review
A5100387017,Tae‐Hun Kim,4,1,P0005,Ewha Womans University; Ewha Womans University Medical Center,KR,yes,4,Clinicopathological Characteristics of Gastric Cancer and Survival Improvement by Surgical Treatment in the Elderly,needs_review
A5006050216,Yeong Sook Yoon,4,1,P0005,Inje University Ilsan Paik Hospital,KR,yes,4,"The Effect of Non-regular Employment on the Health Behaviors, Mental Health and Quality of Life: Data from the Korea National Health and Nutrition Examination Survey 2013",needs_review
A5044278392,Dai Jung Yeo,4,1,P0005,Inje University Ilsan Paik Hospital,KR,yes,4,"The Effect of Non-regular Employment on the Health Behaviors, Mental Health and Quality of Life: Data from the Korea National Health and Nutrition Examination Survey 2013",needs_review
A5101919114,Jin-Oh Kim,4,1,P0005,Soonchunhyang University; Yonsei University,KR,yes,4,Variable Clinical Classifications and Diagnostic Coding Systems of Colorectal Neuroendocrine Tumor,needs_review
A5101989947,Joo‐Ho Lee,4,1,P0005,Ewha Womans University; Ewha Womans University Mokdong Hospital,KR,yes,4,Association Between Gut Regulatory Hormones and Post-operative Weight Loss Following Gastrectomy in Patients With Gastric Cancer,needs_review
A5110109255,Hye-Won Yun,4,1,P0005,Ewha Womans University; Ewha Womans University Medical Center,KR,yes,4,Caustic Injury of Upper Gastrointestinal Tract: 20 Year Experience at a Tertiary Referral Center,needs_review
A5078405742,Dongil Park,4,1,P0005,Kangbuk Samsung Hospital; Sungkyunkwan University,KR,yes,4,Su1289 Efficacy of Bowel Preparation With the Use of a General Diet Versus a Clear Liquid Diet With Polyethylene Glycol Electrolyte Solution,needs_review
A5100444966,Min Su Kim,3,1,P0001,Gachon University; Pohang University of Science and Technology,KR,yes,3,Pt-Decorated Magnetic Nanozymes for Facile and Sensitive Point-of-Care Bioassay,needs_review
A5015729955,Soon Ho Kweon,3,1,P0001,Gachon University; Pohang University of Science and Technology,KR,yes,3,Pt-Decorated Magnetic Nanozymes for Facile and Sensitive Point-of-Care Bioassay,needs_review
A5077447040,Je‐Min Choi,3,1,P0001,Hanyang University; Institute for Basic Science,KR,yes,3,T‐Cell‐Mimicking Nanoparticles for Cancer Immunotherapy,needs_review
A5045269587,Minh‐Trang Thi Phan,3,1,P0001,Pohang University of Science and Technology; Samsung Medical Center,KR,yes,3,Expansion of Human NK Cells Using K562 Cells Expressing OX40 Ligand and Short Exposure to IL-21,needs_review
A5086979761,Joshua S. Katz,3,1,P0001,Korea Research Institute of Bioscience and Biotechnology; Massachusetts Institute of Technology; University of Pennsylvania,KR; US,yes,3,Addressable Micropatterning of Multiple Proteins and Cells by Microscope Projection Photolithography Based on a Protein Friendly Photoresist,needs_review
A5006391548,Donghyun Jang,3,1,P0001,Institute for Basic Science; Pohang University of Science and Technology,KR,yes,3,Harnessing the Formation of Natural Killer–Tumor Cell Immunological Synapses for Enhanced Therapeutic Effect in Solid Tumors,needs_review
A5000358020,Yeoul Kang,3,1,P0001,Pohang University of Science and Technology,KR,yes,3,Harnessing the Formation of Natural Killer–Tumor Cell Immunological Synapses for Enhanced Therapeutic Effect in Solid Tumors,needs_review
A5052397437,Yeong Mi Lee,3,1,P0001,Institute for Basic Science; Pohang University of Science and Technology,KR,yes,3,Harnessing the Formation of Natural Killer–Tumor Cell Immunological Synapses for Enhanced Therapeutic Effect in Solid Tumors,needs_review
A5009850690,Kyoung Duck Seo,3,1,P0001,Pohang University of Science and Technology,KR,yes,3,One-Step Microfluidic Synthesis of Janus Microhydrogels with Anisotropic Thermo-Responsive Behavior and Organophilic/Hydrophilic Loading Capability,needs_review
A5051905445,Kwanghee Kim,3,1,P0001,Korea University; The University of Texas MD Anderson Cancer Center,KR; US,yes,3,Homotypic NK cell-to-cell communication controls cytokine responsiveness of innate immune NK cells,needs_review
A5091560212,Bosu Jeong,3,1,P0001,Pohang University of Science and Technology; Synlab Czech (Czechia),CZ; KR,yes,3,Combined two-photon microscopy and optical coherence tomography using individually optimized sources,needs_review
A5060435018,Byunghak Lee,3,1,P0001,Pohang University of Science and Technology; Synlab Czech (Czechia),CZ; KR,yes,3,Combined two-photon microscopy and optical coherence tomography using individually optimized sources,needs_review
A5003825516,Ki Hean Kim,3,1,P0001,Pohang University of Science and Technology,KR,yes,3,Combined two-photon microscopy and optical coherence tomography using individually optimized sources,needs_review
A5054323976,Bohwa Han,3,1,P0001,New Generation University College; Seoul National University; Seoul National University of Science and Technology,ET; KR,yes,3,Nanomaterials to improve cancer immunotherapy based on ex vivo engineered T cells and NK cells,needs_review
A5069904422,Yeonju Song,3,1,P0001,Seoul National University,KR,yes,3,Nanomaterials to improve cancer immunotherapy based on ex vivo engineered T cells and NK cells,needs_review
A5062046221,Seong-Eun Kim,3,1,P0001,Korea Research Institute of Bioscience and Biotechnology; Korea University of Science and Technology; Pohang University of Science and Technology,KR,yes,3,Natural Killer Cell Expansion and Cytotoxicity Differ Depending on the Culture Medium Used,needs_review
A5062299292,Se‐Chan Oh,3,1,P0001,Korea Research Institute of Bioscience and Biotechnology; Korea University of Science and Technology,KR,yes,3,NgR1 is an NK cell inhibitory receptor that destabilizes the immunological synapse,needs_review
A5086508893,Seok‐min Kim,3,1,P0001,Korea Research Institute of Bioscience and Biotechnology; Korea University of Science and Technology; Pohang University of Science and Technology,KR,yes,3,NgR1 is an NK cell inhibitory receptor that destabilizes the immunological synapse,needs_review
A5021758819,Suk Ran Yoon,3,1,P0001,Korea Research Institute of Bioscience and Biotechnology; Korea University of Science and Technology,KR,yes,3,NgR1 is an NK cell inhibitory receptor that destabilizes the immunological synapse,needs_review
A5062030443,Min‐Gyu Lee,3,1,P0001,New Generation University College; Seoul National University,ET; KR,yes,3,Jammed Microgel‐Based Inks for 3D Printing of Complex Structures Transformable via pH/Temperature Variations,needs_review
A5022393389,Dong Hun Kwak,3,1,P0002,Pohang University of Science and Technology,KR,yes,3,Vibrio sp. dhg as a platform for the biorefinery of brown macroalgae,needs_review
A5059418899,Sunghwa Woo,3,1,P0002,Pohang University of Science and Technology,KR,yes,3,Vibrio sp. dhg as a platform for the biorefinery of brown macroalgae,needs_review
A5109944101,Ho Joon Kim,3,1,P0002,Korea Institute of Science and Technology; New Generation University College; Seoul National University,ET; KR,yes,3,Tunable translation-level CRISPR interference by dCas13 and engineered gRNA in bacteria,needs_review
A5008606572,Keonwoo Kim,3,1,P0002,Seoul National University,KR,yes,3,Tunable translation-level CRISPR interference by dCas13 and engineered gRNA in bacteria,needs_review
A5082510130,Se Yeon Kim,3,1,P0002,Pohang University of Science and Technology,KR,yes,3,Model-driven rebalancing of the intracellular redox state for optimization of a heterologous n-butanol pathway in Escherichia coli,needs_review
A5076271673,Youngil Koh,3,1,P0002,Seoul National University Hospital,KR,yes,3,dCas9-mediated Nanoelectrokinetic Direct Detection of Target Gene for Liquid Biopsy,needs_review
A5101837423,Taek Lee,3,1,P0002,Kwangwoon University,KR,yes,3,Fabrication of Troponin I Biosensor Composed of Multi-Functional DNA Structure/Au Nanocrystal Using Electrochemical and Localized Surface Plasmon Resonance Dual-Detection Method,needs_review
A5013040626,Jaewoo Yim,3,1,P0002,Seoul National University,KR,yes,3,Engineering Tools for the Development of Recombinant Lactic Acid Bacteria,needs_review
A5041686861,Geunyung Park,3,1,P0002,Seoul National University,KR,yes,3,Synthetic biology tools for engineering Corynebacterium glutamicum,needs_review
A5022722737,Oju Jeon,3,1,P0002,Hanyang University,KR,yes,3,Nanosphere-mediated delivery of vascular endothelial growth factor gene for therapeutic angiogenesis in mouse ischemic limbs,needs_review
A5102143090,Jin Yang,3,1,P0002,Pohang University of Science and Technology,KR,yes,3,Universal model for designing 5′-UTRs for precise gene expression in Escherichia coli,needs_review
A5053522476,Kwang-Soo Shin,3,1,P0003,Namseoul University; Nation University; Seoul National University,KR; TH,yes,3,IFN-γ-induced MHCII+ inflammatory monocytes play a role for down-regulating CD8 T cell responses in acute LCMV infection,needs_review
A5035155539,Choong-Hyun Koh,3,1,P0003,Namseoul University; Nation University; Seoul National University,KR; TH,yes,3,IFN-γ-induced MHCII+ inflammatory monocytes play a role for down-regulating CD8 T cell responses in acute LCMV infection,needs_review
A5003401558,Insu Jeon,3,1,P0003,Namseoul University; Nation University; Seoul National University,KR; TH,yes,3,IFN-γ-induced MHCII+ inflammatory monocytes play a role for down-regulating CD8 T cell responses in acute LCMV infection,needs_review
A5064674109,Guruprasath Padmanaban,3,1,P0004,Kyungpook National University,KR,yes,3,Interleukin-4 receptor-targeted delivery of Bcl-xL siRNA sensitizes tumors to chemotherapy and inhibits tumor growth,needs_review
A5039049194,Moon‐Chang Baek,3,1,P0004,Kyungpook National University,KR,yes,3,Interleukin-4 receptor-targeted delivery of Bcl-xL siRNA sensitizes tumors to chemotherapy and inhibits tumor growth,needs_review
A5100377984,Dong‐Kyu Kim,3,1,P0004,Daegu-Gyeongbuk Medical Innovation Foundation,KR,yes,3,Interleukin-4 receptor-targeted delivery of Bcl-xL siRNA sensitizes tumors to chemotherapy and inhibits tumor growth,needs_review
A5066971246,Byung-Heon Lee,3,1,P0004,Kyungpook National University,KR,yes,3,Interleukin-4 receptor-targeted delivery of Bcl-xL siRNA sensitizes tumors to chemotherapy and inhibits tumor growth,needs_review
A5056771468,Sungjae Yoon,3,1,P0004,Electronics and Telecommunications Research Institute,KR,yes,3,Development of Speech Emotion Recognition Algorithm using MFCC and Prosody,needs_review
A5050883487,Hyoung-Ro Lee,3,1,P0004,Electronics and Telecommunications Research Institute; Semyung University,KR,yes,3,Development of an IoT-based visitor detection system,needs_review
A5061468707,Chi-Ho Lin,3,1,P0004,Semyung University,KR,yes,3,Development of an IoT-based visitor detection system,needs_review
A5059450283,Eun-Hi Choi,3,1,P0004,Eulji University,KR,yes,3,Latent Class Analysis of Health Behavior Changes Due to COVID-19 among Middle-Aged Korean Workers,needs_review
A5020165171,Ji-Ah Song,3,1,P0004,Konyang University; Woosong University,KR,yes,3,Effects of the Healing Beats Program among University Students after Exposure to a Source of Psychological Stress: A Randomized Control Trial,needs_review
A5077222653,Battumur Gerelmaa,3,1,P0004,Gyeongsang National University,KR,yes,3,A Study on Antecedents Affecting Customer Satisfaction in Mongolian Postal Service Sector,needs_review
A5081819083,Sun Cheol Park,3,1,P0004,Catholic University of Korea; The Catholic University of Korea Seoul St. Mary's Hospital,KR,yes,3,Optimized antithymocyte globulin dose in high risk kidney transplantation,needs_review
A5050966146,Sang Seob Yun,3,1,P0004,Catholic University of Korea; The Catholic University of Korea Seoul St. Mary's Hospital,KR,yes,3,Optimized antithymocyte globulin dose in high risk kidney transplantation,needs_review
A5080563770,Jae Bum Kim,3,1,P0005,Ewha Womans University; Seoul National University,KR,yes,3,Adiponectin Represses Colon Cancer Cell Proliferation via AdipoR1- and -R2-Mediated AMPK Activation,needs_review
A5049417086,Moo In Park,3,1,P0005,Kosin University,KR,yes,3,Change of Fecal Flora and Effectiveness of the Short-term VSL#3 Probiotic Treatment in Patients With Functional Constipation,needs_review
A5013190881,Hoon Sup Koo,3,1,P0005,Konyang University,KR,yes,3,Change of Fecal Flora and Effectiveness of the Short-term VSL#3 Probiotic Treatment in Patients With Functional Constipation,needs_review
A5064286779,Dong Yup Ryu,3,1,P0005,Pusan National University; Pusan National University Hospital,KR,yes,3,"Risk factors for complications and mortality of percutaneous endoscopic gastrostomy: a multicenter, retrospective study",needs_review
A5028417978,Young Sin Cho,3,1,P0005,Soonchunhyang University,KR,yes,3,Medical Management of Constipation in Elderly Patients: Systematic Review,needs_review
A5103278175,Sun Moon Kim,3,1,P0005,Cedars-Sinai Medical Center; Ewha Womans University; Konyang University,KR; US,yes,3,Autoimmunity Links Vinculin to the Pathophysiology of Chronic Functional Bowel Changes Following Campylobacter jejuni Infection in a Rat Model,needs_review
A5110067004,Jin-Seung Park,3,1,P0005,Korea University,KR,yes,3,Fluorescent Ferritin Nanoparticles and Application to the Aptamer Sensor,needs_review
A5062423145,Chang Hwan Choi,3,1,P0005,Chung-Ang University,KR,yes,3,Colonic Mucosal Immune Activity in Irritable Bowel Syndrome: Comparison with Healthy Controls and Patients with Ulcerative Colitis,needs_review
A5008009334,Hyesook Park,3,1,P0005,Ewha Womans University,KR,yes,3,"Effect of Probiotic Lactobacillus (Lacidofil® Cap) for the Prevention of Antibiotic-associated Diarrhea: A Prospective, Randomized, Double-blind, Multicenter Study",needs_review
A5031044460,Won Ho Kim,3,1,P0005,Yonsei University,KR,yes,3,"Effect of Probiotic Lactobacillus (Lacidofil® Cap) for the Prevention of Antibiotic-associated Diarrhea: A Prospective, Randomized, Double-blind, Multicenter Study",needs_review
A5112103560,Sung-Ae Jung,3,1,P0005,Ewha Womans University,KR,yes,3,Clinical Factors and Disease Course Related to Diagnostic Delay in Korean Crohn’s Disease Patients: Results from the CONNECT Study,needs_review
A5113051017,Yunho Jung,3,1,P0005,Soonchunhyang University,KR,yes,3,Clinical Factors and Disease Course Related to Diagnostic Delay in Korean Crohn’s Disease Patients: Results from the CONNECT Study,needs_review
A5100393583,Young‐Ho Kim,3,1,P0005,Inje University Seoul Paik Hospital; Sungkyunkwan University,KR,yes,3,Clinical Factors and Disease Course Related to Diagnostic Delay in Korean Crohn’s Disease Patients: Results from the CONNECT Study,needs_review
A5026949923,Hee Jung Choi,3,1,P0005,Ewha Womans University; Ewha Womans University Medical Center,KR,yes,3,The First Case of Antibiotic-associated Colitis by Clostridium difficile PCR Ribotype 027 in Korea,needs_review
A5103496834,Yang-Hee Joo,3,1,P0005,Ewha Womans University; Ewha Womans University Medical Center,KR,yes,3,Involvement of adiponectin in early stage of colorectal carcinogenesis,needs_review
A5004901622,In‐Kyoung Lee,3,1,P0005,Jeonbuk National University,KR,yes,3,"Daldinan A, a novel isoindolinone antioxidant from the ascomycete Daldinia concentrica",needs_review
A5085004752,Dae‐Won Ki,3,1,P0005,Jeonbuk National University,KR,yes,3,"Daldinan A, a novel isoindolinone antioxidant from the ascomycete Daldinia concentrica",needs_review
A5028304931,Bong‐Sik Yun,3,1,P0005,Jeonbuk National University,KR,yes,3,"Daldinan A, a novel isoindolinone antioxidant from the ascomycete Daldinia concentrica",needs_review
A5018197382,Bom Sahn Kim,3,1,P0005,Ewha Womans University; Ewha Womans University Medical Center,KR,yes,3,Diffuse splenic FDG uptake is predictive of clinical outcomes in patients with rectal cancer,needs_review
A5100650925,Jung‐Won Park,3,1,P0005,Chonnam National University Hospital; Severance Hospital; Yonsei University,KR,yes,3,Spontaneously Reported Hepatic Adverse Drug Events in Korea: Multicenter Study,needs_review
A5100438953,Hyun Soo Kim,3,1,P0005,Kyung Hee University; Soonchunhyang University; Yonsei University,KR,yes,3,Sodium Picosulfate with Magnesium Citrate (SPMC) Plus Laxative Is a Good Alternative to Conventional Large Volume Polyethylene Glycol in Bowel Preparation: A Multicenter Randomized Single-Blinded Trial,needs_review
A5101420561,Joo Ho Lee,3,1,P0005,Ewha Womans University Medical Center,KR,yes,3,The Clinicopathological Significance of Tissue Levels of Hypoxia-Inducible Factor-1α and Vascular Endothelial Growth Factor in Gastric Cancer,needs_review
A5034373683,Ji-Hee Kwon,3,1,P0005,Yonsei University,KR,yes,3,Suppressive effect of α-mangostin for cancer stem cells in colorectal cancer via the Notch pathway,needs_review
A5003463853,Young‐Ho Ahn,3,1,P0005,Ewha Womans University; Ewha Womans University Medical Center,KR,yes,3,Suppressive effect of α-mangostin for cancer stem cells in colorectal cancer via the Notch pathway,needs_review
A5043191941,Seung‐Yong Seo,3,1,P0005,Gachon University,KR,yes,3,Suppressive effect of α-mangostin for cancer stem cells in colorectal cancer via the Notch pathway,needs_review
A5070707669,Dong‐Ick Shin,3,1,P0005,Chonnam National University Hospital; Chungbuk National University; Chungbuk National University Hospital,KR,yes,3,Three-month modified Rankin Scale as a determinant of 5-year cumulative costs after ischemic stroke,needs_review
A5100733985,Dae‐Hyun Kim,3,1,P0005,Chonnam National University Hospital; Dong-A University; Dong-A University Hospital; Dongguk University Ilsan Hospital,KR,yes,3,Three-month modified Rankin Scale as a determinant of 5-year cumulative costs after ischemic stroke,needs_review
A5068131006,Sung‐Il Sohn,3,1,P0005,Chonnam National University Hospital; Keimyung University,KR,yes,3,Three-month modified Rankin Scale as a determinant of 5-year cumulative costs after ischemic stroke,needs_review
A5001115601,Wook‐Joo Kim,3,1,P0005,Chonnam National University Hospital; Ulsan University Hospital,KR,yes,3,Three-month modified Rankin Scale as a determinant of 5-year cumulative costs after ischemic stroke,needs_review
A5000931566,Yea‐Hyun Leem,3,1,P0005,Ewha Womans University,KR,yes,3,Neuroprotective and anti-inflammatory effects of the RIPK3 inhibitor GSK872 in an MPTP-induced mouse model of Parkinson's disease,needs_review
A5069076427,Sinhwa Baek,3,1,P0005,Yuhan University,KR,yes,3,Enzyme-derived deer velvet extract activate the immune response in cyclophosphamide-induced immunosuppressive mice,needs_review
A5019618986,Gwang Ho Baik,3,1,P0005,Hallym University,KR,yes,3,"The Distribution of Endoscopic Gastritis in 25,536 Heath Check-up Subjects in Korea",needs_review
A5111746498,Sam-Ryong Jee,3,1,P0005,Ewha Womans University; Inje University,KR,yes,3,"The Distribution of Endoscopic Gastritis in 25,536 Heath Check-up Subjects in Korea",needs_review
A5109088308,Hyun-Shin Park,3,1,P0005,Inha University; Seoul National University Bundang Hospital,KR,yes,3,"The Distribution of Endoscopic Gastritis in 25,536 Heath Check-up Subjects in Korea",needs_review
A5100414810,Donghee Kim,3,1,P0005,Catholic University of Korea; Ewha Womans University; Hallym University; Korea University; Seoul National University Bundang Hospital; Seoul National University Hospital; Soonchunhyang University; The Catholic University of Korea Seoul St. Mary's Hospital,KR,yes,3,"The Distribution of Endoscopic Gastritis in 25,536 Heath Check-up Subjects in Korea",needs_review
A5070006828,Geun Am Song,3,1,P0005,Busan National University of Education; Catholic University of Korea; Ewha Womans University; Hallym University; Keimyung University; Korea University; Seoul National University Bundang Hospital; Soonchunhyang University; The Catholic University of Korea Seoul St. Mary's Hospital,KR,yes,3,"The Distribution of Endoscopic Gastritis in 25,536 Heath Check-up Subjects in Korea",needs_review
A5109180439,In-Sik Chung,3,1,P0005,Catholic University of Korea; Financial Research (Hungary); Soonchunhyang University,HU; KR,yes,3,"The Distribution of Endoscopic Gastritis in 25,536 Heath Check-up Subjects in Korea",needs_review
A5110652820,Chang Yoon Ha,3,1,P0005,Ewha Womans University Medical Center,KR,yes,3,The Prevalence and Clinical Characteristics of Reflux Esophagitis in Koreans and Its Possible Relation to Metabolic Syndrome,needs_review
A5033802264,Heejeong Hong,3,1,P0005,Ewha Womans University,KR,yes,3,Inflammatory hypoxia induces syndecan‐2 expression through IL‐1b–mediated FOXO3a activation in colonic epithelia,needs_review
A5017425814,Byung Ik Jang,3,1,P0005,Inje University; Yeungnam University; Yeungnam University College,KR,yes,3,Learning Curve of Capsule Endoscopy,needs_review
A5019619340,So‐Youn Woo,3,1,P0005,Ewha Womans University,KR,yes,3,Emergence of rifampin-resistant staphylococci after rifaximin administration in cirrhotic patients,needs_review
A5110198637,Youn Ju Na,3,1,P0005,Ewha Womans University Medical Center,KR,yes,3,Primary Esophageal Adenoid Cystic Carcinoma,needs_review
A5110308069,Hae Sun Jung,3,1,P0005,Ewha Womans University Medical Center,KR,yes,3,Primary Esophageal Adenoid Cystic Carcinoma,needs_review
A5101900331,Hye In Kim,3,1,P0005,Ewha Womans University; Ewha Womans University Medical Center,KR,yes,3,The Clinical Meaning of Benign Colon Uptake in18F-FDG PET: Comparison with Colonoscopic Findings,needs_review
A5015654491,Yeong-Hyeon Choi,3,1,P0005,Hanyang University,KR,yes,3,Faux Fur Trade Networks Using Macroscopic Data: A Social Network Approach,needs_review
A5101802194,Do Yeon Kim,3,1,P0005,Seoul National University Bundang Hospital; Seoul National University Hospital; Soonchunhyang University Hospital Seoul,KR,yes,3,Quality of Acute Stroke Care within Emergency Medical Service System in Korea: Proposal for Severe Emergency Medical Center,needs_review
A5054566026,Hyeon Jeong Goong,3,1,P0005,Bucheon University; Catholic University of Korea; Soonchunhyang University; The Catholic University of Korea Daejeon St. Mary's Hospital,KR,yes,3,Use of Device-Assisted Enteroscopy in Small Bowel Disease: An Expert Consensus Statement by the Korean Association for the Study of Intestinal Diseases,needs_review
A5045392591,Hee Seok Moon,3,1,P0005,Chungnam National University Hospital; Kosin University Gospel Hospital,KR,yes,3,Use of Device-Assisted Enteroscopy in Small Bowel Disease: An Expert Consensus Statement by the Korean Association for the Study of Intestinal Diseases,needs_review
A5018240383,Yoon Tae Jeen,3,1,P0005,Korea University,KR,yes,3,Clinical Efficacy of Real-Time Artificial Intelligence-Assisted Colonoscopy in Colorectal Polyp Detection: A Prospective Multicenter Randomized Controlled Trial,needs_review
A5100392582,Jihye Park,3,1,P0005,Severance Hospital; Yonsei University,KR,yes,3,Effect of Different Types of Antithrombotic Agents on Clinical Outcomes in Patients With Small Bowel Bleeding Who Underwent Balloon‐Assisted Enteroscopy: A KASID Multicenter Study,needs_review
A5011549329,Joo Hye Song,3,1,P0005,Konkuk University; Konkuk University Medical Center,KR,yes,3,Effect of Different Types of Antithrombotic Agents on Clinical Outcomes in Patients With Small Bowel Bleeding Who Underwent Balloon‐Assisted Enteroscopy: A KASID Multicenter Study,needs_review
A5047850471,Jae Hyun Kim,3,1,P0005,Catholic University of Korea; Kosin University; The Catholic University of Korea Seoul St. Mary's Hospital,KR,yes,3,Effect of Different Types of Antithrombotic Agents on Clinical Outcomes in Patients With Small Bowel Bleeding Who Underwent Balloon‐Assisted Enteroscopy: A KASID Multicenter Study,needs_review
A5075445683,Won Moon,3,1,P0005,Kosin University,KR,yes,3,Gastric lesions in patients with Crohn's disease in Korea: a multicenter study,needs_review
A5012876378,Ja Seol Koo,3,1,P0005,Korea University,KR,yes,3,Gastric lesions in patients with Crohn's disease in Korea: a multicenter study,needs_review
A5069425218,Jaeyoung Chun,3,1,P0005,Seoul National University; Seoul National University Hospital; University of Seoul,KR,yes,3,Risk factors of nonadherence to colonoscopy surveillance after polypectomy and its impact on clinical outcomes: a KASID multicenter study,needs_review
A5030505336,Hye Ah Lee,3,1,P0005,Ewha Womans University; Ewha Womans University Mokdong Hospital,KR,yes,3,Clinical impact of pre-hypertension on the risk of cancer in male and female subjects,needs_review
A5100762159,Jun Hyung Lee,3,1,P0005,Inje University Ilsan Paik Hospital,KR,yes,3,"The Effect of Non-regular Employment on the Health Behaviors, Mental Health and Quality of Life: Data from the Korea National Health and Nutrition Examination Survey 2013",needs_review
A5035953909,Eun Gyoung Song,3,1,P0005,Inje University Ilsan Paik Hospital,KR,yes,3,"The Effect of Non-regular Employment on the Health Behaviors, Mental Health and Quality of Life: Data from the Korea National Health and Nutrition Examination Survey 2013",needs_review
A5101922376,Hyewon Yun,3,1,P0005,Ewha Womans University; Ewha Womans University Medical Center,KR,yes,3,What's the Clinical Features of Colitis in Elderly People in Long-Term Care Facilities?,needs_review
A5100768030,Min Woo Lee,3,1,P0005,Ewha Womans University Medical Center,KR,yes,3,What's the Clinical Features of Colitis in Elderly People in Long-Term Care Facilities?,needs_review
A5109967143,Kyoung Joo Kwon,3,1,P0005,Dongwha Pharm (South Korea); Ewha Womans University; Ewha Womans University Medical Center; Medical Research Institute,KR; LK,yes,3,Clinical Characteristics and Treatment Outcome of Colonic Diverticulitis in Young Patients,needs_review
A5026934317,Hyo Moon Son,3,1,P0005,Ewha Womans University,KR,yes,3,Background Colonic 18F-Fluoro-2-Deoxy-D-Glucose Uptake on Positron Emission Tomography Is Associated with the Presence of Colorectal Adenoma,needs_review
A5020294088,Ah Rum Choi,3,1,P0005,Health Insurance Review and Assessment Service,KR,yes,3,Network analysis of stroke systems of care in Korea,needs_review
A5101695664,Mi Yeon Kang,3,1,P0005,Health Insurance Review and Assessment Service,KR,yes,3,Network analysis of stroke systems of care in Korea,needs_review
A5049056805,Ji Taek Hong,3,1,P0005,Ewha Womans University,KR,yes,3,Prediction of Severity and Adverse Outcomes Associated with Perforation in Patients Presenting to the Emergency Department with Esophageal Injury,needs_review
A5071080570,June Hwa Bae,3,1,P0005,Daegu Catholic University,KR,yes,3,Practices and perceptions of 5-aminosalicylic acid use in Crohn’s disease: a nationwide survey of physicians in Korea by KASID Guidelines Taskforce Team,needs_review
A5100413790,Dong Hyun Kim,3,1,P0005,Chonnam National University; Chonnam National University Hospital,KR,yes,3,Practices and perceptions of 5-aminosalicylic acid use in Crohn’s disease: a nationwide survey of physicians in Korea by KASID Guidelines Taskforce Team,needs_review
A5047883408,Seung Min Hong,3,1,P0005,Pusan National University Hospital,KR,yes,3,Practices and perceptions of 5-aminosalicylic acid use in Crohn’s disease: a nationwide survey of physicians in Korea by KASID Guidelines Taskforce Team,needs_review
A5055420634,Seong Jung Kim,3,1,P0005,Chosun University; Ewha Womans University; Ewha Womans University Mokdong Hospital,KR,yes,3,Practices and perceptions of 5-aminosalicylic acid use in Crohn’s disease: a nationwide survey of physicians in Korea by KASID Guidelines Taskforce Team,needs_review
A5100442889,Jun Lee,3,1,P0005,Chosun University,KR,yes,3,Practices and perceptions of 5-aminosalicylic acid use in Crohn’s disease: a nationwide survey of physicians in Korea by KASID Guidelines Taskforce Team,needs_review
A5048355567,Jae-Ho Yu,3,1,P0005,Sun Moon University,KR,yes,3,Effect of Post-Activation Potentiation according to Sequence of Velocity Using Isokinetic Device on Short-Term Performance of Lower Extremity: Taekwondo Athletes and Healthy Adults,needs_review
A5103100620,Hye Won Kang,3,1,P0005,Dongwha Pharm (South Korea); Ewha Womans University; Ewha Womans University Medical Center; Medical Research Institute,KR; LK,yes,3,The Impact of Radiation Exposure on the Prevalence of Functional Dyspepsia and Irritable Bowel Syndrome in Hospital Radiation Workers,needs_review
A5040065756,Young-Ki Son,3,1,P0005,Dong-A University,KR,yes,3,Clinical courses of the adult patients with idiopathic membranous nephropathy,needs_review
A5039386540,Hyeon Kyeong Jeon,3,1,P0005,Ewha Womans University; Ewha Womans University Medical Center,KR,yes,3,Successful Management of a Gastric Leak with Endoscopic Stent after Sleeve Gastrectomy,needs_review
A5005164159,Ki Hwa Yang,3,1,P0005,Health Insurance Review and Assessment Service,KR,yes,3,Abstract WP355: Quality of Stroke Care Between 2008 and 2014 in Korea: Analysis of the Nationwide Acute Stroke Quality Assessment Program,needs_review
A5044550389,Mikyung Kang,2,1,P0001,Seoul National University,KR,yes,2,T‐Cell‐Mimicking Nanoparticles for Cancer Immunotherapy,needs_review
A5109599649,Jihye Hong,2,1,P0001,Seoul National University,KR,yes,2,T‐Cell‐Mimicking Nanoparticles for Cancer Immunotherapy,needs_review
A5041548362,Mungyo Jung,2,1,P0001,Seoul National University,KR,yes,2,T‐Cell‐Mimicking Nanoparticles for Cancer Immunotherapy,needs_review
A5074758500,Seuk Young Song,2,1,P0001,Seoul National University,KR,yes,2,T‐Cell‐Mimicking Nanoparticles for Cancer Immunotherapy,needs_review
A5088126909,Ja‐Hyun Koo,2,1,P0001,Hanyang University,KR,yes,2,T‐Cell‐Mimicking Nanoparticles for Cancer Immunotherapy,needs_review
A5073676165,Ju Hee Ryu,2,1,P0001,Korea Institute of Science and Technology; Korea University,KR,yes,2,T‐Cell‐Mimicking Nanoparticles for Cancer Immunotherapy,needs_review
A5103754673,Sangho Lim,2,1,P0001,Hanyang University,KR,yes,2,dNP2 is a blood–brain barrier-permeable peptide enabling ctCTLA-4 protein delivery to ameliorate experimental autoimmune encephalomyelitis,needs_review
A5005182942,Won‐Ju Kim,2,1,P0001,Hanyang University,KR,yes,2,dNP2 is a blood–brain barrier-permeable peptide enabling ctCTLA-4 protein delivery to ameliorate experimental autoimmune encephalomyelitis,needs_review
A5102317813,Heeseok Yoon,2,1,P0001,Hanyang University,KR,yes,2,dNP2 is a blood–brain barrier-permeable peptide enabling ctCTLA-4 protein delivery to ameliorate experimental autoimmune encephalomyelitis,needs_review
A5100336724,Do-Hyun Kim,2,1,P0001,Hanyang University,KR,yes,2,dNP2 is a blood–brain barrier-permeable peptide enabling ctCTLA-4 protein delivery to ameliorate experimental autoimmune encephalomyelitis,needs_review
A5016011384,Hong‐Gyun Lee,2,1,P0001,Hanyang University,KR,yes,2,dNP2 is a blood–brain barrier-permeable peptide enabling ctCTLA-4 protein delivery to ameliorate experimental autoimmune encephalomyelitis,needs_review
A5076121426,Ji Yun Kim,2,1,P0001,Hanyang University,KR,yes,2,dNP2 is a blood–brain barrier-permeable peptide enabling ctCTLA-4 protein delivery to ameliorate experimental autoimmune encephalomyelitis,needs_review
A5007382558,Hongtae Kim,2,1,P0001,Institute for Basic Science; Pohang University of Science and Technology; Sungkyunkwan University,KR,yes,2,dNP2 is a blood–brain barrier-permeable peptide enabling ctCTLA-4 protein delivery to ameliorate experimental autoimmune encephalomyelitis,needs_review
A5051337101,Sang‐Kyou Lee,2,1,P0001,Institute for Basic Science; Samsung (South Korea); Yonsei University,KR,yes,2,dNP2 is a blood–brain barrier-permeable peptide enabling ctCTLA-4 protein delivery to ameliorate experimental autoimmune encephalomyelitis,needs_review
A5073677422,Minah Suh,2,1,P0001,Institute for Basic Science; Samsung (South Korea); Sungkyunkwan University,KR,yes,2,dNP2 is a blood–brain barrier-permeable peptide enabling ctCTLA-4 protein delivery to ameliorate experimental autoimmune encephalomyelitis,needs_review
A5111215585,In-Ae Park,2,1,P0001,Pohang University of Science and Technology; Seoul National University,KR,yes,2,Microfluidic Cell Stretching for Highly Effective Gene Delivery into Hard-to-Transfect Primary Cells,needs_review
A5020717208,Aram J. Chung,2,1,P0001,Korea University; STR Biotech (South Korea),JP; KR,yes,2,Microfluidic Cell Stretching for Highly Effective Gene Delivery into Hard-to-Transfect Primary Cells,needs_review
A5049700978,Ha-Ram Park,2,1,P0001,Seoul National University,KR,yes,2,Anti-tumor effects of NK cells and anti-PD-L1 antibody with antibody-dependent cellular cytotoxicity in PD-L1-positive cancer cell lines,needs_review
A5100350588,Soyeon Kim,2,1,P0001,Biomedical Research Institute; Pohang University of Science and Technology; Seoul National University; Seoul National University Hospital,KR; US,yes,2,Anti-tumor effects of NK cells and anti-PD-L1 antibody with antibody-dependent cellular cytotoxicity in PD-L1-positive cancer cell lines,needs_review
A5111046380,Miso Kim,2,1,P0001,Seoul National University; Seoul National University Hospital,KR,yes,2,Anti-tumor effects of NK cells and anti-PD-L1 antibody with antibody-dependent cellular cytotoxicity in PD-L1-positive cancer cell lines,needs_review
A5100719069,Tae Min Kim,2,1,P0001,Seoul National University; Seoul National University Hospital,KR,yes,2,Anti-tumor effects of NK cells and anti-PD-L1 antibody with antibody-dependent cellular cytotoxicity in PD-L1-positive cancer cell lines,needs_review
A5100638261,Dong‐Wan Kim,2,1,P0001,Seoul National University; Seoul National University Hospital,KR,yes,2,Anti-tumor effects of NK cells and anti-PD-L1 antibody with antibody-dependent cellular cytotoxicity in PD-L1-positive cancer cell lines,needs_review
A5024891671,Dae Seog Heo,2,1,P0001,Seoul National University; Seoul National University Hospital,KR,yes,2,Anti-tumor effects of NK cells and anti-PD-L1 antibody with antibody-dependent cellular cytotoxicity in PD-L1-positive cancer cell lines,needs_review
A5101686279,Seong Eun Kim,2,1,P0001,Pohang University of Science and Technology,KR,yes,2,Cationic Nanoparticle-Mediated Activation of Natural Killer Cells for Effective Cancer Immunotherapy,needs_review
A5075962780,Wooram Park,2,1,P0001,Catholic University of Korea,KR,yes,2,Cationic Nanoparticle-Mediated Activation of Natural Killer Cells for Effective Cancer Immunotherapy,needs_review
A5014715024,Chun Gwon Park,2,1,P0001,Sungkyunkwan University,KR,yes,2,T‐Cell‐Derived Nanovesicles for Cancer Immunotherapy,needs_review
A5004493776,Minhyeok Chang,2,1,P0001,Pohang University of Science and Technology,KR,yes,2,Formation of cellular close-ended tunneling nanotubes through mechanical deformation,needs_review
A5061574889,Jaeho Oh,2,1,P0001,Pohang University of Science and Technology,KR,yes,2,Formation of cellular close-ended tunneling nanotubes through mechanical deformation,needs_review
A5033453546,Jong‐Bong Lee,2,1,P0001,Asia Pacific Center for Theoretical Physics; Pohang University of Science and Technology,KR,yes,2,Formation of cellular close-ended tunneling nanotubes through mechanical deformation,needs_review
A5090627047,Keondo Lee,2,1,P0001,Pohang University of Science and Technology,KR,yes,2,"User-friendly image-activated microfluidic cell sorting technique using an optimized, fast deep learning algorithm",needs_review
A5020648634,Wan Kyun Chung,2,1,P0001,Pohang University of Science and Technology,KR,yes,2,"User-friendly image-activated microfluidic cell sorting technique using an optimized, fast deep learning algorithm",needs_review
A5088140886,Yungyeong Lee,2,1,P0001,Seoul National University,KR,yes,2,A Water‐Soluble Organic Photocatalyst Discovered for Highly Efficient Additive‐Free Visible‐Light‐Driven Grafting of Polymers from Proteins at Ambient and Aqueous Environments,needs_review
A5037387745,Yonghwan Kwon,2,1,P0001,Seoul National University; Ulsan National Institute of Science and Technology,KR,yes,2,A Water‐Soluble Organic Photocatalyst Discovered for Highly Efficient Additive‐Free Visible‐Light‐Driven Grafting of Polymers from Proteins at Ambient and Aqueous Environments,needs_review
A5068411122,Changhoon Yu,2,1,P0001,Seoul National University,KR,yes,2,A Water‐Soluble Organic Photocatalyst Discovered for Highly Efficient Additive‐Free Visible‐Light‐Driven Grafting of Polymers from Proteins at Ambient and Aqueous Environments,needs_review
A5024933039,Min Sang Kwon,2,1,P0001,Seoul National University,KR,yes,2,A Water‐Soluble Organic Photocatalyst Discovered for Highly Efficient Additive‐Free Visible‐Light‐Driven Grafting of Polymers from Proteins at Ambient and Aqueous Environments,needs_review
A5063117541,Seongmin An,2,1,P0001,Seoul National University,KR,yes,2,Spatiotemporally modulated full-polarized light emission for multiplexed optical encryption,needs_review
A5069444992,Sungjee Kim,2,1,P0001,Pohang University of Science and Technology,KR,yes,2,Gold Nanoparticle‐Carrying T Cells for the Combined Immuno‐Photothermal Therapy,needs_review
A5008459970,Pil J. Yoo,2,1,P0001,Pohang University of Science and Technology; Sungkyunkwan University; University of Pennsylvania,KR; US,yes,2,One-Step Generation of Multifunctional Polyelectrolyte Microcapsules via Nanoscale Interfacial Complexation in Emulsion (NICE),needs_review
A5049499414,Min‐Gon Kim,2,1,P0001,Korea Research Institute of Bioscience and Biotechnology,KR,yes,2,Addressable Micropatterning of Multiple Proteins and Cells by Microscope Projection Photolithography Based on a Protein Friendly Photoresist,needs_review
A5031159007,Sooseok Im,2,1,P0001,Pohang University of Science and Technology,KR,yes,2,Harnessing the Formation of Natural Killer–Tumor Cell Immunological Synapses for Enhanced Therapeutic Effect in Solid Tumors,needs_review
A5055484623,Gurusamy Saravanakumar,2,1,P0001,Pohang University of Science and Technology,KR,yes,2,Harnessing the Formation of Natural Killer–Tumor Cell Immunological Synapses for Enhanced Therapeutic Effect in Solid Tumors,needs_review
A5005282271,Zung Yoon Yang,2,1,P0001,Cell Biotech (South Korea),KR,yes,2,Harnessing the Formation of Natural Killer–Tumor Cell Immunological Synapses for Enhanced Therapeutic Effect in Solid Tumors,needs_review
A5100825336,Sanha Jeong,2,1,P0001,Pohang University of Science and Technology,KR,yes,2,Simple and Sensitive Point‐of‐Care Bioassay System Based on Hierarchically Structured Enzyme‐Mimetic Nanoparticles,needs_review
A5000166018,Mi Hyun Kang,2,1,P0001,Pusan National University,KR,yes,2,Simple and Sensitive Point‐of‐Care Bioassay System Based on Hierarchically Structured Enzyme‐Mimetic Nanoparticles,needs_review
A5010509853,Moon Il Kim,2,1,P0001,Gachon University; Pohang University of Science and Technology,KR,yes,2,Simple and Sensitive Point‐of‐Care Bioassay System Based on Hierarchically Structured Enzyme‐Mimetic Nanoparticles,needs_review
A5068736163,Ilwoong Hwang,2,1,P0001,Konkuk University; Konkuk University Chungju Hospital; Seoul National University; Soonchunhyang University Hospital Seoul,KR,yes,2,Expansion of cytotoxic natural killer cells in multiple myeloma patients using K562 cells expressing OX40 ligand and membrane-bound IL-18 and IL-21,needs_review
A5016058053,Eunseop Yeom,2,1,P0001,Pusan National University,KR,yes,2,Microfluidic system for monitoring temporal variations of hemorheological properties and platelet adhesion in LPS-injected rats,needs_review
A5052658114,Woorak Choi,2,1,P0001,Pohang University of Science and Technology,KR,yes,2,Microfluidic system for monitoring temporal variations of hemorheological properties and platelet adhesion in LPS-injected rats,needs_review
A5052327459,Jaejung Song,2,1,P0001,Pohang University of Science and Technology; Ulsan National Institute of Science and Technology,KR,yes,2,Super-resolution visible photoactivated atomic force microscopy,needs_review
A5102828545,Seungjun Shin,2,1,P0001,Pohang University of Science and Technology,KR,yes,2,Super-resolution visible photoactivated atomic force microscopy,needs_review
A5112430169,Tae-Jin Kim,2,1,P0001,Korea University,JP; KR,yes,2,Homotypic NK cell-to-cell communication controls cytokine responsiveness of innate immune NK cells,needs_review
A5102101736,Hyoseok Nam,2,1,P0001,Pohang University of Science and Technology,KR,yes,2,Combined two-photon microscopy and optical coherence tomography using individually optimized sources,needs_review
A5067474457,Sang June Yoon,2,1,P0001,Pohang University of Science and Technology,KR,yes,2,Combined two-photon microscopy and optical coherence tomography using individually optimized sources,needs_review
A5033806635,Taejun Wang,2,1,P0001,Pohang University of Science and Technology,KR,yes,2,Combined two-photon microscopy and optical coherence tomography using individually optimized sources,needs_review
A5103220316,Seung Kwon Koh,2,1,P0001,Samsung (South Korea); Sungkyunkwan University,KR,yes,2,Natural Killer Cell Expansion and Cytotoxicity Differ Depending on the Culture Medium Used,needs_review
A5047503871,Soo Yun Lee,2,1,P0001,Korea Research Institute of Bioscience and Biotechnology; Korea University,KR,yes,2,NgR1 is an NK cell inhibitory receptor that destabilizes the immunological synapse,needs_review
A5100669495,Sun‐Young Lee,2,1,P0001,Korea Research Institute of Bioscience and Biotechnology; Korea University,KR,yes,2,NgR1 is an NK cell inhibitory receptor that destabilizes the immunological synapse,needs_review
A5008335740,In‐Sun Chu,2,1,P0001,Korea Research Institute of Bioscience and Biotechnology; Korea University of Science and Technology,KR,yes,2,NgR1 is an NK cell inhibitory receptor that destabilizes the immunological synapse,needs_review
A5053048037,Haiyoung Jung,2,1,P0001,Korea Research Institute of Bioscience and Biotechnology; Korea University of Science and Technology; Pohang University of Science and Technology,KR,yes,2,NgR1 is an NK cell inhibitory receptor that destabilizes the immunological synapse,needs_review
A5045141916,Byung Ik Park,2,1,P0001,New Generation University College; Seoul National University,ET; KR,yes,2,An implantable ionic therapeutic platform for photodynamic therapy with wireless capacitive power transfer,needs_review
A5039227242,J.‐K. KIM,2,1,P0001,New Generation University College; Seoul National University,ET; KR,yes,2,Enzyme‐Regulated Extended Swelling of Hydrogels for Dehiscence‐Less Tissue Expansions,needs_review
A5100749353,Sung Ho Park,2,1,P0001,Pohang University of Science and Technology,KR,yes,2,Variation in wall shear stress in channel networks of zebrafish models,needs_review
A5003253588,Dabin Lee,2,1,P0001,Chung-Ang University,KR,yes,2,Dual‐Enhanced Nanohybrids for Synergistic Photothermal and Photodynamic Therapy in Cancer Treatment with Immune Checkpoint Inhibitors,needs_review
A5023606306,Jieun Bang,2,1,P0001,Ewha Womans University,KR,yes,2,Dual‐Enhanced Nanohybrids for Synergistic Photothermal and Photodynamic Therapy in Cancer Treatment with Immune Checkpoint Inhibitors,needs_review
A5036063261,Tae‐Young Heo,2,1,P0001,Hongik University,KR,yes,2,Dual‐Enhanced Nanohybrids for Synergistic Photothermal and Photodynamic Therapy in Cancer Treatment with Immune Checkpoint Inhibitors,needs_review
A5110602134,Duong Pham,2,1,P0001,Chung-Ang University,KR,yes,2,Dual‐Enhanced Nanohybrids for Synergistic Photothermal and Photodynamic Therapy in Cancer Treatment with Immune Checkpoint Inhibitors,needs_review
A5057958713,Jong Dae Jang,2,1,P0001,Korea Atomic Energy Research Institute,KR,yes,2,Dual‐Enhanced Nanohybrids for Synergistic Photothermal and Photodynamic Therapy in Cancer Treatment with Immune Checkpoint Inhibitors,needs_review
A5109265611,Young Soo Han,2,1,P0001,Korea Atomic Energy Research Institute,KR,yes,2,Dual‐Enhanced Nanohybrids for Synergistic Photothermal and Photodynamic Therapy in Cancer Treatment with Immune Checkpoint Inhibitors,needs_review
A5075090081,Tae Joo Shin,2,1,P0001,Ulsan National Institute of Science and Technology,KR,yes,2,Dual‐Enhanced Nanohybrids for Synergistic Photothermal and Photodynamic Therapy in Cancer Treatment with Immune Checkpoint Inhibitors,needs_review
A5028179772,Soo‐Hyung Choi,2,1,P0001,Hongik University,KR,yes,2,Dual‐Enhanced Nanohybrids for Synergistic Photothermal and Photodynamic Therapy in Cancer Treatment with Immune Checkpoint Inhibitors,needs_review
A5100628910,Jaehong Park,2,1,P0001,Chung-Ang University; Ewha Womans University,KR,yes,2,Dual‐Enhanced Nanohybrids for Synergistic Photothermal and Photodynamic Therapy in Cancer Treatment with Immune Checkpoint Inhibitors,needs_review
A5101793549,Juhyun Park,2,1,P0001,Chung-Ang University; Ewha Womans University,KR,yes,2,Dual‐Enhanced Nanohybrids for Synergistic Photothermal and Photodynamic Therapy in Cancer Treatment with Immune Checkpoint Inhibitors,needs_review
A5033258964,Seung‐Hyun Jun,2,1,P0001,Korea University,KR,yes,2,Ethanol‐Dispersed Polymer Nanofibers as a Highly Selective Cell Isolation and Release Platform for CD4+ T Lymphocytes,needs_review
A5108496008,Hyo Jin An,2,1,P0001,Korea University,KR,yes,2,Ethanol‐Dispersed Polymer Nanofibers as a Highly Selective Cell Isolation and Release Platform for CD4+ T Lymphocytes,needs_review
A5091837577,Byoung Chan Kim,2,1,P0001,Korea Institute of Science and Technology,KR,yes,2,Ethanol‐Dispersed Polymer Nanofibers as a Highly Selective Cell Isolation and Release Platform for CD4+ T Lymphocytes,needs_review
A5058510701,Chung Hee Sonn,2,1,P0001,Korea University,KR,yes,2,Ethanol‐Dispersed Polymer Nanofibers as a Highly Selective Cell Isolation and Release Platform for CD4+ T Lymphocytes,needs_review
A5056333341,Jungbae Kim,2,1,P0001,Korea University; Kyung Hee University,KR,yes,2,Ethanol‐Dispersed Polymer Nanofibers as a Highly Selective Cell Isolation and Release Platform for CD4+ T Lymphocytes,needs_review
A5041230683,Andrew Choi,2,1,P0001,Pohang University of Science and Technology,KR,yes,2,Synthesis of Poly(N-isopropylacrylamide) Janus Microhydrogels for Anisotropic Thermo-responsiveness and Organophilic/Hydrophilic Loading Capability,needs_review
A5029400227,Inhae Kim,2,1,P0002,Pohang University of Science and Technology,KR,yes,2,Predictive design of mRNA translation initiation region to control prokaryotic translation efficiency,needs_review
A5065315891,Ilyas Kabimoldayev,2,1,P0002,Kyung Hee University,KR,yes,2,Systematic discovery of uncharacterized transcription factors in Escherichia coli K-12 MG1655,needs_review
A5043581759,Hojung Nam,2,1,P0002,Gwangju Institute of Science and Technology,KR,yes,2,Systems assessment of transcriptional regulation on central carbon metabolism by Cra and CRP,needs_review
A5057879843,Sungyeon Jang,2,1,P0002,Pohang University of Science and Technology,KR,yes,2,Design and optimization of genetically encoded biosensors for high-throughput screening of chemicals,needs_review
A5103282246,Chae Won Kang,2,1,P0002,Pohang University of Science and Technology,KR,yes,2,Vibrio sp. dhg as a platform for the biorefinery of brown macroalgae,needs_review
A5055104158,Sun‐Woong Kang,2,1,P0002,Hanyang University,KR,yes,2,Apatite‐coated poly(lactic‐co‐glycolic acid) microspheres as an injectable scaffold for bone tissue engineering,needs_review
A5082993847,Han‐Saem Cho,2,1,P0002,Pohang University of Science and Technology,KR,yes,2,Predictive combinatorial design of mRNA translation initiation regions for systematic optimization of gene expression levels,needs_review
A5100678933,Jong Moon Park,2,1,P0002,Pohang University of Science and Technology,KR,yes,2,Predictive combinatorial design of mRNA translation initiation regions for systematic optimization of gene expression levels,needs_review
A5014776088,Jihye Choi,2,1,P0002,Seoul National University,KR,yes,2,dCas9-mediated Nanoelectrokinetic Direct Detection of Target Gene for Liquid Biopsy,needs_review
A5005780244,Seong‐Ho Baek,2,1,P0002,Seoul National University,KR,yes,2,dCas9-mediated Nanoelectrokinetic Direct Detection of Target Gene for Liquid Biopsy,needs_review
A5089090600,Hee Chan Kim,2,1,P0002,Seoul National University Hospital,KR,yes,2,dCas9-mediated Nanoelectrokinetic Direct Detection of Target Gene for Liquid Biopsy,needs_review
A5061232003,Jong‐Hee Chae,2,1,P0002,Seoul National University Hospital,KR,yes,2,dCas9-mediated Nanoelectrokinetic Direct Detection of Target Gene for Liquid Biopsy,needs_review
A5100416704,Jong Min Kim,2,1,P0002,Kyung Hee University,KR,yes,2,Si-quantum-dot heterojunction solar cells with 16.2% efficiency achieved by employing doped-graphene transparent conductive electrodes,needs_review
A5057869475,Young Seoub Park,2,1,P0002,Pohang University of Science and Technology,KR,yes,2,Design of 5′-untranslated region variants for tunable expression in Escherichia coli,needs_review
A5051365211,Dong‐Myung Kim,2,1,P0002,Chungnam National University,KR,yes,2,Design of 5′-untranslated region variants for tunable expression in Escherichia coli,needs_review
A5043195268,Jinyoung Kim,2,1,P0002,Seoul National University,KR,yes,2,Synthetic biology tools for engineering Corynebacterium glutamicum,needs_review
A5012013227,Hyeon Jin Kim,2,1,P0002,Seoul National University,KR,yes,2,Synthetic biology tools for engineering Corynebacterium glutamicum,needs_review
A5028951283,Suhyung Cho,2,1,P0002,Korea Advanced Institute of Science and Technology,KR,yes,2,Revealing Causes for False-Positive and False-Negative Calling of Gene Essentiality in Escherichia coli Using Transposon Insertion Sequencing,needs_review
A5043426085,Junyeob Kim,2,1,P0002,Seoul National University,KR,yes,2,Lipid extract derived from newly isolated Rhodotorula toruloides LAB-07 for cosmetic applications,needs_review
A5100650673,Hojun Lee,2,1,P0002,Seoul National University,KR,yes,2,Engineering Yarrowia lipolytica for the production of β-carotene by carbon and redox rebalancing,needs_review
A5038024416,Yungyu Lee,2,1,P0002,Seoul National University,KR,yes,2,Natural transformation of Vibrio natriegens with large genetic cluster enables alginate assimilation for isopentenol production,needs_review
A5083241424,Mincheol Choi,2,1,P0002,Seoul National University,KR,yes,2,Natural transformation of Vibrio natriegens with large genetic cluster enables alginate assimilation for isopentenol production,needs_review
A5005684758,Dongyeop Baek,2,1,P0002,Pohang University of Science and Technology,KR,yes,2,Generation of a Vibrio-based platform for efficient conversion of raffinose through Adaptive Laboratory Evolution on a solid medium,needs_review
A5090932874,Hah Young Yoo,2,1,P0002,Kwangwoon University; Sangmyung University,KR,yes,2,Efficient Production of Naringin Acetate with Different Acyl Donors via Enzymatic Transesterification by Lipases,needs_review
A5066311715,Sung Won Cho,2,1,P0002,Seoul National University,KR,yes,2,Multiplexed CRISPR base editing enables pulse-activated irreversible biocontainment of engineered bacteria,needs_review
A5101893715,Joon Young Park,2,1,P0002,Ulsan National Institute of Science and Technology,KR,yes,2,Model-driven experimental design workflow expands understanding of regulatory role of Nac in Escherichia coli,needs_review
A5109551833,Chang Uk Choi,2,1,P0002,Wonkwang University,KR,yes,2,The Comparison of Punctoplasty and Silicone Tube Intubation in Patients with Punctal Obstruction,needs_review
A5071392810,Youngsoon Um,2,1,P0002,Korea Institute of Science and Technology; Korea Military Academy; Korea University of Science and Technology,KR,yes,2,Undefined xylose media extracted from biorefinery waste for enhanced and eco‐friendly production of cephalosporin C by Acremonium chrysogenum M35,needs_review
A5025929674,Ina Bang,2,1,P0002,Ulsan National Institute of Science and Technology,KR,yes,2,Integrated Tn-seq and MAGE-assisted rapid genome engineering targeting in Escherichia coli,needs_review
A5109103981,Su Jin Song,2,1,P0002,Hanyang University,KR,yes,2,Synthesis and Characterization of Polyethylenimine-Graft-Poly(L-Lactide-Co-Glycolide) Block Copolymers for Gene Delivery,needs_review
A5103473970,Cha Yong Choi,2,1,P0002,Seoul National University,KR,yes,2,Synthesis and Characterization of Polyethylenimine-Graft-Poly(L-Lactide-Co-Glycolide) Block Copolymers for Gene Delivery,needs_review
A5100777271,Seongjun Park,2,1,P0002,New Generation University College; Seoul National University,ET; KR,yes,2,"Transcriptional profiling of probiotic Escherichia coli Nissle 1917 under multiple environmental stresses: Simulated microgravity, microaerobic, and co-culture conditions",needs_review
A5066822186,Hyeonwoo Mun,2,1,P0002,National University; New Generation University College; Seoul National University,ET; KR; SD,yes,2,RegB/A-dependent redox regulation links iron uptake to methanol metabolism in Methylomonas sp. DH-1,needs_review
A5068365324,Ki-Young Choi,2,1,P0003,Cellid (South Korea); NovaCell Technology (South Korea),KR,yes,2,IL-21-mediated reversal of NK cell exhaustion facilitates anti-tumour immunity in MHC class I-deficient tumours,needs_review
A5027587527,Taegwon Oh,2,1,P0003,Cellid (South Korea); NovaCell Technology (South Korea),KR,yes,2,IL-21-mediated reversal of NK cell exhaustion facilitates anti-tumour immunity in MHC class I-deficient tumours,needs_review
A5101944598,Jeong-Won Choi,2,1,P0003,Seoul National University; Seoul National University of Science and Technology,KR,yes,2,Activation of NKT Cells in an Anti-PD-1–Resistant Tumor Model Enhances Antitumor Immunity by Reinvigorating Exhausted CD8 T Cells,needs_review
A5060685727,Choong-Hyun Koh,2,1,P0003,New Generation University College; Seoul National University,ET; KR,yes,2,Activation of NKT Cells in an Anti-PD-1–Resistant Tumor Model Enhances Antitumor Immunity by Reinvigorating Exhausted CD8 T Cells,needs_review
A5101692046,Young‐Jun Park,2,1,P0003,New Generation University College; Seoul National University,ET; KR,yes,2,Serum amyloid A3 exacerbates cancer by enhancing the suppressive capacity of myeloid‐derived suppressor cells via TLR2‐dependent STAT3 activation,needs_review
A5032796168,Youngro Byun,2,1,P0003,Seoul National University,KR,yes,2,Anticoagulation therapy promotes the tumor immune-microenvironment and potentiates the efficacy of immunotherapy by alleviating hypoxia,needs_review
A5090917103,Sung‐Gyoo Park,2,1,P0003,National University College; Seoul National University,KR; PR,yes,2,Modulation of Immune Responses by Metabolic Reprogramming: The Key Role of Immunometabolism,needs_review
A5065145798,Jeong-Mi Lee,2,1,P0003,New Generation University College; Seoul National University,ET; KR,yes,2,GITR Agonism Triggers Antitumor Immune Responses through IL21-Expressing Follicular Helper T Cells,needs_review
A5101828689,Hyuck Han,2,1,P0003,Dongduk Women's University,KR,yes,2,CredsCache: Making OverlayFS scalable for containerized services,needs_review
A5085861879,Minsoo Ryu,2,1,P0003,Hanyang University,KR,yes,2,CredsCache: Making OverlayFS scalable for containerized services,needs_review
A5059925471,Sooyong Kang,2,1,P0003,Hanyang University,KR,yes,2,CredsCache: Making OverlayFS scalable for containerized services,needs_review
A5109531883,Byung‐Seok Kim,2,1,P0003,Seoul National University,KR,yes,2,Data from IL21 Therapy Combined with PD-1 and Tim-3 Blockade Provides Enhanced NK Cell Antitumor Activity against MHC Class I–Deficient Tumors,needs_review
A5030986328,Il‐Kwon Oh,2,1,P0004,Creative Research; Daejeon University; Government of the Republic of Korea; Korea Advanced Institute of Science and Technology,GB; KR,yes,2,Arsenic Removal from Contaminated Water Using Three-Dimensional Graphene-Carbon Nanotube-Iron Oxide Nanostructures,needs_review
A5100682708,Junyeong Ma,2,1,P0004,Yonsei University,KR,yes,2,Genome-resolved metagenomics: a game changer for microbiome medicine,needs_review
A5013926864,Joonki Paik,2,1,P0004,Chung-Ang University,KR,yes,2,Real-time driver monitoring system with facial landmark-based eye closure detection and head pose recognition,needs_review
A5112628534,Jieun Yu,2,1,P0004,Gyeongsang National University,KR,yes,2,The Effect of Perceived Value on Customer Loyalty in a Low-Priced Cosmetic Brand of South Korea: The Moderating Effect of Gender,needs_review
A5050834869,Jae‐Ik Shin,2,1,P0004,Gyeongnam National University of Science and Technology,KR,yes,2,The Effect of Perceived Value on Customer Loyalty in a Low-Priced Cosmetic Brand of South Korea: The Moderating Effect of Gender,needs_review
A5031012725,Hongchan Kim,2,1,P0004,Korea Advanced Institute of Science and Technology,KR,yes,2,Design and implementation of electromagnetic band‐gap embedded antenna for vehicle‐to‐everything communications in vehicular systems,needs_review
A5081272772,Kyu-Bong Yeon,2,1,P0004,Korea Automotive Technology Institute,KR,yes,2,Design and implementation of electromagnetic band‐gap embedded antenna for vehicle‐to‐everything communications in vehicular systems,needs_review
A5017312202,Ickjin Kwon,2,1,P0004,Ajou University,KR,yes,2,CMOS pulse generator based on spectral efficiently gated oscillator for UWB impulse radio,needs_review
A5110298015,Sung-Ik Jun,2,1,P0004,Electronics and Telecommunications Research Institute,KR,yes,2,A Platform-Based SoC Design of a 32-Bit Smart Card,needs_review
A5112531703,Mi-Young Lee,2,1,P0004,Electronics and Telecommunications Research Institute,KR,yes,2,Performance analysis of NoC structure based on Star-Mesh Topology,needs_review
A5012081873,Jong-Yong Lee,2,1,P0004,Kwangwoon University,KR,yes,2,Temperature-dependent Dielectric Properties in ITO/AF/Al Device,needs_review
A5100329525,Tae‐Wan Kim,2,1,P0004,Hongik University,KR,yes,2,Temperature-dependent Dielectric Properties in ITO/AF/Al Device,needs_review
A5110724967,Ki-Hyuk Park,2,1,P0004,Electronics and Telecommunications Research Institute; Seoul Women's College of Nursing,KR,yes,2,Development of SoC virtual platform for IoT terminals based on OneM2M,needs_review
A5086584644,Junha Lim,2,1,P0004,Pohang University of Science and Technology,KR,yes,2,Photoacoustic imaging-guided therapy using dual pH/ultrasound-responsive extracellular vesicle-based nanosonosensitizers,needs_review
A5027982879,Joohack Lee,2,1,P0004,Samsung (South Korea),KR,yes,2,A new hierarchical layout compactor using simplified graph models,needs_review
A5052521692,Yunjoo Kim,2,1,P0004,Electronics and Telecommunications Research Institute,KR,yes,2,A fully-hardwired implementation of large vocabulary continuous speech recognizer,needs_review
A5100318495,Joohyun Lee,2,1,P0004,Electronics and Telecommunications Research Institute,KR,yes,2,A fully-hardwired implementation of large vocabulary continuous speech recognizer,needs_review
A5026892280,Joung-Sik Kim,2,1,P0004,Kwangwoon University,KR,yes,2,Efficiency improvement of organic light-emitting diodes depending on the thickness variation of BCP layer used for electron transport,needs_review
A5032921363,Soo-Woong Lee,2,1,P0004,Kyungpook National University,KR,yes,2,Abstract 3802: Interleukin-4 receptor-targeted delivery of Bcl-xL siRNA sensitizes tumors to chemotherapy and inhibits tumor growth,needs_review
A5067029430,Jae-Won Yoon Yoon,2,1,P0004,Kyungpook National University,KR,yes,2,Abstract 3802: Interleukin-4 receptor-targeted delivery of Bcl-xL siRNA sensitizes tumors to chemotherapy and inhibits tumor growth,needs_review
A5109051789,Rang Woon Park,2,1,P0004,Kyungpook National University,KR,yes,2,Abstract 3802: Interleukin-4 receptor-targeted delivery of Bcl-xL siRNA sensitizes tumors to chemotherapy and inhibits tumor growth,needs_review
A5069268668,Geukjoo Kang,2,1,P0004,Gyeongsang National University,KR,yes,2,The Impact of WOM Information Characteristics of e-Commerce Platform on Reuse Intention Through Customer Trust and Satisfaction,needs_review
A5083028758,Chulho Kim,2,1,P0005,Hallym University; Hallym University Chuncheon Sacred Heart Hospital; Sacred Heart Hospital,KR; NG,yes,2,Executive Summary of Stroke Statistics in Korea 2018: A Report from the Epidemiology Research Council of the Korean Stroke Society,needs_review
A5008933798,Seong Hwan Ahn,2,1,P0005,Chosun University Hospital; Inha University Hospital,KR,yes,2,Executive Summary of Stroke Statistics in Korea 2018: A Report from the Epidemiology Research Council of the Korean Stroke Society,needs_review
A5101757514,Yong Jin Cho,2,1,P0005,Eulji University; Inje University Ilsan Paik Hospital,KR,yes,2,Executive Summary of Stroke Statistics in Korea 2018: A Report from the Epidemiology Research Council of the Korean Stroke Society,needs_review
A5077619331,Sujung Jang,2,1,P0005,Korea University,KR,yes,2,Executive Summary of Stroke Statistics in Korea 2018: A Report from the Epidemiology Research Council of the Korean Stroke Society,needs_review
A5115602161,Jae Ho Lee,2,1,P0005,Seoul National University,KR,yes,2,Adiponectin Represses Colon Cancer Cell Proliferation via AdipoR1- and -R2-Mediated AMPK Activation,needs_review
A5113680031,Hee Kyu Lee,2,1,P0005,Dankook University,KR,yes,2,Adiponectin Represses Colon Cancer Cell Proliferation via AdipoR1- and -R2-Mediated AMPK Activation,needs_review
A5052102953,Su Hwa Jang,2,1,P0005,Hanyang University,KR,yes,2,Adiponectin Represses Colon Cancer Cell Proliferation via AdipoR1- and -R2-Mediated AMPK Activation,needs_review
A5065582085,Hee Yong Chung,2,1,P0005,Hanyang University,KR,yes,2,Adiponectin Represses Colon Cancer Cell Proliferation via AdipoR1- and -R2-Mediated AMPK Activation,needs_review
A5101828168,Sunjoo Jeong,2,1,P0005,Dankook University,KR,yes,2,Adiponectin Represses Colon Cancer Cell Proliferation via AdipoR1- and -R2-Mediated AMPK Activation,needs_review
A5113672486,Ju-Young Choi,2,1,P0005,Ewha Womans University; Ewha Womans University Medical Center; Ewha Womans University Mokdong Hospital,KR,yes,2,Clinicopathological characteristics and prognosis of signet ring cell carcinoma of the stomach,needs_review
A5080433925,Hyeon Chang Kim,2,1,P0005,Seoul National University Hospital; Soonchunhyang University Hospital Seoul,KR,yes,2,"Clinical outcomes and risk factors of post-polypectomy coagulation syndrome: a multicenter, retrospective, case-control study",needs_review
A5100698916,Changhyun Lee,2,1,P0005,New Generation University College; Seoul National University; Seoul National University Hospital,ET; KR,yes,2,"Risk factors for complications and mortality of percutaneous endoscopic gastrostomy: a multicenter, retrospective study",needs_review
A5144035233,Suk-Kyun Yang,2,1,P0005,Ulsan College; University of Ulsan,KR,yes,2,Korean Guidelines for Colorectal Cancer Screening and Polyp Detection,needs_review
A5002239807,Sung Duk Jo,2,1,P0005,Korea Institute of Science and Technology,KR,yes,2,Near-Infrared Plasmonic Assemblies of Gold Nanoparticles with Multimodal Function for Targeted Cancer Theragnosis,needs_review
A5100452172,Sang‐Woo Kim,2,1,P0005,Catholic University of Korea; Ewha Womans University,KR,yes,2,"Effect of Probiotic Lactobacillus (Lacidofil® Cap) for the Prevention of Antibiotic-associated Diarrhea: A Prospective, Randomized, Double-blind, Multicenter Study",needs_review
A5100452160,Joo Sung Kim,2,1,P0005,Asan Medical Center; Seoul National University; Ulsan College; University of Ulsan,KR,yes,2,Clinical Factors and Disease Course Related to Diagnostic Delay in Korean Crohn’s Disease Patients: Results from the CONNECT Study,needs_review
A5062577823,Hye Kyung Song,2,1,P0005,Ewha Womans University Medical Center,KR,yes,2,Importance of Patients’ Knowledge of Their Prescribed Medication in Improving Treatment Adherence in Inflammatory Bowel Disease,needs_review
A5053010626,Deok‐Kun Oh,2,1,P0005,Konkuk University,KR,yes,2,Molecular insights into lipoxygenases for biocatalytic synthesis of diverse lipid mediators,needs_review
A5100717285,Tae Hun Kim,2,1,P0005,Ewha Womans University Medical Center,KR,yes,2,"Associations between single nucleotide polymorphisms of MMP2, VEGF, and HIF1A genes and the risk of developing colorectal cancer.",needs_review
A5100708413,Kwang Ho Kim,2,1,P0005,Ewha Womans University,KR,yes,2,Involvement of adiponectin in early stage of colorectal carcinogenesis,needs_review
A5070864200,Ja-Gyeong Song,2,1,P0005,Jeonbuk National University; Korea Research Institute of Bioscience and Biotechnology,KR,yes,2,"Daldinan A, a novel isoindolinone antioxidant from the ascomycete Daldinia concentrica",needs_review
A5103278220,Ji Young Lim,2,1,P0005,Ewha Womans University,KR,yes,2,Comparison of the Diagnostic Ability of Endoscopic Ultrasonography and Abdominopelvic Computed Tomography in the Diagnosis of Gastric Subepithelial Tumors,needs_review
A5102975274,Hai‐Jeon Yoon,2,1,P0005,Ewha Womans University,KR,yes,2,Diffuse splenic FDG uptake is predictive of clinical outcomes in patients with rectal cancer,needs_review
A5002673284,Hee Jung Kwon,2,1,P0005,Severance Hospital,KR,yes,2,Spontaneously Reported Hepatic Adverse Drug Events in Korea: Multicenter Study,needs_review
A5086184730,Hye‐Ryun Kang,2,1,P0005,Seoul National University,KR,yes,2,Spontaneously Reported Hepatic Adverse Drug Events in Korea: Multicenter Study,needs_review
A5034241809,Byung‐Joo Park,2,1,P0005,Seoul National University,KR,yes,2,Spontaneously Reported Hepatic Adverse Drug Events in Korea: Multicenter Study,needs_review
A5063892435,Hyun Joo Jang,2,1,P0005,Hallym University; Hallym University Dongtan Sacred Heart Hospital,KR,yes,2,Diagnosis of Bleeding Meckel's Diverticulum in Adults,needs_review
A5005314162,Uh Jin Kim,2,1,P0005,Chonnam National University Hospital,KR,yes,2,Microbial Etiology of Pyogenic Vertebral Osteomyelitis According to Patient Characteristics,needs_review
A5039627231,Eu Suk Kim,2,1,P0005,Seoul National University; Seoul National University Bundang Hospital,KR,yes,2,Microbial Etiology of Pyogenic Vertebral Osteomyelitis According to Patient Characteristics,needs_review
A5012131421,Sook‐In Jung,2,1,P0005,Chonnam National University Hospital,KR,yes,2,Microbial Etiology of Pyogenic Vertebral Osteomyelitis According to Patient Characteristics,needs_review
A5054126989,Sojoong Choi,2,1,P0005,Ewha Womans University; Korea Institute of Science and Technology,KR,yes,2,Shed syndecan-2 enhances tumorigenic activities of colon cancer cells,needs_review
A5067885740,Jae-Hee Ahn,2,1,P0005,Kangwon National University,KR,yes,2,Morin Hydrate Inhibits Influenza Virus entry into Host Cells and Has Anti-inflammatory Effect in Influenza-infected Mice,needs_review
A5027743470,Hyunjin Jeong,2,1,P0005,Kangwon National University,KR,yes,2,Morin Hydrate Inhibits Influenza Virus entry into Host Cells and Has Anti-inflammatory Effect in Influenza-infected Mice,needs_review
A5100660011,Xiang Fei,2,1,P0005,Gachon University,KR,yes,2,Suppressive effect of α-mangostin for cancer stem cells in colorectal cancer via the Notch pathway,needs_review
A5054573839,Yeung‐Chul Mun,2,1,P0005,Ewha Womans University Medical Center,KR,yes,2,Suppressive effect of α-mangostin for cancer stem cells in colorectal cancer via the Notch pathway,needs_review
A5039818244,Jeong‐Ho Hong,2,1,P0005,Chonnam National University Hospital; Keimyung University,KR,yes,2,Three-month modified Rankin Scale as a determinant of 5-year cumulative costs after ischemic stroke,needs_review
A5056228344,Sang‐Soon Park,2,1,P0005,Chonnam National University Hospital; Seoul Medical Center,KR,yes,2,Three-month modified Rankin Scale as a determinant of 5-year cumulative costs after ischemic stroke,needs_review
A5109306051,Joo-Ho Lee,2,1,P0005,Ewha Womans University Medical Center,KR,yes,2,Comparison of clinical outcomes after endoscopic submucosal dissection and surgery in the treatment of early gastric cancer,needs_review
A5023638890,Yerim Han,2,1,P0005,Ewha Womans University; Ewha Womans University Medical Center,KR,yes,2,Effect of aging on the formation and growth of colonic epithelial organoids by changes in cell cycle arrest through TGF-β-Smad3 signaling,needs_review
A5037295746,Eun Sook Lee,2,1,P0005,Ewha Womans University; Ewha Womans University Medical Center,KR,yes,2,Effect of aging on the formation and growth of colonic epithelial organoids by changes in cell cycle arrest through TGF-β-Smad3 signaling,needs_review
A5051758061,Kyung‐Min Yang,2,1,P0005,Boditech Med (South Korea),KR,yes,2,Effect of aging on the formation and growth of colonic epithelial organoids by changes in cell cycle arrest through TGF-β-Smad3 signaling,needs_review
A5100648828,Do‐Yeon Kim,2,1,P0005,Ewha Womans University,KR,yes,2,Neuroprotective and anti-inflammatory effects of the RIPK3 inhibitor GSK872 in an MPTP-induced mouse model of Parkinson's disease,needs_review
A5007692414,Hyun Ae Lee,2,1,P0005,Ewha Womans University; Ewha Womans University Mokdong Hospital; Soonchunhyang University Hospital Seoul,KR,yes,2,Clinical outcomes of acute upper gastrointestinal bleeding according to the risk indicated by Glasgow-Blatchford risk score-computed tomography score in the emergency room,needs_review
A5065735554,Yun Gyeong Hwang,2,1,P0005,Yuhan University,KR,yes,2,Enzyme-derived deer velvet extract activate the immune response in cyclophosphamide-induced immunosuppressive mice,needs_review
A5012909119,Hyejin Jeon,2,1,P0005,Yuhan University,KR,yes,2,Enzyme-derived deer velvet extract activate the immune response in cyclophosphamide-induced immunosuppressive mice,needs_review
A5103211387,Aeri Song,2,1,P0005,Yuhan University,KR,yes,2,Enzyme-derived deer velvet extract activate the immune response in cyclophosphamide-induced immunosuppressive mice,needs_review
A5023015473,Hyun‐Je Park,2,1,P0005,Yuhan University,KR,yes,2,Enzyme-derived deer velvet extract activate the immune response in cyclophosphamide-induced immunosuppressive mice,needs_review
A5064695402,Ilbum Park,2,1,P0005,Yuhan University,KR,yes,2,Enzyme-derived deer velvet extract activate the immune response in cyclophosphamide-induced immunosuppressive mice,needs_review
A5067442691,Jong‐Soo Kang,2,1,P0005,Yuhan (South Korea); Yuhan University,KR,yes,2,Enzyme-derived deer velvet extract activate the immune response in cyclophosphamide-induced immunosuppressive mice,needs_review
A5058323481,Joo Young,2,1,P0005,Yuhan University,KR,yes,2,Enzyme-derived deer velvet extract activate the immune response in cyclophosphamide-induced immunosuppressive mice,needs_review
A5102132647,Byung Soon Hwang,2,1,P0005,Jeonbuk National University; National IT industry Promotion Agency,KR,yes,2,"Daldinans D‒G, new isoindolinone antioxidants isolated from the ascomycete Daldinia concentrica",needs_review
A5030740700,Jihee Lee Kang,2,1,P0005,Ewha Womans University,KR,yes,2,Activation of α7nAch receptors ameliorates α-synuclein pathology in the brain and gut of a subacute MPTP mouse model of Parkinson's disease,needs_review
A5068985386,Hyun‐Kyung Park,2,1,P0005,Catholic University of Korea; Ewha Womans University; Hallym University; Inha University; Korea University; Seoul National University Bundang Hospital; Soonchunhyang University; The Catholic University of Korea Seoul St. Mary's Hospital,KR,yes,2,"The Distribution of Endoscopic Gastritis in 25,536 Heath Check-up Subjects in Korea",needs_review
A5100704174,Sang Woo Lee,2,1,P0005,Catholic University of Korea; Korea University,KR,yes,2,"The Distribution of Endoscopic Gastritis in 25,536 Heath Check-up Subjects in Korea",needs_review
A5109983975,Jong-Jae Park,2,1,P0005,Korea University,KR,yes,2,"The Distribution of Endoscopic Gastritis in 25,536 Heath Check-up Subjects in Korea",needs_review
A5100318799,So‐Young Lee,2,1,P0005,Catholic University of Korea; Korea University,KR,yes,2,"The Distribution of Endoscopic Gastritis in 25,536 Heath Check-up Subjects in Korea",needs_review
A5111915510,Hyun-Min Cha,2,1,P0005,Catholic University of Korea,KR,yes,2,"The Distribution of Endoscopic Gastritis in 25,536 Heath Check-up Subjects in Korea",needs_review
A5031372728,Hyerang Kim,2,1,P0005,Catholic University of Korea; Chonnam National University; Ewha Womans University; Gyeongsang National University; Hallym University; Korea University; Seoul National University Bundang Hospital; Soonchunhyang University; The Catholic University of Korea Seoul St. Mary's Hospital,KR,yes,2,"The Distribution of Endoscopic Gastritis in 25,536 Heath Check-up Subjects in Korea",needs_review
A5059872436,Il‐Kwun Chung,2,1,P0005,Catholic University of Korea; Soonchunhyang University,KR,yes,2,"The Distribution of Endoscopic Gastritis in 25,536 Heath Check-up Subjects in Korea",needs_review
A5100438948,Hyun Soo Kim,2,1,P0005,Chonnam National University; Gyeongsang National University; Seoul National University Bundang Hospital; The Catholic University of Korea Seoul St. Mary's Hospital,KR,yes,2,"The Distribution of Endoscopic Gastritis in 25,536 Heath Check-up Subjects in Korea",needs_review
A5049570911,Sungkook Kim,2,1,P0005,Ewha Womans University; Jeonbuk National University; Kyungpook National University; Seoul National University Bundang Hospital,KR,yes,2,"The Distribution of Endoscopic Gastritis in 25,536 Heath Check-up Subjects in Korea",needs_review
A5113656358,Jae Kyu Seong,2,1,P0005,Chungnam National University,KR,yes,2,"The Distribution of Endoscopic Gastritis in 25,536 Heath Check-up Subjects in Korea",needs_review
A5100742645,Jae Woo Kim,2,1,P0005,Catholic University of Korea; SNUH SMG-SNU Boramae Medical Center; Seoul National University; Yonsei University,KR,yes,2,"The Distribution of Endoscopic Gastritis in 25,536 Heath Check-up Subjects in Korea",needs_review
A5001095684,Moon Gi Chung,2,1,P0005,Catholic University of Korea; Ewha Womans University; Gachon University; Gachon University Gil Medical Center; Hallym University; Korea University; Seoul National University Bundang Hospital; Soonchunhyang University; The Catholic University of Korea Seoul St. Mary's Hospital,KR,yes,2,"The Distribution of Endoscopic Gastritis in 25,536 Heath Check-up Subjects in Korea",needs_review
A5000021239,Seon Mee Park,2,1,P0005,Catholic University of Korea; Chungbuk National University; Kosin University; Kosin University Gospel Hospital; The Catholic University of Korea Seoul St. Mary's Hospital,KR,yes,2,"The Distribution of Endoscopic Gastritis in 25,536 Heath Check-up Subjects in Korea",needs_review
A5046983155,Byung Kyu Nah,2,1,P0005,Catholic University of Korea; Ewha Womans University; Gangneung Asan Hospital; Hallym University; Korea University; Seoul National University Bundang Hospital; Soonchunhyang University; The Catholic University of Korea Seoul St. Mary's Hospital,KR,yes,2,"The Distribution of Endoscopic Gastritis in 25,536 Heath Check-up Subjects in Korea",needs_review
A5043228545,Su Youn Nam,2,1,P0005,Catholic University of Korea; Ewha Womans University; Hallym University; Korea University; National Cancer Center; Seoul National University Bundang Hospital; Soonchunhyang University; The Catholic University of Korea Seoul St. Mary's Hospital,KR; US,yes,2,"The Distribution of Endoscopic Gastritis in 25,536 Heath Check-up Subjects in Korea",needs_review
A5042396721,Kang-Seok Seo,2,1,P0005,Catholic University of Korea; Ewha Womans University; Hallym University; Korea University; Kwangju Christian Hospital; Seoul National University Bundang Hospital; Soonchunhyang University; The Catholic University of Korea Seoul St. Mary's Hospital,KR,yes,2,"The Distribution of Endoscopic Gastritis in 25,536 Heath Check-up Subjects in Korea",needs_review
A5067189810,Byung Sung Ko,2,1,P0005,Eulji University,KR,yes,2,"The Distribution of Endoscopic Gastritis in 25,536 Heath Check-up Subjects in Korea",needs_review
A5109249183,Yunju Jo,2,1,P0005,Eulji University,KR,yes,2,"The Distribution of Endoscopic Gastritis in 25,536 Heath Check-up Subjects in Korea",needs_review
A5026092746,Jae Young Jang,2,1,P0005,Kyung Hee University,KR,yes,2,"The Distribution of Endoscopic Gastritis in 25,536 Heath Check-up Subjects in Korea",needs_review
A5058809801,Byeong Gwan Kim,2,1,P0005,SNUH SMG-SNU Boramae Medical Center; Seoul National University,KR,yes,2,"The Distribution of Endoscopic Gastritis in 25,536 Heath Check-up Subjects in Korea",needs_review
A5101529546,Young Sun Kim,2,1,P0005,Catholic University of Korea; Ewha Womans University; Hallym University; Korea University; Seoul National University Bundang Hospital; Seoul National University Hospital; Soonchunhyang University; The Catholic University of Korea Seoul St. Mary's Hospital,KR,yes,2,"The Distribution of Endoscopic Gastritis in 25,536 Heath Check-up Subjects in Korea",needs_review
A5100692203,Min Jung Park,2,1,P0005,Seoul National University Hospital,KR,yes,2,"The Distribution of Endoscopic Gastritis in 25,536 Heath Check-up Subjects in Korea",needs_review
A5103160779,Jeong Yoon Yim,2,1,P0005,Catholic University of Korea; Ewha Womans University; Hallym University; Korea University; Seoul National University Bundang Hospital; Seoul National University Hospital; Soonchunhyang University; The Catholic University of Korea Seoul St. Mary's Hospital,KR,yes,2,"The Distribution of Endoscopic Gastritis in 25,536 Heath Check-up Subjects in Korea",needs_review
A5100322439,Hyun Jin Kim,2,1,P0005,Catholic University of Korea; Chonnam National University; Ewha Womans University; Gyeongsang National University; Hallym University; Korea University; Seoul National University Bundang Hospital; Soonchunhyang University; The Catholic University of Korea Seoul St. Mary's Hospital,KR,yes,2,"The Distribution of Endoscopic Gastritis in 25,536 Heath Check-up Subjects in Korea",needs_review
A5100670920,Sang Wook Kim,2,1,P0005,Ewha Womans University; Jeonbuk National University; Kyungpook National University; Seoul National University Bundang Hospital,KR,yes,2,"The Distribution of Endoscopic Gastritis in 25,536 Heath Check-up Subjects in Korea",needs_review
A5047221157,Eui Hyeog Im,2,1,P0005,Catholic University of Korea; Ewha Womans University; Hallym University; Konyang University; Seoul National University Bundang Hospital; Soonchunhyang University; The Catholic University of Korea Seoul St. Mary's Hospital,KR,yes,2,"The Distribution of Endoscopic Gastritis in 25,536 Heath Check-up Subjects in Korea",needs_review
A5109265999,Kyoung Soo Lee,2,1,P0005,Cheju Halla General Hospital; Chosun University; Dankook University; Dongguk University; Seoul National University; Seoul National University Bundang Hospital,KR,yes,2,"The Distribution of Endoscopic Gastritis in 25,536 Heath Check-up Subjects in Korea",needs_review
A5030136847,Dong Hyo Hyun,2,1,P0005,Catholic University of Korea; Ewha Womans University; Hallym University; Korea University; Maeumsarang Hospital; Seoul National University Bundang Hospital; Soonchunhyang University; The Catholic University of Korea Seoul St. Mary's Hospital,KR,yes,2,"The Distribution of Endoscopic Gastritis in 25,536 Heath Check-up Subjects in Korea",needs_review
A5100363769,Hyun Young Kim,2,1,P0005,Catholic University of Korea; Chonnam National University; Ewha Womans University; Gyeongsang National University; Hallym University; Korea University; Seoul National University Bundang Hospital; Soonchunhyang University; The Catholic University of Korea Seoul St. Mary's Hospital,KR,yes,2,"The Distribution of Endoscopic Gastritis in 25,536 Heath Check-up Subjects in Korea",needs_review
A5110000621,Sun-Mi Kim,2,1,P0005,Catholic University of Korea; Ewha Womans University; Hallym University; Jeonbuk National University; Korea University; Kyungpook National University; Seoul National University Bundang Hospital; Soonchunhyang University; The Catholic University of Korea Seoul St. Mary's Hospital,KR,yes,2,"The Distribution of Endoscopic Gastritis in 25,536 Heath Check-up Subjects in Korea",needs_review
A5010478258,Chan Guk Park,2,1,P0005,Chosun University,KR,yes,2,"The Distribution of Endoscopic Gastritis in 25,536 Heath Check-up Subjects in Korea",needs_review
A5101760151,Chang‐Hun Yang,2,1,P0005,Dongguk University,KR,yes,2,"The Distribution of Endoscopic Gastritis in 25,536 Heath Check-up Subjects in Korea",needs_review
A5039842907,Hee-Kwon Park,2,1,P0005,Inha University; Inha University Hospital; Seoul Medical Center,KR,yes,2,Small deep white matter lesions are associated with right-to-left shunts in migraineurs,needs_review
A5104093812,Su Jin Yoon,2,1,P0005,Ewha Womans University Medical Center,KR,yes,2,The Prevalence and Clinical Characteristics of Reflux Esophagitis in Koreans and Its Possible Relation to Metabolic Syndrome,needs_review
A5103264757,Yeonsil Yu,2,1,P0005,Ewha Womans University,KR,yes,2,Therapeutic potential of tonsil-derived mesenchymal stem cells in dextran sulfate sodium-induced experimental murine colitis,needs_review
A5032728166,Ha Yeong Kim,2,1,P0005,Ewha Womans University,KR,yes,2,Therapeutic potential of tonsil-derived mesenchymal stem cells in dextran sulfate sodium-induced experimental murine colitis,needs_review
A5014858973,Ju‐Young Seoh,2,1,P0005,Ewha Womans University,KR,yes,2,Inflammatory hypoxia induces syndecan‐2 expression through IL‐1b–mediated FOXO3a activation in colonic epithelia,needs_review
A5079961619,Koo Chul Kwon,2,1,P0005,Korea University,KR,yes,2,Fluorescent viral nanoparticles with stable in vitro and in vivo activity,needs_review
A5059250998,Hae-Rahn Bae,2,1,P0005,Dong-A University,KR,yes,2,Vascular calcification score on plain radiographs of the feet as a predictor of peripheral arterial disease in patients with chronic kidney disease,needs_review
A5088074226,Yun Jeong Lim,2,1,P0005,Dongguk University,KR,yes,2,Learning Curve of Capsule Endoscopy,needs_review
A5057216046,Young Sung Joo,2,1,P0005,Catholic University of Korea; Dongguk University,KR,yes,2,Learning Curve of Capsule Endoscopy,needs_review
A5112016162,Dae Young Jung,2,1,P0005,Catholic University of Korea; Ulsan College; University of Ulsan,KR,yes,2,Learning Curve of Capsule Endoscopy,needs_review
A5100443862,Ji Hyun Kim,2,1,P0005,Inje University; Soonchunhyang University; Yonsei University,KR,yes,2,Learning Curve of Capsule Endoscopy,needs_review
A5026289245,Jae Hyuk,2,1,P0005,Chung-Ang University; Yeungnam University; Yeungnam University College,KR,yes,2,Learning Curve of Capsule Endoscopy,needs_review
A5109107457,Hoon Jae Chun,2,1,P0005,Catholic University of Korea; Korea University,KR,yes,2,Learning Curve of Capsule Endoscopy,needs_review
A5075345859,Myung‐Gyu Choi,2,1,P0005,Catholic University of Korea,KR,yes,2,Learning Curve of Capsule Endoscopy,needs_review
A5101633877,Young Kwan Cho,2,1,P0005,Eulji Medical Center; Eulji University,KR,yes,2,"Constipation Misperception Is Associated With Gender, Marital Status, Treatment Utilization and Constipation Symptoms Experienced",needs_review
A5033450512,Yoon Suk Jung,2,1,P0005,Kangbuk Samsung Hospital; Sungkyunkwan University,KR,yes,2,A Clear Liquid Diet Is Not Mandatory for Polyethylene Glycol-Based Bowel Preparation for Afternoon Colonoscopy in Healthy Outpatients,needs_review
A5059881914,Hyo Sun Seok,2,1,P0005,Kangbuk Samsung Hospital; Sungkyunkwan University,KR,yes,2,A Clear Liquid Diet Is Not Mandatory for Polyethylene Glycol-Based Bowel Preparation for Afternoon Colonoscopy in Healthy Outpatients,needs_review
A5074623189,Min Jin Lee,2,1,P0005,Ewha Womans University; Ewha Womans University Medical Center,KR,yes,2,The Clinical Meaning of Benign Colon Uptake in18F-FDG PET: Comparison with Colonoscopic Findings,needs_review
A5083455410,Ja-Gyeong Song,2,1,P0005,Jeonbuk National University,KR,yes,2,New Bioactive Compounds from Korean Native Mushrooms,needs_review
A5113740085,In-Kyoung Lee,2,1,P0005,Jeonbuk National University,KR,yes,2,New Bioactive Compounds from Korean Native Mushrooms,needs_review
A5111484507,Bong-Sik Yun,2,1,P0005,Jeonbuk National University,KR,yes,2,New Bioactive Compounds from Korean Native Mushrooms,needs_review
A5110170288,Hyun-Soo Kim,2,1,P0005,Korea University; Kyung Hee University; Seoul National University; Yonsei University,KR,yes,2,Korean Guidelines for Post-polypectomy Colonoscopic Surveillance,needs_review
A5040337559,Sun-Kyung Na,2,1,P0005,Ewha Womans University Medical Center,KR,yes,2,The use of low-volume polyethylene glycol containing ascorbic acid versus 2 L of polyethylene glycol plus bisacodyl as bowel preparation for colonoscopy,needs_review
A5113698507,Hye-Kyung Song,2,1,P0005,Ewha Womans University Medical Center,KR,yes,2,The use of low-volume polyethylene glycol containing ascorbic acid versus 2 L of polyethylene glycol plus bisacodyl as bowel preparation for colonoscopy,needs_review
A5103058531,Jeong‐Yoon Lee,2,1,P0005,Asan Medical Center; Health Insurance Review and Assessment Service; Korea University; Seoul National University Bundang Hospital; Seoul National University Hospital; Soonchunhyang University Hospital Seoul; Ulsan University Hospital; Yeungnam University Medical Center,KR,yes,2,Quality of Acute Stroke Care within Emergency Medical Service System in Korea: Proposal for Severe Emergency Medical Center,needs_review
A5103071099,Jonguk Kim,2,1,P0005,Chonnam National University Hospital; Eulji University; Jeju National University; Jeju National University Hospital; Seoul National University Bundang Hospital; Seoul National University Hospital; Soonchunhyang University Hospital Seoul,KR,yes,2,Quality of Acute Stroke Care within Emergency Medical Service System in Korea: Proposal for Severe Emergency Medical Center,needs_review
A5101716398,Tae Jung Kim,2,1,P0005,Asan Medical Center; Korea University Medical Center; Seoul National University; Seoul National University Bundang Hospital; Soonchunhyang University Hospital Seoul,KR,yes,2,Quality of Acute Stroke Care within Emergency Medical Service System in Korea: Proposal for Severe Emergency Medical Center,needs_review
A5040032962,Keun‐Hwa Jung,2,1,P0005,Korea University Medical Center,KR,yes,2,Quality of Acute Stroke Care within Emergency Medical Service System in Korea: Proposal for Severe Emergency Medical Center,needs_review
A5073057417,In Ok Bae,2,1,P0005,Health Insurance Review and Assessment Service,KR,yes,2,Quality of Acute Stroke Care within Emergency Medical Service System in Korea: Proposal for Severe Emergency Medical Center,needs_review
A5073838189,Myung‐Won You,2,1,P0005,Kyung Hee University; Kyung Hee University Dental Hospital,KR,yes,2,Comparative outcomes of acute colonic diverticulitis in immunocompromised versus immunocompetent patients: a systematic review and meta-analysis,needs_review
A5025610156,Seog Ki Min,2,1,P0005,Ewha Womans University,KR,yes,2,Development of functional gastrointestinal disorder symptoms following laparoscopic cholecystectomy: a prospective cohort study,needs_review
A5063992208,Han Hee Lee,2,1,P0005,Catholic University of Korea; The Catholic University of Korea Yeouido St. Mary's Hospital,KR,yes,2,Use of Device-Assisted Enteroscopy in Small Bowel Disease: An Expert Consensus Statement by the Korean Association for the Study of Intestinal Diseases,needs_review
A5102808005,Eun Hye Oh,2,1,P0005,Hanyang University Guri Hospital; Severance Hospital; Yonsei University,KR,yes,2,Use of Device-Assisted Enteroscopy in Small Bowel Disease: An Expert Consensus Statement by the Korean Association for the Study of Intestinal Diseases,needs_review
A5101589938,Min Cheol Kim,2,1,P0005,Dankook University Hospital; Yeungnam University; Yeungnam University College; Yeungnam University Medical Center,KR,yes,2,Use of Device-Assisted Enteroscopy in Small Bowel Disease: An Expert Consensus Statement by the Korean Association for the Study of Intestinal Diseases,needs_review
A5064822313,Seung‐Joo Nam,2,1,P0005,Chungnam National University Hospital; Kangwon National University; Kangwon National University Hospital,KR,yes,2,Use of Device-Assisted Enteroscopy in Small Bowel Disease: An Expert Consensus Statement by the Korean Association for the Study of Intestinal Diseases,needs_review
A5109487303,JeongHeon Kim,2,1,P0005,Yonsei University,KR,yes,2,Enhancing the Predictions of Cytomegalovirus Infection in Severe Ulcerative Colitis Using a Deep Learning Ensemble Model: Development and Validation Study,needs_review
A5047889953,Rena Lee,2,1,P0005,Ewha Womans University,KR,yes,2,Enhancing the Predictions of Cytomegalovirus Infection in Severe Ulcerative Colitis Using a Deep Learning Ensemble Model: Development and Validation Study,needs_review
A5100706226,Jin Sung Kim,2,1,P0005,Yonsei University,KR,yes,2,Enhancing the Predictions of Cytomegalovirus Infection in Severe Ulcerative Colitis Using a Deep Learning Ensemble Model: Development and Validation Study,needs_review
A5112932949,So Hui Kim,2,1,P0005,Ewha Womans University; Ewha Womans University Medical Center,KR,yes,2,Cell-derived vesicles extruded from adipose mesenchymal stem cells attenuate intestinal inflammation and augment epithelial regeneration in a colitis model,needs_review
A5101624860,Hye Sun Lee,2,1,P0005,Ewha Womans University; Ewha Womans University Medical Center,KR,yes,2,Cell-derived vesicles extruded from adipose mesenchymal stem cells attenuate intestinal inflammation and augment epithelial regeneration in a colitis model,needs_review
A5102335630,Hui-Chong Lau,2,1,P0005,Marine Biodiversity Institute of Korea,KR,yes,2,Cell-derived vesicles extruded from adipose mesenchymal stem cells attenuate intestinal inflammation and augment epithelial regeneration in a colitis model,needs_review
A5100765101,Sung‐Soo Park,2,1,P0005,Marine Biodiversity Institute of Korea,KR,yes,2,Cell-derived vesicles extruded from adipose mesenchymal stem cells attenuate intestinal inflammation and augment epithelial regeneration in a colitis model,needs_review
A5069851488,Seung Wook Oh,2,1,P0005,Marine Biodiversity Institute of Korea,KR,yes,2,Cell-derived vesicles extruded from adipose mesenchymal stem cells attenuate intestinal inflammation and augment epithelial regeneration in a colitis model,needs_review
A5100692199,Min Jung Park,2,1,P0005,Catholic University of Korea; Ewha Womans University; Hallym University; Korea University; Seoul National University Bundang Hospital; Seoul National University Hospital; Soonchunhyang University; The Catholic University of Korea Seoul St. Mary's Hospital,KR,yes,2,"Clinical Spectrum of Reflux Esophagitis Among 25,536 Koreans Who Underwent a Health Check-up",needs_review
A5072143509,Jeong Yoon Yim,2,1,P0005,Seoul National University Hospital,KR,yes,2,"Clinical Spectrum of Reflux Esophagitis Among 25,536 Koreans Who Underwent a Health Check-up",needs_review
A5100353103,Jin Il Kim,2,1,P0005,Catholic University of Korea; Ewha Womans University; Kosin University Gospel Hospital; SNUH SMG-SNU Boramae Medical Center; Seoul National University; Soonchunhyang University; Yonsei University,KR,yes,2,"Clinical Spectrum of Reflux Esophagitis Among 25,536 Koreans Who Underwent a Health Check-up",needs_review
A5076366046,Hyuk Yoon,2,1,P0005,Seoul National University Bundang Hospital,KR,yes,2,Factors associated with pregnancy-related knowledge in women of reproductive age with inflammatory bowel disease,needs_review
A5011356804,Hyun-Kuk Song,2,1,P0005,Ewha Womans University,KR,yes,2,Up‐regulation of syndecan‐2 in proximal colon correlates with acute inflammation,needs_review
A5002055942,Suh Eun Bae,2,1,P0005,Ewha Womans University Medical Center,KR,yes,2,The Effect of Aspirin Alone or Aspirin Plus Additional Antiplatelets Therapy on Upper Gastrointestinal Hemorrhage,needs_review
A5032463810,Il Hyun Baek,2,1,P0005,Hallym University,KR,yes,2,Comparison of Bowel Preparation Depending on Completion Time of Polyethylene Glycol Ingestion and Start Time of Colonoscopy,needs_review
A5043566236,Min S.un Cho,2,1,P0005,Ewha Womans University,KR,yes,2,Pathological Predictors for Defining a Therapeutic Strategy for Early Colon Cancer after Endoscopic Resection: Multicenter Retrospective Analysis from Surgically Resected Specimens.,needs_review
A5008546818,Yong Gi Jung,2,1,P0005,Chung-Ang University,KR,yes,2,Controlling Nitrogen Oxide and Ultraviolet-A irradiance in ventilation duct system using TiO2 photocatalyst,needs_review
A5112519402,Jae Yun Yoo,2,1,P0005,Chung-Ang University,KR,yes,2,Controlling Nitrogen Oxide and Ultraviolet-A irradiance in ventilation duct system using TiO2 photocatalyst,needs_review
A5100727695,Hae Won Kim,2,1,P0005,Seoul National University,KR,yes,2,Perceptions of nurses on human papillomavirus vaccinations in the Republic of Korea,needs_review
A5018846994,Younseong Song,2,1,P0005,Korea Advanced Institute of Science and Technology,KR,yes,2,Nanotopology‐Enabled On‐Site Pathogen Detection for Managing Atopic Dermatitis,needs_review
A5104257723,Booseok Jeong,2,1,P0005,Korea Advanced Institute of Science and Technology,KR,yes,2,Nanotopology‐Enabled On‐Site Pathogen Detection for Managing Atopic Dermatitis,needs_review
A5014240047,Sung Gap Im,2,1,P0005,Korea Advanced Institute of Science and Technology,KR,yes,2,Nanotopology‐Enabled On‐Site Pathogen Detection for Managing Atopic Dermatitis,needs_review
A5070184221,Kyoung G. Lee,2,1,P0005,National NanoFab Center,KR,yes,2,Nanotopology‐Enabled On‐Site Pathogen Detection for Managing Atopic Dermatitis,needs_review
A5026073918,Hyunsoo Kim,2,1,P0005,Soonchunhyang University; Yonsei University,KR,yes,2,Clinical Practice of Surveillance Colonoscopy according to the Classification of Colorectal Intraepithelial Neoplasia in Korea: High-grade Dysplasia/CarcinomaIn SituVersus Intramucosal Carcinoma,needs_review
A5102866618,Saebom Jeon,2,1,P0005,Korea University; Statistics Korea,KR,yes,2,A Study on the Population Structure of Democratic People’s Republic of Korea,needs_review
A5040804646,Yousung Park,2,1,P0005,Korea University; Statistics Korea,KR,yes,2,A Study on the Population Structure of Democratic People’s Republic of Korea,needs_review
A5100424891,Hyun Jung Lee,2,1,P0005,Yonsei University,KR,yes,2,Risk factors of nonadherence to colonoscopy surveillance after polypectomy and its impact on clinical outcomes: a KASID multicenter study,needs_review
A5077871290,Sanghui Park,2,1,P0005,Ewha Womans University,KR,yes,2,Identification of distinctive clinical significance in hospitalized patients with endoscopic duodenal mucosal lesions,needs_review
A5107591396,Suk Kyun Yang,2,1,P0005,Ulsan College; University of Ulsan,KR,yes,2,A Survey for Post-polypectomy Surveillance,needs_review
A5003207760,Yun Jun Yang,2,1,P0005,Inje University Ilsan Paik Hospital,KR,yes,2,"The Effect of Non-regular Employment on the Health Behaviors, Mental Health and Quality of Life: Data from the Korea National Health and Nutrition Examination Survey 2013",needs_review
A5052560656,Eon Sook Lee,2,1,P0005,Inje University Ilsan Paik Hospital,KR,yes,2,"The Effect of Non-regular Employment on the Health Behaviors, Mental Health and Quality of Life: Data from the Korea National Health and Nutrition Examination Survey 2013",needs_review
A5011157348,Sunah Kim,2,1,P0005,Woosuk University; Yonsei University,KR,yes,2,A Predictive Model of Depression in Rural Elders-Decision Tree Analysis,needs_review
A5029533342,Sun-Kyung Na,2,1,P0005,Ewha Womans University Medical Center,KR,yes,2,What's the Clinical Features of Colitis in Elderly People in Long-Term Care Facilities?,needs_review
A5037660285,Sun Young Choi,2,1,P0005,Ewha Womans University; Ewha Womans University Medical Center,KR,yes,2,Multidisciplinary Approach to Refractory Upper Gastrointestinal Bleeding: Case Series of Angiographic Embolization,needs_review
A5064042428,Kyoung Ae Kong,2,1,P0005,Ewha Womans University Medical Center,KR,yes,2,Meta-analysis: the Effect ofLactobacillusSupplementation onHelicobacter pyloriEradication Rates and Side Effects during Treatment,needs_review
A5084389896,Yong‐Jin Cho,2,1,P0005,Inje University Ilsan Paik Hospital,KR,yes,2,Network analysis of stroke systems of care in Korea,needs_review
A5046350380,Ayoung Lee,2,1,P0005,Ewha Womans University,KR,yes,2,Prediction of Severity and Adverse Outcomes Associated with Perforation in Patients Presenting to the Emergency Department with Esophageal Injury,needs_review
A5101485886,Seung Yong Shin,2,1,P0005,Chung-Ang University,KR,yes,2,Practices and perceptions of 5-aminosalicylic acid use in Crohn’s disease: a nationwide survey of physicians in Korea by KASID Guidelines Taskforce Team,needs_review
A5067649649,Ji Eun Kim,2,1,P0005,Samsung Medical Center; Sungkyunkwan University,KR,yes,2,Practices and perceptions of 5-aminosalicylic acid use in Crohn’s disease: a nationwide survey of physicians in Korea by KASID Guidelines Taskforce Team,needs_review
A5022599753,Sang‐Bum Kang,2,1,P0005,Catholic University of Korea; The Catholic University of Korea Daejeon St. Mary's Hospital,KR,yes,2,Practices and perceptions of 5-aminosalicylic acid use in Crohn’s disease: a nationwide survey of physicians in Korea by KASID Guidelines Taskforce Team,needs_review
A5044090095,Soo‐Young Na,2,1,P0005,Catholic University of Korea; The Catholic University of Korea Incheon St. Mary's Hospital,KR,yes,2,Practices and perceptions of 5-aminosalicylic acid use in Crohn’s disease: a nationwide survey of physicians in Korea by KASID Guidelines Taskforce Team,needs_review
A5018863839,Myung Ha Kim,2,1,P0005,Yonsei University,KR,yes,2,Optimal use and cycling strategies of Janus kinase inhibitors in ulcerative colitis: current evidence and clinical implications from the KASID Guidelines Task Force Team,needs_review
A5015476348,Do Woung Jung,2,1,P0005,Ewha Womans University; Ewha Womans University Mokdong Hospital; Soonchunhyang University Hospital Seoul,KR,yes,2,Small Bowel Necrosis Associated with Catastrophic Antiphospholipid Syndrome: A Case Report,needs_review
A5026027730,Sang-Woo Pyun,2,1,P0005,Sun Moon University,KR,yes,2,Effect of Post-Activation Potentiation according to Sequence of Velocity Using Isokinetic Device on Short-Term Performance of Lower Extremity: Taekwondo Athletes and Healthy Adults,needs_review
A5088246335,Dong-Yeop Lee,2,1,P0005,Sun Moon University,KR,yes,2,Effect of Post-Activation Potentiation according to Sequence of Velocity Using Isokinetic Device on Short-Term Performance of Lower Extremity: Taekwondo Athletes and Healthy Adults,needs_review
A5059116253,Ji-Heon Hong,2,1,P0005,Sun Moon University,KR,yes,2,Effect of Post-Activation Potentiation according to Sequence of Velocity Using Isokinetic Device on Short-Term Performance of Lower Extremity: Taekwondo Athletes and Healthy Adults,needs_review
A5009813451,Jin-Seop Kim,2,1,P0005,Sun Moon University,KR,yes,2,Effect of Post-Activation Potentiation according to Sequence of Velocity Using Isokinetic Device on Short-Term Performance of Lower Extremity: Taekwondo Athletes and Healthy Adults,needs_review
A5081321552,Kuk-Cheon Lee,2,1,P0005,Gyeongsangnam-do Agricultural Research and Extension Services; Taiwan Livestock Research Institute,KR; TW,yes,2,Survey of mastitis management and incidence of mastitis in high somatic cell count of bulk milk at dairy farms in the Gyeongnam,needs_review
A5113669800,Hyoung Won Cho,2,1,P0005,Ewha Womans University,KR,yes,2,A Case of Death Due to Late Progression of Corrosive Esophagitis after Strong Alkali Ingestion,needs_review
A5085526670,Hyun-Kyung Nam,2,1,P0005,Dong-A University,KR,yes,2,Clinical characteristics of rapidly progressive glomerulonephritis,needs_review
A5073786517,Eon- Suk Lee,2,1,P0005,Inje University Ilsan Paik Hospital,KR,yes,2,Experience of Sport Medicine and Knowledge of Sport Doping,needs_review
A5026896088,Jiyeon Lee,2,1,P0005,Beijing Institute of Fashion Technology; Inje University Ilsan Paik Hospital,CN; KR,yes,2,Experience of Sport Medicine and Knowledge of Sport Doping,needs_review
A5100659881,KH Kim,2,1,P0005,Dong-A University,KR,yes,2,"Associations between Oxidized LDL to LDL Ratio, HDL and Vascular Calcification in the Feet of Hemodialysis Patients",needs_review
A5110103369,Jae Jung Park,2,1,P0005,Ewha Womans University; Ewha Womans University Medical Center; Jeju National University,KR,yes,2,Predictable Factors of Biofeedback Therapy Compliance in Patients with Chronic Constipation due to Pelvic Floor Dyssynergia,needs_review
A5080075543,So Young Ahn,2,1,P0005,Ewha Womans University,KR,yes,2,Su1246 Temporal Trends and Natural History of Eosinophils-Related Gastrointestinal Disease in Asia,needs_review
A5102257390,Kyoung-Joo Kwon,2,1,P0005,Ewha Womans University,KR,yes,2,Mo1733 Do We Need Colonoscopy in Patient With Gastric Cancer at Diagnosis? The Prevalence of Colorectal Polyps in Patients With Gastric Cancer,needs_review
A5102226576,Dong-Eun Song,2,1,P0005,Ewha Womans University,KR,yes,2,Cytomegalovirus Colitis in an Immunocompetent Patient with Henoch-Sch$\ddot{o}$nlein Purpura,needs_review
A5109467900,Hyo Jin Jeong,2,1,P0005,Dong-A University,KR,yes,2,SP361EFFECT OF OMEGA-3 FATTY ACIDS AND VITAMIN D ON ELONGASE-6 EXPRESSION AND OLEIC ACID CONTENT IN 5/6 NEPHRECTOMY RAT MODEL,needs_review
A5100318693,Ji Young Lee,2,1,P0005,Dong-A University,KR,yes,2,SP361EFFECT OF OMEGA-3 FATTY ACIDS AND VITAMIN D ON ELONGASE-6 EXPRESSION AND OLEIC ACID CONTENT IN 5/6 NEPHRECTOMY RAT MODEL,needs_review
A5100685793,Ki Tae Kim,2,1,P0005,Dong-A University,KR,yes,2,SP361EFFECT OF OMEGA-3 FATTY ACIDS AND VITAMIN D ON ELONGASE-6 EXPRESSION AND OLEIC ACID CONTENT IN 5/6 NEPHRECTOMY RAT MODEL,needs_review
A5100732898,Sang Hoon Park,2,1,P0005,Ewha Womans University; Ewha Womans University Medical Center,KR,yes,2,Successful Management of a Gastric Leak with Endoscopic Stent after Sleeve Gastrectomy,needs_review
A5110244569,Jung Won Kim,2,1,P0005,Ewha Womans University; Ewha Womans University Medical Center,KR,yes,2,Successful Management of a Gastric Leak with Endoscopic Stent after Sleeve Gastrectomy,needs_review
A5100442882,Jun Lee,2,1,P0005,Asan Medical Center; Korea University; Soonchunhyang University Hospital Seoul; Yeungnam University Medical Center,KR,yes,2,Abstract 71: The Impact of 3-month Functional Outcome on Healthcare Expenditure During the 5 Years After Acute Ischemic Stroke,needs_review
A5100733976,Dae‐Hyun Kim,2,1,P0005,Dong-A University Hospital; Dongguk University Ilsan Hospital,KR,yes,2,Abstract 71: The Impact of 3-month Functional Outcome on Healthcare Expenditure During the 5 Years After Acute Ischemic Stroke,needs_review
A5103112433,Alexander Choe,2,1,P0005,Ewha Womans University Medical Center,KR,yes,2,Mo1120 – A Trial for the Administration of a Functionally Enhanced Tonsil-Derived Mesenchymal Stem Cells in a Chronic Colitis Model,needs_review
A5065134950,Tackeun Kim,2,1,P0005,Seoul National University Bundang Hospital,KR,yes,2,"Abstract 115: Current Status of Acute Stroke Management in Korea: A Nationwide Report Based on 19,608 Patients Treated in 216 Hospitals",needs_review
A5023994742,Yong-jin Cho,2,1,P0005,Inje University Ilsan Paik Hospital,KR,yes,2,Abstract WP186: Long-term Incidence Of Gastrointestinal Bleeding After Ischemic Stroke,needs_review
A5089183959,Kwang-yeol Park,2,1,P0005,Chung-Ang University,KR,yes,2,Abstract WP186: Long-term Incidence Of Gastrointestinal Bleeding After Ischemic Stroke,needs_review
A5012443166,JUNEYOUNG LEE,2,1,P0005,Asan Medical Center; Korea University,JP; KR,yes,2,Abstract WP186: Long-term Incidence Of Gastrointestinal Bleeding After Ischemic Stroke,needs_review
A5089743772,Ju Young Park,1,1,P0001,Pohang University of Science and Technology,KR,yes,1,A comparative study on collagen type I and hyaluronic acid dependent cell behavior for osteochondral tissue bioprinting,needs_review
A5039116749,Jin‐Hyung Shim,1,1,P0001,Tech University of Korea,KR,yes,1,A comparative study on collagen type I and hyaluronic acid dependent cell behavior for osteochondral tissue bioprinting,needs_review
A5026352789,Jung‐Seob Lee,1,1,P0001,Pohang University of Science and Technology,KR,yes,1,A comparative study on collagen type I and hyaluronic acid dependent cell behavior for osteochondral tissue bioprinting,needs_review
A5100685532,Sung Won Kim,1,1,P0001,Catholic University of Korea,KR,yes,1,A comparative study on collagen type I and hyaluronic acid dependent cell behavior for osteochondral tissue bioprinting,needs_review
A5013808012,Dong‐Woo Cho,1,1,P0001,Pohang University of Science and Technology,KR,yes,1,A comparative study on collagen type I and hyaluronic acid dependent cell behavior for osteochondral tissue bioprinting,needs_review
A5100706960,Hyunjoon Kim,1,1,P0001,Pohang University of Science and Technology,KR,yes,1,Cholesterol selectively activates canonical Wnt signalling over non-canonical Wnt signalling,needs_review
A5065908074,Hye-Yoon Lee,1,1,P0001,Pohang University of Science and Technology,KR,yes,1,Cholesterol selectively activates canonical Wnt signalling over non-canonical Wnt signalling,needs_review
A5102122079,Jong-Cheol Choi,1,1,P0001,Pohang University of Science and Technology,KR,yes,1,Cholesterol selectively activates canonical Wnt signalling over non-canonical Wnt signalling,needs_review
A5109958426,Jin‐Kwan Han,1,1,P0001,Pohang University of Science and Technology,KR,yes,1,Cholesterol selectively activates canonical Wnt signalling over non-canonical Wnt signalling,needs_review
A5112600363,Seong Soo A. An,1,1,P0001,Gachon University,KR,yes,1,Pt-Decorated Magnetic Nanozymes for Facile and Sensitive Point-of-Care Bioassay,needs_review
A5029305363,Han Young Kim,1,1,P0001,Seoul National University,KR,yes,1,T‐Cell‐Mimicking Nanoparticles for Cancer Immunotherapy,needs_review
A5027096248,Ju‐Ro Lee,1,1,P0001,Seoul National University,KR,yes,1,T‐Cell‐Mimicking Nanoparticles for Cancer Immunotherapy,needs_review
A5078782369,Seokyung Kang,1,1,P0001,Seoul National University,KR,yes,1,T‐Cell‐Mimicking Nanoparticles for Cancer Immunotherapy,needs_review
A5057408888,Jin Han,1,1,P0001,Seoul National University,KR,yes,1,T‐Cell‐Mimicking Nanoparticles for Cancer Immunotherapy,needs_review
A5082625046,Songhyun Lim,1,1,P0001,Seoul National University,KR,yes,1,T‐Cell‐Mimicking Nanoparticles for Cancer Immunotherapy,needs_review
A5076505324,Hee Su Sohn,1,1,P0001,Seoul National University,KR,yes,1,T‐Cell‐Mimicking Nanoparticles for Cancer Immunotherapy,needs_review
A5113619487,Yeon-Ho Kim,1,1,P0001,Hanyang University,KR,yes,1,dNP2 is a blood–brain barrier-permeable peptide enabling ctCTLA-4 protein delivery to ameliorate experimental autoimmune encephalomyelitis,needs_review
A5101978195,Sohee Lee,1,1,P0001,Institute for Basic Science; Samsung (South Korea); Yonsei University,KR,yes,1,dNP2 is a blood–brain barrier-permeable peptide enabling ctCTLA-4 protein delivery to ameliorate experimental autoimmune encephalomyelitis,needs_review
A5112029967,Jung-Ah Lee,1,1,P0001,Hanyang University,KR,yes,1,dNP2 is a blood–brain barrier-permeable peptide enabling ctCTLA-4 protein delivery to ameliorate experimental autoimmune encephalomyelitis,needs_review
A5027775172,Hong-Jai Park,1,1,P0001,Hanyang University,KR,yes,1,dNP2 is a blood–brain barrier-permeable peptide enabling ctCTLA-4 protein delivery to ameliorate experimental autoimmune encephalomyelitis,needs_review
A5110304434,Hye-Mi Kim,1,1,P0001,Institute for Basic Science; Pohang University of Science and Technology; Sungkyunkwan University,KR,yes,1,dNP2 is a blood–brain barrier-permeable peptide enabling ctCTLA-4 protein delivery to ameliorate experimental autoimmune encephalomyelitis,needs_review
A5101433495,Jae-Ung Lee,1,1,P0001,Hanyang University,KR,yes,1,dNP2 is a blood–brain barrier-permeable peptide enabling ctCTLA-4 protein delivery to ameliorate experimental autoimmune encephalomyelitis,needs_review
A5039283240,Jeongsoo Hur,1,1,P0001,Korea University,JP; KR,yes,1,Microfluidic Cell Stretching for Highly Effective Gene Delivery into Hard-to-Transfect Primary Cells,needs_review
A5088312142,Kyung Min Lim,1,1,P0001,Konkuk University; Konkuk University Medical Center,KR,yes,1,Microfluidic Cell Stretching for Highly Effective Gene Delivery into Hard-to-Transfect Primary Cells,needs_review
A5005365021,Ssang‐Goo Cho,1,1,P0001,Konkuk University; Konkuk University Medical Center,KR,yes,1,Microfluidic Cell Stretching for Highly Effective Gene Delivery into Hard-to-Transfect Primary Cells,needs_review
A5013120121,Sejong Chun,1,1,P0001,Chonnam National University,KR,yes,1,Expansion of Human NK Cells Using K562 Cells Expressing OX40 Ligand and Short Exposure to IL-21,needs_review
A5045222188,HongBi Yu,1,1,P0001,Sungkyunkwan University,KR,yes,1,Expansion of Human NK Cells Using K562 Cells Expressing OX40 Ligand and Short Exposure to IL-21,needs_review
A5114400787,Seok‐Ho Kim,1,1,P0001,Kongju National University; Korea Research Institute of Bioscience and Biotechnology,KR,yes,1,Expansion of Human NK Cells Using K562 Cells Expressing OX40 Ligand and Short Exposure to IL-21,needs_review
A5100329288,Jaemin Lee,1,1,P0001,Korea Research Institute of Bioscience and Biotechnology,KR,yes,1,Expansion of Human NK Cells Using K562 Cells Expressing OX40 Ligand and Short Exposure to IL-21,needs_review
A5063762312,Sang‐Ki Kim,1,1,P0001,Kongju National University; Korea Research Institute of Bioscience and Biotechnology,KR,yes,1,Expansion of Human NK Cells Using K562 Cells Expressing OX40 Ligand and Short Exposure to IL-21,needs_review
A5029095174,Dohyun Park,1,1,P0001,Seoul National University,KR,yes,1,High-Throughput Microfluidic 3D Cytotoxicity Assay for Cancer Immunotherapy (CACI-IMPACT Platform),needs_review
A5073526458,Kyungmin Son,1,1,P0001,Seoul National University,KR,yes,1,High-Throughput Microfluidic 3D Cytotoxicity Assay for Cancer Immunotherapy (CACI-IMPACT Platform),needs_review
A5081759932,Yun‐Chan Hwang,1,1,P0001,Seoul National University,KR,yes,1,High-Throughput Microfluidic 3D Cytotoxicity Assay for Cancer Immunotherapy (CACI-IMPACT Platform),needs_review
A5048958395,Jihoon Ko,1,1,P0001,Seoul National University,KR,yes,1,High-Throughput Microfluidic 3D Cytotoxicity Assay for Cancer Immunotherapy (CACI-IMPACT Platform),needs_review
A5030572503,Younggyun Lee,1,1,P0001,Seoul National University,KR,yes,1,High-Throughput Microfluidic 3D Cytotoxicity Assay for Cancer Immunotherapy (CACI-IMPACT Platform),needs_review
A5113677364,Noo Li Jeon,1,1,P0001,Institute for Advanced Engineering; Seoul National University,KR,yes,1,High-Throughput Microfluidic 3D Cytotoxicity Assay for Cancer Immunotherapy (CACI-IMPACT Platform),needs_review
A5100710880,Ji‐Eun Park,1,1,P0001,Seoul National University,KR,yes,1,Anti-tumor effects of NK cells and anti-PD-L1 antibody with antibody-dependent cellular cytotoxicity in PD-L1-positive cancer cell lines,needs_review
A5102972992,Bhumsuk Keam,1,1,P0001,Seoul National University; Seoul National University Hospital,KR,yes,1,Anti-tumor effects of NK cells and anti-PD-L1 antibody with antibody-dependent cellular cytotoxicity in PD-L1-positive cancer cell lines,needs_review
A5063550945,Yoon Keun Cho,1,1,P0001,Seoul National University,KR,yes,1,Lipid remodeling of adipose tissue in metabolic health and disease,needs_review
A5066754514,S. Lee,1,1,P0001,Seoul National University,KR,yes,1,Lipid remodeling of adipose tissue in metabolic health and disease,needs_review
A5018742175,J.R. Lee,1,1,P0001,Seoul National University,KR,yes,1,Lipid remodeling of adipose tissue in metabolic health and disease,needs_review
A5064408083,Joo‐Hong Park,1,1,P0001,Seoul National University,KR,yes,1,Lipid remodeling of adipose tissue in metabolic health and disease,needs_review
A5042489954,Young‐Suk Jung,1,1,P0001,Pusan National University,KR,yes,1,Lipid remodeling of adipose tissue in metabolic health and disease,needs_review
A5101494300,Yun‐Hee Lee,1,1,P0001,National University College; Seoul National University,KR; PR,yes,1,Lipid remodeling of adipose tissue in metabolic health and disease,needs_review
A5036112665,Jun‐Hyeok Han,1,1,P0001,Catholic University of Korea; Korea University,KR,yes,1,Cationic Nanoparticle-Mediated Activation of Natural Killer Cells for Effective Cancer Immunotherapy,needs_review
A5102859390,Seung Hee Choi,1,1,P0001,CHA University,KR,yes,1,Cationic Nanoparticle-Mediated Activation of Natural Killer Cells for Effective Cancer Immunotherapy,needs_review
A5087380766,Hae‐Yun Jung,1,1,P0001,CHA University,KR,yes,1,Cationic Nanoparticle-Mediated Activation of Natural Killer Cells for Effective Cancer Immunotherapy,needs_review
A5005700831,Joo Dong Park,1,1,P0001,CHA University,KR,yes,1,Cationic Nanoparticle-Mediated Activation of Natural Killer Cells for Effective Cancer Immunotherapy,needs_review
A5091338787,Hee Jung An,1,1,P0001,CHA University; CHA University Bundang Medical Center,KR,yes,1,Cationic Nanoparticle-Mediated Activation of Natural Killer Cells for Effective Cancer Immunotherapy,needs_review
A5101594568,Dong Keun Han,1,1,P0001,CHA University,KR,yes,1,Cationic Nanoparticle-Mediated Activation of Natural Killer Cells for Effective Cancer Immunotherapy,needs_review
A5111872298,Ik-Hwan Kim,1,1,P0001,Korea University,KR,yes,1,Cationic Nanoparticle-Mediated Activation of Natural Killer Cells for Effective Cancer Immunotherapy,needs_review
A5108140359,Kyung‐Soon Park,1,1,P0001,CHA University,KR,yes,1,Cationic Nanoparticle-Mediated Activation of Natural Killer Cells for Effective Cancer Immunotherapy,needs_review
A5018118393,Yun Young Lee,1,1,P0001,Seoul National University,KR,yes,1,T‐Cell‐Derived Nanovesicles for Cancer Immunotherapy,needs_review
A5010311435,Cheesue Kim,1,1,P0001,Seoul National University,KR,yes,1,T‐Cell‐Derived Nanovesicles for Cancer Immunotherapy,needs_review
A5079953810,O‐chul Lee,1,1,P0001,Pohang University of Science and Technology,KR,yes,1,Formation of cellular close-ended tunneling nanotubes through mechanical deformation,needs_review
A5013180011,Gayun Bu,1,1,P0001,Pohang University of Science and Technology,KR,yes,1,Formation of cellular close-ended tunneling nanotubes through mechanical deformation,needs_review
A5045852499,Na-Oh Yunn,1,1,P0001,Pohang University of Science and Technology,KR,yes,1,Formation of cellular close-ended tunneling nanotubes through mechanical deformation,needs_review
A5086899824,Sung Ho Ryu,1,1,P0001,Pohang University of Science and Technology,KR,yes,1,Formation of cellular close-ended tunneling nanotubes through mechanical deformation,needs_review
A5077864017,Sang‐Hee Shim,1,1,P0001,Korea University,KR,yes,1,Formation of cellular close-ended tunneling nanotubes through mechanical deformation,needs_review
A5100723189,Keehoon Kim,1,1,P0001,Pohang University of Science and Technology,KR,yes,1,"User-friendly image-activated microfluidic cell sorting technique using an optimized, fast deep learning algorithm",needs_review
A5048924436,Jaehyun Lee,1,1,P0001,Pohang University of Science and Technology,KR,yes,1,A multilayered blood vessel/tumor tissue chip to investigate T cell infiltration into solid tumor tissues,needs_review
A5100317734,Minji Kim,1,1,P0001,Seoul National University,KR,yes,1,Novel enzymatic cross-linking–based hydrogel nanofilm caging system on pancreatic β cell spheroid for long-term blood glucose regulation,needs_review
A5101878782,Hyunbum Kim,1,1,P0001,Seoul National University,KR,yes,1,Novel enzymatic cross-linking–based hydrogel nanofilm caging system on pancreatic β cell spheroid for long-term blood glucose regulation,needs_review
A5100736744,Youngsun Lee,1,1,P0001,Seoul National University,KR,yes,1,Novel enzymatic cross-linking–based hydrogel nanofilm caging system on pancreatic β cell spheroid for long-term blood glucose regulation,needs_review
A5100712408,Sangjun Lee,1,1,P0001,Hanyang University,KR,yes,1,Novel enzymatic cross-linking–based hydrogel nanofilm caging system on pancreatic β cell spheroid for long-term blood glucose regulation,needs_review
A5052582677,Uk‐Jae Lee,1,1,P0001,Seoul National University,KR,yes,1,Novel enzymatic cross-linking–based hydrogel nanofilm caging system on pancreatic β cell spheroid for long-term blood glucose regulation,needs_review
A5102947374,Sung-Won Jung,1,1,P0001,Yonsei University,KR,yes,1,Novel enzymatic cross-linking–based hydrogel nanofilm caging system on pancreatic β cell spheroid for long-term blood glucose regulation,needs_review
A5011960125,Chung‐Gyu Park,1,1,P0001,Seoul National University,KR,yes,1,Novel enzymatic cross-linking–based hydrogel nanofilm caging system on pancreatic β cell spheroid for long-term blood glucose regulation,needs_review
A5036186277,Jinkee Hong,1,1,P0001,Yonsei University,KR,yes,1,Novel enzymatic cross-linking–based hydrogel nanofilm caging system on pancreatic β cell spheroid for long-term blood glucose regulation,needs_review
A5100686592,Dong Yun Lee,1,1,P0001,Hanyang University,KR,yes,1,Novel enzymatic cross-linking–based hydrogel nanofilm caging system on pancreatic β cell spheroid for long-term blood glucose regulation,needs_review
A5052315121,Byung‐Gee Kim,1,1,P0001,Seoul National University,KR,yes,1,Novel enzymatic cross-linking–based hydrogel nanofilm caging system on pancreatic β cell spheroid for long-term blood glucose regulation,needs_review
A5075710060,Nathaniel S. Hwang,1,1,P0001,Seoul National University,KR,yes,1,Novel enzymatic cross-linking–based hydrogel nanofilm caging system on pancreatic β cell spheroid for long-term blood glucose regulation,needs_review
A5017508203,Young-Mu Kim,1,1,P0001,Seoul National University; Ulsan National Institute of Science and Technology,KR,yes,1,A Water‐Soluble Organic Photocatalyst Discovered for Highly Efficient Additive‐Free Visible‐Light‐Driven Grafting of Polymers from Proteins at Ambient and Aqueous Environments,needs_review
A5091704517,Byungjin Koo,1,1,P0001,Dankook University,KR,yes,1,A Water‐Soluble Organic Photocatalyst Discovered for Highly Efficient Additive‐Free Visible‐Light‐Driven Grafting of Polymers from Proteins at Ambient and Aqueous Environments,needs_review
A5082319748,Jiawei Lv,1,1,P0001,Seoul National University,KR,yes,1,Spatiotemporally modulated full-polarized light emission for multiplexed optical encryption,needs_review
A5089627129,Jeong Hyun Han,1,1,P0001,Seoul National University,KR,yes,1,Spatiotemporally modulated full-polarized light emission for multiplexed optical encryption,needs_review
A5039059708,Geonho Han,1,1,P0001,Korea Advanced Institute of Science and Technology,KR,yes,1,Spatiotemporally modulated full-polarized light emission for multiplexed optical encryption,needs_review
A5103040249,Seung Ju Kim,1,1,P0001,Seoul National University,KR,yes,1,Spatiotemporally modulated full-polarized light emission for multiplexed optical encryption,needs_review
A5015227106,Ryeong Myeong Kim,1,1,P0001,Seoul National University,KR,yes,1,Spatiotemporally modulated full-polarized light emission for multiplexed optical encryption,needs_review
A5035652341,Jung‐El Ryu,1,1,P0001,Seoul National University,KR,yes,1,Spatiotemporally modulated full-polarized light emission for multiplexed optical encryption,needs_review
A5084318246,Rena Oh,1,1,P0001,Seoul National University,KR,yes,1,Spatiotemporally modulated full-polarized light emission for multiplexed optical encryption,needs_review
A5006892394,Hyuckjin Choi,1,1,P0001,Korea Advanced Institute of Science and Technology,KR,yes,1,Spatiotemporally modulated full-polarized light emission for multiplexed optical encryption,needs_review
A5102907512,In Han Ha,1,1,P0001,Seoul National University,KR,yes,1,Spatiotemporally modulated full-polarized light emission for multiplexed optical encryption,needs_review
A5024799659,Yoon Ho Lee,1,1,P0001,Seoul National University,KR,yes,1,Spatiotemporally modulated full-polarized light emission for multiplexed optical encryption,needs_review
A5029180172,Minje Kim,1,1,P0001,Korea Advanced Institute of Science and Technology,KR,yes,1,Spatiotemporally modulated full-polarized light emission for multiplexed optical encryption,needs_review
A5076737678,Gyeong‐Su Park,1,1,P0001,Seoul National University,KR,yes,1,Spatiotemporally modulated full-polarized light emission for multiplexed optical encryption,needs_review
A5017376744,Ho Won Jang,1,1,P0001,Seoul National University,KR,yes,1,Spatiotemporally modulated full-polarized light emission for multiplexed optical encryption,needs_review
A5065248740,Junil Choi,1,1,P0001,Korea Advanced Institute of Science and Technology,KR,yes,1,Spatiotemporally modulated full-polarized light emission for multiplexed optical encryption,needs_review
A5037856502,Taeyong Ha,1,1,P0001,Pohang University of Science and Technology,KR,yes,1,Gold Nanoparticle‐Carrying T Cells for the Combined Immuno‐Photothermal Therapy,needs_review
A5104075943,Doowon Choi,1,1,P0001,Pohang University of Science and Technology,KR,yes,1,Gold Nanoparticle‐Carrying T Cells for the Combined Immuno‐Photothermal Therapy,needs_review
A5100410780,Woojin Lee,1,1,P0001,Pohang University of Science and Technology,KR,yes,1,Gold Nanoparticle‐Carrying T Cells for the Combined Immuno‐Photothermal Therapy,needs_review
A5028963443,Yong-Ho Jang,1,1,P0001,Sogang University,KR,yes,1,Development of exosome membrane materials-fused microbubbles for enhanced stability and efficient drug delivery of ultrasound contrast agent,needs_review
A5054579652,Pilsu Kim,1,1,P0001,Sogang University,KR,yes,1,Development of exosome membrane materials-fused microbubbles for enhanced stability and efficient drug delivery of ultrasound contrast agent,needs_review
A5061607414,Eun-Joo Park,1,1,P0001,Seoul National University Hospital,KR,yes,1,Development of exosome membrane materials-fused microbubbles for enhanced stability and efficient drug delivery of ultrasound contrast agent,needs_review
A5102012499,Jae-Hun Jung,1,1,P0001,Sogang University,KR,yes,1,Development of exosome membrane materials-fused microbubbles for enhanced stability and efficient drug delivery of ultrasound contrast agent,needs_review
A5008072590,Tai‐Kyong Song,1,1,P0001,Sogang University,KR,yes,1,Development of exosome membrane materials-fused microbubbles for enhanced stability and efficient drug delivery of ultrasound contrast agent,needs_review
A5100348060,Nayoung Kim,1,1,P0001,Korea Research Institute of Bioscience and Biotechnology,KR,yes,1,MicroRNA-150 regulates the cytotoxicity of natural killers by targeting perforin-1,needs_review
A5083816200,Sohyun Yun,1,1,P0001,Korea Research Institute of Bioscience and Biotechnology,KR,yes,1,MicroRNA-150 regulates the cytotoxicity of natural killers by targeting perforin-1,needs_review
A5046911126,Seon Ju Yeo,1,1,P0001,California University of Pennsylvania; Pohang University of Science and Technology; Sungkyunkwan University; University of Pennsylvania,KR; US,yes,1,One-Step Generation of Multifunctional Polyelectrolyte Microcapsules via Nanoscale Interfacial Complexation in Emulsion (NICE),needs_review
A5052567116,Sung Jea Park,1,1,P0001,Pohang University of Science and Technology,KR,yes,1,Sinusoidal wavy surfaces for curvature-guided migration of T lymphocytes,needs_review
A5101713708,Hyungmin Ahn,1,1,P0001,Pohang University of Science and Technology,KR,yes,1,Nanotopography-Guided Migration of T Cells,needs_review
A5042482017,Moon Jeong Park,1,1,P0001,Pohang University of Science and Technology,KR,yes,1,Nanotopography-Guided Migration of T Cells,needs_review
A5112007789,Seong Jeong Park,1,1,P0001,Pohang University of Science and Technology,KR,yes,1,Negative role of inducible PD-1 on survival of activated dendritic cells,needs_review
A5059425858,Hong Namkoong,1,1,P0001,Pohang University of Science and Technology,KR,yes,1,Negative role of inducible PD-1 on survival of activated dendritic cells,needs_review
A5017702720,Yunji Park,1,1,P0001,Pohang University of Science and Technology,KR,yes,1,Negative role of inducible PD-1 on survival of activated dendritic cells,needs_review
A5088163862,Young Chul Sung,1,1,P0001,Pohang University of Science and Technology,KR,yes,1,Negative role of inducible PD-1 on survival of activated dendritic cells,needs_review
A5100705027,Suyeon Park,1,1,P0001,Catholic University of Korea; Pohang University of Science and Technology,KR,yes,1,Branched oligomerization of cell-permeable peptides markedly enhances the transduction efficiency of adenovirus into mesenchymal stem cells,needs_review
A5111696760,Ji Ye Lim,1,1,P0001,Catholic University of Korea,KR,yes,1,Branched oligomerization of cell-permeable peptides markedly enhances the transduction efficiency of adenovirus into mesenchymal stem cells,needs_review
A5110754322,Ji Youn Youn,1,1,P0001,Pohang University of Science and Technology,KR,yes,1,Branched oligomerization of cell-permeable peptides markedly enhances the transduction efficiency of adenovirus into mesenchymal stem cells,needs_review
A5109992307,H-T Jin,1,1,P0001,Genexine (South Korea),KR,yes,1,Branched oligomerization of cell-permeable peptides markedly enhances the transduction efficiency of adenovirus into mesenchymal stem cells,needs_review
A5100852915,S-H Seo,1,1,P0001,Pohang University of Science and Technology,KR,yes,1,Branched oligomerization of cell-permeable peptides markedly enhances the transduction efficiency of adenovirus into mesenchymal stem cells,needs_review
A5026225061,Song My,1,1,P0001,Pohang University of Science and Technology,KR,yes,1,Branched oligomerization of cell-permeable peptides markedly enhances the transduction efficiency of adenovirus into mesenchymal stem cells,needs_review
A5022767989,Shian‐Ying Sung,1,1,P0001,Pohang University of Science and Technology,KR,yes,1,Branched oligomerization of cell-permeable peptides markedly enhances the transduction efficiency of adenovirus into mesenchymal stem cells,needs_review
A5058571813,M Kim,1,1,P0001,Pohang University of Science and Technology,KR,yes,1,Branched oligomerization of cell-permeable peptides markedly enhances the transduction efficiency of adenovirus into mesenchymal stem cells,needs_review
A5019449591,Sungjae Hwang,1,1,P0001,Catholic University of Korea,KR,yes,1,Branched oligomerization of cell-permeable peptides markedly enhances the transduction efficiency of adenovirus into mesenchymal stem cells,needs_review
A5027957727,H Y Lee,1,1,P0001,Kolon Life Science (South Korea),KR,yes,1,Branched oligomerization of cell-permeable peptides markedly enhances the transduction efficiency of adenovirus into mesenchymal stem cells,needs_review
A5052960312,Chae-Lyul Lim,1,1,P0001,Kolon Life Science (South Korea),KR,yes,1,Branched oligomerization of cell-permeable peptides markedly enhances the transduction efficiency of adenovirus into mesenchymal stem cells,needs_review
A5037746499,Yuseong Chung,1,1,P0001,Kolon Life Science (South Korea),KR,yes,1,Branched oligomerization of cell-permeable peptides markedly enhances the transduction efficiency of adenovirus into mesenchymal stem cells,needs_review
A5111573285,D Yang,1,1,P0001,Seoul National University,KR,yes,1,Branched oligomerization of cell-permeable peptides markedly enhances the transduction efficiency of adenovirus into mesenchymal stem cells,needs_review
A5103457991,H-N Kim,1,1,P0001,Seoul National University,KR,yes,1,Branched oligomerization of cell-permeable peptides markedly enhances the transduction efficiency of adenovirus into mesenchymal stem cells,needs_review
A5042658660,Z H Lee,1,1,P0001,Seoul National University,KR,yes,1,Branched oligomerization of cell-permeable peptides markedly enhances the transduction efficiency of adenovirus into mesenchymal stem cells,needs_review
A5067941687,Kang‐Yell Choi,1,1,P0001,Pohang University of Science and Technology,KR,yes,1,Branched oligomerization of cell-permeable peptides markedly enhances the transduction efficiency of adenovirus into mesenchymal stem cells,needs_review
A5110263617,S-S Jeun,1,1,P0001,Catholic University of Korea,KR,yes,1,Branched oligomerization of cell-permeable peptides markedly enhances the transduction efficiency of adenovirus into mesenchymal stem cells,needs_review
A5111208689,Y C Sung,1,1,P0001,Pohang University of Science and Technology,KR,yes,1,Branched oligomerization of cell-permeable peptides markedly enhances the transduction efficiency of adenovirus into mesenchymal stem cells,needs_review
A5025699504,Jaya Lakshmi Thangaraj,1,1,P0001,Chonnam National University; Chonnam National University Hwasun Hospital,KR,yes,1,Expansion of cytotoxic natural killer cells in multiple myeloma patients using K562 cells expressing OX40 ligand and membrane-bound IL-18 and IL-21,needs_review
A5100366813,Jin-Ho Kim,1,1,P0001,Samsung Medical Center; Sungkyunkwan University,KR,yes,1,Expansion of cytotoxic natural killer cells in multiple myeloma patients using K562 cells expressing OX40 ligand and membrane-bound IL-18 and IL-21,needs_review
A5100341476,Jongmin Lee,1,1,P0001,Chonnam National University; Chonnam National University Hwasun Hospital,KR,yes,1,Expansion of cytotoxic natural killer cells in multiple myeloma patients using K562 cells expressing OX40 ligand and membrane-bound IL-18 and IL-21,needs_review
A5028222807,Manh-Cuong Vo,1,1,P0001,Chonnam National University; Chonnam National University Hwasun Hospital,KR,yes,1,Expansion of cytotoxic natural killer cells in multiple myeloma patients using K562 cells expressing OX40 ligand and membrane-bound IL-18 and IL-21,needs_review
A5026607578,Tan-Huy Chu,1,1,P0001,Chonnam National University; Chonnam National University Hwasun Hospital,KR,yes,1,Expansion of cytotoxic natural killer cells in multiple myeloma patients using K562 cells expressing OX40 ligand and membrane-bound IL-18 and IL-21,needs_review
A5020574847,Ga‐Young Song,1,1,P0001,Chonnam National University Hwasun Hospital,KR,yes,1,Expansion of cytotoxic natural killer cells in multiple myeloma patients using K562 cells expressing OX40 ligand and membrane-bound IL-18 and IL-21,needs_review
A5059129862,Seo-Yeon Ahn,1,1,P0001,Chonnam National University Hwasun Hospital,KR,yes,1,Expansion of cytotoxic natural killer cells in multiple myeloma patients using K562 cells expressing OX40 ligand and membrane-bound IL-18 and IL-21,needs_review
A5068416755,Sung‐Hoon Jung,1,1,P0001,Chonnam National University Hwasun Hospital,KR,yes,1,Expansion of cytotoxic natural killer cells in multiple myeloma patients using K562 cells expressing OX40 ligand and membrane-bound IL-18 and IL-21,needs_review
A5064161026,Hyeoung‐Joon Kim,1,1,P0001,Chonnam National University Hwasun Hospital; Samsung Medical Center,KR,yes,1,Expansion of cytotoxic natural killer cells in multiple myeloma patients using K562 cells expressing OX40 ligand and membrane-bound IL-18 and IL-21,needs_review
A5102970348,Je‐Jung Lee,1,1,P0001,Chonnam National University; Chonnam National University Hwasun Hospital,KR,yes,1,Expansion of cytotoxic natural killer cells in multiple myeloma patients using K562 cells expressing OX40 ligand and membrane-bound IL-18 and IL-21,needs_review
A5088825652,Jun Hong Park,1,1,P0001,Pohang University of Science and Technology,KR,yes,1,Microfluidic system for monitoring temporal variations of hemorheological properties and platelet adhesion in LPS-injected rats,needs_review
A5110533984,Owoong Kwon,1,1,P0001,Sungkyunkwan University,KR,yes,1,Super-resolution visible photoactivated atomic force microscopy,needs_review
A5068569870,Mansik Jeon,1,1,P0001,Kyungpook National University; Pohang University of Science and Technology,KR,yes,1,Super-resolution visible photoactivated atomic force microscopy,needs_review
A5047657153,Minguk Jo,1,1,P0001,Pohang University of Science and Technology,KR,yes,1,Super-resolution visible photoactivated atomic force microscopy,needs_review
A5000005015,Taiuk Rim,1,1,P0001,Pohang University of Science and Technology,KR,yes,1,Super-resolution visible photoactivated atomic force microscopy,needs_review
A5032162545,Junwoo Son,1,1,P0001,Pohang University of Science and Technology,KR,yes,1,Super-resolution visible photoactivated atomic force microscopy,needs_review
A5016517520,Yunseok Kim,1,1,P0001,Sungkyunkwan University,KR,yes,1,Super-resolution visible photoactivated atomic force microscopy,needs_review
A5053200439,Seon Ah Lim,1,1,P0001,Korea University,JP; KR,yes,1,Homotypic NK cell-to-cell communication controls cytokine responsiveness of innate immune NK cells,needs_review
A5109191151,Eun-Ok Kim,1,1,P0001,Korea University,JP; KR,yes,1,Homotypic NK cell-to-cell communication controls cytokine responsiveness of innate immune NK cells,needs_review
A5100384058,Jiyoung Kim,1,1,P0001,Korea University,JP; KR,yes,1,Homotypic NK cell-to-cell communication controls cytokine responsiveness of innate immune NK cells,needs_review
A5102969646,Hye Kyung Hong,1,1,P0001,Samsung Medical Center; Sungkyunkwan University,KR,yes,1,Establishment of patient‐derived organotypic tumor spheroid models for tumor microenvironment modeling,needs_review
A5045060266,Nak Hyeon Yun,1,1,P0001,Sungkyunkwan University,KR,yes,1,Establishment of patient‐derived organotypic tumor spheroid models for tumor microenvironment modeling,needs_review
A5108910778,Yelin Jeong,1,1,P0001,Samsung Medical Center,KR,yes,1,Establishment of patient‐derived organotypic tumor spheroid models for tumor microenvironment modeling,needs_review
A5101676772,Woo Yong Lee,1,1,P0001,Samsung Medical Center; Sungkyunkwan University,KR,yes,1,Establishment of patient‐derived organotypic tumor spheroid models for tumor microenvironment modeling,needs_review
A5083559838,Yong Beom Cho,1,1,P0001,Samsung Medical Center; Sungkyunkwan University,KR,yes,1,Establishment of patient‐derived organotypic tumor spheroid models for tumor microenvironment modeling,needs_review
A5101496124,Tae In Kim,1,1,P0001,Ulsan National Institute of Science and Technology,KR,yes,1,Silver Sulfide Nanocrystals as a Biocompatible and Full-Spectrum Photocatalyst for Efficient Light-Driven Polymerization under Aqueous and Ambient Conditions,needs_review
A5042125786,Jongkyoung Kim,1,1,P0001,Ulsan National Institute of Science and Technology,KR,yes,1,Silver Sulfide Nanocrystals as a Biocompatible and Full-Spectrum Photocatalyst for Efficient Light-Driven Polymerization under Aqueous and Ambient Conditions,needs_review
A5022303970,Jinho Choi,1,1,P0001,Seoul National University,KR,yes,1,Silver Sulfide Nanocrystals as a Biocompatible and Full-Spectrum Photocatalyst for Efficient Light-Driven Polymerization under Aqueous and Ambient Conditions,needs_review
A5050686436,Seung Kyu Min,1,1,P0001,Ulsan National Institute of Science and Technology,KR,yes,1,Silver Sulfide Nanocrystals as a Biocompatible and Full-Spectrum Photocatalyst for Efficient Light-Driven Polymerization under Aqueous and Ambient Conditions,needs_review
A5004903584,Seungho Cho,1,1,P0001,Ulsan National Institute of Science and Technology,KR,yes,1,Silver Sulfide Nanocrystals as a Biocompatible and Full-Spectrum Photocatalyst for Efficient Light-Driven Polymerization under Aqueous and Ambient Conditions,needs_review
A5063559979,Yuree Lim,1,1,P0001,Sungkyunkwan University,KR,yes,1,Natural Killer Cell Expansion and Cytotoxicity Differ Depending on the Culture Medium Used,needs_review
A5031846928,Jinho Kim,1,1,P0001,Samsung (South Korea); Sungkyunkwan University,KR,yes,1,Natural Killer Cell Expansion and Cytotoxicity Differ Depending on the Culture Medium Used,needs_review
A5069182480,Sue Shin,1,1,P0001,SNUH SMG-SNU Boramae Medical Center; Seoul Metropolitan Government; Seoul National University,KR,yes,1,Natural Killer Cell Expansion and Cytotoxicity Differ Depending on the Culture Medium Used,needs_review
A5102155701,In-Hwan Jang,1,1,P0001,Korea Research Institute of Bioscience and Biotechnology; Korea University of Science and Technology,KR,yes,1,NgR1 is an NK cell inhibitory receptor that destabilizes the immunological synapse,needs_review
A5114076340,Hee Sik Shin,1,1,P0001,Hanyang University,KR,yes,1,Integrative Magneto‐Microfluidic Separation of Immune Cells Facilitates Clinical Functional Assays,needs_review
A5101758115,Seung Yeop Lee,1,1,P0001,Hanyang University,KR,yes,1,Integrative Magneto‐Microfluidic Separation of Immune Cells Facilitates Clinical Functional Assays,needs_review
A5062862977,Hyo Geun Yun,1,1,P0001,Hanyang University,KR,yes,1,Integrative Magneto‐Microfluidic Separation of Immune Cells Facilitates Clinical Functional Assays,needs_review
A5079082335,Byeongyeon Kim,1,1,P0001,Hanyang University,KR,yes,1,Integrative Magneto‐Microfluidic Separation of Immune Cells Facilitates Clinical Functional Assays,needs_review
A5022299245,Sangbin Han,1,1,P0001,Samsung Medical Center; Sungkyunkwan University,KR,yes,1,Integrative Magneto‐Microfluidic Separation of Immune Cells Facilitates Clinical Functional Assays,needs_review
A5007544223,Sungyoung Choi,1,1,P0001,Hanyang University,KR,yes,1,Integrative Magneto‐Microfluidic Separation of Immune Cells Facilitates Clinical Functional Assays,needs_review
A5080295544,Bhumsuk Keam,1,1,P0001,Cancer Research Institute; Seoul National University; Seoul National University Hospital,KR; US,yes,1,Blockade of CD47 enhances the antitumor effect of macrophages in renal cell carcinoma through trogocytosis,needs_review
A5083290759,Hyewon Chung,1,1,P0001,Seoul National University,KR,yes,1,Blockade of CD47 enhances the antitumor effect of macrophages in renal cell carcinoma through trogocytosis,needs_review
A5060951283,Seung Hyeok Seok,1,1,P0001,Seoul National University,KR,yes,1,Blockade of CD47 enhances the antitumor effect of macrophages in renal cell carcinoma through trogocytosis,needs_review
A5065694444,Hyelee Kim,1,1,P0001,Korea University,KR,yes,1,Advancing Allogeneic NK Cell Immunotherapy through Microfluidic Gene Delivery,needs_review
A5073629644,Mi Kyeong Lee,1,1,P0001,Seoul National University,KR,yes,1,Advancing Allogeneic NK Cell Immunotherapy through Microfluidic Gene Delivery,needs_review
A5062812749,Seol‐Ha Jeong,1,1,P0001,Seoul National University,KR,yes,1,An implantable ionic therapeutic platform for photodynamic therapy with wireless capacitive power transfer,needs_review
A5006256304,Chong‐Chan Kim,1,1,P0001,Seoul National University,KR,yes,1,An implantable ionic therapeutic platform for photodynamic therapy with wireless capacitive power transfer,needs_review
A5035830584,Hyojin Kim,1,1,P0001,Korea Advanced Institute of Science and Technology; Samsung Medical Center; Sungkyunkwan University,KR,yes,1,Anti-CD19 antibody cotreatment enhances serial killing activity of anti-CD19 CAR-T/-NK cells and reduces trogocytosis,needs_review
A5089708483,Hantae Jo,1,1,P0001,Samsung Medical Center; Sungkyunkwan University,KR,yes,1,Anti-CD19 antibody cotreatment enhances serial killing activity of anti-CD19 CAR-T/-NK cells and reduces trogocytosis,needs_review
A5023131885,Matt Nguyen,1,1,P0001,Korea Advanced Institute of Science and Technology,KR,yes,1,Anti-CD19 antibody cotreatment enhances serial killing activity of anti-CD19 CAR-T/-NK cells and reduces trogocytosis,needs_review
A5100739943,Hyun‐Young Kim,1,1,P0001,Korea Advanced Institute of Science and Technology; Samsung Medical Center; Sungkyunkwan University,KR,yes,1,Anti-CD19 antibody cotreatment enhances serial killing activity of anti-CD19 CAR-T/-NK cells and reduces trogocytosis,needs_review
A5100734427,Haneul Kim,1,1,P0001,Korea Advanced Institute of Science and Technology; Samsung (South Korea); Samsung Medical Center; Sungkyunkwan University,KR,yes,1,Anti-CD19 antibody cotreatment enhances serial killing activity of anti-CD19 CAR-T/-NK cells and reduces trogocytosis,needs_review
A5047844481,Chan Hyuk Kim,1,1,P0001,New Generation University College; Seoul National University,ET; KR,yes,1,Anti-CD19 antibody cotreatment enhances serial killing activity of anti-CD19 CAR-T/-NK cells and reduces trogocytosis,needs_review
A5062558696,D.S. Lee,1,1,P0001,New Generation University College; Seoul National University,ET; KR,yes,1,Enzyme‐Regulated Extended Swelling of Hydrogels for Dehiscence‐Less Tissue Expansions,needs_review
A5060968589,Sungsoo Lim,1,1,P0001,New Generation University College; Seoul National University,ET; KR,yes,1,Enzyme‐Regulated Extended Swelling of Hydrogels for Dehiscence‐Less Tissue Expansions,needs_review
A5040858570,Chang Seo Park,1,1,P0001,New Generation University College; Seoul National University,ET; KR,yes,1,Enzyme‐Regulated Extended Swelling of Hydrogels for Dehiscence‐Less Tissue Expansions,needs_review
A5034546275,Hyeonuk Na,1,1,P0001,New Generation University College; Seoul National University,ET; KR,yes,1,Enzyme‐Regulated Extended Swelling of Hydrogels for Dehiscence‐Less Tissue Expansions,needs_review
A5054600216,Yong Eun Cho,1,1,P0001,New Generation University College; Seoul National University,ET; KR,yes,1,Enzyme‐Regulated Extended Swelling of Hydrogels for Dehiscence‐Less Tissue Expansions,needs_review
A5044902381,Yun Hyeok Lee,1,1,P0001,New Generation University College; Seoul National University,ET; KR,yes,1,Enzyme‐Regulated Extended Swelling of Hydrogels for Dehiscence‐Less Tissue Expansions,needs_review
A5051993114,Jinsoo Na,1,1,P0001,Seoul National University,KR,yes,1,Unveiling Multidimensional Physicochemical Design Principles for Tissue Processing Hydrogels,needs_review
A5109341868,Junghoon Choo,1,1,P0001,Seoul National University,KR,yes,1,Unveiling Multidimensional Physicochemical Design Principles for Tissue Processing Hydrogels,needs_review
A5100649695,In-Ho Kim,1,1,P0001,Sungkyunkwan University,KR,yes,1,Unveiling Multidimensional Physicochemical Design Principles for Tissue Processing Hydrogels,needs_review
A5008956986,Chang Yeol Lee,1,1,P0001,Korea Research Institute of Bioscience and Biotechnology; Korea University of Science and Technology,KR,yes,1,Unveiling Multidimensional Physicochemical Design Principles for Tissue Processing Hydrogels,needs_review
A5004680189,Juhyuk Park,1,1,P0001,Seoul National University,KR,yes,1,Unveiling Multidimensional Physicochemical Design Principles for Tissue Processing Hydrogels,needs_review
A5121672881,Jihye Lee,1,1,P0001,Pohang University of Science and Technology,KR,yes,1,Engineering T Cells with Membrane-Anchored Nitric Oxide Scavengers for Anticancer Therapy,needs_review
A5034301350,Seonwoo Kang,1,1,P0001,Pohang University of Science and Technology,KR,yes,1,Engineering T Cells with Membrane-Anchored Nitric Oxide Scavengers for Anticancer Therapy,needs_review
A5091051018,Heeyeon Yoon,1,1,P0001,Pohang University of Science and Technology,KR,yes,1,Engineering T Cells with Membrane-Anchored Nitric Oxide Scavengers for Anticancer Therapy,needs_review
A5100819738,Sukhyun Song,1,1,P0001,Korea Advanced Institute of Science and Technology,KR,yes,1,Dynamics of T cells on endothelial layers aligned by nanostructured surfaces,needs_review
A5108386686,Se-Hwa Kim,1,1,P0001,Korea Research Institute of Standards and Science,KR,yes,1,Study of Cell-Matrix Adhesion Dynamics Using Surface Plasmon Resonance Imaging Ellipsometry,needs_review
A5034917687,Won Chegal,1,1,P0001,Korea Research Institute of Standards and Science,KR,yes,1,Study of Cell-Matrix Adhesion Dynamics Using Surface Plasmon Resonance Imaging Ellipsometry,needs_review
A5113541275,Hyun Mo Cho,1,1,P0001,Korea Research Institute of Standards and Science,KR,yes,1,Study of Cell-Matrix Adhesion Dynamics Using Surface Plasmon Resonance Imaging Ellipsometry,needs_review
A5066186555,Dae Won Moon,1,1,P0001,Korea Research Institute of Standards and Science,KR,yes,1,Study of Cell-Matrix Adhesion Dynamics Using Surface Plasmon Resonance Imaging Ellipsometry,needs_review
A5111890791,JaeHwang Jung,1,1,P0001,Korea Advanced Institute of Science and Technology,KR,yes,1,T cells sense biophysical cues using lamellipodia and filopodia to optimize intraluminal path finding,needs_review
A5057256024,YongKeun Park,1,1,P0001,Korea Advanced Institute of Science and Technology,KR,yes,1,T cells sense biophysical cues using lamellipodia and filopodia to optimize intraluminal path finding,needs_review
A5113680692,Ji Hyun Sim,1,1,P0001,Seoul National University,KR,yes,1,Differentially Expressed Potassium Channels Are Associated with Function of Human Effector Memory CD8+ T Cells,needs_review
A5100374553,Kyung Soo Kim,1,1,P0001,Seoul National University,KR,yes,1,Differentially Expressed Potassium Channels Are Associated with Function of Human Effector Memory CD8+ T Cells,needs_review
A5110615216,Kyung-Jin Kim,1,1,P0001,Seoul National University,KR,yes,1,Differentially Expressed Potassium Channels Are Associated with Function of Human Effector Memory CD8+ T Cells,needs_review
A5018064630,Haiyue Lin,1,1,P0001,Seoul National University,KR,yes,1,Differentially Expressed Potassium Channels Are Associated with Function of Human Effector Memory CD8+ T Cells,needs_review
A5111923668,Tae-Joo Kim,1,1,P0001,Seoul National University,KR,yes,1,Differentially Expressed Potassium Channels Are Associated with Function of Human Effector Memory CD8+ T Cells,needs_review
A5005739945,Hyun Mu Shin,1,1,P0001,Seoul National University; Seoul National University Hospital,KR,yes,1,Differentially Expressed Potassium Channels Are Associated with Function of Human Effector Memory CD8+ T Cells,needs_review
A5102861222,Gwanghun Kim,1,1,P0001,Seoul National University,KR,yes,1,Differentially Expressed Potassium Channels Are Associated with Function of Human Effector Memory CD8+ T Cells,needs_review
A5107837048,Dong‐Sup Lee,1,1,P0001,Seoul National University,KR,yes,1,Differentially Expressed Potassium Channels Are Associated with Function of Human Effector Memory CD8+ T Cells,needs_review
A5101546287,Chan‐Wook Park,1,1,P0001,Seoul National University,KR,yes,1,Differentially Expressed Potassium Channels Are Associated with Function of Human Effector Memory CD8+ T Cells,needs_review
A5100370205,Dong Hun Lee,1,1,P0001,Seoul National University,KR,yes,1,Differentially Expressed Potassium Channels Are Associated with Function of Human Effector Memory CD8+ T Cells,needs_review
A5100655430,Sung Joon Kim,1,1,P0001,Seoul National University; Seoul National University Hospital,KR,yes,1,Differentially Expressed Potassium Channels Are Associated with Function of Human Effector Memory CD8+ T Cells,needs_review
A5066315005,Chung‐Hyun Cho,1,1,P0001,Seoul National University; Seoul National University Hospital,KR,yes,1,Differentially Expressed Potassium Channels Are Associated with Function of Human Effector Memory CD8+ T Cells,needs_review
A5008852874,Hang‐Rae Kim,1,1,P0001,Seoul National University; Seoul National University Hospital,KR,yes,1,Differentially Expressed Potassium Channels Are Associated with Function of Human Effector Memory CD8+ T Cells,needs_review
A5100405192,Jae‐Hyun Lee,1,1,P0001,Pohang University of Science and Technology,KR,yes,1,Remission of lymphoblastic leukaemia in an intravascular fluidic environment by pliable drug carrier with a sliding target ligand,needs_review
A5085938335,Taeyeob Kim,1,1,P0001,Pohang University of Science and Technology,KR,yes,1,Endothelial Cell Focal Adhesion Regulates Transendothelial Migration and Subendothelial Crawling of T Cells,needs_review
A5079460563,Jaesung Lim,1,1,P0001,Sungkyunkwan University,KR,yes,1,Biomaterial-based strategies to prime dendritic cell-mediated anti-cancer immune responses,needs_review
A5100405212,Jae-Hyun Lee,1,1,P0001,Pohang University of Science and Technology,KR,yes,1,Roles of endothelial A-type lamins in migration of T cells on and under endothelial layers,needs_review
A5003976538,Hyeokjun Byeon,1,1,P0001,Pohang University of Science and Technology,KR,yes,1,Hybrid bright-field and hologram imaging of cell dynamics,needs_review
A5100405193,Jaehyun Lee,1,1,P0001,Pohang University of Science and Technology,KR,yes,1,Hybrid bright-field and hologram imaging of cell dynamics,needs_review
A5026377223,Sang Hwan Seo,1,1,P0001,Korea Research Institute of Bioscience and Biotechnology,KR,yes,1,MicroRNA-150 modulates intracellular Ca 2+ levels in naïve CD8+ T cells by targeting TMEM20,needs_review
A5100444567,Sang‐Hyun Lee,1,1,P0001,Korea Research Institute of Bioscience and Biotechnology,KR,yes,1,MicroRNA-150 modulates intracellular Ca 2+ levels in naïve CD8+ T cells by targeting TMEM20,needs_review
A5087401577,Yerin Shin,1,1,P0001,Pohang University of Science and Technology,KR,yes,1,Multifunctional Microparticles with Stimulation and Sensing Capabilities for Facile NK Cell Activity Assay,needs_review
A5030150748,Ahyoung Song,1,1,P0001,Asan Medical Center; Ulsan College; University of Ulsan,KR,yes,1,Multifunctional Microparticles with Stimulation and Sensing Capabilities for Facile NK Cell Activity Assay,needs_review
A5043412716,Hun Sik Kim,1,1,P0001,Asan Medical Center; Ulsan College; University of Ulsan,KR,yes,1,Multifunctional Microparticles with Stimulation and Sensing Capabilities for Facile NK Cell Activity Assay,needs_review
A5008657856,Wonhwa Cho,1,1,P0001,Pohang University of Science and Technology; University of Illinois Chicago,KR; US,yes,1,Microfabricated platforms to modulate and monitor T cell synapse assembly,needs_review
A5100413716,Bomi Kim,1,1,P0001,Incheon National University,KR,yes,1,Effect of lyophilized gelatin-norbornene cryogel size on calvarial bone regeneration,needs_review
A5037179739,Nandin Mandakhbayar,1,1,P0001,Dankook University; Mongolian National University; Mongolian National University of Medical Sciences,KR; MN,yes,1,Effect of lyophilized gelatin-norbornene cryogel size on calvarial bone regeneration,needs_review
A5100446500,Jung‐Hwan Lee,1,1,P0001,Dankook University,KR,yes,1,Effect of lyophilized gelatin-norbornene cryogel size on calvarial bone regeneration,needs_review
A5032051992,Seokho Nam,1,1,P0001,Pohang University of Science and Technology,KR,yes,1,Upgraded User-Friendly Image-Activated Microfluidic Cell Sorter Using an Optimized and Fast Deep Learning Algorithm,needs_review
A5054781300,Hyejoong Jeong,1,1,P0001,Seoul National University,KR,yes,1,Cu(II)-Organic Coordination Polymer Networks for Persistent Nitric Oxide Release in Tumor Therapy,needs_review
A5075819425,Dae-Hwan Park,1,1,P0001,Jeju National University; University of Pennsylvania,KR; US,yes,1,Cu(II)-Organic Coordination Polymer Networks for Persistent Nitric Oxide Release in Tumor Therapy,needs_review
A5111329365,Heesoo Youn,1,1,P0001,Seoul National University,KR,yes,1,Cu(II)-Organic Coordination Polymer Networks for Persistent Nitric Oxide Release in Tumor Therapy,needs_review
A5103420307,Y. J. Choi,1,1,P0001,Korea Institute of Science and Technology,KR,yes,1,Enhanced stability and sustained delivery of structurally dense DNA nanostructures via a biodegradable hydrogel platform,needs_review
A5124119104,Yeonju Song,1,1,P0001,Korea Institute of Science and Technology; Seoul National University,KR,yes,1,Enhanced stability and sustained delivery of structurally dense DNA nanostructures via a biodegradable hydrogel platform,needs_review
A5044675406,Bo Kyung Cho,1,1,P0001,Korea Institute of Science and Technology,KR,yes,1,Enhanced stability and sustained delivery of structurally dense DNA nanostructures via a biodegradable hydrogel platform,needs_review
A5123477517,S J Baek,1,1,P0001,Korea Institute of Science and Technology; Korea University,KR,yes,1,Enhanced stability and sustained delivery of structurally dense DNA nanostructures via a biodegradable hydrogel platform,needs_review
A5059727220,J. Wang,1,1,P0001,Korea Institute of Science and Technology,KR,yes,1,Enhanced stability and sustained delivery of structurally dense DNA nanostructures via a biodegradable hydrogel platform,needs_review
A5124128218,Youngmee Jung,1,1,P0001,Korea Institute of Science & Technology Information; Korea Institute of Science and Technology; Yonsei University,KR,yes,1,Enhanced stability and sustained delivery of structurally dense DNA nanostructures via a biodegradable hydrogel platform,needs_review
A5000307942,Jiwoo Kang,1,1,P0001,Pohang University of Science and Technology,KR,yes,1,Photopatterning with a Printed Transparency Mask and a Protein-Friendly Photoresist,needs_review
A5023219453,Hee Young Kang,1,1,P0001,Korea Research Institute of Bioscience and Biotechnology,KR,yes,1,A modifiable universal cotinine-chimeric antigen system of NK cells with multiple targets,needs_review
A5086638859,Soo Yun Lee,1,1,P0001,Korea Research Institute of Bioscience and Biotechnology,KR,yes,1,A modifiable universal cotinine-chimeric antigen system of NK cells with multiple targets,needs_review
A5101610261,Hyun Min Kim,1,1,P0001,Asan Medical Center; Korea Basic Science Institute,KR,yes,1,A modifiable universal cotinine-chimeric antigen system of NK cells with multiple targets,needs_review
A5032246267,Su Ui Lee,1,1,P0001,Korea Research Institute of Bioscience and Biotechnology,KR,yes,1,A modifiable universal cotinine-chimeric antigen system of NK cells with multiple targets,needs_review
A5056899449,Hyunseung Lee,1,1,P0001,Korea Basic Science Institute,KR,yes,1,A modifiable universal cotinine-chimeric antigen system of NK cells with multiple targets,needs_review
A5027539286,Mi Young Cho,1,1,P0001,Korea Basic Science Institute,KR,yes,1,A modifiable universal cotinine-chimeric antigen system of NK cells with multiple targets,needs_review
A5113547580,Sechan Oh,1,1,P0001,Korea Research Institute of Bioscience and Biotechnology; Korea University of Science and Technology,KR,yes,1,A modifiable universal cotinine-chimeric antigen system of NK cells with multiple targets,needs_review
A5100706535,Hye Sun Park,1,1,P0001,Korea Basic Science Institute,KR,yes,1,A modifiable universal cotinine-chimeric antigen system of NK cells with multiple targets,needs_review
A5046054350,Eun Hee Han,1,1,P0001,Korea Basic Science Institute,KR,yes,1,A modifiable universal cotinine-chimeric antigen system of NK cells with multiple targets,needs_review
A5078862933,Hyori Kim,1,1,P0001,Asan Medical Center; Korea Basic Science Institute,KR,yes,1,A modifiable universal cotinine-chimeric antigen system of NK cells with multiple targets,needs_review
A5061422045,Junho Chung,1,1,P0001,Seoul National University,KR,yes,1,A modifiable universal cotinine-chimeric antigen system of NK cells with multiple targets,needs_review
A5015752428,Kwan Soo Hong,1,1,P0001,Chungnam National University; Korea Basic Science Institute,KR,yes,1,A modifiable universal cotinine-chimeric antigen system of NK cells with multiple targets,needs_review
A5022729306,Taeyup Kim,1,1,P0001,Pohang University of Science and Technology,KR,yes,1,In Situ Subcellular Detachment of Cells Using a Cell‐Friendly Photoresist and Spatially Modulated Light,needs_review
A5110792375,Jong Chul Choi,1,1,P0001,Pohang University of Science and Technology,KR,yes,1,In Situ Subcellular Detachment of Cells Using a Cell‐Friendly Photoresist and Spatially Modulated Light,needs_review
A5112555473,Hyung Kyu Huh,1,1,P0001,Pohang University of Science and Technology,KR,yes,1,Endothelial cell monolayer-based microfluidic systems mimicking complex in vivo microenvironments for the study of leukocyte dynamics in inflamed blood vessels,needs_review
A5002658158,Junhyun Park,1,1,P0001,Yonsei University,KR,yes,1,Dual Nozzle‐Assisted Deterministic Encapsulation of Triple Particles for Screening NK‐Cell Cytotoxicity Against Circulating Tumor Cell Clusters,needs_review
A5032587588,J. S. Kim,1,1,P0001,Yonsei University,KR,yes,1,Dual Nozzle‐Assisted Deterministic Encapsulation of Triple Particles for Screening NK‐Cell Cytotoxicity Against Circulating Tumor Cell Clusters,needs_review
A5022639391,Minjung Yoon,1,1,P0001,Yonsei University,KR,yes,1,Dual Nozzle‐Assisted Deterministic Encapsulation of Triple Particles for Screening NK‐Cell Cytotoxicity Against Circulating Tumor Cell Clusters,needs_review
A5019220068,Kyung‐A Hyun,1,1,P0001,Korea Electronics Technology Institute,KR,yes,1,Dual Nozzle‐Assisted Deterministic Encapsulation of Triple Particles for Screening NK‐Cell Cytotoxicity Against Circulating Tumor Cell Clusters,needs_review
A5081335381,Hyo‐Il Jung,1,1,P0001,Yonsei University,KR,yes,1,Dual Nozzle‐Assisted Deterministic Encapsulation of Triple Particles for Screening NK‐Cell Cytotoxicity Against Circulating Tumor Cell Clusters,needs_review
A5081565002,Seongmin An,1,1,P0001,Seoul National University,KR,yes,1,Jammed Foamed Microgel‐based Bioprinting for Ex Vivo Reconstruction of 3D T Cell‐Cancer Cell Interactions,needs_review
A5066440687,Yong‐Jun Choi,1,1,P0001,Seoul National University,KR,yes,1,Jammed Foamed Microgel‐based Bioprinting for Ex Vivo Reconstruction of 3D T Cell‐Cancer Cell Interactions,needs_review
A5051553873,Hong Kwan Kim,1,1,P0001,Samsung Medical Center; Sungkyunkwan University,KR,yes,1,Earlier-Phased Cancer Immunity Cycle Strongly Influences Cancer Immunity in Operable Never-Smoker Lung Adenocarcinoma,needs_review
A5060488559,Je‐Gun Joung,1,1,P0001,Samsung Medical Center,KR,yes,1,Earlier-Phased Cancer Immunity Cycle Strongly Influences Cancer Immunity in Operable Never-Smoker Lung Adenocarcinoma,needs_review
A5102724382,Yoon‐La Choi,1,1,P0001,Samsung Medical Center; Sungkyunkwan University,KR,yes,1,Earlier-Phased Cancer Immunity Cycle Strongly Influences Cancer Immunity in Operable Never-Smoker Lung Adenocarcinoma,needs_review
A5066161983,Se‐Hoon Lee,1,1,P0001,Ewha Womans University; Samsung (South Korea); Samsung Medical Center; Sungkyunkwan University,KR,yes,1,Earlier-Phased Cancer Immunity Cycle Strongly Influences Cancer Immunity in Operable Never-Smoker Lung Adenocarcinoma,needs_review
A5045904442,Byung Jo Park,1,1,P0001,Samsung Medical Center; Sungkyunkwan University,KR,yes,1,Earlier-Phased Cancer Immunity Cycle Strongly Influences Cancer Immunity in Operable Never-Smoker Lung Adenocarcinoma,needs_review
A5067659520,Yong Soo Choi,1,1,P0001,Samsung Medical Center; Sungkyunkwan University,KR,yes,1,Earlier-Phased Cancer Immunity Cycle Strongly Influences Cancer Immunity in Operable Never-Smoker Lung Adenocarcinoma,needs_review
A5070011199,Daeun Ryu,1,1,P0001,Samsung Medical Center,KR,yes,1,Earlier-Phased Cancer Immunity Cycle Strongly Influences Cancer Immunity in Operable Never-Smoker Lung Adenocarcinoma,needs_review
A5018606296,Jae‐Yong Nam,1,1,P0001,Samsung Medical Center,KR,yes,1,Earlier-Phased Cancer Immunity Cycle Strongly Influences Cancer Immunity in Operable Never-Smoker Lung Adenocarcinoma,needs_review
A5109913590,Mi-Sook Lee,1,1,P0001,Samsung Medical Center,KR,yes,1,Earlier-Phased Cancer Immunity Cycle Strongly Influences Cancer Immunity in Operable Never-Smoker Lung Adenocarcinoma,needs_review
A5003283147,Woong‐Yang Park,1,1,P0001,Samsung Medical Center,KR,yes,1,Earlier-Phased Cancer Immunity Cycle Strongly Influences Cancer Immunity in Operable Never-Smoker Lung Adenocarcinoma,needs_review
A5060914658,Soohyun Hwang,1,1,P0001,Samsung Medical Center; Sungkyunkwan University,KR,yes,1,Earlier-Phased Cancer Immunity Cycle Strongly Influences Cancer Immunity in Operable Never-Smoker Lung Adenocarcinoma,needs_review
A5085772618,Hongui Cha,1,1,P0001,Samsung (South Korea); Samsung Medical Center; Sungkyunkwan University,KR,yes,1,Earlier-Phased Cancer Immunity Cycle Strongly Influences Cancer Immunity in Operable Never-Smoker Lung Adenocarcinoma,needs_review
A5061799347,Hong Sook Kim,1,1,P0001,Samsung Medical Center; Sungkyunkwan University,KR,yes,1,Earlier-Phased Cancer Immunity Cycle Strongly Influences Cancer Immunity in Operable Never-Smoker Lung Adenocarcinoma,needs_review
A5100604980,Sanghyuk Lee,1,1,P0001,Ewha Womans University; Samsung Medical Center,KR,yes,1,Earlier-Phased Cancer Immunity Cycle Strongly Influences Cancer Immunity in Operable Never-Smoker Lung Adenocarcinoma,needs_review
A5101438284,Yeonjoo Jung,1,1,P0001,Ewha Womans University,KR,yes,1,Earlier-Phased Cancer Immunity Cycle Strongly Influences Cancer Immunity in Operable Never-Smoker Lung Adenocarcinoma,needs_review
A5100704837,Jong Eun Lee,1,1,P0001,DNA Link (South Korea); Samsung Medical Center,KR,yes,1,Earlier-Phased Cancer Immunity Cycle Strongly Influences Cancer Immunity in Operable Never-Smoker Lung Adenocarcinoma,needs_review
A5033033849,Soonmyung Paik,1,1,P0001,Yonsei University,KR,yes,1,Earlier-Phased Cancer Immunity Cycle Strongly Influences Cancer Immunity in Operable Never-Smoker Lung Adenocarcinoma,needs_review
A5101045559,Jung Hee Kang,1,1,P0001,Samsung Medical Center; Sungkyunkwan University,KR,yes,1,Earlier-Phased Cancer Immunity Cycle Strongly Influences Cancer Immunity in Operable Never-Smoker Lung Adenocarcinoma,needs_review
A5086614178,Jinseon Lee,1,1,P0001,DNA Link (South Korea); Samsung Medical Center; Sungkyunkwan University,KR,yes,1,Earlier-Phased Cancer Immunity Cycle Strongly Influences Cancer Immunity in Operable Never-Smoker Lung Adenocarcinoma,needs_review
A5041593228,Giyoung Shin,1,1,P0001,Pohang University of Science and Technology,KR,yes,1,High‐resolution pluronic‐filled microchip CE‐SSCP analysis system via channel width control,needs_review
A5100655991,Dongkyun Kim,1,1,P0001,Pohang University of Science and Technology,KR,yes,1,High‐resolution pluronic‐filled microchip CE‐SSCP analysis system via channel width control,needs_review
A5100405196,Jae‐Hyun Lee,1,1,P0001,Pohang University of Science and Technology,KR,yes,1,Cancer Therapy: Harnessing the Formation of Natural Killer–Tumor Cell Immunological Synapses for Enhanced Therapeutic Effect in Solid Tumors (Adv. Mater. 22/2020),needs_review
A5011646708,Yeonho Kim,1,1,P0001,Hanyang University,KR,yes,1,BBB-permeable peptide conjugated cytoplasmic domain of CTLA-4 inhibits Th1 and Th17 responses and pathogenesis of multiple sclerosis,needs_review
A5101978194,Sohee Lee,1,1,P0001,Institute for Basic Science; Samsung (South Korea); Yonsei University,KR,yes,1,BBB-permeable peptide conjugated cytoplasmic domain of CTLA-4 inhibits Th1 and Th17 responses and pathogenesis of multiple sclerosis,needs_review
A5056419224,Jahyun Koo,1,1,P0001,Hanyang University,KR,yes,1,BBB-permeable peptide conjugated cytoplasmic domain of CTLA-4 inhibits Th1 and Th17 responses and pathogenesis of multiple sclerosis,needs_review
A5114888644,Jung-Ah Lee,1,1,P0001,Hanyang University,KR,yes,1,BBB-permeable peptide conjugated cytoplasmic domain of CTLA-4 inhibits Th1 and Th17 responses and pathogenesis of multiple sclerosis,needs_review
A5073705738,Hong-Jai Park,1,1,P0001,Hanyang University,KR,yes,1,BBB-permeable peptide conjugated cytoplasmic domain of CTLA-4 inhibits Th1 and Th17 responses and pathogenesis of multiple sclerosis,needs_review
A5100410665,Ji Hyun Lee,1,1,P0001,Dong-A University,KR,yes,1,Tumor-Primed CD3+CD56+ natural Killer T-like Cells As an Efficient Novel Cell Therapy for Relapsed/Refractory Multiple Myeloma,needs_review
A5071775991,Seok-Ho Kim,1,1,P0001,Dong-A University,KR,yes,1,Tumor-Primed CD3+CD56+ natural Killer T-like Cells As an Efficient Novel Cell Therapy for Relapsed/Refractory Multiple Myeloma,needs_review
A5023858699,Jeong‐a Kim,1,1,P0001,Dong-A University,KR,yes,1,Tumor-Primed CD3+CD56+ natural Killer T-like Cells As an Efficient Novel Cell Therapy for Relapsed/Refractory Multiple Myeloma,needs_review
A5075932421,Sung Yong Oh,1,1,P0001,Dong-A University Hospital,KR,yes,1,Tumor-Primed CD3+CD56+ natural Killer T-like Cells As an Efficient Novel Cell Therapy for Relapsed/Refractory Multiple Myeloma,needs_review
A5100426027,Sung-Hyun Kim,1,1,P0001,Dong-A University,KR,yes,1,Tumor-Primed CD3+CD56+ natural Killer T-like Cells As an Efficient Novel Cell Therapy for Relapsed/Refractory Multiple Myeloma,needs_review
A5113625065,Hae Koo Kim,1,1,P0001,Pohang University of Science and Technology,KR,yes,1,Combined two-photon microscopy and optical coherence tomography using individually optimized sources,needs_review
A5100735236,Sang Joon Lee,1,1,P0001,Pohang University of Science and Technology,KR,yes,1,Combined two-photon microscopy and optical coherence tomography using individually optimized sources,needs_review
A5054082639,Choi Jong-Cheo,1,1,P0001,Korea Post; Pohang University of Science and Technology,KR,yes,1,BC-KR-2 High-throughput quantitative imaging of cell spreading dynamics by multi-step microscopy projection photolithography based on a cell-friendly photoresist,needs_review
A5100426779,Seunghyun Lee,1,1,P0001,Pohang University of Science and Technology,KR,yes,1,Super-resolution atomic force photoactivated microscopy of biological samples (Conference Presentation),needs_review
A5100698491,Hyemin Kim,1,1,P0001,Pohang University of Science and Technology,KR,yes,1,Super-resolution atomic force photoactivated microscopy of biological samples (Conference Presentation),needs_review
A5010988980,In-Hwan Jang,1,1,P0001,Korea Research Institute of Bioscience and Biotechnology,KR,yes,1,Nogo receptor 1 is a novel class of NK cell inhibitory receptor to destabilize synapse by regulating actin dynamics,needs_review
A5103924771,Bo Gie Yang,1,1,P0001,Pohang University of Science and Technology,KR,yes,1,Intestinal CX3CR1+ macrophages induce and maintain unique CD103+ regulatory T cells (P3206),needs_review
A5100398828,Eunjung Lee,1,1,P0001,Pohang University of Science and Technology,KR,yes,1,Intestinal CX3CR1+ macrophages induce and maintain unique CD103+ regulatory T cells (P3206),needs_review
A5100360488,Junghwan Kim,1,1,P0001,Pohang University of Science and Technology,KR,yes,1,Intestinal CX3CR1+ macrophages induce and maintain unique CD103+ regulatory T cells (P3206),needs_review
A5113488625,Chun Pyo Hong,1,1,P0001,Pohang University of Science and Technology,KR,yes,1,Intestinal CX3CR1+ macrophages induce and maintain unique CD103+ regulatory T cells (P3206),needs_review
A5113461895,Eun Ji Jeun,1,1,P0001,Pohang University of Science and Technology,KR,yes,1,Intestinal CX3CR1+ macrophages induce and maintain unique CD103+ regulatory T cells (P3206),needs_review
A5031561328,So-I. Shin,1,1,P0002,Pohang University of Science and Technology,KR,yes,1,Synthetic RNA devices to expedite the evolution of metabolite-producing microbes,needs_review
A5040331135,Chae Hyun Lim,1,1,P0002,Pohang University of Science and Technology,KR,yes,1,Synthetic RNA devices to expedite the evolution of metabolite-producing microbes,needs_review
A5070312715,Tae‐Young Roh,1,1,P0002,Pohang University of Science and Technology,KR,yes,1,Synthetic RNA devices to expedite the evolution of metabolite-producing microbes,needs_review
A5108272784,Jung Hyun Kim,1,1,P0002,Kyung Hee University,KR,yes,1,Graphene/porous silicon Schottky-junction solar cells,needs_review
A5100619127,Hyeon‐Jin Kim,1,1,P0002,Seoul National University,KR,yes,1,Tunable translation-level CRISPR interference by dCas13 and engineered gRNA in bacteria,needs_review
A5108405796,Hee Seok Yang,1,1,P0002,Hanyang University,KR,yes,1,Apatite‐coated poly(lactic‐co‐glycolic acid) microspheres as an injectable scaffold for bone tissue engineering,needs_review
A5103370162,Jang‐Mi Baek,1,1,P0002,Korea University,KR,yes,1,Butyrate production in engineered Escherichia coli with synthetic scaffolds,needs_review
A5000312707,Suman Mazumdar,1,1,P0002,Korea University,KR,yes,1,Butyrate production in engineered Escherichia coli with synthetic scaffolds,needs_review
A5100436190,Sang‐Woo Lee,1,1,P0002,Korea University,KR,yes,1,Butyrate production in engineered Escherichia coli with synthetic scaffolds,needs_review
A5009702779,Moo‐Young Jung,1,1,P0002,Korea University,KR,yes,1,Butyrate production in engineered Escherichia coli with synthetic scaffolds,needs_review
A5113508521,G. Jung,1,1,P0002,Pohang University of Science and Technology,KR,yes,1,Butyrate production in engineered Escherichia coli with synthetic scaffolds,needs_review
A5045663988,Min‐Kyu Oh,1,1,P0002,Korea University,KR,yes,1,Butyrate production in engineered Escherichia coli with synthetic scaffolds,needs_review
A5022441183,Sunghoon Park,1,1,P0002,Ulsan National Institute of Science and Technology,KR,yes,1,Precise flux redistribution to glyoxylate cycle for 5-aminolevulinic acid production in Escherichia coli,needs_review
A5037099569,Jin Hyuck Heo,1,1,P0002,Korea University,KR,yes,1,Highly efficient CH3NH3PbI3 perovskite solar cells prepared by AuCl3-doped graphene transparent conducting electrodes,needs_review
A5112270727,Min Hyeok Jang,1,1,P0002,Korea University,KR,yes,1,Highly efficient CH3NH3PbI3 perovskite solar cells prepared by AuCl3-doped graphene transparent conducting electrodes,needs_review
A5100781644,Min Ho Lee,1,1,P0002,Korea University,KR,yes,1,Highly efficient CH3NH3PbI3 perovskite solar cells prepared by AuCl3-doped graphene transparent conducting electrodes,needs_review
A5007492220,Sang Hyuk Im,1,1,P0002,Korea University,KR,yes,1,Highly efficient CH3NH3PbI3 perovskite solar cells prepared by AuCl3-doped graphene transparent conducting electrodes,needs_review
A5034453114,Euihwan Jeong,1,1,P0002,Institute for Basic Science; Seoul National University,KR,yes,1,dCas9-mediated Nanoelectrokinetic Direct Detection of Target Gene for Liquid Biopsy,needs_review
A5100390285,Jin‐Soo Kim,1,1,P0002,Institute for Basic Science; Seoul National University,KR,yes,1,dCas9-mediated Nanoelectrokinetic Direct Detection of Target Gene for Liquid Biopsy,needs_review
A5012598761,Jun Hong Jeong,1,1,P0002,Pohang University of Science and Technology,KR,yes,1,Synthetic biology: Tools to design microbes for the production of chemicals and fuels,needs_review
A5054447145,Hyun Gyu Hwang,1,1,P0002,Pohang University of Science and Technology,KR,yes,1,Pathway optimization by re-design of untranslated regions for L-tyrosine production in Escherichia coli,needs_review
A5057532115,Junsuk Kim,1,1,P0002,Government of the Republic of Korea; Seoul National University; The Seoul Institute,KR,yes,1,Diffusiophoretic exclusion of colloidal particles for continuous water purification,needs_review
A5108463273,Soo Seok Kang,1,1,P0002,Kyung Hee University,KR,yes,1,Si-quantum-dot heterojunction solar cells with 16.2% efficiency achieved by employing doped-graphene transparent conductive electrodes,needs_review
A5012701053,Gyea Young Kwak,1,1,P0002,Korea Research Institute of Standards and Science,KR,yes,1,Si-quantum-dot heterojunction solar cells with 16.2% efficiency achieved by employing doped-graphene transparent conductive electrodes,needs_review
A5103185378,Kyung Joong Kim,1,1,P0002,Korea Research Institute of Standards and Science,KR,yes,1,Si-quantum-dot heterojunction solar cells with 16.2% efficiency achieved by employing doped-graphene transparent conductive electrodes,needs_review
A5069639294,Hanleem Lee,1,1,P0002,Kyung Hee University; Sungkyunkwan University,KR,yes,1,Si-quantum-dot heterojunction solar cells with 16.2% efficiency achieved by employing doped-graphene transparent conductive electrodes,needs_review
A5077232345,Hyoyoung Lee,1,1,P0002,Kyung Hee University; Sungkyunkwan University,KR,yes,1,Si-quantum-dot heterojunction solar cells with 16.2% efficiency achieved by employing doped-graphene transparent conductive electrodes,needs_review
A5056498803,Jinmyeong Kim,1,1,P0002,Kwangwoon University,KR,yes,1,Fabrication of Troponin I Biosensor Composed of Multi-Functional DNA Structure/Au Nanocrystal Using Electrochemical and Localized Surface Plasmon Resonance Dual-Detection Method,needs_review
A5089956755,Inho Nam,1,1,P0002,Chung-Ang University,KR,yes,1,Fabrication of Troponin I Biosensor Composed of Multi-Functional DNA Structure/Au Nanocrystal Using Electrochemical and Localized Surface Plasmon Resonance Dual-Detection Method,needs_review
A5003528434,Yeon‐Ju Lee,1,1,P0002,Kwangwoon University,KR,yes,1,Fabrication of Troponin I Biosensor Composed of Multi-Functional DNA Structure/Au Nanocrystal Using Electrochemical and Localized Surface Plasmon Resonance Dual-Detection Method,needs_review
A5079904600,Ha Eun Kim,1,1,P0002,Kwangwoon University,KR,yes,1,Fabrication of Troponin I Biosensor Composed of Multi-Functional DNA Structure/Au Nanocrystal Using Electrochemical and Localized Surface Plasmon Resonance Dual-Detection Method,needs_review
A5042742921,Hiesang Sohn,1,1,P0002,Kwangwoon University,KR,yes,1,Fabrication of Troponin I Biosensor Composed of Multi-Functional DNA Structure/Au Nanocrystal Using Electrochemical and Localized Surface Plasmon Resonance Dual-Detection Method,needs_review
A5100694946,Seong-Eun Kim,1,1,P0002,Korea Electronics Technology Institute,KR,yes,1,Fabrication of Troponin I Biosensor Composed of Multi-Functional DNA Structure/Au Nanocrystal Using Electrochemical and Localized Surface Plasmon Resonance Dual-Detection Method,needs_review
A5049937079,Jinho Yoon,1,1,P0002,Sogang University,KR,yes,1,Fabrication of Troponin I Biosensor Composed of Multi-Functional DNA Structure/Au Nanocrystal Using Electrochemical and Localized Surface Plasmon Resonance Dual-Detection Method,needs_review
A5100342779,Min‐Ho Lee,1,1,P0002,Chung-Ang University,KR,yes,1,Fabrication of Troponin I Biosensor Composed of Multi-Functional DNA Structure/Au Nanocrystal Using Electrochemical and Localized Surface Plasmon Resonance Dual-Detection Method,needs_review
A5003848690,Joo Yeon Seok,1,1,P0002,Pohang University of Science and Technology,KR,yes,1,Synthetic biosensor accelerates evolution by rewiring carbon metabolism toward a specific metabolite,needs_review
A5112061202,Seong Gyeong Kim,1,1,P0002,Pohang University of Science and Technology,KR,yes,1,Synthetic biosensor accelerates evolution by rewiring carbon metabolism toward a specific metabolite,needs_review
A5061478337,Seungha Hwang,1,1,P0002,Pohang University of Science and Technology,KR,yes,1,Design of 5′-untranslated region variants for tunable expression in Escherichia coli,needs_review
A5102045962,Hun Su Chu,1,1,P0002,Seoul National University,KR,yes,1,Design of 5′-untranslated region variants for tunable expression in Escherichia coli,needs_review
A5058197414,Junho Ahn,1,1,P0002,Seoul National University,KR,yes,1,Design of 5′-untranslated region variants for tunable expression in Escherichia coli,needs_review
A5100329528,Taewan Kim,1,1,P0002,Seoul National University,KR,yes,1,Design of 5′-untranslated region variants for tunable expression in Escherichia coli,needs_review
A5070451182,Jinyoung Chun,1,1,P0002,Pohang University of Science and Technology,KR,yes,1,Easy access to efficient magnetically recyclable separation of histidine-tagged proteins using superparamagnetic nickel ferrite nanoparticle clusters,needs_review
A5088153970,Ui-Gi Kim,1,1,P0002,Korea Advanced Institute of Science and Technology,KR,yes,1,Revealing Causes for False-Positive and False-Negative Calling of Gene Essentiality in Escherichia coli Using Transposon Insertion Sequencing,needs_review
A5009338187,Soonkyu Hwang,1,1,P0002,Korea Advanced Institute of Science and Technology,KR,yes,1,Revealing Causes for False-Positive and False-Negative Calling of Gene Essentiality in Escherichia coli Using Transposon Insertion Sequencing,needs_review
A5100398825,Eun‐Jung Lee,1,1,P0002,Korean Academy of Science and Technology,KR,yes,1,Lipid extract derived from newly isolated Rhodotorula toruloides LAB-07 for cosmetic applications,needs_review
A5040992395,Kyung‐Eun Lee,1,1,P0002,Korean Academy of Science and Technology,KR,yes,1,Lipid extract derived from newly isolated Rhodotorula toruloides LAB-07 for cosmetic applications,needs_review
A5082289487,Youn Hwa Nho,1,1,P0002,Korean Academy of Science and Technology,KR,yes,1,Lipid extract derived from newly isolated Rhodotorula toruloides LAB-07 for cosmetic applications,needs_review
A5078716043,Jeoungjin Ryu,1,1,P0002,Korean Academy of Science and Technology,KR,yes,1,Lipid extract derived from newly isolated Rhodotorula toruloides LAB-07 for cosmetic applications,needs_review
A5103181797,Seunghyun Kang,1,1,P0002,Korean Academy of Science and Technology,KR,yes,1,Lipid extract derived from newly isolated Rhodotorula toruloides LAB-07 for cosmetic applications,needs_review
A5112682129,Jin-Woo Song,1,1,P0002,Seoul National University,KR,yes,1,Engineering Yarrowia lipolytica for the production of β-carotene by carbon and redox rebalancing,needs_review
A5100620527,Sang‐Jun Lee,1,1,P0002,Seoul National University,KR,yes,1,dCas9-Mediated PCR-Free Detection of Oncogenic Mutation by Nonequilibrium Nanoelectrokinetic Selective Preconcentration,needs_review
A5038968092,Seongjun Hong,1,1,P0002,Seoul National University,KR,yes,1,dCas9-Mediated PCR-Free Detection of Oncogenic Mutation by Nonequilibrium Nanoelectrokinetic Selective Preconcentration,needs_review
A5103215377,Jihee Park,1,1,P0002,Seoul National University,KR,yes,1,dCas9-Mediated PCR-Free Detection of Oncogenic Mutation by Nonequilibrium Nanoelectrokinetic Selective Preconcentration,needs_review
A5100615728,Hye Kyung Lee,1,1,P0002,Pohang University of Science and Technology,KR,yes,1,Generation of a Vibrio-based platform for efficient conversion of raffinose through Adaptive Laboratory Evolution on a solid medium,needs_review
A5100780389,Young Mi Kim,1,1,P0002,Pohang University of Science and Technology,KR,yes,1,Engineering glyceraldehyde‐3‐phosphate dehydrogenase for switching control of glycolysis in Escherichia coli,needs_review
A5043964705,Jongwon Im,1,1,P0002,Seoul National University,KR,yes,1,Synthetic protein quality control to enhance full-length translation in bacteria,needs_review
A5034565125,Seungjin Kim,1,1,P0002,Pohang University of Science and Technology,KR,yes,1,Synthetic cellular communication-based screening for strains with improved 3-hydroxypropionic acid secretion,needs_review
A5101623814,Si Hyung Jin,1,1,P0002,Chungnam National University,KR,yes,1,Synthetic cellular communication-based screening for strains with improved 3-hydroxypropionic acid secretion,needs_review
A5101576038,Byungjin Lee,1,1,P0002,Chungnam National University,KR,yes,1,Synthetic cellular communication-based screening for strains with improved 3-hydroxypropionic acid secretion,needs_review
A5040505021,Kim Js,1,1,P0002,Chungnam National University,KR,yes,1,Synthetic cellular communication-based screening for strains with improved 3-hydroxypropionic acid secretion,needs_review
A5080424957,Chang‐Soo Lee,1,1,P0002,Chungnam National University,KR,yes,1,Synthetic cellular communication-based screening for strains with improved 3-hydroxypropionic acid secretion,needs_review
A5004590021,Minseok Yoon,1,1,P0002,Korea Food Research Institute,KR,yes,1,"Dieckol, a Major Marine Polyphenol, Enhances Non-Rapid Eye Movement Sleep in Mice via the GABAA-Benzodiazepine Receptor",needs_review
A5100390266,Jin‐Soo Kim,1,1,P0002,Gyeongsang National University,KR,yes,1,"Dieckol, a Major Marine Polyphenol, Enhances Non-Rapid Eye Movement Sleep in Mice via the GABAA-Benzodiazepine Receptor",needs_review
A5100661680,Kiwon Lee,1,1,P0002,Advanced Institute of Convergence Technology; Seoul National University,KR,yes,1,"Dieckol, a Major Marine Polyphenol, Enhances Non-Rapid Eye Movement Sleep in Mice via the GABAA-Benzodiazepine Receptor",needs_review
A5050161108,Min Young Um,1,1,P0002,Korea Food Research Institute,KR,yes,1,"Dieckol, a Major Marine Polyphenol, Enhances Non-Rapid Eye Movement Sleep in Mice via the GABAA-Benzodiazepine Receptor",needs_review
A5034083187,Jaekwang Lee,1,1,P0002,Korea Food Research Institute,KR,yes,1,"Dieckol, a Major Marine Polyphenol, Enhances Non-Rapid Eye Movement Sleep in Mice via the GABAA-Benzodiazepine Receptor",needs_review
A5006891081,Jonghoon Jung,1,1,P0002,Korea Food Research Institute,KR,yes,1,"Dieckol, a Major Marine Polyphenol, Enhances Non-Rapid Eye Movement Sleep in Mice via the GABAA-Benzodiazepine Receptor",needs_review
A5074877612,Suengmok Cho,1,1,P0002,Pukyong National University,KR,yes,1,"Dieckol, a Major Marine Polyphenol, Enhances Non-Rapid Eye Movement Sleep in Mice via the GABAA-Benzodiazepine Receptor",needs_review
A5100324409,Sungwoo Park,1,1,P0002,Seoul National University,KR,yes,1,A Vibrio-based microbial platform for accelerated lignocellulosic sugar conversion,needs_review
A5008835997,Jo Hyun Moon,1,1,P0002,Pohang University of Science and Technology,KR,yes,1,A Vibrio-based microbial platform for accelerated lignocellulosic sugar conversion,needs_review
A5005485528,Yesol Baek,1,1,P0002,Kwangwoon University,KR,yes,1,Efficient Production of Naringin Acetate with Different Acyl Donors via Enzymatic Transesterification by Lipases,needs_review
A5102951047,Seungmee Lee,1,1,P0002,Hanbat National University; Kwangwoon University,KR,yes,1,Efficient Production of Naringin Acetate with Different Acyl Donors via Enzymatic Transesterification by Lipases,needs_review
A5056044498,Jemin Son,1,1,P0002,Kwangwoon University,KR,yes,1,Efficient Production of Naringin Acetate with Different Acyl Donors via Enzymatic Transesterification by Lipases,needs_review
A5005159723,Jong‐Min Oh,1,1,P0002,Kwangwoon University,KR,yes,1,Efficient Production of Naringin Acetate with Different Acyl Donors via Enzymatic Transesterification by Lipases,needs_review
A5100405638,Sang Hun Lee,1,1,P0002,Hanbat National University; Kwangwoon University,KR,yes,1,Efficient Production of Naringin Acetate with Different Acyl Donors via Enzymatic Transesterification by Lipases,needs_review
A5048072583,Hyun Uk Kim,1,1,P0002,Korea Advanced Institute of Science and Technology,KR,yes,1,Efficient Production of Naringin Acetate with Different Acyl Donors via Enzymatic Transesterification by Lipases,needs_review
A5036345633,Si Jae Park,1,1,P0002,Ewha Womans University,KR,yes,1,Efficient Production of Naringin Acetate with Different Acyl Donors via Enzymatic Transesterification by Lipases,needs_review
A5101809488,Jeongho Lee,1,1,P0002,Sangmyung University,KR,yes,1,Strategy for Sustainable Bio‐Value Chain Development: Algal Biomass Utilization Without Inhibitory Effects on Lactic Acid Production via Efficient Diluted Acid Hydrolysis of Brown Macroalga,needs_review
A5108908697,Hyeok Ki Kwon,1,1,P0002,Kwangwoon University,KR,yes,1,Strategy for Sustainable Bio‐Value Chain Development: Algal Biomass Utilization Without Inhibitory Effects on Lactic Acid Production via Efficient Diluted Acid Hydrolysis of Brown Macroalga,needs_review
A5024313815,Giwon Lee,1,1,P0002,Kwangwoon University,KR,yes,1,Strategy for Sustainable Bio‐Value Chain Development: Algal Biomass Utilization Without Inhibitory Effects on Lactic Acid Production via Efficient Diluted Acid Hydrolysis of Brown Macroalga,needs_review
A5120476891,Dae Geun,1,1,P0002,Daegu TechnoPark,KR,yes,1,"Synthetic redesign of Corynebacterium glutamicum for 1,4-butanediol production via L-glutamate-derived CoA-independent pathway",needs_review
A5100358171,Seong-Min Kim,1,1,P0002,Daegu TechnoPark; Kyungpook National University,KR,yes,1,"Synthetic redesign of Corynebacterium glutamicum for 1,4-butanediol production via L-glutamate-derived CoA-independent pathway",needs_review
A5109036712,Kyung-Jin Kim,1,1,P0002,Kyungpook National University,KR,yes,1,"Synthetic redesign of Corynebacterium glutamicum for 1,4-butanediol production via L-glutamate-derived CoA-independent pathway",needs_review
A5039880439,Jae Hun Lee,1,1,P0002,Daegu TechnoPark,KR,yes,1,"Synthetic redesign of Corynebacterium glutamicum for 1,4-butanediol production via L-glutamate-derived CoA-independent pathway",needs_review
A5109909897,Young Lyeol Yang,1,1,P0002,Daegu TechnoPark,KR,yes,1,"Synthetic redesign of Corynebacterium glutamicum for 1,4-butanediol production via L-glutamate-derived CoA-independent pathway",needs_review
A5100439016,Tae-Hyun Kim,1,1,P0002,Seoul National University,KR,yes,1,Multiplexed CRISPR base editing enables pulse-activated irreversible biocontainment of engineered bacteria,needs_review
A5100447416,Soojin Park,1,1,P0002,New Generation University College; Seoul National University,ET; KR,yes,1,Promoter-proximal transcription–translation coupling controls early transcription in Escherichia coli,needs_review
A5000587094,Sora Yang,1,1,P0002,New Generation University College; Seoul National University,ET; KR,yes,1,Promoter-proximal transcription–translation coupling controls early transcription in Escherichia coli,needs_review
A5100650677,Hojun Lee,1,1,P0002,Seoul National University,KR,yes,1,Engineering Vibrio sp. SP1 for the production of carotenoids directly from brown macroalgae,needs_review
A5103194105,Sang‐Mok Lee,1,1,P0002,Ulsan National Institute of Science and Technology,KR,yes,1,Model-driven experimental design workflow expands understanding of regulatory role of Nac in Escherichia coli,needs_review
A5007899950,Zoe K. Scott-Nevros,1,1,P0002,Ulsan National Institute of Science and Technology,KR,yes,1,Model-driven experimental design workflow expands understanding of regulatory role of Nac in Escherichia coli,needs_review
A5085474028,Donghyuk Kim,1,1,P0002,Ulsan National Institute of Science and Technology; University of California San Diego,KR; US,yes,1,Model-driven experimental design workflow expands understanding of regulatory role of Nac in Escherichia coli,needs_review
A5100712647,Yujin Jeong,1,1,P0002,Korea Advanced Institute of Science and Technology,KR,yes,1,Elucidation of bacterial translation regulatory networks,needs_review
A5011588891,HyeonSeok Shin,1,1,P0002,Korea Advanced Institute of Science and Technology,KR,yes,1,Elucidation of bacterial translation regulatory networks,needs_review
A5100619122,Hyeon Jin Kim,1,1,P0002,Seoul National University,KR,yes,1,Synthetic translational coupling system for accurate and predictable polycistronic gene expression control in bacteria,needs_review
A5020755927,Y.H.B. Kim,1,1,P0002,Soongsil University,KR,yes,1,Deciphering the anti-obesity mechanisms of pharmabiotic probiotics through advanced multiomics analysis,needs_review
A5108493546,Won-Suk Song,1,1,P0002,"Seoul National University; University of California, Irvine",KR; US,yes,1,Deciphering the anti-obesity mechanisms of pharmabiotic probiotics through advanced multiomics analysis,needs_review
A5026721642,Yung‐Hun Yang,1,1,P0002,Konkuk University; Seoul National University; Soongsil University,KR,yes,1,Deciphering the anti-obesity mechanisms of pharmabiotic probiotics through advanced multiomics analysis,needs_review
A5011272746,Yun‐Gon Kim,1,1,P0002,Soongsil University,KR,yes,1,Deciphering the anti-obesity mechanisms of pharmabiotic probiotics through advanced multiomics analysis,needs_review
A5100381252,Hyejin Kim,1,1,P0002,Pohang University of Science and Technology,KR,yes,1,The synthesis of single-walled carbon nanotubes with narrow diameter distribution using polymerized hemoglobin,needs_review
A5090099691,Jaegeun Lee,1,1,P0002,Pohang University of Science and Technology,KR,yes,1,The synthesis of single-walled carbon nanotubes with narrow diameter distribution using polymerized hemoglobin,needs_review
A5010183601,Kun-Hong Lee,1,1,P0002,Pohang University of Science and Technology,KR,yes,1,The synthesis of single-walled carbon nanotubes with narrow diameter distribution using polymerized hemoglobin,needs_review
A5109971151,Sang Duck Kim,1,1,P0002,Wonkwang University,KR,yes,1,The Comparison of Punctoplasty and Silicone Tube Intubation in Patients with Punctal Obstruction,needs_review
A5084868865,Sungbong Kim,1,1,P0002,Korea Military Academy; Korea University,KR,yes,1,Undefined xylose media extracted from biorefinery waste for enhanced and eco‐friendly production of cephalosporin C by Acremonium chrysogenum M35,needs_review
A5088968626,Hyeong Ryeol Kim,1,1,P0002,Korea Institute of Science and Technology; Korea University,KR,yes,1,Undefined xylose media extracted from biorefinery waste for enhanced and eco‐friendly production of cephalosporin C by Acremonium chrysogenum M35,needs_review
A5001334481,Hyun Ju Oh,1,1,P0002,Inha University; Korea Institute of Science and Technology,KR,yes,1,Undefined xylose media extracted from biorefinery waste for enhanced and eco‐friendly production of cephalosporin C by Acremonium chrysogenum M35,needs_review
A5101508890,Kyu‐Tae Lee,1,1,P0002,Inha University; Korea Institute of Science and Technology; Korea University of Science and Technology,KR,yes,1,Undefined xylose media extracted from biorefinery waste for enhanced and eco‐friendly production of cephalosporin C by Acremonium chrysogenum M35,needs_review
A5100389853,Dong Wook Kim,1,1,P0002,Korea Military Academy; Seoul National University,KR,yes,1,Undefined xylose media extracted from biorefinery waste for enhanced and eco‐friendly production of cephalosporin C by Acremonium chrysogenum M35,needs_review
A5028639165,Sohyun Hwang,1,1,P0002,Yonsei University,KR,yes,1,Mechanisms Tackling Salivary Gland Diseases with Extracellular Vesicle Therapies,needs_review
A5042819645,Yong‐Jin Yoon,1,1,P0002,Yonsei University,KR,yes,1,Mechanisms Tackling Salivary Gland Diseases with Extracellular Vesicle Therapies,needs_review
A5101607714,Samin Hong,1,1,P0002,Yonsei University,KR,yes,1,Mechanisms Tackling Salivary Gland Diseases with Extracellular Vesicle Therapies,needs_review
A5083799955,Jae‐Yol Lim,1,1,P0002,Yonsei University,KR,yes,1,Mechanisms Tackling Salivary Gland Diseases with Extracellular Vesicle Therapies,needs_review
A5049160792,Jaeseong Hwang,1,1,P0002,Pohang University of Science and Technology,KR,yes,1,Integrated Tn-seq and MAGE-assisted rapid genome engineering targeting in Escherichia coli,needs_review
A5005065620,J.A. Sung,1,1,P0002,Pohang University of Science and Technology,KR,yes,1,Integrated Tn-seq and MAGE-assisted rapid genome engineering targeting in Escherichia coli,needs_review
A5038503989,B H Cho,1,1,P0002,Korea Advanced Institute of Science and Technology,KR,yes,1,A framework for building a synthetic cell from the SynCell Asia Initiative,needs_review
A5021872568,Jae‐Joong Kim,1,1,P0002,Pohang University of Science and Technology,KR,yes,1,A framework for building a synthetic cell from the SynCell Asia Initiative,needs_review
A5034115773,Joongoo Lee,1,1,P0002,Pohang University of Science and Technology,KR,yes,1,A framework for building a synthetic cell from the SynCell Asia Initiative,needs_review
A5034928816,Kwanwoo Shin,1,1,P0002,Sogang University,KR,yes,1,A framework for building a synthetic cell from the SynCell Asia Initiative,needs_review
A5033787294,Hyeyeun Lim,1,1,P0002,Hanyang University,KR,yes,1,Nanosphere-mediated delivery of vascular endothelial growth factor gene for therapeutic angiogenesis in mouse ischemic limbs,needs_review
A5031215301,Su Bin Lim,1,1,P0002,Hanyang University,KR,yes,1,Nanosphere-mediated delivery of vascular endothelial growth factor gene for therapeutic angiogenesis in mouse ischemic limbs,needs_review
A5004564927,M. Lee,1,1,P0002,Hanyang University,KR,yes,1,Nanosphere-mediated delivery of vascular endothelial growth factor gene for therapeutic angiogenesis in mouse ischemic limbs,needs_review
A5102792865,B. Kim,1,1,P0002,Hanyang University,KR,yes,1,Nanosphere-mediated delivery of vascular endothelial growth factor gene for therapeutic angiogenesis in mouse ischemic limbs,needs_review
A5101707332,Haein Lee,1,1,P0002,National University; Seoul National University,KR; SD,yes,1,Design of an effective small expression tag to enhance GPCR production in E. coli‐based cell‐free and whole cell expression systems,needs_review
A5112550151,Tae Shin Park,1,1,P0002,Ewha Womans University; National University; Seoul National University; Vatech (South Korea),KR; SD,yes,1,Design of an effective small expression tag to enhance GPCR production in E. coli‐based cell‐free and whole cell expression systems,needs_review
A5052033483,Tai Hyun Park,1,1,P0002,Ewha Womans University; National University; Seoul National University; Vatech (South Korea),KR; SD,yes,1,Design of an effective small expression tag to enhance GPCR production in E. coli‐based cell‐free and whole cell expression systems,needs_review
A5090584934,Min Hyung Lee,1,1,P0002,Bioengineering Center; Hanyang University,KR; RU,yes,1,Synthesis and Characterization of Polyethylenimine-Graft-Poly(L-Lactide-Co-Glycolide) Block Copolymers for Gene Delivery,needs_review
A5103488003,Byoung Soo Kim,1,1,P0002,Hanyang University,KR,yes,1,Synthesis and Characterization of Polyethylenimine-Graft-Poly(L-Lactide-Co-Glycolide) Block Copolymers for Gene Delivery,needs_review
A5003515059,Gayoung Nam,1,1,P0002,Ulsan National Institute of Science and Technology,KR,yes,1,Reconstruction of Fur pan-regulon uncovers the complexity and diversity of transcriptional regulation in E. coli,needs_review
A5060644734,Eun Yeol Lee,1,1,P0002,Kyung Hee University,KR,yes,1,Reconstruction of Fur pan-regulon uncovers the complexity and diversity of transcriptional regulation in E. coli,needs_review
A5102537671,Sung-Ho Jang,1,1,P0002,Pohang University of Science and Technology,KR,yes,1,List of Contributors,needs_review
A5052719405,Seon-Won Kim,1,1,P0002,Gyeongsang National University,KR,yes,1,List of Contributors,needs_review
A5100449327,Ye Zhang,1,1,P0002,Pohang University of Science and Technology,KR,yes,1,List of Contributors,needs_review
A5112363525,T. W. Noh,1,1,P0002,Seoul National University,KR,yes,1,A New Candidate Material for Use in Ferroelectric Random Access Memory (Fram),needs_review
A5009435998,Bo Soo Kang,1,1,P0002,Seoul National University,KR,yes,1,A New Candidate Material for Use in Ferroelectric Random Access Memory (Fram),needs_review
A5110884444,Y. W. So,1,1,P0002,Seoul National University,KR,yes,1,A New Candidate Material for Use in Ferroelectric Random Access Memory (Fram),needs_review
A5090971076,B. H. Park,1,1,P0002,Seoul National University,KR,yes,1,A New Candidate Material for Use in Ferroelectric Random Access Memory (Fram),needs_review
A5070572670,Sang Don Bu,1,1,P0002,Seoul National University,KR,yes,1,A New Candidate Material for Use in Ferroelectric Random Access Memory (Fram),needs_review
A5034353694,Jongwon Yoon,1,1,P0002,Seoul National University,KR,yes,1,A New Candidate Material for Use in Ferroelectric Random Access Memory (Fram),needs_review
A5101962134,Ju Yong Kim,1,1,P0002,Seoul National University; Sungshin Women's University,KR,yes,1,Neuroprotection of fermented small black soybean (Rhynchosia nulubilis) on hippocampal neurons through antioxidant effect,needs_review
A5100629603,Tae Yeon Kim,1,1,P0002,Cornell University; Seoul National University; Sungshin Women's University,KR; US,yes,1,Neuroprotection of fermented small black soybean (Rhynchosia nulubilis) on hippocampal neurons through antioxidant effect,needs_review
A5001593684,Arunachalam Palaniyandi Sasikumar,1,1,P0002,Department of Biotechnology; Seoul National University,IN; KR,yes,1,Neuroprotection of fermented small black soybean (Rhynchosia nulubilis) on hippocampal neurons through antioxidant effect,needs_review
A5073013969,Seung Hwan Yang,1,1,P0002,Chonnam National University; Kookmin University; Seoul National University,KR,yes,1,Neuroprotection of fermented small black soybean (Rhynchosia nulubilis) on hippocampal neurons through antioxidant effect,needs_review
A5079910160,Seung Hee Yang,1,1,P0002,Chonnam National University; Seoul National University,KR,yes,1,Neuroprotection of fermented small black soybean (Rhynchosia nulubilis) on hippocampal neurons through antioxidant effect,needs_review
A5028077878,Jung Han Yoon Park,1,1,P0002,Institute of Molecular Biology; Sungshin Women's University,AM; KR,yes,1,Neuroprotection of fermented small black soybean (Rhynchosia nulubilis) on hippocampal neurons through antioxidant effect,needs_review
A5100434749,Jong Hun Kim,1,1,P0002,Seoul National University; Sungshin Women's University,KR,yes,1,Neuroprotection of fermented small black soybean (Rhynchosia nulubilis) on hippocampal neurons through antioxidant effect,needs_review
A5006050449,Ki Won Lee,1,1,P0002,Advanced Institute of Convergence Technology; Institute of Molecular Biology; Seoul National University; Seoul National University of Science and Technology,AM; KR,yes,1,Neuroprotection of fermented small black soybean (Rhynchosia nulubilis) on hippocampal neurons through antioxidant effect,needs_review
A5100438998,Tae Hyun Kim,1,1,P0002,Seoul National University,KR,yes,1,"Transcriptional profiling of probiotic Escherichia coli Nissle 1917 under multiple environmental stresses: Simulated microgravity, microaerobic, and co-culture conditions",needs_review
A5065589440,Hae‐Dong Kim,1,1,P0002,Electronics and Telecommunications Research Institute,KR,yes,1,Automated Theatrical Lighting Design through Parameter-Efficient Fine-Tuning with LoRA-Adapted LLMs,needs_review
A5126169824,Keonwoo Kim,1,1,P0002,Korea Research Institute of Chemical Technology; Pohang University of Science and Technology; Seoul National University,KR,yes,1,Direct conversion of brown macroalgae into polyhydroxybutyrate using engineered Vibrio sp. dhg,needs_review
A5044570721,Da Neub Kim,1,1,P0002,Korea Research Institute of Chemical Technology; Pohang University of Science and Technology,KR,yes,1,Direct conversion of brown macroalgae into polyhydroxybutyrate using engineered Vibrio sp. dhg,needs_review
A5126081792,Chanju Kang,1,1,P0002,Seoul National University,KR,yes,1,Direct conversion of brown macroalgae into polyhydroxybutyrate using engineered Vibrio sp. dhg,needs_review
A5126136525,Yoo Jeong Kang,1,1,P0002,Seoul National University,KR,yes,1,Direct conversion of brown macroalgae into polyhydroxybutyrate using engineered Vibrio sp. dhg,needs_review
A5126076226,Hye Kyung Lee,1,1,P0002,Korea Research Institute of Chemical Technology; Pohang University of Science and Technology,KR,yes,1,Direct conversion of brown macroalgae into polyhydroxybutyrate using engineered Vibrio sp. dhg,needs_review
A5047791280,Kang-Lok Lee,1,1,P0002,Gyeongsang National University,KR,yes,1,RegB/A-dependent redox regulation links iron uptake to methanol metabolism in Methylomonas sp. DH-1,needs_review
A5056662128,M. Y. Choi,1,1,P0002,Seoul National University,KR,yes,1,Tunable Transcription-Level CRISPR Interference in Vibrio natriegens Using Engineered Single Guide RNAs,needs_review
A5122805999,G Kim,1,1,P0002,National University; Seoul National University,KR; SD,yes,1,Tunable Transcription-Level CRISPR Interference in Vibrio natriegens Using Engineered Single Guide RNAs,needs_review
A5102696632,Jinwoo Song,1,1,P0002,Seoul National University,KR,yes,1,High-titer retinal production in Yarrowia lipolytica via redox engineering coupled with intra- and extracellular sequestration,needs_review
A5053776988,Hanbit Song,1,1,P0002,Seoul National University,KR,yes,1,High-titer retinal production in Yarrowia lipolytica via redox engineering coupled with intra- and extracellular sequestration,needs_review
A5140503984,Dawon Seo,1,1,P0002,Seoul National University,KR,yes,1,High-titer retinal production in Yarrowia lipolytica via redox engineering coupled with intra- and extracellular sequestration,needs_review
A5102784183,Jimin Song,1,1,P0002,Seoul National University,KR,yes,1,High-titer retinal production in Yarrowia lipolytica via redox engineering coupled with intra- and extracellular sequestration,needs_review
A5067769950,Min Ha Kim,1,1,P0002,New Generation University College; Seoul National University,ET; KR,yes,1,Programmable in vivo mRNA circularization for enhanced gene expression in bacteria,needs_review
A5151680764,Kim Junyeob,1,1,P0002,Korea Institute of Science and Technology,KR,yes,1,Electrochemical-biological hybrid conversion of captured carbon dioxide to bioproducts,needs_review
A5008759743,Lee Dayoon,1,1,P0002,Korea Institute of Science and Technology,KR,yes,1,Electrochemical-biological hybrid conversion of captured carbon dioxide to bioproducts,needs_review
A5151634147,Ho Joon Kim,1,1,P0002,Seoul National University of Science and Technology,KR,yes,1,Electrochemical-biological hybrid conversion of captured carbon dioxide to bioproducts,needs_review
A5102874350,Eui Seok Lim,1,1,P0002,Korea Institute of Science and Technology,KR,yes,1,Electrochemical-biological hybrid conversion of captured carbon dioxide to bioproducts,needs_review
A5045233210,Gyeongtaek Gong,1,1,P0002,Korea Institute of Science and Technology,KR,yes,1,Electrochemical-biological hybrid conversion of captured carbon dioxide to bioproducts,needs_review
A5017884142,Ja Kyong Ko,1,1,P0002,Korea Institute of Science and Technology,KR,yes,1,Electrochemical-biological hybrid conversion of captured carbon dioxide to bioproducts,needs_review
A5032986808,Sung Ok Han,1,1,P0002,Korea University,KR,yes,1,Electrochemical-biological hybrid conversion of captured carbon dioxide to bioproducts,needs_review
A5001603223,Hyung‐Suk Oh,1,1,P0002,Sungkyunkwan University,KR,yes,1,Electrochemical-biological hybrid conversion of captured carbon dioxide to bioproducts,needs_review
A5151617067,Lee Jeongchan,1,1,P0002,Korea Institute of Science and Technology,KR,yes,1,Electrochemical-biological hybrid conversion of captured carbon dioxide to bioproducts,needs_review
A5103199239,Jung Ho Ahn,1,1,P0002,Korea Institute of Science and Technology,KR,yes,1,Electrochemical-biological hybrid conversion of captured carbon dioxide to bioproducts,needs_review
A5112246328,Seok-Hwan Yoon,1,1,P0003,Seoul National University,KR,yes,1,Introducing EzBioCloud: a taxonomically united database of 16S rRNA gene sequences and whole-genome assemblies,needs_review
A5059568966,Sung Min Ha,1,1,P0003,Seoul National University,KR,yes,1,Introducing EzBioCloud: a taxonomically united database of 16S rRNA gene sequences and whole-genome assemblies,needs_review
A5103163300,Soon‐Jae Kwon,1,1,P0003,Seoul National University,KR,yes,1,Introducing EzBioCloud: a taxonomically united database of 16S rRNA gene sequences and whole-genome assemblies,needs_review
A5080785305,Jeongmin Lim,1,1,P0003,Seoul National University,KR,yes,1,Introducing EzBioCloud: a taxonomically united database of 16S rRNA gene sequences and whole-genome assemblies,needs_review
A5039821968,Ye-Seul Kim,1,1,P0003,Seoul National University,KR,yes,1,Introducing EzBioCloud: a taxonomically united database of 16S rRNA gene sequences and whole-genome assemblies,needs_review
A5081493752,Jongsik Chun,1,1,P0003,Seoul National University,KR,yes,1,Introducing EzBioCloud: a taxonomically united database of 16S rRNA gene sequences and whole-genome assemblies,needs_review
A5090337400,Jiyoun Min,1,1,P0003,Korea Advanced Institute of Science and Technology,KR,yes,1,IL-21-mediated reversal of NK cell exhaustion facilitates anti-tumour immunity in MHC class I-deficient tumours,needs_review
A5103056397,Suk‐Jo Kang,1,1,P0003,Korea Advanced Institute of Science and Technology,KR,yes,1,IL-21-mediated reversal of NK cell exhaustion facilitates anti-tumour immunity in MHC class I-deficient tumours,needs_review
A5101581198,Taeyoung Ahn,1,1,P0003,Seoul National University,KR,yes,1,Decoding and overcoming T cell exhaustion: Epigenetic and transcriptional dynamics in CAR-T cells against solid tumors,needs_review
A5022627200,Cheol Gyun Kim,1,1,P0003,New Generation University College; Seoul National University,ET; KR,yes,1,Acute neuroinflammation induces prolonged transcriptional reprogramming in microglia,needs_review
A5009433877,Young-Kwang Kim,1,1,P0003,New Generation University College; Seoul National University,ET; KR,yes,1,Acute neuroinflammation induces prolonged transcriptional reprogramming in microglia,needs_review
A5101776194,Cheol‐Heui Yun,1,1,P0003,Seoul National University,KR,yes,1,Acute neuroinflammation induces prolonged transcriptional reprogramming in microglia,needs_review
A5100893964,Min-Kyoo Shin,1,1,P0003,New Generation University College; Seoul National University,ET; KR,yes,1,Acute neuroinflammation induces prolonged transcriptional reprogramming in microglia,needs_review
A5103426287,Jung‐Mi Lee,1,1,P0003,New Generation University College; Seoul National University,ET; KR,yes,1,Serum amyloid A3 exacerbates cancer by enhancing the suppressive capacity of myeloid‐derived suppressor cells via TLR2‐dependent STAT3 activation,needs_review
A5022857079,Eun‐Kyung Kim,1,1,P0003,New Generation University College; Seoul National University,ET; KR,yes,1,Serum amyloid A3 exacerbates cancer by enhancing the suppressive capacity of myeloid‐derived suppressor cells via TLR2‐dependent STAT3 activation,needs_review
A5027688325,Minji Chae,1,1,P0003,New Generation University College; Seoul National University,ET; KR,yes,1,Serum amyloid A3 exacerbates cancer by enhancing the suppressive capacity of myeloid‐derived suppressor cells via TLR2‐dependent STAT3 activation,needs_review
A5100886574,Yun‐Sun Kim,1,1,P0003,Inje University; New Generation University College; Seoul National University,ET; KR,yes,1,Serum amyloid A3 exacerbates cancer by enhancing the suppressive capacity of myeloid‐derived suppressor cells via TLR2‐dependent STAT3 activation,needs_review
A5101466740,Yeon‐Jeong Kim,1,1,P0003,Inje University; New Generation University College,ET; KR,yes,1,Serum amyloid A3 exacerbates cancer by enhancing the suppressive capacity of myeloid‐derived suppressor cells via TLR2‐dependent STAT3 activation,needs_review
A5110631250,Kwang-Soo Shin,1,1,P0003,Seoul National University,KR,yes,1,Monocyte-Derived Dendritic Cells Dictate the Memory Differentiation of CD8+ T Cells During Acute Infection,needs_review
A5100728438,Jeongmi Lee,1,1,P0003,Seoul National University,KR,yes,1,Monocyte-Derived Dendritic Cells Dictate the Memory Differentiation of CD8+ T Cells During Acute Infection,needs_review
A5112459780,Chang-Yuil Kang,1,1,P0003,Seoul National University,KR,yes,1,Monocyte-Derived Dendritic Cells Dictate the Memory Differentiation of CD8+ T Cells During Acute Infection,needs_review
A5101905158,Won‐Ki Kim,1,1,P0003,Seoul National University,KR,yes,1,"15-Deoxy-△12,14-Prostaglandin J2 Promotes Resolution of Experimentally Induced Colitis",needs_review
A5086296734,Jeong‐Hoon Jang,1,1,P0003,Seoul National University,KR,yes,1,"15-Deoxy-△12,14-Prostaglandin J2 Promotes Resolution of Experimentally Induced Colitis",needs_review
A5034908178,Xiancai Zhong,1,1,P0003,Seoul National University,KR,yes,1,"15-Deoxy-△12,14-Prostaglandin J2 Promotes Resolution of Experimentally Induced Colitis",needs_review
A5061532156,Young‐Joon Surh,1,1,P0003,Seoul National University; Seoul National University Hospital,KR,yes,1,"15-Deoxy-△12,14-Prostaglandin J2 Promotes Resolution of Experimentally Induced Colitis",needs_review
A5111301138,B.J. Lee,1,1,P0003,Seoul National University,KR,yes,1,Strategies to Overcome Hurdles in Cancer Immunotherapy,needs_review
A5103062583,Ju‐Yong Lee,1,1,P0003,New Generation University College; Seoul National University of Science and Technology,ET; KR,yes,1,Strategies to Overcome Hurdles in Cancer Immunotherapy,needs_review
A5101670665,Jeong Uk Choi,1,1,P0003,Chonnam National University; Seoul National University,KR,yes,1,Anticoagulation therapy promotes the tumor immune-microenvironment and potentiates the efficacy of immunotherapy by alleviating hypoxia,needs_review
A5080410535,Na Kyeong Lee,1,1,P0003,Seoul National University,KR,yes,1,Anticoagulation therapy promotes the tumor immune-microenvironment and potentiates the efficacy of immunotherapy by alleviating hypoxia,needs_review
A5102776926,Seong Jin Park,1,1,P0003,Seoul National University,KR,yes,1,Anticoagulation therapy promotes the tumor immune-microenvironment and potentiates the efficacy of immunotherapy by alleviating hypoxia,needs_review
A5055565584,Seho Kweon,1,1,P0003,Seoul National University,KR,yes,1,Anticoagulation therapy promotes the tumor immune-microenvironment and potentiates the efficacy of immunotherapy by alleviating hypoxia,needs_review
A5055973571,Nuri Min,1,1,P0003,Seoul National University,KR,yes,1,Anticoagulation therapy promotes the tumor immune-microenvironment and potentiates the efficacy of immunotherapy by alleviating hypoxia,needs_review
A5072689710,Sang Kyoon Kim,1,1,P0003,Asan Medical Center; Daegu-Gyeongbuk Medical Innovation Foundation; University of Ulsan,KR,yes,1,Anticoagulation therapy promotes the tumor immune-microenvironment and potentiates the efficacy of immunotherapy by alleviating hypoxia,needs_review
A5100335503,Jin Woo Park,1,1,P0003,Mokpo National University,KR,yes,1,Anticoagulation therapy promotes the tumor immune-microenvironment and potentiates the efficacy of immunotherapy by alleviating hypoxia,needs_review
A5100659338,Sang Yoon Kim,1,1,P0003,Asan Medical Center; Daegu-Gyeongbuk Medical Innovation Foundation; University of Ulsan,KR,yes,1,Anticoagulation therapy promotes the tumor immune-microenvironment and potentiates the efficacy of immunotherapy by alleviating hypoxia,needs_review
A5100775846,June‐Yong Lee,1,1,P0003,Yonsei University,KR,yes,1,Modulation of Immune Responses by Metabolic Reprogramming: The Key Role of Immunometabolism,needs_review
A5084548293,Soo Seok Hwang,1,1,P0003,Seoul National University,KR,yes,1,Modulation of Immune Responses by Metabolic Reprogramming: The Key Role of Immunometabolism,needs_review
A5087838333,Chong‐Kil Lee,1,1,P0003,Chungbuk National University,KR,yes,1,Modulation of Immune Responses by Metabolic Reprogramming: The Key Role of Immunometabolism,needs_review
A5009407745,Gap Ryol Lee,1,1,P0003,Sogang University,KR,yes,1,Modulation of Immune Responses by Metabolic Reprogramming: The Key Role of Immunometabolism,needs_review
A5049126558,Hyunji Jo,1,1,P0003,Sungkyunkwan University,KR,yes,1,Self-Pumping Spheroid Membrane Enabling Long-Term Spheroid Culture and Label-Free Immune Cytotoxicity Screening,needs_review
A5065186529,Gwang Myeong Seo,1,1,P0003,Sungkyunkwan University,KR,yes,1,Self-Pumping Spheroid Membrane Enabling Long-Term Spheroid Culture and Label-Free Immune Cytotoxicity Screening,needs_review
A5041515937,Jeonghun Han,1,1,P0003,Precision Research (United States); Precision for Medicine (United States); Sungkyunkwan University,KR; US,yes,1,Self-Pumping Spheroid Membrane Enabling Long-Term Spheroid Culture and Label-Free Immune Cytotoxicity Screening,needs_review
A5000042881,Sein Kim,1,1,P0003,Sungkyunkwan University,KR,yes,1,Self-Pumping Spheroid Membrane Enabling Long-Term Spheroid Culture and Label-Free Immune Cytotoxicity Screening,needs_review
A5100413812,Dong Hyun Kim,1,1,P0003,Albany College of Pharmacy and Health Sciences; Seoul National University,KR; US,yes,1,Self-Pumping Spheroid Membrane Enabling Long-Term Spheroid Culture and Label-Free Immune Cytotoxicity Screening,needs_review
A5087157024,Sungsu Park,1,1,P0003,Sungkyunkwan University,KR,yes,1,Self-Pumping Spheroid Membrane Enabling Long-Term Spheroid Culture and Label-Free Immune Cytotoxicity Screening,needs_review
A5103888679,Jeong‐Mi Lee,1,1,P0003,Seoul National University,KR,yes,1,Differentiation of c‐Kit + CD24 + natural killer cells into myeloid cells in a GATA‐2‐dependent manner,needs_review
A5051636382,Sangheon Park,1,1,P0003,National University College; Seoul National University,KR; PR,yes,1,Notch2−expressing CD4+ T cells attain immunoregulatory functions during autoimmune inflammation,needs_review
A5084696016,C.W. Lee,1,1,P0003,Seoul National University,KR,yes,1,Notch2−expressing CD4+ T cells attain immunoregulatory functions during autoimmune inflammation,needs_review
A5082460273,Rosah May Palermo Payumo,1,1,P0003,National Cancer Center,KR; US,yes,1,Notch2−expressing CD4+ T cells attain immunoregulatory functions during autoimmune inflammation,needs_review
A5100657376,Ho Jin Kim,1,1,P0003,National Cancer Center; Seoul National University,KR; US,yes,1,Notch2−expressing CD4+ T cells attain immunoregulatory functions during autoimmune inflammation,needs_review
A5043298082,Seunghee Hong,1,1,P0003,National University College; Yonsei University,KR; PR,yes,1,Notch2−expressing CD4+ T cells attain immunoregulatory functions during autoimmune inflammation,needs_review
A5059434540,Kihan Choi,1,1,P0003,Hanyang University,KR,yes,1,CredsCache: Making OverlayFS scalable for containerized services,needs_review
A5002243126,Young Kee Shin,1,1,P0003,Seoul National University,KR,yes,1,Enhanced Immunogenicity of Engineered HER2 Antigens Potentiates Antitumor Immune Responses,needs_review
A5121309928,Hagyeong Lee,1,1,P0003,Hanyang University,KR,yes,1,Kafka-Thor: A Kafka-based In-Edge Data Streaming Platform for Enhanced V2X Services,needs_review
A5101534765,Sang-Eun Jung,1,1,P0003,National University College; Seoul National University,KR; PR,yes,1,Advances and challenges in CAR-T therapy for glioblastoma,needs_review
A5043024602,Young‐Jun Park,1,1,P0003,Namseoul University; Nation University; Seoul National University,KR; TH,yes,1,IFN-γ-induced MHCII+ inflammatory monocytes play a role for down-regulating CD8 T cell responses in acute LCMV infection,needs_review
A5061006522,Chel Hun Choi,1,1,P0003,Samsung Medical Center,KR,yes,1,"Abstract CT123: Phase I study of a B cell-based and monocyte-based immunotherapeutic vaccine, BVAC-C, in human papillomavirus type 16- or 18-positive recurrent cervical cancer",needs_review
A5089092419,Hyun Jin Choi,1,1,P0003,Chung-Ang University Hospital,KR,yes,1,"Abstract CT123: Phase I study of a B cell-based and monocyte-based immunotherapeutic vaccine, BVAC-C, in human papillomavirus type 16- or 18-positive recurrent cervical cancer",needs_review
A5100672939,Jeong‐Won Lee,1,1,P0003,Samsung Medical Center,KR,yes,1,"Abstract CT123: Phase I study of a B cell-based and monocyte-based immunotherapeutic vaccine, BVAC-C, in human papillomavirus type 16- or 18-positive recurrent cervical cancer",needs_review
A5085504469,Eun‐Suk Kang,1,1,P0003,Samsung Medical Center,KR,yes,1,"Abstract CT123: Phase I study of a B cell-based and monocyte-based immunotherapeutic vaccine, BVAC-C, in human papillomavirus type 16- or 18-positive recurrent cervical cancer",needs_review
A5034300766,Byung Kwan Park,1,1,P0003,Samsung Medical Center,KR,yes,1,"Abstract CT123: Phase I study of a B cell-based and monocyte-based immunotherapeutic vaccine, BVAC-C, in human papillomavirus type 16- or 18-positive recurrent cervical cancer",needs_review
A5101765952,Yong‐Man Kim,1,1,P0003,Asan Medical Center; Seoul Medical Center,KR,yes,1,"Abstract CT123: Phase I study of a B cell-based and monocyte-based immunotherapeutic vaccine, BVAC-C, in human papillomavirus type 16- or 18-positive recurrent cervical cancer",needs_review
A5100644922,Dae‐Yeon Kim,1,1,P0003,Asan Medical Center; Seoul Medical Center,KR,yes,1,"Abstract CT123: Phase I study of a B cell-based and monocyte-based immunotherapeutic vaccine, BVAC-C, in human papillomavirus type 16- or 18-positive recurrent cervical cancer",needs_review
A5110785629,Wuhyun Kim,1,1,P0003,NovaCell Technology (South Korea),KR,yes,1,"Abstract CT123: Phase I study of a B cell-based and monocyte-based immunotherapeutic vaccine, BVAC-C, in human papillomavirus type 16- or 18-positive recurrent cervical cancer",needs_review
A5057234589,Byoung‐Gie Kim,1,1,P0003,Samsung Medical Center,KR,yes,1,"Abstract CT123: Phase I study of a B cell-based and monocyte-based immunotherapeutic vaccine, BVAC-C, in human papillomavirus type 16- or 18-positive recurrent cervical cancer",needs_review
A5002989592,Jeong-mi Lee,1,1,P0003,Namseoul University; Nation University; Seoul National University,KR; TH,yes,1,Analysis of immunogenicity of different sizes of HER2/neu antigen,needs_review
A5100728436,Jeongmi Lee,1,1,P0003,Namseoul University; Nation University; Seoul National University,KR; TH,yes,1,NKT cell ligand-induced cytokines enhance antitumor effects with PD-1 blockade by reinvigorating exhausted CD8 T cells.,needs_review
A5043092087,Yang Hoon Chung,1,1,P0003,Soonchunhyang University; Soonchunhyang University Hospital Seoul; University of California San Diego,KR; US,yes,1,TIMP-1 associates with myelin membrane and preserves myelin in injured peripheral nerve,needs_review
A5017765955,Vadahanambi Sridhar,1,1,P0004,Korea Advanced Institute of Science and Technology,KR,yes,1,Arsenic Removal from Contaminated Water Using Three-Dimensional Graphene-Carbon Nanotube-Iron Oxide Nanostructures,needs_review
A5112037906,Sang-Heon Lee,1,1,P0004,Korea Advanced Institute of Science and Technology,KR,yes,1,Arsenic Removal from Contaminated Water Using Three-Dimensional Graphene-Carbon Nanotube-Iron Oxide Nanostructures,needs_review
A5113330729,Nayeon Kim,1,1,P0004,Yonsei University,KR,yes,1,Genome-resolved metagenomics: a game changer for microbiome medicine,needs_review
A5013830080,Jungyeon Kim,1,1,P0004,Yonsei University,KR,yes,1,Genome-resolved metagenomics: a game changer for microbiome medicine,needs_review
A5035867403,Insuk Lee,1,1,P0004,Pohang University of Science and Technology; Yonsei University,KR,yes,1,Genome-resolved metagenomics: a game changer for microbiome medicine,needs_review
A5032926630,Jung‐Hwan Jung,1,1,P0004,Creative Research; Daejeon University; Government of the Republic of Korea; Korea Advanced Institute of Science and Technology,GB; KR,yes,1,Defect engineering route to boron nitride quantum dots and edge-hydroxylated functionalization for bio-imaging,needs_review
A5010462117,Moumita Kotal,1,1,P0004,Creative Research; Daejeon University; Government of the Republic of Korea; Korea Advanced Institute of Science and Technology,GB; KR,yes,1,Defect engineering route to boron nitride quantum dots and edge-hydroxylated functionalization for bio-imaging,needs_review
A5106418168,Min‐Ho Jang,1,1,P0004,Daejeon University; Government of the Republic of Korea; Korea Advanced Institute of Science and Technology,KR,yes,1,Defect engineering route to boron nitride quantum dots and edge-hydroxylated functionalization for bio-imaging,needs_review
A5110544473,Yong‐Hoon Cho,1,1,P0004,Daejeon University; Government of the Republic of Korea; Korea Advanced Institute of Science and Technology,KR,yes,1,Defect engineering route to boron nitride quantum dots and edge-hydroxylated functionalization for bio-imaging,needs_review
A5100377785,Jihoon Kim,1,1,P0004,Institute for Basic Science; Pohang University of Science and Technology,KR,yes,1,Interleukin-4 receptor-targeted delivery of Bcl-xL siRNA sensitizes tumors to chemotherapy and inhibits tumor growth,needs_review
A5003962891,Gowri Rangaswamy Gunassekaran,1,1,P0004,Kyungpook National University,KR,yes,1,Interleukin-4 receptor-targeted delivery of Bcl-xL siRNA sensitizes tumors to chemotherapy and inhibits tumor growth,needs_review
A5045445945,Lianhua Chi,1,1,P0004,Kyungpook National University,KR,yes,1,Interleukin-4 receptor-targeted delivery of Bcl-xL siRNA sensitizes tumors to chemotherapy and inhibits tumor growth,needs_review
A5101445770,Soyoun Kim,1,1,P0004,Asan Medical Center; Kyungpook National University,KR,yes,1,Interleukin-4 receptor-targeted delivery of Bcl-xL siRNA sensitizes tumors to chemotherapy and inhibits tumor growth,needs_review
A5001570040,Rang‐Woon Park,1,1,P0004,Kyungpook National University,KR,yes,1,Interleukin-4 receptor-targeted delivery of Bcl-xL siRNA sensitizes tumors to chemotherapy and inhibits tumor growth,needs_review
A5100326323,Sang‐Hyun Kim,1,1,P0004,Asan Medical Center; Kyungpook National University,KR,yes,1,Interleukin-4 receptor-targeted delivery of Bcl-xL siRNA sensitizes tumors to chemotherapy and inhibits tumor growth,needs_review
A5076541176,Sang Mun Bae,1,1,P0004,Asan Medical Center,KR,yes,1,Interleukin-4 receptor-targeted delivery of Bcl-xL siRNA sensitizes tumors to chemotherapy and inhibits tumor growth,needs_review
A5100748590,Sang‐Yeob Kim,1,1,P0004,Asan Medical Center; Kyungpook National University; Ulsan College; University of Ulsan,KR,yes,1,Interleukin-4 receptor-targeted delivery of Bcl-xL siRNA sensitizes tumors to chemotherapy and inhibits tumor growth,needs_review
A5101763027,In‐Kyu Park,1,1,P0004,Chonnam National University,KR,yes,1,Interleukin-4 receptor-targeted delivery of Bcl-xL siRNA sensitizes tumors to chemotherapy and inhibits tumor growth,needs_review
A5038879835,K.W. Kim,1,1,P0004,Gimcheon University,KR,yes,1,"Effects of Virtual Reality (VR)-Based Meditation on Sleep Quality, Stress, and Autonomic Nervous System Balance in Nursing Students",needs_review
A5055334355,Hyejin Koo,1,1,P0004,Sogang University,KR,yes,1,Development of Speech Emotion Recognition Algorithm using MFCC and Prosody,needs_review
A5088628107,Soyeong Jeong,1,1,P0004,Korea University,KR,yes,1,Development of Speech Emotion Recognition Algorithm using MFCC and Prosody,needs_review
A5000208121,Jae Hee Chung,1,1,P0004,Catholic University of Korea; The Catholic University of Korea Seoul St. Mary's Hospital,KR,yes,1,Comparison of total midgut volvulus and segmental volvulus in neonates,needs_review
A5056054029,Shinn Young Kim,1,1,P0004,Catholic University of Korea; The Catholic University of Korea St. Vincent's Hospital,KR,yes,1,Comparison of total midgut volvulus and segmental volvulus in neonates,needs_review
A5004651060,Yangho Seo,1,1,P0004,SK Group (South Korea),KR,yes,1,"13.8 A 1a-nm 1.05V 10.5Gb/s/pin 16Gb LPDDR5 Turbo DRAM with WCK Correction Strategy, a Voltage-Offset-Calibrated Receiver and Parasitic Capacitance Reduction",needs_review
A5108480761,Jihee Choi,1,1,P0004,SK Group (South Korea),KR,yes,1,"13.8 A 1a-nm 1.05V 10.5Gb/s/pin 16Gb LPDDR5 Turbo DRAM with WCK Correction Strategy, a Voltage-Offset-Calibrated Receiver and Parasitic Capacitance Reduction",needs_review
A5018194248,Sunki Cho,1,1,P0004,SK Group (South Korea),KR,yes,1,"13.8 A 1a-nm 1.05V 10.5Gb/s/pin 16Gb LPDDR5 Turbo DRAM with WCK Correction Strategy, a Voltage-Offset-Calibrated Receiver and Parasitic Capacitance Reduction",needs_review
A5042139010,Hyun Wook Han,1,1,P0004,SK Group (South Korea),KR,yes,1,"13.8 A 1a-nm 1.05V 10.5Gb/s/pin 16Gb LPDDR5 Turbo DRAM with WCK Correction Strategy, a Voltage-Offset-Calibrated Receiver and Parasitic Capacitance Reduction",needs_review
A5080505964,Gyeongha Ryu,1,1,P0004,SK Group (South Korea),KR,yes,1,"13.8 A 1a-nm 1.05V 10.5Gb/s/pin 16Gb LPDDR5 Turbo DRAM with WCK Correction Strategy, a Voltage-Offset-Calibrated Receiver and Parasitic Capacitance Reduction",needs_review
A5076585028,Jungil Ahn,1,1,P0004,SK Group (South Korea),KR,yes,1,"13.8 A 1a-nm 1.05V 10.5Gb/s/pin 16Gb LPDDR5 Turbo DRAM with WCK Correction Strategy, a Voltage-Offset-Calibrated Receiver and Parasitic Capacitance Reduction",needs_review
A5062918491,Younga Cho,1,1,P0004,SK Group (South Korea),KR,yes,1,"13.8 A 1a-nm 1.05V 10.5Gb/s/pin 16Gb LPDDR5 Turbo DRAM with WCK Correction Strategy, a Voltage-Offset-Calibrated Receiver and Parasitic Capacitance Reduction",needs_review
A5066064536,Sungphil Choi,1,1,P0004,SK Group (South Korea),KR,yes,1,"13.8 A 1a-nm 1.05V 10.5Gb/s/pin 16Gb LPDDR5 Turbo DRAM with WCK Correction Strategy, a Voltage-Offset-Calibrated Receiver and Parasitic Capacitance Reduction",needs_review
A5007738371,Seohee Lee,1,1,P0004,SK Group (South Korea),KR,yes,1,"13.8 A 1a-nm 1.05V 10.5Gb/s/pin 16Gb LPDDR5 Turbo DRAM with WCK Correction Strategy, a Voltage-Offset-Calibrated Receiver and Parasitic Capacitance Reduction",needs_review
A5082844857,Wooju Lee,1,1,P0004,SK Group (South Korea),KR,yes,1,"13.8 A 1a-nm 1.05V 10.5Gb/s/pin 16Gb LPDDR5 Turbo DRAM with WCK Correction Strategy, a Voltage-Offset-Calibrated Receiver and Parasitic Capacitance Reduction",needs_review
A5109691053,Chaehyuk Lee,1,1,P0004,SK Group (South Korea),KR,yes,1,"13.8 A 1a-nm 1.05V 10.5Gb/s/pin 16Gb LPDDR5 Turbo DRAM with WCK Correction Strategy, a Voltage-Offset-Calibrated Receiver and Parasitic Capacitance Reduction",needs_review
A5084653159,Ki‐Up Kim,1,1,P0004,SK Group (South Korea),KR,yes,1,"13.8 A 1a-nm 1.05V 10.5Gb/s/pin 16Gb LPDDR5 Turbo DRAM with WCK Correction Strategy, a Voltage-Offset-Calibrated Receiver and Parasitic Capacitance Reduction",needs_review
A5081485793,Seongseop Lee,1,1,P0004,SK Group (South Korea),KR,yes,1,"13.8 A 1a-nm 1.05V 10.5Gb/s/pin 16Gb LPDDR5 Turbo DRAM with WCK Correction Strategy, a Voltage-Offset-Calibrated Receiver and Parasitic Capacitance Reduction",needs_review
A5050137936,Sangbeom Park,1,1,P0004,SK Group (South Korea),KR,yes,1,"13.8 A 1a-nm 1.05V 10.5Gb/s/pin 16Gb LPDDR5 Turbo DRAM with WCK Correction Strategy, a Voltage-Offset-Calibrated Receiver and Parasitic Capacitance Reduction",needs_review
A5063737706,M. Choi,1,1,P0004,SK Group (South Korea),KR,yes,1,"13.8 A 1a-nm 1.05V 10.5Gb/s/pin 16Gb LPDDR5 Turbo DRAM with WCK Correction Strategy, a Voltage-Offset-Calibrated Receiver and Parasitic Capacitance Reduction",needs_review
A5100732633,Sung‐Woo Lee,1,1,P0004,SK Group (South Korea),KR,yes,1,"13.8 A 1a-nm 1.05V 10.5Gb/s/pin 16Gb LPDDR5 Turbo DRAM with WCK Correction Strategy, a Voltage-Offset-Calibrated Receiver and Parasitic Capacitance Reduction",needs_review
A5011378967,Mino Kim,1,1,P0004,SK Group (South Korea),KR,yes,1,"13.8 A 1a-nm 1.05V 10.5Gb/s/pin 16Gb LPDDR5 Turbo DRAM with WCK Correction Strategy, a Voltage-Offset-Calibrated Receiver and Parasitic Capacitance Reduction",needs_review
A5101316587,Hyeongsoo Jeong,1,1,P0004,SK Group (South Korea),KR,yes,1,"13.8 A 1a-nm 1.05V 10.5Gb/s/pin 16Gb LPDDR5 Turbo DRAM with WCK Correction Strategy, a Voltage-Offset-Calibrated Receiver and Parasitic Capacitance Reduction",needs_review
A5050321439,Hyunseung Kim,1,1,P0004,SK Group (South Korea),KR,yes,1,"13.8 A 1a-nm 1.05V 10.5Gb/s/pin 16Gb LPDDR5 Turbo DRAM with WCK Correction Strategy, a Voltage-Offset-Calibrated Receiver and Parasitic Capacitance Reduction",needs_review
A5001803098,Houk Song,1,1,P0004,SK Group (South Korea),KR,yes,1,"13.8 A 1a-nm 1.05V 10.5Gb/s/pin 16Gb LPDDR5 Turbo DRAM with WCK Correction Strategy, a Voltage-Offset-Calibrated Receiver and Parasitic Capacitance Reduction",needs_review
A5102628982,Yunsuk Hong,1,1,P0004,SK Group (South Korea),KR,yes,1,"13.8 A 1a-nm 1.05V 10.5Gb/s/pin 16Gb LPDDR5 Turbo DRAM with WCK Correction Strategy, a Voltage-Offset-Calibrated Receiver and Parasitic Capacitance Reduction",needs_review
A5069531072,Seokju Yoon,1,1,P0004,SK Group (South Korea),KR,yes,1,"13.8 A 1a-nm 1.05V 10.5Gb/s/pin 16Gb LPDDR5 Turbo DRAM with WCK Correction Strategy, a Voltage-Offset-Calibrated Receiver and Parasitic Capacitance Reduction",needs_review
A5111145671,Giwook Park,1,1,P0004,SK Group (South Korea),KR,yes,1,"13.8 A 1a-nm 1.05V 10.5Gb/s/pin 16Gb LPDDR5 Turbo DRAM with WCK Correction Strategy, a Voltage-Offset-Calibrated Receiver and Parasitic Capacitance Reduction",needs_review
A5113140637,Hokeun You,1,1,P0004,SK Group (South Korea),KR,yes,1,"13.8 A 1a-nm 1.05V 10.5Gb/s/pin 16Gb LPDDR5 Turbo DRAM with WCK Correction Strategy, a Voltage-Offset-Calibrated Receiver and Parasitic Capacitance Reduction",needs_review
A5112595592,Chang-Kyu Choi,1,1,P0004,SK Group (South Korea),KR,yes,1,"13.8 A 1a-nm 1.05V 10.5Gb/s/pin 16Gb LPDDR5 Turbo DRAM with WCK Correction Strategy, a Voltage-Offset-Calibrated Receiver and Parasitic Capacitance Reduction",needs_review
A5082816998,Hae-Kang Jung,1,1,P0004,SK Group (South Korea),KR,yes,1,"13.8 A 1a-nm 1.05V 10.5Gb/s/pin 16Gb LPDDR5 Turbo DRAM with WCK Correction Strategy, a Voltage-Offset-Calibrated Receiver and Parasitic Capacitance Reduction",needs_review
A5002688568,Joohwan Cho,1,1,P0004,SK Group (South Korea),KR,yes,1,"13.8 A 1a-nm 1.05V 10.5Gb/s/pin 16Gb LPDDR5 Turbo DRAM with WCK Correction Strategy, a Voltage-Offset-Calibrated Receiver and Parasitic Capacitance Reduction",needs_review
A5100767718,Jonghwan Kim,1,1,P0004,SK Group (South Korea),KR,yes,1,"13.8 A 1a-nm 1.05V 10.5Gb/s/pin 16Gb LPDDR5 Turbo DRAM with WCK Correction Strategy, a Voltage-Offset-Calibrated Receiver and Parasitic Capacitance Reduction",needs_review
A5100718907,Myungsoo Kim,1,1,P0004,Korea Research Institute of Standards and Science,KR,yes,1,Additive Effects on the Microstructure Evolution in Hexadecyltrimethylammonium Bromide Solution and Its Rheological Properties,needs_review
A5038500265,Chul Soon Park,1,1,P0004,Korea Advanced Institute of Science and Technology,KR,yes,1,Design and implementation of electromagnetic band‐gap embedded antenna for vehicle‐to‐everything communications in vehicular systems,needs_review
A5026008467,Eun-Mi Baek,1,1,P0004,Catholic University of Korea,KR,yes,1,Latent Class Analysis of Health Behavior Changes Due to COVID-19 among Middle-Aged Korean Workers,needs_review
A5046968367,Mi Ra Yun,1,1,P0004,Sangmyung University,KR,yes,1,"A Delphi Study on the Changes in Work, Organizational Culture, and Health Issues of Nurses at Tertiary Hospitals in South Korea during the COVID‐19 Pandemic",needs_review
A5084559784,Byoung Duk Lee,1,1,P0004,Samsung (South Korea),KR,yes,1,Effect of transparent film desiccant on the lifetime of top-emitting active matrix organic light emitting diodes,needs_review
A5044324859,Min Ho Oh,1,1,P0004,Samsung (South Korea),KR,yes,1,Effect of transparent film desiccant on the lifetime of top-emitting active matrix organic light emitting diodes,needs_review
A5100613204,Jong Hyuk Lee,1,1,P0004,Samsung (South Korea),KR,yes,1,Effect of transparent film desiccant on the lifetime of top-emitting active matrix organic light emitting diodes,needs_review
A5113139589,Dong Sik Zang,1,1,P0004,Samsung (South Korea),KR,yes,1,Effect of transparent film desiccant on the lifetime of top-emitting active matrix organic light emitting diodes,needs_review
A5100360633,Young Jae Lee,1,1,P0004,Electronics and Telecommunications Research Institute,KR,yes,1,A Mobile Edge Computing Device to Support Data Collecting and Processing from IoT,needs_review
A5110256541,Kiyoung Moon,1,1,P0004,Electronics and Telecommunications Research Institute,KR,yes,1,A Mobile Edge Computing Device to Support Data Collecting and Processing from IoT,needs_review
A5018290410,Kil-Taek Lim,1,1,P0004,Electronics and Telecommunications Research Institute,KR,yes,1,A Mobile Edge Computing Device to Support Data Collecting and Processing from IoT,needs_review
A5100393585,Young‐Ho Kim,1,1,P0004,Electronics and Telecommunications Research Institute,KR,yes,1,Low power 2.5-Gb/s CMOS burst-mode transimpedance amplifier with fast response time using a novel peak detection circuit,needs_review
A5107917231,Eun-Ok Kim,1,1,P0004,Electronics and Telecommunications Research Institute,KR,yes,1,Low power 2.5-Gb/s CMOS burst-mode transimpedance amplifier with fast response time using a novel peak detection circuit,needs_review
A5016378339,Hongjin Kim,1,1,P0004,Korea Telecom (South Korea),KR,yes,1,Highway Condition Analysis and Traffic Safety Monitoring System Through Analysis of Time-Series Data from LiDAR-based Probe Vehicle,needs_review
A5110023342,Sangjin Han,1,1,P0004,Seoul National University,KR,yes,1,Highway Condition Analysis and Traffic Safety Monitoring System Through Analysis of Time-Series Data from LiDAR-based Probe Vehicle,needs_review
A5065744427,S.Y. Lee,1,1,P0004,Eulji University; Eulji University Uijeongbu Eulji Medical Center,KR,yes,1,"Comparative effects of music therapy and aromatherapy on stress, quality of life, and happiness among shift nurses in Korea: a randomized controlled trial",needs_review
A5069725143,Eun‐Jae Park,1,1,P0004,Yonsei University,KR,yes,1,A staggered cell-centered DG method for the biharmonic Steklov problem on polygonal meshes: A priori and a posteriori analysis,needs_review
A5113290157,Kyeongmo Kang,1,1,P0004,Korea Naval Academy,KR,yes,1,A Human-following Drone Providing Gesture Recognition to Control IoT Devices Based on 3D Body-landmark Detection,needs_review
A5029412001,Yeonsu Lee,1,1,P0004,Hanyang University,KR,yes,1,A Study on CNN-Based Berg Balance Scale Analysis for Elderly Persons,needs_review
A5101612109,Minseok Lee,1,1,P0004,Hongik University,KR,yes,1,Fault Type Classification of Rotating Machinery based on Machine Learning with Fourier Transform Feature Extraction,needs_review
A5012783820,Junyoung Chang,1,1,P0004,Electronics and Telecommunications Research Institute,KR,yes,1,Performance analysis of NoC structure based on Star-Mesh Topology,needs_review
A5061164187,Youngju Park,1,1,P0004,Kangwon National University,KR,yes,1,A Study on the Toxicity Analysis of Combustion Gases of Architectural Surface Materials and Architectural Adhesives,needs_review
A5010392312,Chul Soon,1,1,P0004,Korea Advanced Institute of Science and Technology,KR,yes,1,A high performance EBG antenna design for WAVE communication systems,needs_review
A5082843429,Kwang-Youb Lee,1,1,P0004,Seokyeong University,KR,yes,1,A fast-serial finite field multiplier without increasing the number of registers,needs_review
A5040582796,Sung‐Hoon Choa,1,1,P0004,Seoul National University of Science and Technology,KR,yes,1,Recent Trend of International Standardization of Semiconductor Devices,needs_review
A5043120053,Tae-Su Han,1,1,P0004,Korea Air Force Academy,KR,yes,1,Recent Trend of International Standardization of Semiconductor Devices,needs_review
A5071177372,Thuy Giang Nguyen Cao,1,1,P0004,Incheon National University,KR,yes,1,Photoacoustic imaging-guided therapy using dual pH/ultrasound-responsive extracellular vesicle-based nanosonosensitizers,needs_review
A5070003209,Ji Hee Kang,1,1,P0004,Gachon University,KR,yes,1,Photoacoustic imaging-guided therapy using dual pH/ultrasound-responsive extracellular vesicle-based nanosonosensitizers,needs_review
A5057586709,Wangyu Kim,1,1,P0004,Pohang University of Science and Technology,KR,yes,1,Photoacoustic imaging-guided therapy using dual pH/ultrasound-responsive extracellular vesicle-based nanosonosensitizers,needs_review
A5110414124,Sujin Kang,1,1,P0004,Incheon National University,KR,yes,1,Photoacoustic imaging-guided therapy using dual pH/ultrasound-responsive extracellular vesicle-based nanosonosensitizers,needs_review
A5004529406,Jaeyoung Yoo,1,1,P0004,Incheon National University,KR,yes,1,Photoacoustic imaging-guided therapy using dual pH/ultrasound-responsive extracellular vesicle-based nanosonosensitizers,needs_review
A5090079067,Quan Truong Hoang,1,1,P0004,Incheon National University,KR,yes,1,Photoacoustic imaging-guided therapy using dual pH/ultrasound-responsive extracellular vesicle-based nanosonosensitizers,needs_review
A5056032525,Wonjong Rhee,1,1,P0004,Incheon National University,KR,yes,1,Photoacoustic imaging-guided therapy using dual pH/ultrasound-responsive extracellular vesicle-based nanosonosensitizers,needs_review
A5028979829,Youngtag Ko,1,1,P0004,Gachon University,KR,yes,1,Photoacoustic imaging-guided therapy using dual pH/ultrasound-responsive extracellular vesicle-based nanosonosensitizers,needs_review
A5001819295,Minsuk Shim,1,1,P0004,Incheon National University,KR,yes,1,Photoacoustic imaging-guided therapy using dual pH/ultrasound-responsive extracellular vesicle-based nanosonosensitizers,needs_review
A5024804188,Chung Hee Kim,1,1,P0004,Hanyang University,KR,yes,1,A combined hierarchical placement algorithm,needs_review
A5000708111,Myoungsub Oh,1,1,P0004,Hanyang University,KR,yes,1,A combined hierarchical placement algorithm,needs_review
A5017102437,Kwang-Joon Rhee,1,1,P0004,Samsung (South Korea),KR,yes,1,A combined hierarchical placement algorithm,needs_review
A5045830279,Seogyun Choi,1,1,P0004,Samsung (South Korea),KR,yes,1,A combined hierarchical placement algorithm,needs_review
A5005089142,Heasoo Chung,1,1,P0004,Samsung (South Korea),KR,yes,1,A combined hierarchical placement algorithm,needs_review
A5040645146,Nayeon Kim,1,1,P0004,Yonsei University,KR,yes,1,A human gut metagenome-assembled genome catalogue spanning 41 countries supports genome-scale metabolic models,needs_review
A5115410395,Jun Hyung,1,1,P0004,Yonsei University,KR,yes,1,A human gut metagenome-assembled genome catalogue spanning 41 countries supports genome-scale metabolic models,needs_review
A5043766064,Minyeon Cha,1,1,P0004,Ajou University,KR,yes,1,A harmonic rejection mixer for cognitive radio application,needs_review
A5087302350,Kyou-Jung Son,1,1,P0004,Chung-Ang University,KR,yes,1,Dynamic frequency scaling based power saving algorithm for a portable kitchen TV,needs_review
A5041560199,Seong-Pil Moon,1,1,P0004,Chung-Ang University,KR,yes,1,Dynamic frequency scaling based power saving algorithm for a portable kitchen TV,needs_review
A5056581637,Tae‐Gyu Chang,1,1,P0004,Chung-Ang University,KR,yes,1,Dynamic frequency scaling based power saving algorithm for a portable kitchen TV,needs_review
A5013196573,Kitaek Kim,1,1,P0004,Hanyang University,KR,yes,1,An improved hierarchical placement technique using clustering and region refinement,needs_review
A5100329530,Tae‐Wan Kim,1,1,P0004,Hongik University,KR,yes,1,Efficiency improvement of organic light-emitting diodes depending on the thickness variation of BCP layer used for electron transport,needs_review
A5100692968,Young-Soo Park,1,1,P0004,Electronics and Telecommunications Research Institute,KR,yes,1,A Platform-Based SoC Design of a 32-Bit Smart Card,needs_review
A5033603127,Eun-sil Min,1,1,P0004,Daejeon Institute of Science and Technology,KR,yes,1,LBPS 01-19 CHANGES OF BLOOD PRESSURE AFTER AROMATHERAPY ESSENTIAL OIL INHALATIONS,needs_review
A5076941489,Mi-Eun Kim,1,1,P0004,Gimcheon University,KR,yes,1,LBPS 01-19 CHANGES OF BLOOD PRESSURE AFTER AROMATHERAPY ESSENTIAL OIL INHALATIONS,needs_review
A5012244435,Joomi Ahn,1,1,P0004,Woosong University,KR,yes,1,LBPS 01-19 CHANGES OF BLOOD PRESSURE AFTER AROMATHERAPY ESSENTIAL OIL INHALATIONS,needs_review
A5110681464,Mi Kyoung Lee,1,1,P0004,Eulji University,KR,yes,1,LBPS 01-19 CHANGES OF BLOOD PRESSURE AFTER AROMATHERAPY ESSENTIAL OIL INHALATIONS,needs_review
A5110773416,Hyun-chul Jang,1,1,P0004,Gyeongsang National University,KR,yes,1,A Study on the Antecedents and Consequences of Smart Plant Construction,needs_review
A5004729813,Sangkyun Mok,1,1,P0004,Catholic University of Korea; The Catholic University of Korea Seoul St. Mary's Hospital,KR,yes,1,Optimized antithymocyte globulin dose in high risk kidney transplantation,needs_review
A5101852633,Young Jun Park,1,1,P0004,Catholic University of Korea; The Catholic University of Korea Seoul St. Mary's Hospital,KR,yes,1,Optimized antithymocyte globulin dose in high risk kidney transplantation,needs_review
A5008010244,Boyoon Choi,1,1,P0004,Catholic University of Korea; The Catholic University of Korea Seoul St. Mary's Hospital,KR,yes,1,Optimized antithymocyte globulin dose in high risk kidney transplantation,needs_review
A5032127943,Eunju Jang,1,1,P0004,Catholic University of Korea; The Catholic University of Korea Seoul St. Mary's Hospital,KR,yes,1,Risk and outcomes after living donor nephrectomy in Korea: 15-year single center outcome,needs_review
A5103180713,Yoo Jung Lee,1,1,P0004,Catholic University of Korea; The Catholic University of Korea Seoul St. Mary's Hospital,KR,yes,1,Risk and outcomes after living donor nephrectomy in Korea: 15-year single center outcome,needs_review
A5075435985,Ki-yoon Moon,1,1,P0004,Catholic University of Korea; The Catholic University of Korea Seoul St. Mary's Hospital,KR,yes,1,Risk and outcomes after living donor nephrectomy in Korea: 15-year single center outcome,needs_review
A5100399235,Seunghoon Lee,1,1,P0004,Catholic University of Korea; The Catholic University of Korea Seoul St. Mary's Hospital,KR,yes,1,Risk and outcomes after living donor nephrectomy in Korea: 15-year single center outcome,needs_review
A5024233106,Boyoon Choi,1,1,P0004,Catholic University of Korea; The Catholic University of Korea Seoul St. Mary's Hospital,KR,yes,1,Risk and outcomes after living donor nephrectomy in Korea: 15-year single center outcome,needs_review
A5081830877,Jang Yong Kim,1,1,P0004,Catholic University of Korea; The Catholic University of Korea Seoul St. Mary's Hospital,KR,yes,1,Comparison analysis of ABI between internal iliac artery anastomosis and external iliac artery anastomosis in renal transplantation: our 1-year experience,needs_review
A5091617251,Sinyoung Park,1,1,P0004,Pohang University of Science and Technology,KR,yes,1,Monitoring a tumor-targeting BODIPY-based theranostic nanomaterial with photoacoustic imaging,needs_review
A5051761504,Nahyun Kwon,1,1,P0004,Ewha Womans University,KR,yes,1,Monitoring a tumor-targeting BODIPY-based theranostic nanomaterial with photoacoustic imaging,needs_review
A5091906755,Kwang H. Kim,1,1,P0004,Yonsei University,KR,yes,1,Monitoring a tumor-targeting BODIPY-based theranostic nanomaterial with photoacoustic imaging,needs_review
A5111226626,Yejin Cho,1,1,P0004,Yonsei University,KR,yes,1,Monitoring a tumor-targeting BODIPY-based theranostic nanomaterial with photoacoustic imaging,needs_review
A5072095679,Ki Taek Nam,1,1,P0004,Yonsei University,KR,yes,1,Monitoring a tumor-targeting BODIPY-based theranostic nanomaterial with photoacoustic imaging,needs_review
A5046207199,Juyoung Yoon,1,1,P0004,Ewha Womans University,KR,yes,1,Monitoring a tumor-targeting BODIPY-based theranostic nanomaterial with photoacoustic imaging,needs_review
A5055809902,Ahra Jo,1,1,P0004,Songho University,KR,yes,1,Awareness of Blood Pressure or Blood Sugar Level and Subjective Body Weight Perception Impacts the Likelihood of Weight Loss Attempts among Overweight and Obese Adults: A Secondary Data Analysis,needs_review
A5077846782,G. S. Park,1,1,P0004,Eulji University,KR,yes,1,Awareness of Blood Pressure or Blood Sugar Level and Subjective Body Weight Perception Impacts the Likelihood of Weight Loss Attempts among Overweight and Obese Adults: A Secondary Data Analysis,needs_review
A5026278144,Heeyoung Oh,1,1,P0004,Eulji University,KR,yes,1,Awareness of Blood Pressure or Blood Sugar Level and Subjective Body Weight Perception Impacts the Likelihood of Weight Loss Attempts among Overweight and Obese Adults: A Secondary Data Analysis,needs_review
A5102604600,Wonheo Ju,1,1,P0004,Gumi University; Hyundai Mobis (South Korea),KR,yes,1,"Effect of the Healing Fit program on sleep quality, stress, and concentration: a randomized controlled study",needs_review
A5013515945,Jiwoong Kim,1,1,P0004,Pohang University of Science and Technology,KR,yes,1,Multiparametric tumor analysis through photoacoustic tomography system using a hemispherical transducer array,needs_review
A5100414523,Jihye Lee,1,1,P0004,Pohang University of Science and Technology,KR,yes,1,Multiparametric tumor analysis through photoacoustic tomography system using a hemispherical transducer array,needs_review
A5022379693,Seongwook Choi,1,1,P0004,Pohang University of Science and Technology,KR,yes,1,Multiparametric tumor analysis through photoacoustic tomography system using a hemispherical transducer array,needs_review
A5036139155,Hyori Lee,1,1,P0004,Pohang University of Science and Technology,KR,yes,1,Multiparametric tumor analysis through photoacoustic tomography system using a hemispherical transducer array,needs_review
A5007212522,Jinge Yang,1,1,P0004,Pohang University of Science and Technology,KR,yes,1,Multiparametric tumor analysis through photoacoustic tomography system using a hemispherical transducer array,needs_review
A5051377189,Ayeon Kwon,1,1,P0004,Gyeongsang National University,KR,yes,1,A Study on the Antecedent Variables Influencing Continuous Use Intention of Online Shopping Malls,needs_review
A5056123492,Rongyu Zhu,1,1,P0004,Gyeongsang National University,KR,yes,1,A Study on the Selective Attributes Influencing Continuous Watching Intention in Live Streaming: Focusing on TikTok Live Streaming,needs_review
A5101961910,Weidong Xu,1,1,P0004,Gyeongsang National University,KR,yes,1,The Impact of Characteristics of Online Shopping Mall Chatbot Systems on Continuous Usage Intention: Focusing on the Online Shopping Mall Users in China,needs_review
A5054466710,Haneul Shin,1,1,P0004,Sogang University,KR,yes,1,Extending gem5 with a Developer-Centric IDE for SoC Architecture Simulation,needs_review
A5081369933,Hae Sang Song,1,1,P0004,Seowon University,KR,yes,1,Extending gem5 with a Developer-Centric IDE for SoC Architecture Simulation,needs_review
A5087549989,Jaseong Koo,1,1,P0005,Catholic University of Korea; The Catholic University of Korea Seoul St. Mary's Hospital,KR,yes,1,Executive Summary of Stroke Statistics in Korea 2018: A Report from the Epidemiology Research Council of the Korean Stroke Society,needs_review
A5112417276,Dae-Hyun Kim,1,1,P0005,Dong-A University Hospital,KR,yes,1,Executive Summary of Stroke Statistics in Korea 2018: A Report from the Epidemiology Research Council of the Korean Stroke Society,needs_review
A5112571679,Wook-Joo Kim,1,1,P0005,Ulsan College; Ulsan University Hospital; University of Ulsan,KR,yes,1,Executive Summary of Stroke Statistics in Korea 2018: A Report from the Epidemiology Research Council of the Korean Stroke Society,needs_review
A5074301547,Eung Gyu Kim,1,1,P0005,Inje University Busan Paik Hospital,KR,yes,1,Executive Summary of Stroke Statistics in Korea 2018: A Report from the Epidemiology Research Council of the Korean Stroke Society,needs_review
A5047330848,Jeong‐Min Kim,1,1,P0005,"Chonnam National University Hospital; Chung-Ang University Hospital; Daejeon Eulji Medical Center, Eulji University; Seoul National University Bundang Hospital",KR,yes,1,Executive Summary of Stroke Statistics in Korea 2018: A Report from the Epidemiology Research Council of the Korean Stroke Society,needs_review
A5113860716,Jong-Moo Park,1,1,P0005,Eulji University; Eulji University Nowon Eulji Medical Center; Hanyang University; Myongji Hospital,KR,yes,1,Executive Summary of Stroke Statistics in Korea 2018: A Report from the Epidemiology Research Council of the Korean Stroke Society,needs_review
A5108766290,Jong-Ho Park,1,1,P0005,Eulji University; Eulji University Nowon Eulji Medical Center; Hanyang University; Myongji Hospital,KR,yes,1,Executive Summary of Stroke Statistics in Korea 2018: A Report from the Epidemiology Research Council of the Korean Stroke Society,needs_review
A5112507312,Woo-Keun Seo,1,1,P0005,Samsung Medical Center; Sungkyunkwan University,KR,yes,1,Executive Summary of Stroke Statistics in Korea 2018: A Report from the Epidemiology Research Council of the Korean Stroke Society,needs_review
A5102027920,Jung Hwa Seo,1,1,P0005,Inje University Busan Paik Hospital,KR,yes,1,Executive Summary of Stroke Statistics in Korea 2018: A Report from the Epidemiology Research Council of the Korean Stroke Society,needs_review
A5101636186,Tae-Jin Song,1,1,P0005,Ewha Womans University,KR,yes,1,Executive Summary of Stroke Statistics in Korea 2018: A Report from the Epidemiology Research Council of the Korean Stroke Society,needs_review
A5111963138,Hyung Geun Oh,1,1,P0005,Soonchunhyang University,KR,yes,1,Executive Summary of Stroke Statistics in Korea 2018: A Report from the Epidemiology Research Council of the Korean Stroke Society,needs_review
A5013329437,Sungwook Yu,1,1,P0005,Korea University Medical Center,KR,yes,1,Executive Summary of Stroke Statistics in Korea 2018: A Report from the Epidemiology Research Council of the Korean Stroke Society,needs_review
A5110671714,Keon-Joo Lee,1,1,P0005,Catholic University of Korea; Seoul National University Bundang Hospital; Soonchunhyang University Hospital Seoul; The Catholic University of Korea Seoul St. Mary's Hospital,KR,yes,1,Executive Summary of Stroke Statistics in Korea 2018: A Report from the Epidemiology Research Council of the Korean Stroke Society,needs_review
A5101604762,Kijeong Lee,1,1,P0005,Catholic University of Korea; Seoul National University Bundang Hospital; Soonchunhyang University Hospital Seoul; The Catholic University of Korea Seoul St. Mary's Hospital,KR,yes,1,Executive Summary of Stroke Statistics in Korea 2018: A Report from the Epidemiology Research Council of the Korean Stroke Society,needs_review
A5108671545,Sang-Hwa Lee,1,1,P0005,"Daejeon Eulji Medical Center, Eulji University; Hallym University; Hallym University Chuncheon Sacred Heart Hospital",KR,yes,1,Executive Summary of Stroke Statistics in Korea 2018: A Report from the Epidemiology Research Council of the Korean Stroke Society,needs_review
A5011074251,Min Uk Jang,1,1,P0005,Hallym University Dongtan Sacred Heart Hospital,KR,yes,1,Executive Summary of Stroke Statistics in Korea 2018: A Report from the Epidemiology Research Council of the Korean Stroke Society,needs_review
A5110640319,Jong-Won Chung,1,1,P0005,Samsung Medical Center; Sungkyunkwan University,KR,yes,1,Executive Summary of Stroke Statistics in Korea 2018: A Report from the Epidemiology Research Council of the Korean Stroke Society,needs_review
A5112323491,Yang-Ha Hwang,1,1,P0005,Kyungpook National University Hospital,KR,yes,1,Executive Summary of Stroke Statistics in Korea 2018: A Report from the Epidemiology Research Council of the Korean Stroke Society,needs_review
A5082018884,Jimi Choi,1,1,P0005,Jeju National University Hospital; Korea University,KR,yes,1,Executive Summary of Stroke Statistics in Korea 2018: A Report from the Epidemiology Research Council of the Korean Stroke Society,needs_review
A5100770871,Min Sun Kim,1,1,P0005,Korea University,KR,yes,1,Executive Summary of Stroke Statistics in Korea 2018: A Report from the Epidemiology Research Council of the Korean Stroke Society,needs_review
A5101881866,Ye Jin Kim,1,1,P0005,Korea University,KR,yes,1,Executive Summary of Stroke Statistics in Korea 2018: A Report from the Epidemiology Research Council of the Korean Stroke Society,needs_review
A5005796993,Jinmi Seok,1,1,P0005,Korea University,KR,yes,1,Executive Summary of Stroke Statistics in Korea 2018: A Report from the Epidemiology Research Council of the Korean Stroke Society,needs_review
A5040354524,Seokwan Han,1,1,P0005,Korea University,KR,yes,1,Executive Summary of Stroke Statistics in Korea 2018: A Report from the Epidemiology Research Council of the Korean Stroke Society,needs_review
A5021737099,Hee Won Han,1,1,P0005,Korea University,KR,yes,1,Executive Summary of Stroke Statistics in Korea 2018: A Report from the Epidemiology Research Council of the Korean Stroke Society,needs_review
A5102864504,Jin Hyuk Hong,1,1,P0005,Korea University,KR,yes,1,Executive Summary of Stroke Statistics in Korea 2018: A Report from the Epidemiology Research Council of the Korean Stroke Society,needs_review
A5034282455,Hyori Yun,1,1,P0005,Korea University,KR,yes,1,Executive Summary of Stroke Statistics in Korea 2018: A Report from the Epidemiology Research Council of the Korean Stroke Society,needs_review
A5102815932,A Young Kim,1,1,P0005,Seoul National University,KR,yes,1,Adiponectin Represses Colon Cancer Cell Proliferation via AdipoR1- and -R2-Mediated AMPK Activation,needs_review
A5072093385,Joowon Lee,1,1,P0005,Seoul National University,KR,yes,1,Adiponectin Represses Colon Cancer Cell Proliferation via AdipoR1- and -R2-Mediated AMPK Activation,needs_review
A5102845577,Ji Hyun Choi,1,1,P0005,Ewha Womans University,KR,yes,1,Lactobacillus paracasei-derived extracellular vesicles attenuate the intestinal inflammatory response by augmenting the endoplasmic reticulum stress pathway,needs_review
A5111855593,Jae-Myung Cha,1,1,P0005,Kyung Hee University Hospital at Gangdong,KR,yes,1,"Clinical outcomes and risk factors of post-polypectomy coagulation syndrome: a multicenter, retrospective, case-control study",needs_review
A5089240487,Kheng Tian Lim,1,1,P0005,Kyung Hee University Hospital at Gangdong,KR,yes,1,"Clinical outcomes and risk factors of post-polypectomy coagulation syndrome: a multicenter, retrospective, case-control study",needs_review
A5101637073,Sang‐Cheol Lee,1,1,P0005,Soonchunhyang University Hospital Seoul,KR,yes,1,"Clinical outcomes and risk factors of post-polypectomy coagulation syndrome: a multicenter, retrospective, case-control study",needs_review
A5101607713,Seung Hwan Hong,1,1,P0005,Severance Hospital; Yonsei University,KR,yes,1,"Clinical outcomes and risk factors of post-polypectomy coagulation syndrome: a multicenter, retrospective, case-control study",needs_review
A5100787427,T. Kim,1,1,P0005,Severance Hospital; Yonsei University,KR,yes,1,"Clinical outcomes and risk factors of post-polypectomy coagulation syndrome: a multicenter, retrospective, case-control study",needs_review
A5008088847,Seung Joo Kang,1,1,P0005,Seoul National University Hospital,KR,yes,1,Medical Management of Constipation in Elderly Patients: Systematic Review,needs_review
A5101900333,Hye In Kim,1,1,P0005,Ewha Womans University Medical Center,KR,yes,1,Impact of Shiftwork on Irritable Bowel Syndrome and Functional Dyspepsia,needs_review
A5144001056,Hyun-Soo Kim,1,1,P0005,Konkuk University; Korea University; Kyung Hee University; Seoul National University; Yonsei University,KR,yes,1,Korean Guidelines for Colorectal Cancer Screening and Polyp Detection,needs_review
A5143999899,Hyun-Soo Kim,1,1,P0005,Korea University; Kyung Hee University; Seoul National University; Ulsan College; University of Ulsan; Yonsei University,KR,yes,1,Korean Guidelines for Colorectal Cancer Screening and Polyp Detection,needs_review
A5144000903,Sung Jae Shin,1,1,P0005,Ajou University; Sungkyunkwan University,KR,yes,1,Korean Guidelines for Colorectal Cancer Screening and Polyp Detection,needs_review
A5143988534,Suck-Ho Lee,1,1,P0005,Soonchunhyang University; Sungkyunkwan University,KR,yes,1,Korean Guidelines for Colorectal Cancer Screening and Polyp Detection,needs_review
A5144031201,Hyun Jung Kim,1,1,P0005,Konkuk University; Korea University; Kyung Hee University; Seoul National University; Yonsei University,KR,yes,1,Korean Guidelines for Colorectal Cancer Screening and Polyp Detection,needs_review
A5111766256,Keum-Young Ahn,1,1,P0005,Korea University,KR,yes,1,Fluorescent Ferritin Nanoparticles and Application to the Aptamer Sensor,needs_review
A5044512266,Kyung Rim Kim,1,1,P0005,Korea University,KR,yes,1,Fluorescent Ferritin Nanoparticles and Application to the Aptamer Sensor,needs_review
A5118899065,Kyung Eun Lee,1,1,P0005,Korea Institute of Science and Technology,KR,yes,1,Fluorescent Ferritin Nanoparticles and Application to the Aptamer Sensor,needs_review
A5076832811,Sung‐Sik Han,1,1,P0005,Korea Institute of Science and Technology; Korea University,KR,yes,1,Fluorescent Ferritin Nanoparticles and Application to the Aptamer Sensor,needs_review
A5004402561,Ji Yong Ahn,1,1,P0005,Chung-Ang University; Ulsan College; University of Ulsan,KR,yes,1,Colonic Mucosal Immune Activity in Irritable Bowel Syndrome: Comparison with Healthy Controls and Patients with Ulcerative Colitis,needs_review
A5113593875,Kyung Hun Lee,1,1,P0005,Chung-Ang University,KR,yes,1,Colonic Mucosal Immune Activity in Irritable Bowel Syndrome: Comparison with Healthy Controls and Patients with Ulcerative Colitis,needs_review
A5111812393,Ju Wan Kim,1,1,P0005,Chung-Ang University,KR,yes,1,Colonic Mucosal Immune Activity in Irritable Bowel Syndrome: Comparison with Healthy Controls and Patients with Ulcerative Colitis,needs_review
A5089995283,Hyun Woong Lee,1,1,P0005,Chung-Ang University,KR,yes,1,Colonic Mucosal Immune Activity in Irritable Bowel Syndrome: Comparison with Healthy Controls and Patients with Ulcerative Colitis,needs_review
A5110290489,Jeong Wook Kim,1,1,P0005,Chung-Ang University,KR,yes,1,Colonic Mucosal Immune Activity in Irritable Bowel Syndrome: Comparison with Healthy Controls and Patients with Ulcerative Colitis,needs_review
A5100728416,Mi Kyung Kim,1,1,P0005,Chung-Ang University,KR,yes,1,Colonic Mucosal Immune Activity in Irritable Bowel Syndrome: Comparison with Healthy Controls and Patients with Ulcerative Colitis,needs_review
A5053788535,Gui Young Kwon,1,1,P0005,Chung-Ang University,KR,yes,1,Colonic Mucosal Immune Activity in Irritable Bowel Syndrome: Comparison with Healthy Controls and Patients with Ulcerative Colitis,needs_review
A5077130772,Seungbong Han,1,1,P0005,Asan Medical Center; Ulsan College; University of Ulsan,KR,yes,1,Colonic Mucosal Immune Activity in Irritable Bowel Syndrome: Comparison with Healthy Controls and Patients with Ulcerative Colitis,needs_review
A5100459303,Sung‐Min Kim,1,1,P0005,Baewha Women's University; University of North Carolina at Chapel Hill,KR; US,yes,1,Colonic Mucosal Immune Activity in Irritable Bowel Syndrome: Comparison with Healthy Controls and Patients with Ulcerative Colitis,needs_review
A5084831845,Sae Kyung Chang,1,1,P0005,Chung-Ang University,KR,yes,1,Colonic Mucosal Immune Activity in Irritable Bowel Syndrome: Comparison with Healthy Controls and Patients with Ulcerative Colitis,needs_review
A5100658138,Bo Ram Lee,1,1,P0005,Korea University,KR,yes,1,Near-Infrared Plasmonic Assemblies of Gold Nanoparticles with Multimodal Function for Targeted Cancer Theragnosis,needs_review
A5020370562,Hohyeon Lee,1,1,P0005,Sogang University,KR,yes,1,Near-Infrared Plasmonic Assemblies of Gold Nanoparticles with Multimodal Function for Targeted Cancer Theragnosis,needs_review
A5100650116,Jin Yong Kim,1,1,P0005,Samsung Medical Center; Sungkyunkwan University,KR,yes,1,"Effect of Probiotic Lactobacillus (Lacidofil® Cap) for the Prevention of Antibiotic-associated Diarrhea: A Prospective, Randomized, Double-blind, Multicenter Study",needs_review
A5064951300,Yoolwon Jeong,1,1,P0005,Ewha Womans University,KR,yes,1,"Effect of Probiotic Lactobacillus (Lacidofil® Cap) for the Prevention of Antibiotic-associated Diarrhea: A Prospective, Randomized, Double-blind, Multicenter Study",needs_review
A5100889134,Hyo-Jong Kim,1,1,P0005,Kyung Hee University; Yonsei University,KR,yes,1,"Effect of Probiotic Lactobacillus (Lacidofil® Cap) for the Prevention of Antibiotic-associated Diarrhea: A Prospective, Randomized, Double-blind, Multicenter Study",needs_review
A5110209053,Sung-Jae Shin,1,1,P0005,Ajou University,KR,yes,1,"Effect of Probiotic Lactobacillus (Lacidofil® Cap) for the Prevention of Antibiotic-associated Diarrhea: A Prospective, Randomized, Double-blind, Multicenter Study",needs_review
A5110219903,Hye-Won Kang,1,1,P0005,Ewha Womans University Medical Center,KR,yes,1,Prevalence and Predictive Factors of Fecal Incontinence,needs_review
A5002671654,Miae Lee,1,1,P0005,Ewha Womans University,KR,yes,1,The First Case of Antibiotic-associated Colitis by Clostridium difficile PCR Ribotype 027 in Korea,needs_review
A5110155188,Yusun Hwang,1,1,P0005,Ewha Womans University,KR,yes,1,The First Case of Antibiotic-associated Colitis by Clostridium difficile PCR Ribotype 027 in Korea,needs_review
A5100710728,Heejung Kim,1,1,P0005,Yonsei University,KR,yes,1,The First Case of Antibiotic-associated Colitis by Clostridium difficile PCR Ribotype 027 in Korea,needs_review
A5100689508,Kyungwon Lee,1,1,P0005,Yonsei University,KR,yes,1,The First Case of Antibiotic-associated Colitis by Clostridium difficile PCR Ribotype 027 in Korea,needs_review
A5081600971,Hye Sung Moon,1,1,P0005,Ewha Womans University Medical Center,KR,yes,1,Importance of Patients’ Knowledge of Their Prescribed Medication in Improving Treatment Adherence in Inflammatory Bowel Disease,needs_review
A5110401608,Jung-A Seo,1,1,P0005,Ewha Womans University Medical Center,KR,yes,1,Importance of Patients’ Knowledge of Their Prescribed Medication in Improving Treatment Adherence in Inflammatory Bowel Disease,needs_review
A5017248662,Jung-Ung An,1,1,P0005,Konkuk University; Korea Research Institute of Bioscience and Biotechnology,KR,yes,1,Molecular insights into lipoxygenases for biocatalytic synthesis of diverse lipid mediators,needs_review
A5054178854,Mi Ae Lee,1,1,P0005,Ewha Womans University Medical Center,KR,yes,1,Antibiotic-Associated Diarrhea: Candidate Organisms other than Clostridium Difficile,needs_review
A5058206409,Joung Sook Kim,1,1,P0005,Ewha Womans University,KR,yes,1,Involvement of adiponectin in early stage of colorectal carcinogenesis,needs_review
A5087025449,Ji-Hee Yeom,1,1,P0005,Jeonbuk National University,KR,yes,1,"Daldinan A, a novel isoindolinone antioxidant from the ascomycete Daldinia concentrica",needs_review
A5081736655,Myeong‐Seok Lee,1,1,P0005,Jeonbuk National University,KR,yes,1,"Daldinan A, a novel isoindolinone antioxidant from the ascomycete Daldinia concentrica",needs_review
A5101967042,Young-Sook Kim,1,1,P0005,Jeonbuk National University,KR,yes,1,"Daldinan A, a novel isoindolinone antioxidant from the ascomycete Daldinia concentrica",needs_review
A5081331453,Soon‐Ja Seok,1,1,P0005,Rural Development Administration,KR,yes,1,"Daldinan A, a novel isoindolinone antioxidant from the ascomycete Daldinia concentrica",needs_review
A5109107895,Suk-Kyun Yang,1,1,P0005,Ulsan College; University of Ulsan,KR,yes,1,Korean Guidelines for Postpolypectomy Colonoscopy Surveillance,needs_review
A5103125494,Inae Lee,1,1,P0005,Korea Institute of Science and Technology,KR,yes,1,A self-calibrating electrochemical aptasensing platform: Correcting external interference errors for the reliable and stable detection of avian influenza viruses,needs_review
A5100685129,Jiho Lee,1,1,P0005,Konkuk University; Korea Institute of Science and Technology,KR,yes,1,A self-calibrating electrochemical aptasensing platform: Correcting external interference errors for the reliable and stable detection of avian influenza viruses,needs_review
A5110145828,Deok Ha Woo,1,1,P0005,Korea Institute of Science and Technology,KR,yes,1,A self-calibrating electrochemical aptasensing platform: Correcting external interference errors for the reliable and stable detection of avian influenza viruses,needs_review
A5102932593,Seok Lee,1,1,P0005,Korea Institute of Science and Technology,KR,yes,1,A self-calibrating electrochemical aptasensing platform: Correcting external interference errors for the reliable and stable detection of avian influenza viruses,needs_review
A5061720262,Heesoo Pyo,1,1,P0005,Konkuk University; Korea Institute of Science and Technology,KR,yes,1,A self-calibrating electrochemical aptasensing platform: Correcting external interference errors for the reliable and stable detection of avian influenza viruses,needs_review
A5057441397,Chang‐Seon Song,1,1,P0005,Konkuk University; Korea Institute of Science and Technology,KR,yes,1,A self-calibrating electrochemical aptasensing platform: Correcting external interference errors for the reliable and stable detection of avian influenza viruses,needs_review
A5067433666,Joonseok Lee,1,1,P0005,Konkuk University; Korea Institute of Science and Technology,KR,yes,1,A self-calibrating electrochemical aptasensing platform: Correcting external interference errors for the reliable and stable detection of avian influenza viruses,needs_review
A5112453536,Joo-Ho Lee,1,1,P0005,Ewha Womans University,KR,yes,1,Comparison of the Diagnostic Ability of Endoscopic Ultrasonography and Abdominopelvic Computed Tomography in the Diagnosis of Gastric Subepithelial Tumors,needs_review
A5003517879,Young‐Koo Jee,1,1,P0005,Dankook University,KR,yes,1,Spontaneously Reported Hepatic Adverse Drug Events in Korea: Multicenter Study,needs_review
A5101928540,Dong Youn Kim,1,1,P0005,Seoul National University,KR,yes,1,Microbial Etiology of Pyogenic Vertebral Osteomyelitis According to Patient Characteristics,needs_review
A5017415618,Yohan Yu,1,1,P0005,Chonnam National University Hospital,KR,yes,1,Microbial Etiology of Pyogenic Vertebral Osteomyelitis According to Patient Characteristics,needs_review
A5035835302,Seung‐Ji Kang,1,1,P0005,Chonnam National University Hospital,KR,yes,1,Microbial Etiology of Pyogenic Vertebral Osteomyelitis According to Patient Characteristics,needs_review
A5091602964,Kang-Il Jun,1,1,P0005,Seoul National University,KR,yes,1,Microbial Etiology of Pyogenic Vertebral Osteomyelitis According to Patient Characteristics,needs_review
A5063884420,Chang Kyung Kang,1,1,P0005,Seoul National University,KR,yes,1,Microbial Etiology of Pyogenic Vertebral Osteomyelitis According to Patient Characteristics,needs_review
A5084300952,Kyoung‐Ho Song,1,1,P0005,Seoul National University,KR,yes,1,Microbial Etiology of Pyogenic Vertebral Osteomyelitis According to Patient Characteristics,needs_review
A5028987743,Pyoeng Gyun Choe,1,1,P0005,Seoul National University,KR,yes,1,Microbial Etiology of Pyogenic Vertebral Osteomyelitis According to Patient Characteristics,needs_review
A5026549320,Hong Bin Kim,1,1,P0005,Seoul National University,KR,yes,1,Microbial Etiology of Pyogenic Vertebral Osteomyelitis According to Patient Characteristics,needs_review
A5053292388,Hee‐Chang Jang,1,1,P0005,Chonnam National University Hospital,KR,yes,1,Microbial Etiology of Pyogenic Vertebral Osteomyelitis According to Patient Characteristics,needs_review
A5081894061,Myoung‐don Oh,1,1,P0005,Seoul National University,KR,yes,1,Microbial Etiology of Pyogenic Vertebral Osteomyelitis According to Patient Characteristics,needs_review
A5050761256,Kyung‐Hwa Park,1,1,P0005,Chonnam National University Hospital,KR,yes,1,Microbial Etiology of Pyogenic Vertebral Osteomyelitis According to Patient Characteristics,needs_review
A5042580585,Nam Joong Kim,1,1,P0005,Seoul National University,KR,yes,1,Microbial Etiology of Pyogenic Vertebral Osteomyelitis According to Patient Characteristics,needs_review
A5078865613,Youngsil Choi,1,1,P0005,Ewha Womans University,KR,yes,1,Shed syndecan-2 enhances tumorigenic activities of colon cancer cells,needs_review
A5076943605,Eunsung Jun,1,1,P0005,Korea Institute of Science and Technology,KR,yes,1,Shed syndecan-2 enhances tumorigenic activities of colon cancer cells,needs_review
A5103619252,So Yeon Shim,1,1,P0005,Ewha Womans University,KR,yes,1,Influence of anti-tumor necrosis factor-alpha therapy to pregnant inflammatory bowel disease women and their children’s immunity,needs_review
A5091173137,Su Jin Cho,1,1,P0005,Ewha Womans University,KR,yes,1,Influence of anti-tumor necrosis factor-alpha therapy to pregnant inflammatory bowel disease women and their children’s immunity,needs_review
A5051127536,Kwang Bum Cho,1,1,P0005,Keimyung University,KR,yes,1,Influence of anti-tumor necrosis factor-alpha therapy to pregnant inflammatory bowel disease women and their children’s immunity,needs_review
A5089580617,Min Ho Kim,1,1,P0005,Ewha Womans University; Ewha Womans University Mokdong Hospital,KR,yes,1,Impacts of age and sedation on cardiocerebrovascular adverse events after diagnostic GI endoscopy: a nationwide population-based study,needs_review
A5020431565,Jae‐Sung Lim,1,1,P0005,Hallym University Sacred Heart Hospital,KR,yes,1,Effects of Temperature and Pressure on Acute Stroke Incidence Assessed Using a Korean Nationwide Insurance Database,needs_review
A5086195230,Hyung‐Min Kwon,1,1,P0005,SNUH SMG-SNU Boramae Medical Center; Seoul Metropolitan Government; Seoul National University,KR,yes,1,Effects of Temperature and Pressure on Acute Stroke Incidence Assessed Using a Korean Nationwide Insurance Database,needs_review
A5100701667,Young-Seok Lee,1,1,P0005,SNUH SMG-SNU Boramae Medical Center; Seoul Metropolitan Government; Seoul National University,KR,yes,1,Effects of Temperature and Pressure on Acute Stroke Incidence Assessed Using a Korean Nationwide Insurance Database,needs_review
A5009096636,Byung‐Woo Yoon,1,1,P0005,Seoul National University Hospital,KR,yes,1,Effects of Temperature and Pressure on Acute Stroke Incidence Assessed Using a Korean Nationwide Insurance Database,needs_review
A5047101174,Eun‐Hye Hong,1,1,P0005,Kangwon National University,KR,yes,1,Morin Hydrate Inhibits Influenza Virus entry into Host Cells and Has Anti-inflammatory Effect in Influenza-infected Mice,needs_review
A5055075196,Jae-Hyoung Song,1,1,P0005,Kangwon National University,KR,yes,1,Morin Hydrate Inhibits Influenza Virus entry into Host Cells and Has Anti-inflammatory Effect in Influenza-infected Mice,needs_review
A5022527384,Seong-Ryeol Kim,1,1,P0005,Kangwon National University,KR,yes,1,Morin Hydrate Inhibits Influenza Virus entry into Host Cells and Has Anti-inflammatory Effect in Influenza-infected Mice,needs_review
A5024720667,Jaewon Cho,1,1,P0005,Kangwon National University,KR,yes,1,Morin Hydrate Inhibits Influenza Virus entry into Host Cells and Has Anti-inflammatory Effect in Influenza-infected Mice,needs_review
A5022117420,Birang Jeong,1,1,P0005,Kangwon National University,KR,yes,1,Morin Hydrate Inhibits Influenza Virus entry into Host Cells and Has Anti-inflammatory Effect in Influenza-infected Mice,needs_review
A5057571621,Heejung Yang,1,1,P0005,Kangwon National University,KR,yes,1,Morin Hydrate Inhibits Influenza Virus entry into Host Cells and Has Anti-inflammatory Effect in Influenza-infected Mice,needs_review
A5071181652,Jae-Hyeon Jeong,1,1,P0005,Kangwon National University,KR,yes,1,Morin Hydrate Inhibits Influenza Virus entry into Host Cells and Has Anti-inflammatory Effect in Influenza-infected Mice,needs_review
A5058128763,Sun‐Young Chang,1,1,P0005,Ajou University,KR,yes,1,Morin Hydrate Inhibits Influenza Virus entry into Host Cells and Has Anti-inflammatory Effect in Influenza-infected Mice,needs_review
A5100353122,Eun Ju Kim,1,1,P0005,Ewha Womans University,KR,yes,1,Suppressive effect of α-mangostin for cancer stem cells in colorectal cancer via the Notch pathway,needs_review
A5100786204,Minsuk Kim,1,1,P0005,Ewha Womans University,KR,yes,1,Suppressive effect of α-mangostin for cancer stem cells in colorectal cancer via the Notch pathway,needs_review
A5080005020,Min-Ju Yeo,1,1,P0005,Chonnam National University Hospital,KR,yes,1,Three-month modified Rankin Scale as a determinant of 5-year cumulative costs after ischemic stroke,needs_review
A5100442880,Jun Lee,1,1,P0005,Chonnam National University Hospital,KR,yes,1,Three-month modified Rankin Scale as a determinant of 5-year cumulative costs after ischemic stroke,needs_review
A5073404132,Atte Meretoja,1,1,P0005,Chonnam National University Hospital,KR,yes,1,Three-month modified Rankin Scale as a determinant of 5-year cumulative costs after ischemic stroke,needs_review
A5101940428,Joon‐Tae Kim,1,1,P0005,"Chonnam National University Hospital; Daejeon Eulji Medical Center, Eulji University; Seoul National University Bundang Hospital",KR,yes,1,Development of stroke identification algorithm for claims data using the multicenter stroke registry database,needs_review
A5002081972,Jae Eun Chae,1,1,P0005,Korea University,KR,yes,1,Development of stroke identification algorithm for claims data using the multicenter stroke registry database,needs_review
A5066999390,Min-Sun Cho,1,1,P0005,Ewha Womans University,KR,yes,1,Comparison of clinical outcomes after endoscopic submucosal dissection and surgery in the treatment of early gastric cancer,needs_review
A5101769841,Heejeong Choi,1,1,P0005,Sungkyunkwan University,KR,yes,1,"Contact with Parents and Parents‐in‐Law, Gender, and Marital Satisfaction in Korea",needs_review
A5012970984,Boram Nam,1,1,P0005,Sungkyunkwan University,KR,yes,1,"Contact with Parents and Parents‐in‐Law, Gender, and Marital Satisfaction in Korea",needs_review
A5031443220,Chulwoong Park,1,1,P0005,Sungkyunkwan University,KR,yes,1,"Contact with Parents and Parents‐in‐Law, Gender, and Marital Satisfaction in Korea",needs_review
A5147641787,Jae-Min Park,1,1,P0005,Ewha Womans University,KR,yes,1,Neuroprotective and anti-inflammatory effects of the RIPK3 inhibitor GSK872 in an MPTP-induced mouse model of Parkinson's disease,needs_review
A5009547197,Jung-Eun Park,1,1,P0005,Ewha Womans University,KR,yes,1,Astrocytic Nrf2 Mediates the Neuroprotective and Anti-Inflammatory Effects of Nootkatone in an MPTP-Induced Parkinson’s Disease Mouse Model,needs_review
A5100705031,Suyeon Park,1,1,P0005,Chonnam National University Hospital; Soonchunhyang University Hospital Seoul,KR,yes,1,Medical Professionals' Review of YouTube Videos Pertaining to Exercises for the Constipation Relief,needs_review
A5017279737,Ju-Ran Byeon,1,1,P0005,Ewha Womans University,KR,yes,1,Clinical outcomes of acute upper gastrointestinal bleeding according to the risk indicated by Glasgow-Blatchford risk score-computed tomography score in the emergency room,needs_review
A5005116862,Eui-Sun Jeong,1,1,P0005,Ewha Womans University,KR,yes,1,Clinical outcomes of acute upper gastrointestinal bleeding according to the risk indicated by Glasgow-Blatchford risk score-computed tomography score in the emergency room,needs_review
A5029558974,Hyun-Ji Cho,1,1,P0005,Ewha Womans University,KR,yes,1,Clinical outcomes of acute upper gastrointestinal bleeding according to the risk indicated by Glasgow-Blatchford risk score-computed tomography score in the emergency room,needs_review
A5062569278,Cho I Park,1,1,P0005,Yuhan University,KR,yes,1,Enzyme-derived deer velvet extract activate the immune response in cyclophosphamide-induced immunosuppressive mice,needs_review
A5036380876,Ji-Yul Kim,1,1,P0005,Jeonbuk National University; Marine Biodiversity Institute of Korea,KR,yes,1,"Daldinans D‒G, new isoindolinone antioxidants isolated from the ascomycete Daldinia concentrica",needs_review
A5040784833,Jung‐Eun Park,1,1,P0005,Ewha Womans University,KR,yes,1,Activation of α7nAch receptors ameliorates α-synuclein pathology in the brain and gut of a subacute MPTP mouse model of Parkinson's disease,needs_review
A5074819088,Jae-Min Park,1,1,P0005,Ewha Womans University,KR,yes,1,Activation of α7nAch receptors ameliorates α-synuclein pathology in the brain and gut of a subacute MPTP mouse model of Parkinson's disease,needs_review
A5100661586,Hyun Jeong Lee,1,1,P0005,Sungkyunkwan University,KR,yes,1,Bacterial biosynthesis of abietane-type diterpene ferruginol from glucose,needs_review
A5108615817,Chaeyeon Kim,1,1,P0005,Sungkyunkwan University,KR,yes,1,Bacterial biosynthesis of abietane-type diterpene ferruginol from glucose,needs_review
A5083961159,Yu Been Heo,1,1,P0005,Sungkyunkwan University,KR,yes,1,Bacterial biosynthesis of abietane-type diterpene ferruginol from glucose,needs_review
A5082315288,Han Min Woo,1,1,P0005,Sungkyunkwan University,KR,yes,1,Bacterial biosynthesis of abietane-type diterpene ferruginol from glucose,needs_review
A5109468484,S Kim,1,1,P0005,Gachon University,KR,yes,1,Effective removal of leptin via hemodiafiltration with on-line endogenous reinfusion therapy,needs_review
A5100353098,Jin Il Kim,1,1,P0005,Catholic University of Korea; SNUH SMG-SNU Boramae Medical Center; Yonsei University,KR,yes,1,"The Distribution of Endoscopic Gastritis in 25,536 Heath Check-up Subjects in Korea",needs_review
A5100628360,Soo Hyun Park,1,1,P0005,Catholic University of Korea; Chungbuk National University; Kosin University; The Catholic University of Korea Seoul St. Mary's Hospital,KR,yes,1,"The Distribution of Endoscopic Gastritis in 25,536 Heath Check-up Subjects in Korea",needs_review
A5100661009,Seo‐Young Lee,1,1,P0005,Kangwon National University Hospital,KR,yes,1,Small deep white matter lesions are associated with right-to-left shunts in migraineurs,needs_review
A5068979291,Chang‐Ho Yun,1,1,P0005,Inha University Hospital,KR,yes,1,Small deep white matter lesions are associated with right-to-left shunts in migraineurs,needs_review
A5066599821,Sung Hun Kim,1,1,P0005,Kangwon National University Hospital,KR,yes,1,Small deep white matter lesions are associated with right-to-left shunts in migraineurs,needs_review
A5040755061,Heesung Chung,1,1,P0005,Ewha Womans University,KR,yes,1,Inflammatory hypoxia induces syndecan‐2 expression through IL‐1b–mediated FOXO3a activation in colonic epithelia,needs_review
A5100434359,So Yeon Kim,1,1,P0005,Ewha Womans University; Korea Institute of Science and Technology,KR,yes,1,Inflammatory hypoxia induces syndecan‐2 expression through IL‐1b–mediated FOXO3a activation in colonic epithelia,needs_review
A5112064925,Eun Gyeong Yang,1,1,P0005,Korea Institute of Science and Technology,KR,yes,1,Inflammatory hypoxia induces syndecan‐2 expression through IL‐1b–mediated FOXO3a activation in colonic epithelia,needs_review
A5010814347,Evelyn Saba,1,1,P0005,Kyungpook National University,KR,yes,1,Acetyl Eburicoic Acid from Laetiporus sulphureus var. miniatus Suppresses Inflammation in Murine Macrophage RAW 264.7 Cells,needs_review
A5060730553,Youngmin Son,1,1,P0005,Kyungpook National University,KR,yes,1,Acetyl Eburicoic Acid from Laetiporus sulphureus var. miniatus Suppresses Inflammation in Murine Macrophage RAW 264.7 Cells,needs_review
A5109455795,Bo Ra Jeon,1,1,P0005,Kyungpook National University,KR,yes,1,Acetyl Eburicoic Acid from Laetiporus sulphureus var. miniatus Suppresses Inflammation in Murine Macrophage RAW 264.7 Cells,needs_review
A5005992782,Man Hee Rhee,1,1,P0005,Kyungpook National University,KR,yes,1,Acetyl Eburicoic Acid from Laetiporus sulphureus var. miniatus Suppresses Inflammation in Murine Macrophage RAW 264.7 Cells,needs_review
A5089442590,Lina I. Yoo,1,1,P0005,Korea University,KR,yes,1,Fluorescent viral nanoparticles with stable in vitro and in vivo activity,needs_review
A5001338162,Xiong Jin,1,1,P0005,Korea University,KR,yes,1,Fluorescent viral nanoparticles with stable in vitro and in vivo activity,needs_review
A5005999525,Hyunggee Kim,1,1,P0005,Korea University,KR,yes,1,Fluorescent viral nanoparticles with stable in vitro and in vivo activity,needs_review
A5074522776,Seong Kuk Yoon,1,1,P0005,Dong-A University,KR,yes,1,Vascular calcification score on plain radiographs of the feet as a predictor of peripheral arterial disease in patients with chronic kidney disease,needs_review
A5100717283,Tae Hun Kim,1,1,P0005,Ewha Womans University,KR,yes,1,Emergence of rifampin-resistant staphylococci after rifaximin administration in cirrhotic patients,needs_review
A5106922870,Yang-Hee Joo,1,1,P0005,Ewha Womans University Medical Center,KR,yes,1,Emergence of rifampin-resistant staphylococci after rifaximin administration in cirrhotic patients,needs_review
A5001418615,Duck Hee Kim,1,1,P0005,Woosuk University,KR,yes,1,Cultural Competence and Factors Influencing Cultural Competence in Nursing Students,needs_review
A5069248809,Wan Jung Kim,1,1,P0005,Gumi University; Soonchunhyang University Hospital Seoul,KR,yes,1,"Constipation Misperception Is Associated With Gender, Marital Status, Treatment Utilization and Constipation Symptoms Experienced",needs_review
A5112074826,Kyung-Sik Park,1,1,P0005,Keimyung University,KR,yes,1,Practical Treatments for Constipation in Korea,needs_review
A5100803722,Jeong-eun Shin,1,1,P0005,Dankook University,KR,yes,1,Practical Treatments for Constipation in Korea,needs_review
A5103499754,Kee-Wook Jung,1,1,P0005,Ulsan College; University of Ulsan,KR,yes,1,Practical Treatments for Constipation in Korea,needs_review
A5100747261,Tae-Hee Lee,1,1,P0005,Soonchunhyang University,KR,yes,1,Practical Treatments for Constipation in Korea,needs_review
A5109179786,Hoon-Sup Koo,1,1,P0005,Konyang University,KR,yes,1,Practical Treatments for Constipation in Korea,needs_review
A5102128568,Hyuk-Seong Seo,1,1,P0005,Korea University,KR,yes,1,Functional fusion mutant of Candida antarctica lipase B (CalB) expressed in Escherichia coli,needs_review
A5113530677,Kyung‐Yeon Han,1,1,P0005,Korea University,KR,yes,1,Functional fusion mutant of Candida antarctica lipase B (CalB) expressed in Escherichia coli,needs_review
A5100734520,Yong‐Hwan Kim,1,1,P0005,Kwangwoon University,KR,yes,1,Functional fusion mutant of Candida antarctica lipase B (CalB) expressed in Escherichia coli,needs_review
A5046731470,Sang Jun Sim,1,1,P0005,Sungkyunkwan University,KR,yes,1,Functional fusion mutant of Candida antarctica lipase B (CalB) expressed in Escherichia coli,needs_review
A5102112085,Chang Seok Song,1,1,P0005,Sungkyunkwan University,KR,yes,1,A Clear Liquid Diet Is Not Mandatory for Polyethylene Glycol-Based Bowel Preparation for Afternoon Colonoscopy in Healthy Outpatients,needs_review
A5071622227,Chang Yun Ha,1,1,P0005,Ewha Womans University Medical Center,KR,yes,1,Primary Esophageal Adenoid Cystic Carcinoma,needs_review
A5015015684,Min Sun Cho,1,1,P0005,Ewha Womans University Medical Center,KR,yes,1,Primary Esophageal Adenoid Cystic Carcinoma,needs_review
A5102178839,Jae Yong Seo,1,1,P0005,Hallym University Sacred Heart Hospital,KR,yes,1,Corrosive Esophagitis Caused by Ingestion of Picosulfate,needs_review
A5110091017,Ki Joo Kang,1,1,P0005,Hallym University Sacred Heart Hospital,KR,yes,1,Corrosive Esophagitis Caused by Ingestion of Picosulfate,needs_review
A5024102569,Ho Suk Kang,1,1,P0005,Hallym University Sacred Heart Hospital,KR,yes,1,Corrosive Esophagitis Caused by Ingestion of Picosulfate,needs_review
A5100339678,Ji Won Park,1,1,P0005,Hallym University Sacred Heart Hospital,KR,yes,1,Corrosive Esophagitis Caused by Ingestion of Picosulfate,needs_review
A5004001889,Sung‐Hoon Moon,1,1,P0005,Hallym University Sacred Heart Hospital,KR,yes,1,Corrosive Esophagitis Caused by Ingestion of Picosulfate,needs_review
A5107888494,Jong Hyeok Kim,1,1,P0005,Hallym University Sacred Heart Hospital,KR,yes,1,Corrosive Esophagitis Caused by Ingestion of Picosulfate,needs_review
A5075979846,Choong Kee Park,1,1,P0005,Hallym University Sacred Heart Hospital,KR,yes,1,Corrosive Esophagitis Caused by Ingestion of Picosulfate,needs_review
A5100645032,Su Young Kim,1,1,P0005,Ewha Womans University; Yonsei University,KR,yes,1,Cap-Assisted Chromoendoscopy Using a Mounted Cap Versus Standard Colonoscopy for Adenoma Detection,needs_review
A5032591267,Seung Woong Lee,1,1,P0005,Jeonbuk National University,KR,yes,1,New Bioactive Compounds from Korean Native Mushrooms,needs_review
A5026904039,Myoung-Kwon Choi,1,1,P0005,Konkuk University,KR,yes,1,"The DPA-derivative 11S, 17S-dihydroxy 7,9,13,15,19 (Z,E,Z,E,Z)-docosapentaenoic acid inhibits IL-6 production by inhibiting ROS production and ERK/NF-κB pathway in keratinocytes HaCaT stimulated with a fine dust PM10",needs_review
A5114889702,Jinju Kim,1,1,P0005,Konkuk University,KR,yes,1,"The DPA-derivative 11S, 17S-dihydroxy 7,9,13,15,19 (Z,E,Z,E,Z)-docosapentaenoic acid inhibits IL-6 production by inhibiting ROS production and ERK/NF-κB pathway in keratinocytes HaCaT stimulated with a fine dust PM10",needs_review
A5083088919,Hyo‐Min Park,1,1,P0005,Konkuk University,KR,yes,1,"The DPA-derivative 11S, 17S-dihydroxy 7,9,13,15,19 (Z,E,Z,E,Z)-docosapentaenoic acid inhibits IL-6 production by inhibiting ROS production and ERK/NF-κB pathway in keratinocytes HaCaT stimulated with a fine dust PM10",needs_review
A5090763148,Chae-Min Lim,1,1,P0005,Konkuk University,KR,yes,1,"The DPA-derivative 11S, 17S-dihydroxy 7,9,13,15,19 (Z,E,Z,E,Z)-docosapentaenoic acid inhibits IL-6 production by inhibiting ROS production and ERK/NF-κB pathway in keratinocytes HaCaT stimulated with a fine dust PM10",needs_review
A5042476300,Thu‐Huyen Pham,1,1,P0005,Konkuk University,KR,yes,1,"The DPA-derivative 11S, 17S-dihydroxy 7,9,13,15,19 (Z,E,Z,E,Z)-docosapentaenoic acid inhibits IL-6 production by inhibiting ROS production and ERK/NF-κB pathway in keratinocytes HaCaT stimulated with a fine dust PM10",needs_review
A5016816470,Ha Youn Shin,1,1,P0005,Konkuk University,KR,yes,1,"The DPA-derivative 11S, 17S-dihydroxy 7,9,13,15,19 (Z,E,Z,E,Z)-docosapentaenoic acid inhibits IL-6 production by inhibiting ROS production and ERK/NF-κB pathway in keratinocytes HaCaT stimulated with a fine dust PM10",needs_review
A5039448459,Do‐Young Yoon,1,1,P0005,Konkuk University,KR,yes,1,"The DPA-derivative 11S, 17S-dihydroxy 7,9,13,15,19 (Z,E,Z,E,Z)-docosapentaenoic acid inhibits IL-6 production by inhibiting ROS production and ERK/NF-κB pathway in keratinocytes HaCaT stimulated with a fine dust PM10",needs_review
A5100335098,Young Ho Kim,1,1,P0005,Sungkyunkwan University,KR,yes,1,Korean Guidelines for Post-polypectomy Colonoscopic Surveillance,needs_review
A5102011933,Chaewon Park,1,1,P0005,Yonsei University,KR,yes,1,Kinetic stability modulation of polymeric nanoparticles for enhanced detection of influenza virus via penetration of viral fusion peptides,needs_review
A5079871073,Jongwoo Lim,1,1,P0005,Yonsei University,KR,yes,1,Kinetic stability modulation of polymeric nanoparticles for enhanced detection of influenza virus via penetration of viral fusion peptides,needs_review
A5043590254,Geunseon Park,1,1,P0005,Yonsei University,KR,yes,1,Kinetic stability modulation of polymeric nanoparticles for enhanced detection of influenza virus via penetration of viral fusion peptides,needs_review
A5063725135,Hyun‐Ouk Kim,1,1,P0005,Kangwon National University,KR,yes,1,Kinetic stability modulation of polymeric nanoparticles for enhanced detection of influenza virus via penetration of viral fusion peptides,needs_review
A5100766628,Sojeong Lee,1,1,P0005,Yonsei University,KR,yes,1,Kinetic stability modulation of polymeric nanoparticles for enhanced detection of influenza virus via penetration of viral fusion peptides,needs_review
A5079490565,Yuri H. Kwon,1,1,P0005,Yonsei University,KR,yes,1,Kinetic stability modulation of polymeric nanoparticles for enhanced detection of influenza virus via penetration of viral fusion peptides,needs_review
A5091048888,Minjoo Yeom,1,1,P0005,Korea University,KR,yes,1,Kinetic stability modulation of polymeric nanoparticles for enhanced detection of influenza virus via penetration of viral fusion peptides,needs_review
A5035364950,Woonsung Na,1,1,P0005,Chonnam National University,KR,yes,1,Kinetic stability modulation of polymeric nanoparticles for enhanced detection of influenza virus via penetration of viral fusion peptides,needs_review
A5076930010,Daesub Song,1,1,P0005,Korea University,KR,yes,1,Kinetic stability modulation of polymeric nanoparticles for enhanced detection of influenza virus via penetration of viral fusion peptides,needs_review
A5100462669,Eunjung Kim,1,1,P0005,Incheon National University,KR,yes,1,Kinetic stability modulation of polymeric nanoparticles for enhanced detection of influenza virus via penetration of viral fusion peptides,needs_review
A5004372667,Seungjoo Haam,1,1,P0005,Yonsei University,KR,yes,1,Kinetic stability modulation of polymeric nanoparticles for enhanced detection of influenza virus via penetration of viral fusion peptides,needs_review
A5089457748,K Jang,1,1,P0005,Dong-A University; Dong-A University Hospital,KR,yes,1,Effects of mechanical inspiration and expiration exercise on velopharyngeal incompetence in subacute stroke patients,needs_review
A5110909449,Sung Lee,1,1,P0005,Catholic University of Korea; Dong-A University; Dong-A University Hospital; The Catholic University of Korea Daejeon St. Mary's Hospital,KR,yes,1,Effects of mechanical inspiration and expiration exercise on velopharyngeal incompetence in subacute stroke patients,needs_review
A5077384451,Kyung‐A Lee,1,1,P0005,Dong-A University; Dong-A University Hospital,KR,yes,1,Effects of mechanical inspiration and expiration exercise on velopharyngeal incompetence in subacute stroke patients,needs_review
A5100398195,Jun Young Lee,1,1,P0005,Dong-A University; Foundation for Physical Medicine and Rehabilitation; St. Mary's Hospital; The Catholic University of Korea Daejeon St. Mary's Hospital,KR; US,yes,1,Effects of mechanical inspiration and expiration exercise on velopharyngeal incompetence in subacute stroke patients,needs_review
A5056160785,Jeong Mi Park,1,1,P0005,Dong-A University; Dong-A University Hospital,KR,yes,1,Effects of mechanical inspiration and expiration exercise on velopharyngeal incompetence in subacute stroke patients,needs_review
A5101611875,Sang‐Jin Park,1,1,P0005,Korea Institute of Toxicology,KR,yes,1,Preclinical evaluation of general toxicity and safety pharmacology of a receptor-binding domain-based COVID-19 subunit vaccine in various animal models,needs_review
A5084999168,Kwang-Hyun Lim,1,1,P0005,Korea Institute of Toxicology,KR,yes,1,Preclinical evaluation of general toxicity and safety pharmacology of a receptor-binding domain-based COVID-19 subunit vaccine in various animal models,needs_review
A5108132361,Joung‐Wook Seo,1,1,P0005,Korea Institute of Toxicology,KR,yes,1,Preclinical evaluation of general toxicity and safety pharmacology of a receptor-binding domain-based COVID-19 subunit vaccine in various animal models,needs_review
A5071564702,Wan‐Jung Im,1,1,P0005,Korea Institute of Toxicology,KR,yes,1,Preclinical evaluation of general toxicity and safety pharmacology of a receptor-binding domain-based COVID-19 subunit vaccine in various animal models,needs_review
A5017707593,Kang-Hyun Han,1,1,P0005,Korea Institute of Toxicology,KR,yes,1,Preclinical evaluation of general toxicity and safety pharmacology of a receptor-binding domain-based COVID-19 subunit vaccine in various animal models,needs_review
A5047961867,Yong‐Bum Kim,1,1,P0005,Korea Institute of Toxicology,KR,yes,1,Preclinical evaluation of general toxicity and safety pharmacology of a receptor-binding domain-based COVID-19 subunit vaccine in various animal models,needs_review
A5039772953,Han‐Yeong Jeong,1,1,P0005,Korea University Medical Center,KR,yes,1,Quality of Acute Stroke Care within Emergency Medical Service System in Korea: Proposal for Severe Emergency Medical Center,needs_review
A5005181529,Jang‐Hyun Baek,1,1,P0005,Kangwon National University Hospital,KR,yes,1,Quality of Acute Stroke Care within Emergency Medical Service System in Korea: Proposal for Severe Emergency Medical Center,needs_review
A5016534058,Seongheon Kim,1,1,P0005,Chungnam National University; Chungnam National University Hospital; Chungnam National University Sejong Hospital; Sejong General Hospital; Sejong University; Seoul National University Hospital,KR,yes,1,Quality of Acute Stroke Care within Emergency Medical Service System in Korea: Proposal for Severe Emergency Medical Center,needs_review
A5101736499,Jong Yun Lee,1,1,P0005,Health Insurance Review and Assessment Service; Seoul National University Bundang Hospital; Seoul National University Hospital; Ulsan University Hospital,KR,yes,1,Quality of Acute Stroke Care within Emergency Medical Service System in Korea: Proposal for Severe Emergency Medical Center,needs_review
A5109344647,Im Seok Koh,1,1,P0005,Asan Medical Center; Seoul National University Bundang Hospital; Soonchunhyang University Hospital Seoul,KR,yes,1,Quality of Acute Stroke Care within Emergency Medical Service System in Korea: Proposal for Severe Emergency Medical Center,needs_review
A5025801671,Joung‐Ho Rha,1,1,P0005,Seoul Medical Center; Soonchunhyang University Hospital Seoul,KR,yes,1,Quality of Acute Stroke Care within Emergency Medical Service System in Korea: Proposal for Severe Emergency Medical Center,needs_review
A5070056298,Boung Chul Lee,1,1,P0005,Health Insurance Review and Assessment Service,KR,yes,1,Quality of Acute Stroke Care within Emergency Medical Service System in Korea: Proposal for Severe Emergency Medical Center,needs_review
A5022373029,Gui Ok Kim,1,1,P0005,Asan Medical Center; Seoul National University Bundang Hospital; Soonchunhyang University Hospital Seoul,KR,yes,1,Quality of Acute Stroke Care within Emergency Medical Service System in Korea: Proposal for Severe Emergency Medical Center,needs_review
A5047990557,Ui-In Kim,1,1,P0005,Chonnam National University Hospital,KR,yes,1,Hospital water environment and antibiotic use: key factors in a nosocomial outbreak of carbapenemase-producing Serratia marcescens,needs_review
A5086191288,S-M Choi,1,1,P0005,Chonnam National University Hospital,KR,yes,1,Hospital water environment and antibiotic use: key factors in a nosocomial outbreak of carbapenemase-producing Serratia marcescens,needs_review
A5100745130,Min Jae Kim,1,1,P0005,Chonnam National University Hospital,KR,yes,1,Hospital water environment and antibiotic use: key factors in a nosocomial outbreak of carbapenemase-producing Serratia marcescens,needs_review
A5109868409,Seung-Uon Shin,1,1,P0005,Chonnam National University Hospital,KR,yes,1,Hospital water environment and antibiotic use: key factors in a nosocomial outbreak of carbapenemase-producing Serratia marcescens,needs_review
A5113204710,S-R Oh,1,1,P0005,Chonnam National University Hospital,KR,yes,1,Hospital water environment and antibiotic use: key factors in a nosocomial outbreak of carbapenemase-producing Serratia marcescens,needs_review
A5057522489,Hee Young Shin,1,1,P0005,Chonnam National University Hospital,KR,yes,1,Hospital water environment and antibiotic use: key factors in a nosocomial outbreak of carbapenemase-producing Serratia marcescens,needs_review
A5017451289,Y.J. Kim,1,1,P0005,Chonnam National University Hospital,KR,yes,1,Hospital water environment and antibiotic use: key factors in a nosocomial outbreak of carbapenemase-producing Serratia marcescens,needs_review
A5087857487,Unhee Lee,1,1,P0005,Chonnam National University Hospital,KR,yes,1,Hospital water environment and antibiotic use: key factors in a nosocomial outbreak of carbapenemase-producing Serratia marcescens,needs_review
A5052951149,OJ Choi,1,1,P0005,Chonnam National University Hospital,KR,yes,1,Hospital water environment and antibiotic use: key factors in a nosocomial outbreak of carbapenemase-producing Serratia marcescens,needs_review
A5028884965,H.K. Park,1,1,P0005,Chonnam National University Hospital,KR,yes,1,Hospital water environment and antibiotic use: key factors in a nosocomial outbreak of carbapenemase-producing Serratia marcescens,needs_review
A5051877787,Jinho Shin,1,1,P0005,Chonnam National University Hospital,KR,yes,1,Hospital water environment and antibiotic use: key factors in a nosocomial outbreak of carbapenemase-producing Serratia marcescens,needs_review
A5045337799,Sang Eun Kim,1,1,P0005,Chonnam National University Hospital,KR,yes,1,Hospital water environment and antibiotic use: key factors in a nosocomial outbreak of carbapenemase-producing Serratia marcescens,needs_review
A5111193756,S-J Kang,1,1,P0005,Chonnam National University Hospital,KR,yes,1,Hospital water environment and antibiotic use: key factors in a nosocomial outbreak of carbapenemase-producing Serratia marcescens,needs_review
A5101842651,Sung Il Jung,1,1,P0005,Chonnam National University Hospital,KR,yes,1,Hospital water environment and antibiotic use: key factors in a nosocomial outbreak of carbapenemase-producing Serratia marcescens,needs_review
A5113450680,KH Park,1,1,P0005,Chonnam National University Hospital,KR,yes,1,Hospital water environment and antibiotic use: key factors in a nosocomial outbreak of carbapenemase-producing Serratia marcescens,needs_review
A5100702735,Hee Jung Park,1,1,P0005,Yonsei University,KR,yes,1,Expression of CD44 according to Clinicopathologic Characteristics of Gastric Cancer,needs_review
A5113989159,Min Sun Cho,1,1,P0005,Ewha Womans University,KR,yes,1,Expression of CD44 according to Clinicopathologic Characteristics of Gastric Cancer,needs_review
A5144076487,Jihye Park,1,1,P0005,Severance Hospital; Yeungnam University College; Yeungnam University Medical Center; Yonsei University,KR,yes,1,Use of Device-Assisted Enteroscopy in Small Bowel Disease: An Expert Consensus Statement by the Korean Association for the Study of Intestinal Diseases,needs_review
A5144084774,Kwangwoo Nam,1,1,P0005,Dankook University Hospital; Hallym University; Hallym University Chuncheon Sacred Heart Hospital,KR,yes,1,Use of Device-Assisted Enteroscopy in Small Bowel Disease: An Expert Consensus Statement by the Korean Association for the Study of Intestinal Diseases,needs_review
A5144085937,Young Joo Yang,1,1,P0005,Hallym University; Hallym University Chuncheon Sacred Heart Hospital; Samsung Medical Center; Sungkyunkwan University,KR,yes,1,Use of Device-Assisted Enteroscopy in Small Bowel Disease: An Expert Consensus Statement by the Korean Association for the Study of Intestinal Diseases,needs_review
A5144019967,Tae Jun Kim,1,1,P0005,Kangwon National University Hospital; Samsung Medical Center; Sungkyunkwan University,KR,yes,1,Use of Device-Assisted Enteroscopy in Small Bowel Disease: An Expert Consensus Statement by the Korean Association for the Study of Intestinal Diseases,needs_review
A5002097857,Min-Sung Kim,1,1,P0005,Corestem (South Korea),KR,yes,1,"Combination of phytochemicals, including ginsenoside and curcumin, shows a synergistic effect on the recovery of radiation-induced toxicity",needs_review
A5063152926,Su-jeong Yang,1,1,P0005,Corestem (South Korea),KR,yes,1,"Combination of phytochemicals, including ginsenoside and curcumin, shows a synergistic effect on the recovery of radiation-induced toxicity",needs_review
A5108473885,Seo-Yeong Jung,1,1,P0005,Corestem (South Korea),KR,yes,1,"Combination of phytochemicals, including ginsenoside and curcumin, shows a synergistic effect on the recovery of radiation-induced toxicity",needs_review
A5101957057,Tae Yong Lee,1,1,P0005,Corestem (South Korea),KR,yes,1,"Combination of phytochemicals, including ginsenoside and curcumin, shows a synergistic effect on the recovery of radiation-induced toxicity",needs_review
A5009485037,Jin-Kyung Park,1,1,P0005,Corestem (South Korea),KR,yes,1,"Combination of phytochemicals, including ginsenoside and curcumin, shows a synergistic effect on the recovery of radiation-induced toxicity",needs_review
A5044834444,Yun-Gyeong Park,1,1,P0005,Corestem (South Korea),KR,yes,1,"Combination of phytochemicals, including ginsenoside and curcumin, shows a synergistic effect on the recovery of radiation-induced toxicity",needs_review
A5056678275,Ryung‐Ah Lee,1,1,P0005,Ewha Womans University,KR,yes,1,"Combination of phytochemicals, including ginsenoside and curcumin, shows a synergistic effect on the recovery of radiation-induced toxicity",needs_review
A5027166704,Jahae Kim,1,1,P0005,Chonnam National University Hospital,KR,yes,1,Candida tropicalis Liver Abscess in an Immunocompromised Patient With Pancreatic Head Cancer on 68Ga-FAPI PET/CT,needs_review
A5101891964,Eunae Cho,1,1,P0005,Chonnam National University Hospital,KR,yes,1,Candida tropicalis Liver Abscess in an Immunocompromised Patient With Pancreatic Head Cancer on 68Ga-FAPI PET/CT,needs_review
A5119071861,So Hyun Ahn,1,1,P0005,Dongwha Pharm (South Korea); Ewha Womans University; Ewha Womans University Medical Center,KR,yes,1,Enhancing the Predictions of Cytomegalovirus Infection in Severe Ulcerative Colitis Using a Deep Learning Ensemble Model: Development and Validation Study,needs_review
A5100614327,Jeong Eun Kim,1,1,P0005,Asan Medical Center; Ulsan College; University of Ulsan,KR,yes,1,Prognostic Relevance of ctDNA RAS Mutation in Patients With Metastatic Colorectal Cancer Treated With Cetuximab,needs_review
A5100335632,Sun Young Kim,1,1,P0005,Asan Medical Center; Ulsan College; University of Ulsan,KR,yes,1,Prognostic Relevance of ctDNA RAS Mutation in Patients With Metastatic Colorectal Cancer Treated With Cetuximab,needs_review
A5017195273,Yong Sang Hong,1,1,P0005,Asan Medical Center; Ulsan College; University of Ulsan,KR,yes,1,Prognostic Relevance of ctDNA RAS Mutation in Patients With Metastatic Colorectal Cancer Treated With Cetuximab,needs_review
A5113683309,Tae-Won Kim,1,1,P0005,Asan Medical Center; Ulsan College; University of Ulsan,KR,yes,1,Prognostic Relevance of ctDNA RAS Mutation in Patients With Metastatic Colorectal Cancer Treated With Cetuximab,needs_review
A5006234665,Han Jo Jeon,1,1,P0005,Korea University,KR,yes,1,Clinical Efficacy of Real-Time Artificial Intelligence-Assisted Colonoscopy in Colorectal Polyp Detection: A Prospective Multicenter Randomized Controlled Trial,needs_review
A5018339160,Bomee Lee,1,1,P0005,Korea University,KR,yes,1,Clinical Efficacy of Real-Time Artificial Intelligence-Assisted Colonoscopy in Colorectal Polyp Detection: A Prospective Multicenter Randomized Controlled Trial,needs_review
A5100615042,Sang Hyun Kim,1,1,P0005,Ewha Womans University; Korea University,KR,yes,1,Clinical Efficacy of Real-Time Artificial Intelligence-Assisted Colonoscopy in Colorectal Polyp Detection: A Prospective Multicenter Randomized Controlled Trial,needs_review
A5102965338,Hyuk Soon Choi,1,1,P0005,Korea University,KR,yes,1,Clinical Efficacy of Real-Time Artificial Intelligence-Assisted Colonoscopy in Colorectal Polyp Detection: A Prospective Multicenter Randomized Controlled Trial,needs_review
A5100381275,Jae Min Lee,1,1,P0005,Korea University,KR,yes,1,Clinical Efficacy of Real-Time Artificial Intelligence-Assisted Colonoscopy in Colorectal Polyp Detection: A Prospective Multicenter Randomized Controlled Trial,needs_review
A5100695510,Eun Sun Kim,1,1,P0005,Korea University,KR,yes,1,Clinical Efficacy of Real-Time Artificial Intelligence-Assisted Colonoscopy in Colorectal Polyp Detection: A Prospective Multicenter Randomized Controlled Trial,needs_review
A5101765801,Hyelim Kim,1,1,P0005,Korea Institute of Brain Science; Korea Institute of Science and Technology; Korea University of Science and Technology; Korean Association Of Science and Technology Studies; Yonsei University,KR,yes,1,Engineering an immune-integrated lung-on-a-chip to reveal TOX–RAGE axis–driven fibrosis and RAGE blockade as a therapeutic strategy,needs_review
A5085129594,C. H. Park,1,1,P0005,Sungkyunkwan University,KR,yes,1,Engineering an immune-integrated lung-on-a-chip to reveal TOX–RAGE axis–driven fibrosis and RAGE blockade as a therapeutic strategy,needs_review
A5032483140,June Hong Ahn,1,1,P0005,Seoul National University; Yeungnam University Medical Center,KR,yes,1,Engineering an immune-integrated lung-on-a-chip to reveal TOX–RAGE axis–driven fibrosis and RAGE blockade as a therapeutic strategy,needs_review
A5057807816,Je Kyung Seong,1,1,P0005,Seoul National University; Sungkyunkwan University,KR,yes,1,Engineering an immune-integrated lung-on-a-chip to reveal TOX–RAGE axis–driven fibrosis and RAGE blockade as a therapeutic strategy,needs_review
A5042655034,Wonhwa Lee,1,1,P0005,Institute for Basic Science; Sungkyunkwan University,KR,yes,1,Engineering an immune-integrated lung-on-a-chip to reveal TOX–RAGE axis–driven fibrosis and RAGE blockade as a therapeutic strategy,needs_review
A5031068192,Seung‐Woo Cho,1,1,P0005,Bio-Medical Science (South Korea); Institute for Basic Science; Korea University of Science and Technology; Yonsei University,KR,yes,1,Engineering an immune-integrated lung-on-a-chip to reveal TOX–RAGE axis–driven fibrosis and RAGE blockade as a therapeutic strategy,needs_review
A5101529542,Young Sun Kim,1,1,P0005,Seoul National University Hospital,KR,yes,1,"Clinical Spectrum of Reflux Esophagitis Among 25,536 Koreans Who Underwent a Health Check-up",needs_review
A5026663058,Joon Yong Park,1,1,P0005,Chungnam National University,KR,yes,1,"Clinical Spectrum of Reflux Esophagitis Among 25,536 Koreans Who Underwent a Health Check-up",needs_review
A5067397337,Hwoon‐Yong Jung,1,1,P0005,Inha University; Soonchunhyang University,KR,yes,1,"Clinical Spectrum of Reflux Esophagitis Among 25,536 Koreans Who Underwent a Health Check-up",needs_review
A5085725295,Yong Chan Lee,1,1,P0005,Seoul National University Hospital,KR,yes,1,"Clinical Spectrum of Reflux Esophagitis Among 25,536 Koreans Who Underwent a Health Check-up",needs_review
A5070605564,Jae Gyu Kim,1,1,P0005,Ewha Womans University; Kosin University Gospel Hospital; Soonchunhyang University,KR,yes,1,"Clinical Spectrum of Reflux Esophagitis Among 25,536 Koreans Who Underwent a Health Check-up",needs_review
A5102011574,Jae J. Kim,1,1,P0005,Ewha Womans University; Kosin University Gospel Hospital; Soonchunhyang University,KR,yes,1,"Clinical Spectrum of Reflux Esophagitis Among 25,536 Koreans Who Underwent a Health Check-up",needs_review
A5031825734,Ji Hyun Song,1,1,P0005,Ewha Womans University Medical Center,KR,yes,1,Emerging Need for Vaccination against Hepatitis A Virus in Patients with Chronic Liver Disease in Korea,needs_review
A5103007532,Seong‐Ho Jang,1,1,P0005,Yeungnam University,KR,yes,1,Injury of the corticoreticular pathway in subarachnoid haemorrhage after rupture of a cerebral artery aneurysm,needs_review
A5110793287,Hanju Kim,1,1,P0005,National Oceanography Centre; Pukyong National University; University of Southampton,GB; KR,yes,1,"Growth and reproduction of the Japanese mantis shrimp, Oratosquilla oratoria (De Haan 1844) in the coastal area of Tongyeong, Korea",needs_review
A5070684443,HoJin Bae,1,1,P0005,Pukyong National University,KR,yes,1,"Growth and reproduction of the Japanese mantis shrimp, Oratosquilla oratoria (De Haan 1844) in the coastal area of Tongyeong, Korea",needs_review
A5064210244,Hyeong–Gi Kim,1,1,P0005,National Oceanography Centre; Pukyong National University; University of Southampton,GB; KR,yes,1,"Growth and reproduction of the Japanese mantis shrimp, Oratosquilla oratoria (De Haan 1844) in the coastal area of Tongyeong, Korea",needs_review
A5023681724,Chul‐Woong Oh,1,1,P0005,Pukyong National University,KR,yes,1,"Growth and reproduction of the Japanese mantis shrimp, Oratosquilla oratoria (De Haan 1844) in the coastal area of Tongyeong, Korea",needs_review
A5009868763,Byung‐Hyun Lee,1,1,P0005,Kangwon National University; Scripps Korea Antibody Institute,KR,yes,1,A Novel Anti-PD-L1 Antibody Exhibits Antitumor Effects on Multiple Myeloma in Murine Models via Antibody-Dependent Cellular Cytotoxicity,needs_review
A5040832154,Bo-Eun Kwon,1,1,P0005,Kangwon National University,KR,yes,1,A Novel Anti-PD-L1 Antibody Exhibits Antitumor Effects on Multiple Myeloma in Murine Models via Antibody-Dependent Cellular Cytotoxicity,needs_review
A5060869591,Jong Rip Choi,1,1,P0005,Korea University,KR,yes,1,A Novel Anti-PD-L1 Antibody Exhibits Antitumor Effects on Multiple Myeloma in Murine Models via Antibody-Dependent Cellular Cytotoxicity,needs_review
A5100360859,Min Jung Kim,1,1,P0005,Korea University,KR,yes,1,A Novel Anti-PD-L1 Antibody Exhibits Antitumor Effects on Multiple Myeloma in Murine Models via Antibody-Dependent Cellular Cytotoxicity,needs_review
A5023527480,Yong Park,1,1,P0005,Kangwon National University; Scripps Korea Antibody Institute,KR,yes,1,A Novel Anti-PD-L1 Antibody Exhibits Antitumor Effects on Multiple Myeloma in Murine Models via Antibody-Dependent Cellular Cytotoxicity,needs_review
A5100383811,Dae Hee Kim,1,1,P0005,Korea University,KR,yes,1,A Novel Anti-PD-L1 Antibody Exhibits Antitumor Effects on Multiple Myeloma in Murine Models via Antibody-Dependent Cellular Cytotoxicity,needs_review
A5063986416,Hoonsub So,1,1,P0005,Asan Medical Center; Ulsan College; University of Ulsan,KR,yes,1,Gastric lesions in patients with Crohn's disease in Korea: a multicenter study,needs_review
A5100634286,Young Soo Park,1,1,P0005,Asan Medical Center; Eulji University; Ulsan College; University of Ulsan,KR,yes,1,Gastric lesions in patients with Crohn's disease in Korea: a multicenter study,needs_review
A5100444995,Jihun Kim,1,1,P0005,Asan Medical Center; Seoul National University; Ulsan College; University of Ulsan,KR,yes,1,Gastric lesions in patients with Crohn's disease in Korea: a multicenter study,needs_review
A5018503481,Kang‐Moon Lee,1,1,P0005,The Catholic University of Korea St. Vincent's Hospital,KR,yes,1,Gastric lesions in patients with Crohn's disease in Korea: a multicenter study,needs_review
A5102747359,Kyeong Ok Kim,1,1,P0005,Yeungnam University; Yeungnam University College,KR,yes,1,Gastric lesions in patients with Crohn's disease in Korea: a multicenter study,needs_review
A5100438963,Hyun‐Soo Kim,1,1,P0005,Chonnam National University,KR,yes,1,Gastric lesions in patients with Crohn's disease in Korea: a multicenter study,needs_review
A5112055174,Young Sook Park,1,1,P0005,Asan Medical Center; Eulji University; Ulsan College; University of Ulsan,KR,yes,1,Gastric lesions in patients with Crohn's disease in Korea: a multicenter study,needs_review
A5050046366,Hak Su Kim,1,1,P0005,Pohang SeMyeong Christianity Hospital,KR,yes,1,Management of Le Fort I fracture,needs_review
A5040525772,Hyun Tae Lee,1,1,P0005,Pohang SeMyeong Christianity Hospital,KR,yes,1,Management of Le Fort I fracture,needs_review
A5101605567,Yun Jung Lee,1,1,P0005,Woosuk University,KR,yes,1,Nursing Students’ Awareness and Behaviour of Academic Misconduct in South Korea,needs_review
A5103076150,Hye Seon Choi,1,1,P0005,Woosuk University,KR,yes,1,Nursing Students’ Awareness and Behaviour of Academic Misconduct in South Korea,needs_review
A5100750627,Jeongtae Kim,1,1,P0005,Jeju National University,KR,yes,1,Hepatoprotective effect of fermented black radish (Raphanus sativus L. var niger) in CCl4 induced liver injury in rats,needs_review
A5087371121,Meejung Ahn,1,1,P0005,Jeju National University,KR,yes,1,Hepatoprotective effect of fermented black radish (Raphanus sativus L. var niger) in CCl4 induced liver injury in rats,needs_review
A5101510981,Hyun Kyu Kim,1,1,P0005,Kolmar Korea (South Korea),KR,yes,1,Hepatoprotective effect of fermented black radish (Raphanus sativus L. var niger) in CCl4 induced liver injury in rats,needs_review
A5110291506,Gi Ok Kim,1,1,P0005,Jeju TechnoPark,KR,yes,1,Hepatoprotective effect of fermented black radish (Raphanus sativus L. var niger) in CCl4 induced liver injury in rats,needs_review
A5082200154,Eun Sook Hwang,1,1,P0005,Ewha Womans University,KR,yes,1,Up‐regulation of syndecan‐2 in proximal colon correlates with acute inflammation,needs_review
A5039710085,A. Reum Lee,1,1,P0005,Hanyang University Guri Hospital,KR,yes,1,Up‐regulation of syndecan‐2 in proximal colon correlates with acute inflammation,needs_review
A5031079129,Jin-Oh Kim,1,1,P0005,Soonchunhyang University,KR,yes,1,Enteroscopy in Crohn’s Disease: Are There Any Changes in Role or Outcomes Over Time? A KASID Multicenter Study,needs_review
A5075925881,Jeong‐Sik Byeon,1,1,P0005,Ulsan College; University of Ulsan,KR,yes,1,Enteroscopy in Crohn’s Disease: Are There Any Changes in Role or Outcomes Over Time? A KASID Multicenter Study,needs_review
A5039432261,Bong Min Ko,1,1,P0005,Soonchunhyang University,KR,yes,1,Enteroscopy in Crohn’s Disease: Are There Any Changes in Role or Outcomes Over Time? A KASID Multicenter Study,needs_review
A5103503982,Jang Hyuk Yoon,1,1,P0005,Kangbuk Samsung Hospital; Sungkyunkwan University,KR,yes,1,Comparison of Bowel Preparation Depending on Completion Time of Polyethylene Glycol Ingestion and Start Time of Colonoscopy,needs_review
A5101427536,Hye Yoon Park,1,1,P0005,National Institute of Biological Resources,KR,yes,1,NADPH Oxidase-Mediated Activation of Neutral Sphingomyelinase Is Responsible for Diesel Particulate Extract-Induced Keratinocyte Apoptosis,needs_review
A5043074656,Bogyeong Kim,1,1,P0005,Hallym University,KR,yes,1,NADPH Oxidase-Mediated Activation of Neutral Sphingomyelinase Is Responsible for Diesel Particulate Extract-Induced Keratinocyte Apoptosis,needs_review
A5033170179,Yerin Lee,1,1,P0005,Hallym University,KR,yes,1,NADPH Oxidase-Mediated Activation of Neutral Sphingomyelinase Is Responsible for Diesel Particulate Extract-Induced Keratinocyte Apoptosis,needs_review
A5003189602,Kyong‐Oh Shin,1,1,P0005,Hallym University,KR,yes,1,NADPH Oxidase-Mediated Activation of Neutral Sphingomyelinase Is Responsible for Diesel Particulate Extract-Induced Keratinocyte Apoptosis,needs_review
A5100614611,Kyungho Park,1,1,P0005,Hallym University,KR,yes,1,NADPH Oxidase-Mediated Activation of Neutral Sphingomyelinase Is Responsible for Diesel Particulate Extract-Induced Keratinocyte Apoptosis,needs_review
A5086191482,Ji Hong,1,1,P0005,Ewha Womans University,KR,yes,1,Three-dimensional culture method enhances the therapeutic efficacies of tonsil-derived mesenchymal stem cells in murine chronic colitis model,needs_review
A5102756627,Kyung‐Ah Cho,1,1,P0005,Ewha Womans University,KR,yes,1,Three-dimensional culture method enhances the therapeutic efficacies of tonsil-derived mesenchymal stem cells in murine chronic colitis model,needs_review
A5042789749,Tae Jun Kim,1,1,P0005,Samsung Medical Center; Sungkyunkwan University,KR,yes,1,Use of device-assisted enteroscopy in small bowel disease: an expert consensus statement by the Korean Association for the Study of Intestinal Diseases,needs_review
A5077897215,Hyang Yuol Lee,1,1,P0005,Seoul National University,KR,yes,1,Perceptions of nurses on human papillomavirus vaccinations in the Republic of Korea,needs_review
A5086103691,Hye Young Ahn,1,1,P0005,Eulji University,KR,yes,1,Perceptions of nurses on human papillomavirus vaccinations in the Republic of Korea,needs_review
A5100705005,Yeon Hee Kim,1,1,P0005,Asan Medical Center,KR,yes,1,Perceptions of nurses on human papillomavirus vaccinations in the Republic of Korea,needs_review
A5100673536,Young Jin Lee,1,1,P0005,Seoul National University,KR,yes,1,Perceptions of nurses on human papillomavirus vaccinations in the Republic of Korea,needs_review
A5101563698,Jueun Kim,1,1,P0005,Kangwon National University,KR,yes,1,Nanotopology‐Enabled On‐Site Pathogen Detection for Managing Atopic Dermatitis,needs_review
A5020150930,Nahyun Park,1,1,P0005,Korea Advanced Institute of Science and Technology,KR,yes,1,Nanotopology‐Enabled On‐Site Pathogen Detection for Managing Atopic Dermatitis,needs_review
A5101799885,Yoo Min Park,1,1,P0005,National NanoFab Center,KR,yes,1,Nanotopology‐Enabled On‐Site Pathogen Detection for Managing Atopic Dermatitis,needs_review
A5106557026,Young Tae Kim,1,1,P0005,Tech University of Korea,KR,yes,1,Nanotopology‐Enabled On‐Site Pathogen Detection for Managing Atopic Dermatitis,needs_review
A5027803176,Donggee Rho,1,1,P0005,National NanoFab Center,KR,yes,1,Nanotopology‐Enabled On‐Site Pathogen Detection for Managing Atopic Dermatitis,needs_review
A5043271168,Seok Jae Lee,1,1,P0005,National NanoFab Center,KR,yes,1,Nanotopology‐Enabled On‐Site Pathogen Detection for Managing Atopic Dermatitis,needs_review
A5001970861,Bong Gill Choi,1,1,P0005,Kangwon National University,KR,yes,1,Nanotopology‐Enabled On‐Site Pathogen Detection for Managing Atopic Dermatitis,needs_review
A5111799808,Jin-Chul Park,1,1,P0005,Chung-Ang University,KR,yes,1,"Indoor Air Pollutant (PM 10, CO2) Reduction Using a Vortex Exhaust Ventilation System in a Mock-Up Room",needs_review
A5100635860,Jae Jun Park,1,1,P0005,Gangnam Severance Hospital; Yonsei University,KR,yes,1,Risk factors of nonadherence to colonoscopy surveillance after polypectomy and its impact on clinical outcomes: a KASID multicenter study,needs_review
A5062769886,A. Young Kim,1,1,P0005,Seoul National University,KR,yes,1,Adiponectin Represses Colon Cancer Cell Proliferation via AdipoR1- and -R2-Mediated AMPK Activation,needs_review
A5101610914,Joowon Lee,1,1,P0005,Seoul National University,KR,yes,1,Adiponectin Represses Colon Cancer Cell Proliferation via AdipoR1- and -R2-Mediated AMPK Activation,needs_review
A5111990217,Yun-A Jung,1,1,P0005,National Academy of Agricultural Science; Rural Development Administration,KR,yes,1,"Mushrooms Collected from Deogyu Mountain, Muju, Korea and Their Antioxidant Activity",needs_review
A5111933329,Ji-Hee Yeom,1,1,P0005,Jeonbuk National University,KR,yes,1,"Mushrooms Collected from Deogyu Mountain, Muju, Korea and Their Antioxidant Activity",needs_review
A5070495288,Myeong-Seok Lee,1,1,P0005,Jeonbuk National University,KR,yes,1,"Mushrooms Collected from Deogyu Mountain, Muju, Korea and Their Antioxidant Activity",needs_review
A5111990218,Yong-Ju Jin,1,1,P0005,National Academy of Agricultural Science; Rural Development Administration,KR,yes,1,"Mushrooms Collected from Deogyu Mountain, Muju, Korea and Their Antioxidant Activity",needs_review
A5110231397,Soon-Ja Seok,1,1,P0005,National Academy of Agricultural Science; Rural Development Administration,KR,yes,1,"Mushrooms Collected from Deogyu Mountain, Muju, Korea and Their Antioxidant Activity",needs_review
A5103000539,Yeji Han,1,1,P0005,Ewha Womans University,KR,yes,1,Identification of distinctive clinical significance in hospitalized patients with endoscopic duodenal mucosal lesions,needs_review
A5100617798,Joo‐Young Kim,1,1,P0005,Ewha Womans University,KR,yes,1,Identification of distinctive clinical significance in hospitalized patients with endoscopic duodenal mucosal lesions,needs_review
A5000096784,Ji Yun Bae,1,1,P0005,Ewha Womans University,KR,yes,1,Identification of distinctive clinical significance in hospitalized patients with endoscopic duodenal mucosal lesions,needs_review
A5108640865,Sae-In Kim,1,1,P0005,Ewha Womans University,KR,yes,1,Identification of distinctive clinical significance in hospitalized patients with endoscopic duodenal mucosal lesions,needs_review
A5100410654,Ji-Hyun Lee,1,1,P0005,Ewha Womans University,KR,yes,1,Identification of distinctive clinical significance in hospitalized patients with endoscopic duodenal mucosal lesions,needs_review
A5009313361,Jooeun Lee,1,1,P0005,Konyang University,KR,yes,1,Decursinol from Angelica gigas Nakai enhances endometrial receptivity during implantation,needs_review
A5102639368,Young-Hyun Han,1,1,P0005,Konyang University,KR,yes,1,Decursinol from Angelica gigas Nakai enhances endometrial receptivity during implantation,needs_review
A5088318822,Se-In Lee,1,1,P0005,Konyang University,KR,yes,1,Decursinol from Angelica gigas Nakai enhances endometrial receptivity during implantation,needs_review
A5100759182,Do Kyung Kim,1,1,P0005,Konyang University,KR,yes,1,Decursinol from Angelica gigas Nakai enhances endometrial receptivity during implantation,needs_review
A5027375061,Seok‐Rae Park,1,1,P0005,Konyang University,KR,yes,1,Decursinol from Angelica gigas Nakai enhances endometrial receptivity during implantation,needs_review
A5067486263,Seong‐Lan Yu,1,1,P0005,Konyang University,KR,yes,1,Decursinol from Angelica gigas Nakai enhances endometrial receptivity during implantation,needs_review
A5034108077,Jaeku Kang,1,1,P0005,Konyang University,KR,yes,1,Decursinol from Angelica gigas Nakai enhances endometrial receptivity during implantation,needs_review
A5042366735,Su Hwan Lee,1,1,P0005,Brown University; Severance Hospital; Yonsei University,KR; US,yes,1,Clinical impact of pre-hypertension on the risk of cancer in male and female subjects,needs_review
A5102745957,Sean S. Lee,1,1,P0005,Brown University; Severance Hospital; Yonsei University,KR; US,yes,1,Clinical impact of pre-hypertension on the risk of cancer in male and female subjects,needs_review
A5035032984,Jung Hyun Chang,1,1,P0005,Ewha Womans University,KR,yes,1,Clinical impact of pre-hypertension on the risk of cancer in male and female subjects,needs_review
A5021564348,Kihwan Kwon,1,1,P0005,Ewha Womans University,KR,yes,1,Clinical impact of pre-hypertension on the risk of cancer in male and female subjects,needs_review
A5055427587,Wook Bum Pyun,1,1,P0005,Ewha Womans University,KR,yes,1,Clinical impact of pre-hypertension on the risk of cancer in male and female subjects,needs_review
A5050000016,Boyoung Joung,1,1,P0005,Yonsei University,KR,yes,1,Clinical impact of pre-hypertension on the risk of cancer in male and female subjects,needs_review
A5101635664,Junbeom Park,1,1,P0005,Ewha Womans University,KR,yes,1,Clinical impact of pre-hypertension on the risk of cancer in male and female subjects,needs_review
A5000498377,Hyoju Jun,1,1,P0005,Ewha Womans University,KR,yes,1,Fasting Blood Glucose Variability and Unfavorable Trajectory Patterns Are Associated with the Risk of Colorectal Cancer,needs_review
A5100351746,Jieun Lee,1,1,P0005,Ewha Womans University,KR,yes,1,Fasting Blood Glucose Variability and Unfavorable Trajectory Patterns Are Associated with the Risk of Colorectal Cancer,needs_review
A5110315349,Il Whan Moon,1,1,P0005,Ewha Womans University Medical Center,KR,yes,1,Clinicopathological Characteristics of Gastric Cancer and Survival Improvement by Surgical Treatment in the Elderly,needs_review
A5112637561,Dong Jun Kim,1,1,P0005,Inje University Ilsan Paik Hospital,KR,yes,1,"The Effect of Non-regular Employment on the Health Behaviors, Mental Health and Quality of Life: Data from the Korea National Health and Nutrition Examination Survey 2013",needs_review
A5100405507,Ji Yeon Lee,1,1,P0005,Inje University Ilsan Paik Hospital,KR,yes,1,"The Effect of Non-regular Employment on the Health Behaviors, Mental Health and Quality of Life: Data from the Korea National Health and Nutrition Examination Survey 2013",needs_review
A5033715836,Ran Keum,1,1,P0005,Yonsei University,KR,yes,1,The Perception of Recovery and Job Satisfaction in Community Mental Health Professionals,needs_review
A5018279002,Hyun Lye Kim,1,1,P0005,Yonsei University,KR,yes,1,The Perception of Recovery and Job Satisfaction in Community Mental Health Professionals,needs_review
A5144033715,Hyun-Soo Kim,1,1,P0005,Catholic University of Korea; Kyung Hee University; Seoul National University; Yonsei University,KR,yes,1,A Korean National Survey for Colorectal Cancer Screening and Polyp Diagnosis Methods Using Web-based Survey,needs_review
A5081021997,Bo in Lee,1,1,P0005,Catholic University of Korea; Seoul National University,KR,yes,1,A Korean National Survey for Colorectal Cancer Screening and Polyp Diagnosis Methods Using Web-based Survey,needs_review
A5144001314,Se Hyung Kim,1,1,P0005,Konkuk University; Kyung Hee University; Seoul National University; Yonsei University,KR,yes,1,A Korean National Survey for Colorectal Cancer Screening and Polyp Diagnosis Methods Using Web-based Survey,needs_review
A5144021871,Se Hyung Kim,1,1,P0005,Kyung Hee University; Seoul National University; Ulsan College; University of Ulsan; Yonsei University,KR,yes,1,A Korean National Survey for Colorectal Cancer Screening and Polyp Diagnosis Methods Using Web-based Survey,needs_review
A5144039769,Sung Noh Hong,1,1,P0005,Konkuk University; Soonchunhyang University; Yonsei University,KR,yes,1,A Korean National Survey for Colorectal Cancer Screening and Polyp Diagnosis Methods Using Web-based Survey,needs_review
A5144076268,Dong-Hoon Yang,1,1,P0005,Ajou University; Ulsan College; University of Ulsan,KR,yes,1,A Korean National Survey for Colorectal Cancer Screening and Polyp Diagnosis Methods Using Web-based Survey,needs_review
A5144074529,Sung Jae Shin,1,1,P0005,Ajou University; Samsung Medical Center; Sungkyunkwan University,KR,yes,1,A Korean National Survey for Colorectal Cancer Screening and Polyp Diagnosis Methods Using Web-based Survey,needs_review
A5144064195,Dong Il Park,1,1,P0005,Kangbuk Samsung Hospital; Sungkyunkwan University; Ulsan College; University of Ulsan,KR,yes,1,A Korean National Survey for Colorectal Cancer Screening and Polyp Diagnosis Methods Using Web-based Survey,needs_review
A5113705252,Myung Eun Song,1,1,P0005,Ewha Womans University,KR,yes,1,Clinical Characteristics and Treatment Outcome of Colonic Diverticulitis in Young Patients,needs_review
A5077127591,Won Young Cho,1,1,P0005,Ewha Womans University,KR,yes,1,Clinical Characteristics and Treatment Outcome of Colonic Diverticulitis in Young Patients,needs_review
A5037977803,Youn Ju Na,1,1,P0005,Ewha Womans University Medical Center,KR,yes,1,Comparison of Clinical Characteristics and Outcomes between Geriatric and Non-geriatric Patients in Peptic Ulcer Bleeding,needs_review
A5069723896,Jayeon Song,1,1,P0005,Korea Research Institute of Bioscience and Biotechnology,KR,yes,1,Charge-shifting polyplex as a viral RNA extraction carrier for streamlined detection of infectious viruses,needs_review
A5069639073,Hyowon Jang,1,1,P0005,Korea Research Institute of Bioscience and Biotechnology,KR,yes,1,Charge-shifting polyplex as a viral RNA extraction carrier for streamlined detection of infectious viruses,needs_review
A5083680333,Ho‐Gi Kim,1,1,P0005,Korea Advanced Institute of Science and Technology,KR,yes,1,Charge-shifting polyplex as a viral RNA extraction carrier for streamlined detection of infectious viruses,needs_review
A5027793100,Nahyun Park,1,1,P0005,Korea Advanced Institute of Science and Technology,KR,yes,1,Charge-shifting polyplex as a viral RNA extraction carrier for streamlined detection of infectious viruses,needs_review
A5018193313,Sun‐Joo Kim,1,1,P0005,Gyeongsang National University; Korea Advanced Institute of Science and Technology,KR,yes,1,Charge-shifting polyplex as a viral RNA extraction carrier for streamlined detection of infectious viruses,needs_review
A5059060036,Dongeun Yong,1,1,P0005,Yonsei University,KR,yes,1,Charge-shifting polyplex as a viral RNA extraction carrier for streamlined detection of infectious viruses,needs_review
A5013795414,Eun‐Kyung Lim,1,1,P0005,Korea Research Institute of Bioscience and Biotechnology; Korea University of Science and Technology; Sungkyunkwan University,KR,yes,1,Charge-shifting polyplex as a viral RNA extraction carrier for streamlined detection of infectious viruses,needs_review
A5086075861,Taejoon Kang,1,1,P0005,Korea Research Institute of Bioscience and Biotechnology; Sungkyunkwan University,KR,yes,1,Charge-shifting polyplex as a viral RNA extraction carrier for streamlined detection of infectious viruses,needs_review
A5029697209,Youn I Choi,1,1,P0005,Ewha Womans University,KR,yes,1,Characteristics of Constipation at Acute Phase of Cerebral Stroke,needs_review
A5111900691,So-I Kim,1,1,P0005,Ewha Womans University,KR,yes,1,Characteristics of Constipation at Acute Phase of Cerebral Stroke,needs_review
A5102552696,Se Hyeon Lim,1,1,P0005,Chung-Ang University,KR,yes,1,Deriving priorities for combining measures to apply green remodeling to public libraries according to building age,needs_review
A5108522581,S. Sim,1,1,P0005,Chung-Ang University,KR,yes,1,Deriving priorities for combining measures to apply green remodeling to public libraries according to building age,needs_review
A5112652376,Jiyoung Yoon,1,1,P0005,Hallym University; Kangdong Sacred Heart Hospital,KR,yes,1,Practices and perceptions of 5-aminosalicylic acid use in Crohn’s disease: a nationwide survey of physicians in Korea by KASID Guidelines Taskforce Team,needs_review
A5124062979,Seung Yong Shin,1,1,P0005,Chung-Ang University,KR,yes,1,Optimal use and cycling strategies of Janus kinase inhibitors in ulcerative colitis: current evidence and clinical implications from the KASID Guidelines Task Force Team,needs_review
A5124082172,Eun Mi Song,1,1,P0005,Ewha Womans University,KR,yes,1,Optimal use and cycling strategies of Janus kinase inhibitors in ulcerative colitis: current evidence and clinical implications from the KASID Guidelines Task Force Team,needs_review
A5124146507,Ji Seon Kim,1,1,P0005,Samsung Medical Center; Sungkyunkwan University,KR,yes,1,Optimal use and cycling strategies of Janus kinase inhibitors in ulcerative colitis: current evidence and clinical implications from the KASID Guidelines Task Force Team,needs_review
A5124114097,Jiyoung Yoon,1,1,P0005,Hallym University; Kangdong Sacred Heart Hospital,KR,yes,1,Optimal use and cycling strategies of Janus kinase inhibitors in ulcerative colitis: current evidence and clinical implications from the KASID Guidelines Task Force Team,needs_review
A5124082884,Sang-Bum Kang,1,1,P0005,St Mary's Hospital; St. Mary's Hospital; The Catholic University of Korea Seoul St. Mary's Hospital,GB; KR; US,yes,1,Optimal use and cycling strategies of Janus kinase inhibitors in ulcerative colitis: current evidence and clinical implications from the KASID Guidelines Task Force Team,needs_review
A5110550739,Soo-Young Na,1,1,P0005,Catholic University of Korea; The Catholic University of Korea Incheon St. Mary's Hospital,KR,yes,1,Optimal use and cycling strategies of Janus kinase inhibitors in ulcerative colitis: current evidence and clinical implications from the KASID Guidelines Task Force Team,needs_review
A5124087155,Soo Jung Park,1,1,P0005,Asan Medical Center; Ulsan College; University of Ulsan; Yonsei University,KR,yes,1,Optimal use and cycling strategies of Janus kinase inhibitors in ulcerative colitis: current evidence and clinical implications from the KASID Guidelines Task Force Team,needs_review
A5124137837,Sang Hyoung Park,1,1,P0005,Asan Medical Center; Ulsan College; University of Ulsan; Yonsei University,KR,yes,1,Optimal use and cycling strategies of Janus kinase inhibitors in ulcerative colitis: current evidence and clinical implications from the KASID Guidelines Task Force Team,needs_review
A5124089330,Miyoung Choi,1,1,P0005,National Evidenc- based healthcare Collaborating Agency,KR,yes,1,Optimal use and cycling strategies of Janus kinase inhibitors in ulcerative colitis: current evidence and clinical implications from the KASID Guidelines Task Force Team,needs_review
A5035103646,Won Kook Moon,1,1,P0005,Kosin University,KR,yes,1,Optimal use and cycling strategies of Janus kinase inhibitors in ulcerative colitis: current evidence and clinical implications from the KASID Guidelines Task Force Team,needs_review
A5124052619,Sung-Ae Jung,1,1,P0005,Ewha Womans University,KR,yes,1,Optimal use and cycling strategies of Janus kinase inhibitors in ulcerative colitis: current evidence and clinical implications from the KASID Guidelines Task Force Team,needs_review
A5111913591,Young Ho Kim,1,1,P0005,Sungkyunkwan University,KR,yes,1,Korean Guidelines for Colorectal Cancer Screening and Polyp Detection,needs_review
A5004855061,Ji Young Jang,1,1,P0005,Ewha Womans University Medical Center,KR,yes,1,The Therapeutic Efficacy of Tonsil-derived Mesenchymal Stem Cells in Dextran Sulfate Sodium-induced Acute Murine Colitis Model,needs_review
A5105286306,Yang-Hee Joo,1,1,P0005,Ewha Womans University Medical Center,KR,yes,1,The Therapeutic Efficacy of Tonsil-derived Mesenchymal Stem Cells in Dextran Sulfate Sodium-induced Acute Murine Colitis Model,needs_review
A5029891063,Hye‐Seon Choi,1,1,P0005,Woosuk University,KR,yes,1,Depression Recognition and Attitudes toward Seeking Professional Help in Nursing Students,needs_review
A5056503090,Bohee Jang,1,1,P0005,Ewha Womans University,KR,yes,1,Colocalization with MMP-7 in the Distal Colon is Crucial for Syndecan-2 Shedding in Dextran Sulfate Sodium-Induced Colitis Mice,needs_review
A5101667014,Eunhye Park,1,1,P0005,Ewha Womans University,KR,yes,1,Colocalization with MMP-7 in the Distal Colon is Crucial for Syndecan-2 Shedding in Dextran Sulfate Sodium-Induced Colitis Mice,needs_review
A5044597411,Sun Ha Jee,1,1,P0005,Korea Health Promotion Institute; Yonsei University,KR,yes,1,Potential involvement of adiponectin in obesity-associated erosive esophagitis,needs_review
A5100399031,Sun‐Young Park,1,1,P0005,Chonnam National University,KR,yes,1,New Generation Laxatives,needs_review
A5100654374,Jongwan Kim,1,1,P0005,Sun Moon University,KR,yes,1,Effect of Post-Activation Potentiation according to Sequence of Velocity Using Isokinetic Device on Short-Term Performance of Lower Extremity: Taekwondo Athletes and Healthy Adults,needs_review
A5114039307,Hyun Suk Yang,1,1,P0005,Sun Moon University,KR,yes,1,Effect of Post-Activation Potentiation according to Sequence of Velocity Using Isokinetic Device on Short-Term Performance of Lower Extremity: Taekwondo Athletes and Healthy Adults,needs_review
A5081055682,Seong-gil Kim,1,1,P0005,Sun Moon University,KR,yes,1,Effect of Post-Activation Potentiation according to Sequence of Velocity Using Isokinetic Device on Short-Term Performance of Lower Extremity: Taekwondo Athletes and Healthy Adults,needs_review
A5008043076,Yoon Ju Na,1,1,P0005,Ewha Womans University; Samsung Medical Center,KR,yes,1,"RUNX3Methylation, Loss of RUNX3 Expression and Clinicopathologic Findings according toHelicobacter pyloriCagA in Gastric Carcinoma",needs_review
A5101691681,Dayoung Oh,1,1,P0005,Seoul National University,KR,yes,1,Successfully treated multicentric Castleman’s disease with renal thrombotic microangiopathy using rituximab and corticosteroid,needs_review
A5083205255,Won Young Cho,1,1,P0005,Ewha Womans University Medical Center,KR,yes,1,A Case of Early Gastric Adenocarcinoma Resembling Subepithelial Tumor,needs_review
A5084678045,Do-Yun Hah,1,1,P0005,Gyeongsangnam-do Agricultural Research and Extension Services,KR,yes,1,Survey of mastitis management and incidence of mastitis in high somatic cell count of bulk milk at dairy farms in the Gyeongnam,needs_review
A5024951585,Eun‐Hee Jang,1,1,P0005,Gyeongsangnam-do Agricultural Research and Extension Services; Taiwan Livestock Research Institute,KR; TW,yes,1,Survey of mastitis management and incidence of mastitis in high somatic cell count of bulk milk at dairy farms in the Gyeongnam,needs_review
A5021722282,Hee-Nyung Kwon,1,1,P0005,Gyeongsangnam-do Agricultural Research and Extension Services; Taiwan Livestock Research Institute,KR; TW,yes,1,Survey of mastitis management and incidence of mastitis in high somatic cell count of bulk milk at dairy farms in the Gyeongnam,needs_review
A5083505225,Seong-Suk Jo,1,1,P0005,Gyeongsangnam-do Agricultural Research and Extension Services; Taiwan Livestock Research Institute,KR; TW,yes,1,Survey of mastitis management and incidence of mastitis in high somatic cell count of bulk milk at dairy farms in the Gyeongnam,needs_review
A5068845855,Young-Taek Kwon,1,1,P0005,Gyeongsangnam-do Agricultural Research and Extension Services; Taiwan Livestock Research Institute,KR; TW,yes,1,Survey of mastitis management and incidence of mastitis in high somatic cell count of bulk milk at dairy farms in the Gyeongnam,needs_review
A5019909923,Dong-Yeop Park,1,1,P0005,Gyeongsangnam-do Agricultural Research and Extension Services; Taiwan Livestock Research Institute,KR; TW,yes,1,Survey of mastitis management and incidence of mastitis in high somatic cell count of bulk milk at dairy farms in the Gyeongnam,needs_review
A5060813675,Jong-Shu Kim,1,1,P0005,Gyeongsang National University,KR,yes,1,Survey of mastitis management and incidence of mastitis in high somatic cell count of bulk milk at dairy farms in the Gyeongnam,needs_review
A5044593756,Byoung Hwan Lee,1,1,P0005,Catholic University of Korea; Ewha Womans University; Hallym University; Korea University; Seoul National University Bundang Hospital; Soonchunhyang University; The Catholic University of Korea Seoul St. Mary's Hospital,KR,yes,1,The Clinical Significance of Specialized Intestinal Metaplasia in the Diagnosis of Barrett's Esophagus: Nationwide Prospective Multicenter Study,needs_review
A5100628358,Soo Hyun Park,1,1,P0005,Catholic University of Korea; Chungbuk National University; Ewha Womans University; Hallym University; Korea University; Kosin University Gospel Hospital; Seoul National University Bundang Hospital; Soonchunhyang University; The Catholic University of Korea Seoul St. Mary's Hospital,KR,yes,1,The Clinical Significance of Specialized Intestinal Metaplasia in the Diagnosis of Barrett's Esophagus: Nationwide Prospective Multicenter Study,needs_review
A5026021259,Mee-Yon Cho,1,1,P0005,Yonsei University,KR,yes,1,The Clinical Significance of Specialized Intestinal Metaplasia in the Diagnosis of Barrett's Esophagus: Nationwide Prospective Multicenter Study,needs_review
A5111650555,Min-Jin Lee,1,1,P0005,Ewha Womans University Medical Center,KR,yes,1,"Comparison between the Effectiveness of Oral Phloroglucin and Cimetropium Bromide as Premedication for Diagnostic Esophagogastroduodenoscopy: An Open-Label, Randomized, Comparative Study",needs_review
A5111771121,Hye-Kyoung Jung,1,1,P0005,Ewha Womans University Medical Center,KR,yes,1,"Comparison between the Effectiveness of Oral Phloroglucin and Cimetropium Bromide as Premedication for Diagnostic Esophagogastroduodenoscopy: An Open-Label, Randomized, Comparative Study",needs_review
A5073195147,Jae Jung Park,1,1,P0005,Ewha Womans University Medical Center,KR,yes,1,Analysis of Risk Factors for Low Bone Mineral Density in Patients with Inflammatory Bowel Disease,needs_review
A5030591928,Young Sun Hong,1,1,P0005,Ewha Womans University Medical Center,KR,yes,1,Analysis of Risk Factors for Low Bone Mineral Density in Patients with Inflammatory Bowel Disease,needs_review
A5064510358,Soo Jung Chang,1,1,P0005,Woosuk University,KR,yes,1,Validity and Reliability of the Suicide Resilience Inventory-Korean Version for Korean University Students,needs_review
A5100399752,Sukhyang Lee,1,1,P0005,Ajou University,KR,yes,1,Spontaneously reported hepatic adverse drug events in Korea: multicenter study,needs_review
A5082756476,Yung-Koo Jee,1,1,P0005,Dankook University,KR,yes,1,Spontaneously reported hepatic adverse drug events in Korea: multicenter study,needs_review
A5079184694,Chang‐Hee Hong,1,1,P0005,Yonsei University,KR,yes,1,Spontaneously reported hepatic adverse drug events in Korea: multicenter study,needs_review
A5100673531,Young‐Jin Lee,1,1,P0005,Seoul National University,KR,yes,1,Relationship between the perceived severity of unwanted pregnancy and attitudes toward four contraceptive methods among unmarried university students in Korea: differences by gender and sexual experience,needs_review
A5026881101,Saem Yi Kang,1,1,P0005,Seoul National University,KR,yes,1,Relationship between the perceived severity of unwanted pregnancy and attitudes toward four contraceptive methods among unmarried university students in Korea: differences by gender and sexual experience,needs_review
A5108731868,Yoo Jeong Kang,1,1,P0005,Baewha Women's University,KR,yes,1,Relationship between the perceived severity of unwanted pregnancy and attitudes toward four contraceptive methods among unmarried university students in Korea: differences by gender and sexual experience,needs_review
A5045319364,Shin A Lee,1,1,P0005,Ewha Womans University,KR,yes,1,A Case of Death Due to Late Progression of Corrosive Esophagitis after Strong Alkali Ingestion,needs_review
A5113557530,Da Yeon Oh,1,1,P0005,Ewha Womans University,KR,yes,1,A Case of Death Due to Late Progression of Corrosive Esophagitis after Strong Alkali Ingestion,needs_review
A5108569894,Woo Shin Jeong,1,1,P0005,Kangbuk Samsung Hospital; Sungkyunkwan University,KR,yes,1,Comparison of Bowel Preparation Quality between Clear-liquid Diet and No Diet Restriction,needs_review
A5075860479,Yun-Jun Yang,1,1,P0005,Inje University Ilsan Paik Hospital,KR,yes,1,Experience of Sport Medicine and Knowledge of Sport Doping,needs_review
A5100609428,Dong‐Jun Kim,1,1,P0005,Inje University Ilsan Paik Hospital,KR,yes,1,Experience of Sport Medicine and Knowledge of Sport Doping,needs_review
A5007797183,Ji‐Hyun Lee,1,1,P0005,Ewha Womans University Medical Center,KR,yes,1,Sedation-related Adverse Events Associated with a Diagnostic Upper Endoscopy: A Single Center-observational Study,needs_review
A5100413514,Jihyun Lee,1,1,P0005,Ewha Womans University Medical Center,KR,yes,1,Clinical Course of Percutaneous Endoscopic Gastrostomy: A Single-center Observational Study,needs_review
A5036124512,Sunghyeok Ryou,1,1,P0005,Dankook University Hospital,KR,yes,1,Clinical Characteristics and Outcomes of Acute Mesenteric Ischemia in Young Adults: A KASID Multicenter Study,needs_review
A5085139981,Tae‐Kyung Hwang,1,1,P0005,Agency for Defense Development,KR,yes,1,A Probabilistic Structural Design Method of Composite Propulsion System,needs_review
A5043439434,Hyung-Kun Kim,1,1,P0005,Agency for Defense Development,KR,yes,1,A Probabilistic Structural Design Method of Composite Propulsion System,needs_review
A5069516527,Yujin Oh,1,1,P0005,Hanyang University,KR,yes,1,Designing a business model for sustainable consumption: Toward the managing consumption habit,needs_review
A5101947392,Koeun Lee,1,1,P0005,Ewha Womans University,KR,yes,1,Clinical outcome of endoscopic submucosal dissection versus surgery for patients with early gastric cancer.,needs_review
A5044875423,Min Kyoung Jo,1,1,P0005,Ewha Womans University Medical Center,KR,yes,1,Suppressive Effect of α-mangostin for Cancer Stem Cells in Colorectal Cancer via the Notch Pathway,needs_review
A5109914086,Eun Ju Kim,1,1,P0005,Ewha Womans University Medical Center,KR,yes,1,Suppressive Effect of α-mangostin for Cancer Stem Cells in Colorectal Cancer via the Notch Pathway,needs_review
A5067647294,Jee Hee Kwan,1,1,P0005,Yonsei University,KR,yes,1,Suppressive Effect of α-mangostin for Cancer Stem Cells in Colorectal Cancer via the Notch Pathway,needs_review
A5100786199,Minsuk Kim,1,1,P0005,Ewha Womans University Medical Center,KR,yes,1,Suppressive Effect of α-mangostin for Cancer Stem Cells in Colorectal Cancer via the Notch Pathway,needs_review
A5067294540,Young-Ho Anh,1,1,P0005,Ewha Womans University Medical Center,KR,yes,1,Suppressive Effect of α-mangostin for Cancer Stem Cells in Colorectal Cancer via the Notch Pathway,needs_review
A5012788742,Jae Wan Lim,1,1,P0005,Kangbuk Samsung Hospital,KR,yes,1,Su1289 Efficacy of Bowel Preparation With the Use of a General Diet Versus a Clear Liquid Diet With Polyethylene Glycol Electrolyte Solution,needs_review
A5065373002,Sun-Kyung Na,1,1,P0005,Ewha Womans University,KR,yes,1,Sa1395 A Randomized Controlled Trial Comparing 2 L-Polyethylene Glycol Solution Containing Ascorbic Acid With 2L-Polyethylene Glycol Plus Bisacodyl Tablets for Colonoscopy Bowel Preparation,needs_review
A5070690235,Min-Jin Lee,1,1,P0005,Ewha Womans University,KR,yes,1,Sa1395 A Randomized Controlled Trial Comparing 2 L-Polyethylene Glycol Solution Containing Ascorbic Acid With 2L-Polyethylene Glycol Plus Bisacodyl Tablets for Colonoscopy Bowel Preparation,needs_review
A5030444945,Eun Kyung Baik,1,1,P0005,Ewha Womans University,KR,yes,1,A Case of Nonspecific Interstitial Pneumonia in a Patient with Ulcerative Colitis,needs_review
A5024715707,Yon Ju Ryu,1,1,P0005,Ewha Womans University,KR,yes,1,A Case of Nonspecific Interstitial Pneumonia in a Patient with Ulcerative Colitis,needs_review
A5000741482,Jin Hwa Lee,1,1,P0005,Ewha Womans University,KR,yes,1,A Case of Nonspecific Interstitial Pneumonia in a Patient with Ulcerative Colitis,needs_review
A5071415274,Sung Shin Sim,1,1,P0005,Ewha Womans University,KR,yes,1,A Case of Nonspecific Interstitial Pneumonia in a Patient with Ulcerative Colitis,needs_review
A5059523348,Shi Nae Lee,1,1,P0005,Ewha Womans University,KR,yes,1,A Case of Nonspecific Interstitial Pneumonia in a Patient with Ulcerative Colitis,needs_review
A5061544599,Eun Mi Chun,1,1,P0005,Ewha Womans University,KR,yes,1,A Case of Nonspecific Interstitial Pneumonia in a Patient with Ulcerative Colitis,needs_review
A5044220155,Chan Sik Won,1,1,P0005,Yonsei University,KR,yes,1,442 Technological Assistance of Cap-Assisted Chromoendoscopy Enhances the Detection Rates of Both Colorectal Adenoma and Proximal Serrated Polyp in an Average-Risk Screening Population: Preliminary Results of a Multi-Center Randomized Controlled Trial,needs_review
A5027917072,Hyo Keun Jeon,1,1,P0005,Yonsei University,KR,yes,1,442 Technological Assistance of Cap-Assisted Chromoendoscopy Enhances the Detection Rates of Both Colorectal Adenoma and Proximal Serrated Polyp in an Average-Risk Screening Population: Preliminary Results of a Multi-Center Randomized Controlled Trial,needs_review
A5108388975,Byung‐Ho Nam,1,1,P0005,National Cancer Center,KR,yes,1,442 Technological Assistance of Cap-Assisted Chromoendoscopy Enhances the Detection Rates of Both Colorectal Adenoma and Proximal Serrated Polyp in an Average-Risk Screening Population: Preliminary Results of a Multi-Center Randomized Controlled Trial,needs_review
A5049795241,Soeng Hee Jeon,1,1,P0005,Ewha Womans University,KR,yes,1,The Level of Interleukin-6 in Coronary sinus and peripheral blood in patiens with unstable angina after coronary intervention,needs_review
A5111794057,Si Hoon Park,1,1,P0005,Ewha Womans University,KR,yes,1,The Level of Interleukin-6 in Coronary sinus and peripheral blood in patiens with unstable angina after coronary intervention,needs_review
A5111800799,Sun-Kyung Na,1,1,P0005,Ewha Womans University,KR,yes,1,Treatment of Proximal Esophagobronchial Fistula with an Anti-migration Esophageal Stent,needs_review
A5109693726,Hyeon Ju Kang,1,1,P0005,Ewha Womans University,KR,yes,1,Antiphospholipid Syndrome Presenting Variceal Bleeding in Patient with Systemic Anaerobic Bacterial Infection,needs_review
A5101555106,Mi Yeon Kim,1,1,P0005,Ewha Womans University,KR,yes,1,Antiphospholipid Syndrome Presenting Variceal Bleeding in Patient with Systemic Anaerobic Bacterial Infection,needs_review
A5035875835,In Sook Kang,1,1,P0005,Ewha Womans University,KR,yes,1,Antiphospholipid Syndrome Presenting Variceal Bleeding in Patient with Systemic Anaerobic Bacterial Infection,needs_review
A5100426023,Sung‐Hyun Kim,1,1,P0005,Dong-A University,KR,yes,1,A case of acute renal failure in a patient with paroxysmal nocturnal hemoglobinuria,needs_review
A5048049010,Jung Eun Shin,1,1,P0005,Ewha Womans University,KR,yes,1,"Usefulness of Appropriate Management of Ulcer with FORREST II Bleeding Activity: A Prospective, Randomized Study",needs_review
A5005336049,Mi Sun Ju,1,1,P0005,Ewha Womans University,KR,yes,1,"Usefulness of Appropriate Management of Ulcer with FORREST II Bleeding Activity: A Prospective, Randomized Study",needs_review
A5026430278,Jung Hyun Chun,1,1,P0005,Ewha Womans University,KR,yes,1,"Usefulness of Appropriate Management of Ulcer with FORREST II Bleeding Activity: A Prospective, Randomized Study",needs_review
A5100398200,Kyung Eun Lee,1,1,P0005,Ewha Womans University,KR,yes,1,"Usefulness of Appropriate Management of Ulcer with FORREST II Bleeding Activity: A Prospective, Randomized Study",needs_review
A5069377768,Hong-Keun Cho,1,1,P0005,Ewha Womans University,KR,yes,1,Results of Percutaneous Mitral Valvuloplasty for the Treatment of Rheumatic Mitral Valvular Stenosis,needs_review
A5074458765,Seong‐Hoon Park,1,1,P0005,Ewha Womans University,KR,yes,1,Results of Percutaneous Mitral Valvuloplasty for the Treatment of Rheumatic Mitral Valvular Stenosis,needs_review
A5040093765,Si-Hoon Park,1,1,P0005,Ewha Womans University,KR,yes,1,Results of Percutaneous Mitral Valvuloplasty for the Treatment of Rheumatic Mitral Valvular Stenosis,needs_review
A5021861440,Chung Hyun Chun,1,1,P0005,Ewha Womans University,KR,yes,1,Colonic Adenoma Characteristics in Gynecologic Cancer Patients,needs_review
A5144048146,Jong Soo Lee,1,1,P0005,Ewha Womans University,KR,yes,1,Colonic Adenoma Characteristics in Gynecologic Cancer Patients,needs_review
A5112023624,Seung Hyun Nam,1,1,P0005,Ewha Womans University,KR,yes,1,Colonic Adenoma Characteristics in Gynecologic Cancer Patients,needs_review
A5144004523,Hae Sung Moon,1,1,P0005,Ewha Womans University,KR,yes,1,Colonic Adenoma Characteristics in Gynecologic Cancer Patients,needs_review
A5100777879,Seung Chul Kim,1,1,P0005,Ewha Womans University,KR,yes,1,Colonic Adenoma Characteristics in Gynecologic Cancer Patients,needs_review
A5045179524,Seung Cheol Kim,1,1,P0005,Ewha Womans University,KR,yes,1,Colonic Adenoma Characteristics in Gynecologic Cancer Patients,needs_review
A5108661664,Jae Jun Park,1,1,P0005,Yonsei University,KR,yes,1,Mo1070 Keeping Guidelines for Colonoscopy Surveillance After Polypectomy Is One of the Important Clinical Practices for Detection of High Risk Adenoma or Colorectal Cancer: Results From the KASID Multihospital Database in Korea,needs_review
A5074151906,Da Ye Yoon,1,1,P0005,Dong-A University,KR,yes,1,MP451EFFECT OF COOKED FOOD WITH STIR-FRIED OLIVE OIL OR NOT ON ERYTHROCYTE MEMBRANE FATTY ACID CONTENTS IN HEMODIALYSIS PATIENTS,needs_review
A5078552313,Hee Man Kim,1,1,P0005,Soonchunhyang University; Yonsei University,KR,yes,1,608 A RANDOMIZED CONTROLLED TRIAL OF COMBINED FECAL IMMUNOCHEMICAL TEST PLUS SIGMOIDOSCOPY BASED COLONOSCOPY VS. COLONOSCOPY FOR THE DETECTION OF ADVANCED NEOPLASIA IN THE AVERAGE RISK POPULATION.,needs_review
A5108103088,Jae Hak Kim,1,1,P0005,Dongguk University Ilsan Hospital,KR,yes,1,608 A RANDOMIZED CONTROLLED TRIAL OF COMBINED FECAL IMMUNOCHEMICAL TEST PLUS SIGMOIDOSCOPY BASED COLONOSCOPY VS. COLONOSCOPY FOR THE DETECTION OF ADVANCED NEOPLASIA IN THE AVERAGE RISK POPULATION.,needs_review
A5033303194,Hyun-Gun Kim,1,1,P0005,Soonchunhyang University; Yonsei University,KR,yes,1,608 A RANDOMIZED CONTROLLED TRIAL OF COMBINED FECAL IMMUNOCHEMICAL TEST PLUS SIGMOIDOSCOPY BASED COLONOSCOPY VS. COLONOSCOPY FOR THE DETECTION OF ADVANCED NEOPLASIA IN THE AVERAGE RISK POPULATION.,needs_review
A5036531653,Jae-Eun Chae,1,1,P0005,Korea University,KR,yes,1,Abstract TP514: The Effect of Statin Adherence on Cardiovascular Outcomes After Ischemic Stroke in Statin Benefit Group: A Nested Case-Control Study,needs_review
A5045335593,Jae Guk Kim,1,1,P0005,Eulji University,KR,yes,1,Abstract 71: The Impact of 3-month Functional Outcome on Healthcare Expenditure During the 5 Years After Acute Ischemic Stroke,needs_review
A5059691378,Joonsang Yoo,1,1,P0005,Keimyung University,KR,yes,1,Abstract 71: The Impact of 3-month Functional Outcome on Healthcare Expenditure During the 5 Years After Acute Ischemic Stroke,needs_review
A5057888750,A. ReumChoe,1,1,P0005,Ewha Womans University,KR,yes,1,Mo1354 A SURVIVAL ANALYSIS IN ELDERLY PATIENTS WITH GASTRIC CANCER ACCORDING TO TREATMENT,needs_review
A5050264428,ChungHyun Tae,1,1,P0005,Ewha Womans University Medical Center,KR,yes,1,Involvement of Adiponectin and Leptin in Early Step of Colorectal Carcinogenesis,needs_review
A5103242277,Hyunji Oh,1,1,P0005,Seoul National University Bundang Hospital,KR,yes,1,"Abstract 115: Current Status of Acute Stroke Management in Korea: A Nationwide Report Based on 19,608 Patients Treated in 216 Hospitals",needs_review
A5101977404,Sumi Lee,1,1,P0005,Dong-A University Hospital,KR,yes,1,P1210EFFECT OF ICODEXTRIN OR GLUCOSE PERITONEAL DIALYSIS (PD) SOLUTIONS ON TRIGLYCERIDE AND OLEIC ACID LEVELS IN PD PATIENTS (EXIT TRIAL),needs_review
A5054311139,Yu In Jeong,1,1,P0005,Dong-A University Hospital,KR,yes,1,P1210EFFECT OF ICODEXTRIN OR GLUCOSE PERITONEAL DIALYSIS (PD) SOLUTIONS ON TRIGLYCERIDE AND OLEIC ACID LEVELS IN PD PATIENTS (EXIT TRIAL),needs_review
A5101683635,Dongho Choi,1,1,P0005,Dong-A University Hospital,KR,yes,1,P1210EFFECT OF ICODEXTRIN OR GLUCOSE PERITONEAL DIALYSIS (PD) SOLUTIONS ON TRIGLYCERIDE AND OLEIC ACID LEVELS IN PD PATIENTS (EXIT TRIAL),needs_review
A5055067734,Chungsik Lee,1,1,P0005,Cheju Halla General Hospital,KR,yes,1,P1210EFFECT OF ICODEXTRIN OR GLUCOSE PERITONEAL DIALYSIS (PD) SOLUTIONS ON TRIGLYCERIDE AND OLEIC ACID LEVELS IN PD PATIENTS (EXIT TRIAL),needs_review
A5071158105,Bong Suk Park,1,1,P0005,Wonju Severance Christian Hospital,KR,yes,1,The Role of Nurse in the Diabetic Camp,needs_review
A5005261848,Mi Hyun Jeong,1,1,P0005,Korea University Medical Center,KR,yes,1,The Role of Nurse in the Diabetic Camp,needs_review
A5016113102,Su Min Ko,1,1,P0005,Bundang Jesaeng Hospital,KR,yes,1,The Role of Nurse in the Diabetic Camp,needs_review
A5044394440,Seiyoung Hwang,1,1,P0005,Korea Electronics Technology Institute,KR,yes,1,Electrochemical Detection of Apolipoprotein A1 As an Alternative Method to Diagnose Early Stage of Bladder Cancer Patients,needs_review
A5021815847,Ock Ran Hong,1,1,P0005,Health Insurance Review and Assessment Service,KR,yes,1,Abstract P470: Annual Endovascular Treatment Procedural Volume and One Year Mortality in Acute Ischemic Stroke,needs_review
A5071842692,Ji Hyeon Shin,1,1,P0005,Health Insurance Review and Assessment Service,KR,yes,1,Abstract P470: Annual Endovascular Treatment Procedural Volume and One Year Mortality in Acute Ischemic Stroke,needs_review
A5101650669,Do Young Jung,1,1,P0005,Ewha Womans University,KR,yes,1,Spontaneous Rupture of the Right Gastroepiploic Artery Immediately after Gastroscopy,needs_review
A5049117190,Yunmi Ko,1,1,P0005,Ewha Womans University,KR,yes,1,Spontaneous Rupture of the Right Gastroepiploic Artery Immediately after Gastroscopy,needs_review
A5080175278,Ran Kim,1,1,P0005,Ewha Womans University,KR,yes,1,Spontaneous Rupture of the Right Gastroepiploic Artery Immediately after Gastroscopy,needs_review
A5100708586,Jun Kim,1,1,P0005,Chonnam National University; Eulji University; Seoul National University Bundang Hospital,KR,yes,1,Abstract WP186: Long-term Incidence Of Gastrointestinal Bleeding After Ischemic Stroke,needs_review
A5100681582,Beom Kyung Kim,1,1,P0005,Seoul National University Bundang Hospital,KR,yes,1,Abstract WP186: Long-term Incidence Of Gastrointestinal Bleeding After Ischemic Stroke,needs_review
A5100690129,Jae Kim,1,1,P0005,Chonnam National University; Eulji University; Seoul National University Bundang Hospital,KR,yes,1,Abstract WP186: Long-term Incidence Of Gastrointestinal Bleeding After Ischemic Stroke,needs_review
A5007685976,Byung-chul Lee,1,1,P0005,Hallym University,KR,yes,1,Abstract WP186: Long-term Incidence Of Gastrointestinal Bleeding After Ischemic Stroke,needs_review
A5109107214,Ji Sun Paik,1,1,P0005,Catholic University of Korea; National Cancer Center; St. Paul's Hospital; The Catholic University of Korea Daejeon St. Mary's Hospital; The Catholic University of Korea Seoul St. Mary's Hospital; The Catholic University of Korea Yeouido St. Mary's Hospital,KR,yes,1,Blepharoptosis among Korean adults: Age-related prevalence and threshold age for evaluation,needs_review
A5047846074,Kyungdo Han,1,1,P0005,Catholic University of Korea,KR,yes,1,Blepharoptosis among Korean adults: Age-related prevalence and threshold age for evaluation,needs_review
A5021863765,Suk‐Woo Yang,1,1,P0005,Catholic University of Korea; National Cancer Center; The Catholic University of Korea Daejeon St. Mary's Hospital; The Catholic University of Korea Seoul St. Mary's Hospital; The Catholic University of Korea Yeouido St. Mary's Hospital,KR,yes,1,Blepharoptosis among Korean adults: Age-related prevalence and threshold age for evaluation,needs_review
A5068887531,Yongku Park,1,1,P0005,Catholic University of Korea,KR,yes,1,Blepharoptosis among Korean adults: Age-related prevalence and threshold age for evaluation,needs_review
A5078370550,Kyungsun Na,1,1,P0005,Catholic University of Korea,KR,yes,1,Blepharoptosis among Korean adults: Age-related prevalence and threshold age for evaluation,needs_review
A5003378076,Wonkyung Cho,1,1,P0005,The Catholic University of Korea Daejeon St. Mary's Hospital,KR,yes,1,Blepharoptosis among Korean adults: Age-related prevalence and threshold age for evaluation,needs_review
A5041446564,Tak Kyu Oh,1,1,P0005,Seoul National University Bundang Hospital,KR,yes,1,"Blood Pressure and Transient Postoperative Neurologic Deterioration, Following Superficial Temporal-to-middle Cerebral Artery Anastomosis in Adult Patients With Moyamoya Disease",needs_review
A5101778570,Ji Hyeon Kim,1,1,P0005,Seoul National University Bundang Hospital,KR,yes,1,"Blood Pressure and Transient Postoperative Neurologic Deterioration, Following Superficial Temporal-to-middle Cerebral Artery Anastomosis in Adult Patients With Moyamoya Disease",needs_review
A5100413519,Ho‐Young Lee,1,1,P0005,Seoul National University Bundang Hospital,KR,yes,1,"Blood Pressure and Transient Postoperative Neurologic Deterioration, Following Superficial Temporal-to-middle Cerebral Artery Anastomosis in Adult Patients With Moyamoya Disease",needs_review
A5064709965,Jae Seung Bang,1,1,P0005,Seoul National University Bundang Hospital,KR,yes,1,"Blood Pressure and Transient Postoperative Neurologic Deterioration, Following Superficial Temporal-to-middle Cerebral Artery Anastomosis in Adult Patients With Moyamoya Disease",needs_review
A5022869761,Chang Wan Oh,1,1,P0005,Seoul National University Bundang Hospital,KR,yes,1,"Blood Pressure and Transient Postoperative Neurologic Deterioration, Following Superficial Temporal-to-middle Cerebral Artery Anastomosis in Adult Patients With Moyamoya Disease",needs_review
A5101938904,Young-Tae Jeon,1,1,P0005,Seoul National University Bundang Hospital,KR,yes,1,"Blood Pressure and Transient Postoperative Neurologic Deterioration, Following Superficial Temporal-to-middle Cerebral Artery Anastomosis in Adult Patients With Moyamoya Disease",needs_review
A5032377971,Hong-kyun Park,1,1,P0005,Inje University Ilsan Paik Hospital,KR,yes,1,Abstract WMP43: Health Care Disparities In Reperfusion Therapy For Patients With Acute Ischemic Stroke Across Hospitals,needs_review
A5041572321,Hyun-Kyung Oh,1,1,P0005,Korea Disease Control and Prevention Agency,KR,yes,1,Abstract WP40: Development Of The System For National Statistics Of Stroke And Acute Myocardial Infarction Using Claims-based Algorithms In Korea,needs_review
A5014162282,Jinju Park,1,1,P0005,Eulji University,KR,yes,1,Abstract WP40: Development Of The System For National Statistics Of Stroke And Acute Myocardial Infarction Using Claims-based Algorithms In Korea,needs_review
A5009286712,Jun Yup Kim,1,1,P0005,Seoul National University Bundang Hospital,KR,yes,1,Abstract WP40: Development Of The System For National Statistics Of Stroke And Acute Myocardial Infarction Using Claims-based Algorithms In Korea,needs_review
A5100767320,Jiyoon Lee,1,1,P0005,Korea University; Seoul National University,KR,yes,1,Abstract WP40: Development Of The System For National Statistics Of Stroke And Acute Myocardial Infarction Using Claims-based Algorithms In Korea,needs_review
A5079549883,Jin-Hyuk Hong,1,1,P0005,Seoul National University Hospital,KR,yes,1,Abstract WP40: Development Of The System For National Statistics Of Stroke And Acute Myocardial Infarction Using Claims-based Algorithms In Korea,needs_review
A5080024622,Soon-young Seo,1,1,P0005,Korea Disease Control and Prevention Agency,KR,yes,1,Abstract WP40: Development Of The System For National Statistics Of Stroke And Acute Myocardial Infarction Using Claims-based Algorithms In Korea,needs_review
A5103244931,Eun‐Mi Ahn,1,1,P0005,Korea Disease Control and Prevention Agency,KR,yes,1,Abstract WP40: Development Of The System For National Statistics Of Stroke And Acute Myocardial Infarction Using Claims-based Algorithms In Korea,needs_review
A5029998151,Seon Kui Lee,1,1,P0005,"Daejeon Eulji Medical Center, Eulji University; Korea Disease Control and Prevention Agency",KR,yes,1,Abstract WP40: Development Of The System For National Statistics Of Stroke And Acute Myocardial Infarction Using Claims-based Algorithms In Korea,needs_review
A5049115188,Joongyub Lee,1,1,P0005,Korea University; Seoul National University,KR,yes,1,Abstract WP40: Development Of The System For National Statistics Of Stroke And Acute Myocardial Infarction Using Claims-based Algorithms In Korea,needs_review
A5017416200,Joong‐Wha Chung,1,1,P0005,Dong Wha Pharm (South Korea),KR,yes,1,Abstract WP40: Development Of The System For National Statistics Of Stroke And Acute Myocardial Infarction Using Claims-based Algorithms In Korea,needs_review
A5053260530,Dong‐Ho Shin,1,1,P0005,Severance Hospital,KR,yes,1,Abstract WP40: Development Of The System For National Statistics Of Stroke And Acute Myocardial Infarction Using Claims-based Algorithms In Korea,needs_review
A5100666993,Bum Joon Kim,1,1,P0005,Asan Medical Center,KR,yes,1,Abstract WP40: Development Of The System For National Statistics Of Stroke And Acute Myocardial Infarction Using Claims-based Algorithms In Korea,needs_review
A5046772844,Woo‐Keun Seo,1,1,P0005,Samsung Medical Center,KR,yes,1,Abstract WP40: Development Of The System For National Statistics Of Stroke And Acute Myocardial Infarction Using Claims-based Algorithms In Korea,needs_review
A5074069509,Soo Joo J Lee,1,1,P0005,"Daejeon Eulji Medical Center, Eulji University; Korea Disease Control and Prevention Agency",KR,yes,1,Abstract WP40: Development Of The System For National Statistics Of Stroke And Acute Myocardial Infarction Using Claims-based Algorithms In Korea,needs_review
A5102762237,Sun U. Kwon,1,1,P0005,Asan Medical Center,KR,yes,1,Abstract WP40: Development Of The System For National Statistics Of Stroke And Acute Myocardial Infarction Using Claims-based Algorithms In Korea,needs_review
A5072829130,Yun‐Chul Hong,1,1,P0005,Seoul National University,KR,yes,1,Abstract WP40: Development Of The System For National Statistics Of Stroke And Acute Myocardial Infarction Using Claims-based Algorithms In Korea,needs_review
A5046559661,Hyo S Kim,1,1,P0005,Seoul National University Hospital,KR,yes,1,Abstract WP40: Development Of The System For National Statistics Of Stroke And Acute Myocardial Infarction Using Claims-based Algorithms In Korea,needs_review
A5072828162,JUNEYOUNG LEE,1,1,P0005,Korea University; Seoul National University,KR,yes,1,Abstract WP40: Development Of The System For National Statistics Of Stroke And Acute Myocardial Infarction Using Claims-based Algorithms In Korea,needs_review
A5102505400,Min Sang Yoo,1,1,P0005,Chung-Ang University,KR,yes,1,Indoor Air Pollutant (Toluene) Reduction Effect by Changing Ultraviolet-A Irradiance and Reaction Volume in Tio2 Photocatalyst Coating Material,needs_review
A5092405521,Deniz Yasemin,1,1,P0005,Sun Moon University,KR,yes,1,Diagnostic Accuracy of Clinical Test for Anterior Cruciate Ligament Injury: Systematic Review,needs_review
A5111004100,HyungSu Lee,1,1,P0005,Sun Moon University,KR,yes,1,Diagnostic Accuracy of Clinical Test for Anterior Cruciate Ligament Injury: Systematic Review,needs_review
A5101220818,SunGyu Han,1,1,P0005,Sun Moon University,KR,yes,1,Diagnostic Accuracy of Clinical Test for Anterior Cruciate Ligament Injury: Systematic Review,needs_review
A5039613542,Seong-Gil Kim,1,1,P0005,Sun Moon University,KR,yes,1,Diagnostic Accuracy of Clinical Test for Anterior Cruciate Ligament Injury: Systematic Review,needs_review
A5111018460,Cho I. Park,1,1,P0005,Yuhan University,KR,yes,1,Correction to: Enzyme‑derived deer velvet extract activate the immune response in cyclophosphamide‑induced immunosuppressive mice,needs_review
A5101232798,Su-Bin Park,1,1,P0005,Konyang University,KR,yes,1,Effect of the concentration of hydrogen peroxide on the color and surface of the resin bracket,needs_review
A5100644325,Seul Lee,1,1,P0005,Konyang University,KR,yes,1,Effect of the concentration of hydrogen peroxide on the color and surface of the resin bracket,needs_review
A5002227007,Geun-Hye Kim,1,1,P0005,Konyang University,KR,yes,1,Effect of the concentration of hydrogen peroxide on the color and surface of the resin bracket,needs_review
A5112625361,Ji-Min Ryu,1,1,P0005,Konyang University,KR,yes,1,Effect of the concentration of hydrogen peroxide on the color and surface of the resin bracket,needs_review
A5072387958,Song‐Yi Yang,1,1,P0005,Konyang University,KR,yes,1,Effect of the concentration of hydrogen peroxide on the color and surface of the resin bracket,needs_review
A5028408362,K. Lee,1,1,P0005,Ewha Womans University,KR,yes,1,EP01.07: Successful treatment of atrial flutter with digoxin in a fetus in monochorionic‐diamniotic twin,needs_review
A5041446419,M. Park,1,1,P0005,Ewha Womans University,KR,yes,1,EP01.07: Successful treatment of atrial flutter with digoxin in a fetus in monochorionic‐diamniotic twin,needs_review
A5004031458,Yuri Jang,1,1,P0005,CHA University Gangnam Medical Center,KR,yes,1,EP20.09: Association between the low fetal fraction of cfDNA screening and adverse pregnancy outcomes,needs_review
A5065731769,Y. Cho,1,1,P0005,CHA University Gangnam Medical Center,KR,yes,1,EP20.09: Association between the low fetal fraction of cfDNA screening and adverse pregnancy outcomes,needs_review
A5002290352,Sung Han Shim,1,1,P0005,CHA University Gangnam Medical Center,KR,yes,1,EP20.09: Association between the low fetal fraction of cfDNA screening and adverse pregnancy outcomes,needs_review
A5100442169,Hee Jin Park,1,1,P0005,CHA University Gangnam Medical Center,KR,yes,1,EP20.09: Association between the low fetal fraction of cfDNA screening and adverse pregnancy outcomes,needs_review
A5030862840,Jeongmin Shin,1,1,P0005,CHA University Gangnam Medical Center,KR,yes,1,EP20.09: Association between the low fetal fraction of cfDNA screening and adverse pregnancy outcomes,needs_review
A5100398066,Min-Jeong Kim,1,1,P0005,CHA University Gangnam Medical Center,KR,yes,1,EP20.09: Association between the low fetal fraction of cfDNA screening and adverse pregnancy outcomes,needs_review
A5027454473,You Jung Han,1,1,P0005,CHA University Gangnam Medical Center,KR,yes,1,EP20.09: Association between the low fetal fraction of cfDNA screening and adverse pregnancy outcomes,needs_review
A5000524758,Yong-Uk Kwon,1,1,P0005,Health Insurance Review and Assessment Service,KR,yes,1,Abstract WP77: Changes in Acute Stroke Management and Outcomes in Korea Between 2013-2014 and 2018,needs_review
A5086768300,Gui Ok Kim,1,1,P0005,Health Insurance Review and Assessment Service,KR,yes,1,Abstract WP77: Changes in Acute Stroke Management and Outcomes in Korea Between 2013-2014 and 2018,needs_review
A5049071741,Na Ra Yun,1,1,P0005,Chosun University,KR,yes,1,Clinically differential diagnosis of human granulocytic anaplasmosis and severe fever with thrombocytopenia syndrome,needs_review
A5042477384,Hye Won Jeong,1,1,P0005,Chonnam National University Hospital,KR,yes,1,Clinically differential diagnosis of human granulocytic anaplasmosis and severe fever with thrombocytopenia syndrome,needs_review
A5100647501,Su Jin Lee,1,1,P0005,Inha University,KR,yes,1,Clinically differential diagnosis of human granulocytic anaplasmosis and severe fever with thrombocytopenia syndrome,needs_review
A5045264503,Jinseop Kim,1,1,P0005,Sun Moon University,KR,yes,1,Effectiveness of Task-Oriented Training in Improving Gait in a Child with Ataxic Cerebral Palsy: A Case Report,needs_review
A5050882656,Yeon-Gyo Nam,1,1,P0005,Sun Moon University,KR,yes,1,Effectiveness of Task-Oriented Training in Improving Gait in a Child with Ataxic Cerebral Palsy: A Case Report,needs_review
A5037827967,S. Y. Jun,1,1,P0005,Seoul National University Bundang Hospital,KR,yes,1,A-314 Influence of EDTA on TSH and 17-OHP in Newborn Screening: A Case Study,needs_review
A5081090372,Joon Woo Lee,1,1,P0005,Seoul National University Bundang Hospital,KR,yes,1,A-314 Influence of EDTA on TSH and 17-OHP in Newborn Screening: A Case Study,needs_review
A5035168521,Kyoung Bun Lee,1,1,P0005,Seoul National University Bundang Hospital,KR,yes,1,A-314 Influence of EDTA on TSH and 17-OHP in Newborn Screening: A Case Study,needs_review
A5023982303,Junghan Song,1,1,P0005,Seoul National University Bundang Hospital,KR,yes,1,A-314 Influence of EDTA on TSH and 17-OHP in Newborn Screening: A Case Study,needs_review
A5027810466,Dong-U Kim,1,1,P0005,Plasma Technology (United States); Pukyong National University; Seoul National University,KR; US,yes,1,Disturbance of benthic topography and macrofauna community by sand mining in EEZ of the South Sea of Korea,needs_review
A5106572561,Changkeun Lee,1,1,P0005,Bukwang Pharmaceutical (South Korea); Seoul National University,KR,yes,1,Disturbance of benthic topography and macrofauna community by sand mining in EEZ of the South Sea of Korea,needs_review
A5041252674,Soon Il Kim,1,1,P0005,Inha University; Plasma Technology (United States),KR; US,yes,1,Disturbance of benthic topography and macrofauna community by sand mining in EEZ of the South Sea of Korea,needs_review
A5004610716,Seong Woon Jeong,1,1,P0005,Inha University,KR,yes,1,Disturbance of benthic topography and macrofauna community by sand mining in EEZ of the South Sea of Korea,needs_review
A5084333243,Soonwoo Lee,1,1,P0005,Bukwang Pharmaceutical (South Korea),KR,yes,1,Disturbance of benthic topography and macrofauna community by sand mining in EEZ of the South Sea of Korea,needs_review
A5014914457,Soonyoung Wang,1,1,P0005,Incheon Medical Center,KR,yes,1,Disturbance of benthic topography and macrofauna community by sand mining in EEZ of the South Sea of Korea,needs_review
A5068058714,Jong Seong Khim,1,1,P0005,Seoul National University,KR,yes,1,Disturbance of benthic topography and macrofauna community by sand mining in EEZ of the South Sea of Korea,needs_review
A5042636645,Ho Kyung Ha,1,1,P0005,Inha University,KR,yes,1,Disturbance of benthic topography and macrofauna community by sand mining in EEZ of the South Sea of Korea,needs_review
A5103577356,Young Hee Kim,1,1,P0005,Dong-A University,KR,yes,1,A case of bilateral subcapsular renal hematomas in 30-year-old women,needs_review
A5102840453,D. Yang,1,1,P0005,Dong-A University,KR,yes,1,A case of bilateral subcapsular renal hematomas in 30-year-old women,needs_review
A5033307192,Myungweon Choi,1,1,P0005,Ajou University,KR,yes,1,Goal orientation and servant leadership: the mediating role of affect spin,needs_review
A5101422232,Jae Yoon Chang,1,1,P0005,Sogang University,KR,yes,1,Goal orientation and servant leadership: the mediating role of affect spin,needs_review
A5022683094,Sanghee Nam,1,1,P0005,Daegu University; Taegu Science University,KR,yes,1,Goal orientation and servant leadership: the mediating role of affect spin,needs_review
A5013755142,Rosemary Hyejin Moon,1,1,P0005,Hansung University,KR,yes,1,Goal orientation and servant leadership: the mediating role of affect spin,needs_review
A5112449134,Yea-Hyun Leem,1,1,P0005,Ewha Womans University,KR,yes,1,Corrigendum to “Activation of α7nAch receptors ameliorates α-synuclein pathology in the brain and gut of a subacute MPTP mouse model of Parkinson's disease” [Biomed. Pharmacother. 184 (2025) 117871],needs_review
A5130792237,Jung-Eun Park,1,1,P0005,Ewha Womans University,KR,yes,1,Corrigendum to “Activation of α7nAch receptors ameliorates α-synuclein pathology in the brain and gut of a subacute MPTP mouse model of Parkinson's disease” [Biomed. Pharmacother. 184 (2025) 117871],needs_review
A5130725159,Do-Yeon Kim,1,1,P0005,Ewha Womans University,KR,yes,1,Corrigendum to “Activation of α7nAch receptors ameliorates α-synuclein pathology in the brain and gut of a subacute MPTP mouse model of Parkinson's disease” [Biomed. Pharmacother. 184 (2025) 117871],needs_review
A5130744011,Jae-Min Park,1,1,P0005,Ewha Womans University,KR,yes,1,Corrigendum to “Activation of α7nAch receptors ameliorates α-synuclein pathology in the brain and gut of a subacute MPTP mouse model of Parkinson's disease” [Biomed. Pharmacother. 184 (2025) 117871],needs_review
A5134919957,Jin-Sun Park,1,1,P0005,Ewha Womans University,KR,yes,1,The RIPK3 Inhibitor GSK872 Attenuates Inflammation and Necroptosis via Modulation of the JNK Signaling Pathway in LPS-Stimulated Microglia,needs_review
A5134879538,Do-Yeon Kim,1,1,P0005,Ewha Womans University,KR,yes,1,The RIPK3 Inhibitor GSK872 Attenuates Inflammation and Necroptosis via Modulation of the JNK Signaling Pathway in LPS-Stimulated Microglia,needs_review
A5109235882,Jin‐Won Hyun,1,1,P0005,Jeju National University,KR,yes,1,The RIPK3 Inhibitor GSK872 Attenuates Inflammation and Necroptosis via Modulation of the JNK Signaling Pathway in LPS-Stimulated Microglia,needs_review
A5134909192,Hee-Sun Kim,1,1,P0005,Ewha Womans University,KR,yes,1,The RIPK3 Inhibitor GSK872 Attenuates Inflammation and Necroptosis via Modulation of the JNK Signaling Pathway in LPS-Stimulated Microglia,needs_review
A5133976740,Jiyoung Yoon,1,1,P0005,Hallym University; Kangdong Sacred Heart Hospital,KR,yes,1,Venous thromboembolism prophylaxis in pregnant women with inflammatory bowel disease: evidence gaps and future directions from the KASID Guidelines Task Force Team,needs_review
A5059558668,Jae Gil Lee,1,1,P0005,Korea University Medical Center; Kosin University Gospel Hospital; Yonsei University,KR,yes,1,Nutritional support for critically ill patients by the Korean Society for Parenteral and Enteral Nutrition—part II: a clinical practice guideline,needs_review
A5017578332,You Min Sohn,1,1,P0005,Samsung Medical Center,KR,yes,1,Nutritional support for critically ill patients by the Korean Society for Parenteral and Enteral Nutrition—part II: a clinical practice guideline,needs_review
A5100410159,Seung Hwan Lee,1,1,P0005,Gachon University; Gachon University Gil Medical Center,KR,yes,1,Nutritional support for critically ill patients by the Korean Society for Parenteral and Enteral Nutrition—part II: a clinical practice guideline,needs_review
A5080782221,Yun Tae Jung,1,1,P0005,Gangneung Asan Hospital,KR,yes,1,Nutritional support for critically ill patients by the Korean Society for Parenteral and Enteral Nutrition—part II: a clinical practice guideline,needs_review
A5044975948,Hak‐Jae Lee,1,1,P0005,Eulji University; Eulji University Uijeongbu Eulji Medical Center,KR,yes,1,Nutritional support for critically ill patients by the Korean Society for Parenteral and Enteral Nutrition—part II: a clinical practice guideline,needs_review
A5085364438,Jeong Yun Park,1,1,P0005,University of Ulsan,KR,yes,1,Nutritional support for critically ill patients by the Korean Society for Parenteral and Enteral Nutrition—part II: a clinical practice guideline,needs_review
A5011470635,Nak-Jun Choi,1,1,P0005,Korea University Medical Center,KR,yes,1,Nutritional support for critically ill patients by the Korean Society for Parenteral and Enteral Nutrition—part II: a clinical practice guideline,needs_review
A5089070419,Jung Mi Song,1,1,P0005,Asan Medical Center,KR,yes,1,Nutritional support for critically ill patients by the Korean Society for Parenteral and Enteral Nutrition—part II: a clinical practice guideline,needs_review
A5100684427,Jee Young Lee,1,1,P0005,Korea University Medical Center; Kosin University Gospel Hospital; Yonsei University,KR,yes,1,Nutritional support for critically ill patients by the Korean Society for Parenteral and Enteral Nutrition—part II: a clinical practice guideline,needs_review
A5028242199,Ji-Yeon Kim,1,1,P0005,National Cancer Center,KR,yes,1,Nutritional support for critically ill patients by the Korean Society for Parenteral and Enteral Nutrition—part II: a clinical practice guideline,needs_review
A5144013049,Eun Jeong Park,1,1,P0005,Chungnam National University Hospital; Ewha Womans University,KR,yes,1,Nutritional support for critically ill patients by the Korean Society for Parenteral and Enteral Nutrition—part II: a clinical practice guideline,needs_review
A5079812569,Ye Won Sung,1,1,P0005,Chungnam National University Hospital,KR,yes,1,Nutritional support for critically ill patients by the Korean Society for Parenteral and Enteral Nutrition—part II: a clinical practice guideline,needs_review
A5038889768,Hyun Ji Ko,1,1,P0005,Gachon University Gil Medical Center,KR,yes,1,Nutritional support for critically ill patients by the Korean Society for Parenteral and Enteral Nutrition—part II: a clinical practice guideline,needs_review
A5023114343,Ji Yoon Cho,1,1,P0005,Daegu Fatima Hospital,KR,yes,1,Nutritional support for critically ill patients by the Korean Society for Parenteral and Enteral Nutrition—part II: a clinical practice guideline,needs_review
A5042830327,B KIM,1,1,P0005,Seoul National University Hospital,KR,yes,1,Nutritional support for critically ill patients by the Korean Society for Parenteral and Enteral Nutrition—part II: a clinical practice guideline,needs_review
A5144013349,Yesung Oh,1,1,P0005,Ajou University Hospital,KR,yes,1,Nutritional support for critically ill patients by the Korean Society for Parenteral and Enteral Nutrition—part II: a clinical practice guideline,needs_review
A5144030588,In Chung Lee,1,1,P0005,Gachon University Gil Medical Center,KR,yes,1,Nutritional support for critically ill patients by the Korean Society for Parenteral and Enteral Nutrition—part II: a clinical practice guideline,needs_review
A5004660653,Jee Yeon Lee,1,1,P0005,Korea University Medical Center; Kosin University Gospel Hospital; Yonsei University,KR,yes,1,Nutritional support for critically ill patients by the Korean Society for Parenteral and Enteral Nutrition—part II: a clinical practice guideline,needs_review
A5100420800,Jin Young Lee,1,1,P0005,Korea University Medical Center; Kosin University Gospel Hospital; Yonsei University,KR,yes,1,Nutritional support for critically ill patients by the Korean Society for Parenteral and Enteral Nutrition—part II: a clinical practice guideline,needs_review
A5052773314,Tae Sun Ha,1,1,P0005,Bucheon University; Soonchunhyang University; Soonchunhyang University Hospital Seoul,KR,yes,1,Nutritional support for critically ill patients by the Korean Society for Parenteral and Enteral Nutrition—part II: a clinical practice guideline,needs_review
A5047219526,Min Kwan Kwon,1,1,P0005,Ulsan College; University of Ulsan,KR,yes,1,Nutritional support for critically ill patients by the Korean Society for Parenteral and Enteral Nutrition—part II: a clinical practice guideline,needs_review
A5149467489,A Reum Choe,1,1,P0005,Ewha Womans University,KR,yes,1,Probiotic-Derived Extracellular Vesicles as Potential Nano-Immunotherapeutic Platforms in IBD: A Clinician’s Perspective,needs_review
A5016688738,Suna Yu,1,1,P0005,Ewha Womans University,KR,yes,1,An Intraductal Papillary Mucinous Neoplasm–Like Lesion Manifesting as a Duodenal Polyp: A Rare Case Report,needs_review
A5045250494,Min Joo Yoon,1,1,P0005,Ewha Womans University,KR,yes,1,An Intraductal Papillary Mucinous Neoplasm–Like Lesion Manifesting as a Duodenal Polyp: A Rare Case Report,needs_review
A5039645150,Euno Choi,1,1,P0005,Ewha Womans University,KR,yes,1,An Intraductal Papillary Mucinous Neoplasm–Like Lesion Manifesting as a Duodenal Polyp: A Rare Case Report,needs_review
A5035903346,Seryun Bae,1,1,P0005,Ewha Womans University,KR,yes,1,An Intraductal Papillary Mucinous Neoplasm–Like Lesion Manifesting as a Duodenal Polyp: A Rare Case Report,needs_review
A5059857298,Seong Hwa Jang,1,1,P0005,Catholic Kwandong University International St. Mary's Hospital,KR,yes,1,Vascular Imaging Features and Time-Specific Recurrence Risk After Craniocervical Artery Dissection,needs_review
A5085965565,Hyungjong Park,1,1,P0005,Inje University Ilsan Paik Hospital; Keimyung University,KR,yes,1,Vascular Imaging Features and Time-Specific Recurrence Risk After Craniocervical Artery Dissection,needs_review
A5019433618,Michelle Sojung Youn,1,1,P0005,Eulji University,KR,yes,1,Vascular Imaging Features and Time-Specific Recurrence Risk After Craniocervical Artery Dissection,needs_review
A5087947723,Dongwhane Lee,1,1,P0005,Eulji University,KR,yes,1,Vascular Imaging Features and Time-Specific Recurrence Risk After Craniocervical Artery Dissection,needs_review
A5152073835,Jung Hwa Seo,1,1,P0005,Dong-A University Hospital,KR,yes,1,Vascular Imaging Features and Time-Specific Recurrence Risk After Craniocervical Artery Dissection,needs_review
A5022742559,Jin‐Heon Jeong,1,1,P0005,Dong-A University Hospital,KR,yes,1,Vascular Imaging Features and Time-Specific Recurrence Risk After Craniocervical Artery Dissection,needs_review
A5085961959,Yong Soo Kim,1,1,P0005,Seoul National University Bundang Hospital,KR,yes,1,Vascular Imaging Features and Time-Specific Recurrence Risk After Craniocervical Artery Dissection,needs_review
A5021878874,Nakhoon Kim,1,1,P0005,Seoul National University Bundang Hospital,KR,yes,1,Vascular Imaging Features and Time-Specific Recurrence Risk After Craniocervical Artery Dissection,needs_review
A5017898331,Hyung Seok Guk,1,1,P0005,Seoul National University Bundang Hospital,KR,yes,1,Vascular Imaging Features and Time-Specific Recurrence Risk After Craniocervical Artery Dissection,needs_review
A5050789321,Han‐Gil Jeong,1,1,P0005,Chung-Ang University Hospital; Seoul National University Bundang Hospital,KR,yes,1,Vascular Imaging Features and Time-Specific Recurrence Risk After Craniocervical Artery Dissection,needs_review
A5053374085,Sang‐Soon Park,1,1,P0005,Seoul Medical Center,KR,yes,1,Vascular Imaging Features and Time-Specific Recurrence Risk After Craniocervical Artery Dissection,needs_review
A5007226118,Jin Kyo Choi,1,1,P0005,Jeju National University; Jeju National University Hospital; Seoul Medical Center,KR,yes,1,Vascular Imaging Features and Time-Specific Recurrence Risk After Craniocervical Artery Dissection,needs_review
A5075055254,Doo Hyuk Kwon,1,1,P0005,Yeungnam University Medical Center,KR,yes,1,Vascular Imaging Features and Time-Specific Recurrence Risk After Craniocervical Artery Dissection,needs_review
A5100359261,Minwoo Lee,1,1,P0005,Hallym University Sacred Heart Hospital; Sacred Heart Hospital,KR; US,yes,1,Vascular Imaging Features and Time-Specific Recurrence Risk After Craniocervical Artery Dissection,needs_review
A5125764392,Sangwon Choi,1,1,P0005,Hallym University Sacred Heart Hospital; Sacred Heart Hospital,KR; US,yes,1,Vascular Imaging Features and Time-Specific Recurrence Risk After Craniocervical Artery Dissection,needs_review
A5010286822,Dong‐Seok Gwak,1,1,P0005,Dongguk University Ilsan Hospital,KR,yes,1,Vascular Imaging Features and Time-Specific Recurrence Risk After Craniocervical Artery Dissection,needs_review
A5100441136,Hyunsoo Kim,1,1,P0005,Chonnam National University Hospital,KR,yes,1,Vascular Imaging Features and Time-Specific Recurrence Risk After Craniocervical Artery Dissection,needs_review
A5061889562,Chul‐Hoo Kang,1,1,P0005,Jeju National University; Jeju National University Hospital,KR,yes,1,Vascular Imaging Features and Time-Specific Recurrence Risk After Craniocervical Artery Dissection,needs_review
A5064470062,Joong‐Goo Kim,1,1,P0005,Chonnam National University Hospital; Eulji University; Jeju National University; Jeju National University Hospital; Seoul National University Bundang Hospital,KR,yes,1,Vascular Imaging Features and Time-Specific Recurrence Risk After Craniocervical Artery Dissection,needs_review
A5071676618,Kyu Sun Yum,1,1,P0005,Chungbuk National University Hospital,KR,yes,1,Vascular Imaging Features and Time-Specific Recurrence Risk After Craniocervical Artery Dissection,needs_review
A5083360254,Hee-Yun Chae,1,1,P0005,Chungbuk National University Hospital,KR,yes,1,Vascular Imaging Features and Time-Specific Recurrence Risk After Craniocervical Artery Dissection,needs_review
A5100750929,Sang‐Hwa Lee,1,1,P0005,Eulji University; Sacred Heart Hospital,KR; NG,yes,1,Vascular Imaging Features and Time-Specific Recurrence Risk After Craniocervical Artery Dissection,needs_review
A5002873373,Chan-Young Park,1,1,P0005,Chung-Ang University Hospital,KR,yes,1,Vascular Imaging Features and Time-Specific Recurrence Risk After Craniocervical Artery Dissection,needs_review
A5013514945,Hae-Bong Jeong,1,1,P0005,Chung-Ang University Hospital; Seoul National University Bundang Hospital,KR,yes,1,Vascular Imaging Features and Time-Specific Recurrence Risk After Craniocervical Artery Dissection,needs_review
A5013293385,Anna Fontcuberta i Morral,27,1,P0004,Laboratoire des Matériaux Avancés; ON Semiconductor (United States); École Polytechnique Fédérale de Lausanne,CH; FR; US,no,27,Template-Assisted Scalable Nanowire Networks,out_of_scope
A5049593207,Dennis L. Parker,21,1,P0005,"Advanced Imaging Research (United States); Kaiser Permanente; Parker Hannifin (United States); University of California, Irvine; University of Utah; VA Salt Lake City Healthcare System",US,no,21,High‐resolution DTI with 2D interleaved multislice reduced FOV single‐shot diffusion‐weighted EPI (2D ss‐rFOV‐DWEPI),out_of_scope
A5077060840,Lucas Güniat,16,1,P0004,Laboratoire des Matériaux Avancés; École Polytechnique Fédérale de Lausanne,CH; FR,no,16,Template-Assisted Scalable Nanowire Networks,out_of_scope
A5051097609,Bernhard Ø. Palsson,14,1,P0002,La Jolla Bioengineering Institute; Novo Nordisk Foundation; Technical University of Denmark; University of California San Diego,DK; US,no,14,Deciphering Fur transcriptional regulatory network highlights its complex role beyond iron metabolism in Escherichia coli,out_of_scope
A5055019122,Gwijeong Park,13,1,P0004,,,no,13,A Study for Establishing Business Model of Korean Medical Tourism Cloud Platform–Focusing Expert Group in Depth Interview,out_of_scope
A5064804226,J. Scott McNally,12,1,P0005,"Advanced Imaging Research (United States); Kaiser Permanente; University of California, Irvine; University of Utah; VA Salt Lake City Healthcare System",US,no,12,High-resolution vessel wall MRI for the evaluation of intracranial atherosclerotic disease,out_of_scope
A5080472610,Anjana Rao,11,1,P0003,Keio University; La Jolla Institute For Molecular Medicine; La Jolla Institute for Immunology; La Jolla Science Applications (United States); National Center for Global Health and Medicine; Sanford Consortium for Regenerative Medicine; University of California San Diego,JP; US,no,11,NR4A transcription factors limit CAR T cell function in solid tumours,out_of_scope
A5016745337,Jean-Baptiste Leran,11,1,P0004,Laboratoire des Matériaux Avancés; École Polytechnique Fédérale de Lausanne,CH; FR,no,11,Bistability of Contact Angle and Its Role in Achieving Quantum-Thin Self-Assisted GaAs nanowires,out_of_scope
A5040640729,Martin Friedl,9,1,P0004,Laboratoire des Matériaux Avancés; École Polytechnique Fédérale de Lausanne,CH; FR,no,9,Template-Assisted Scalable Nanowire Networks,out_of_scope
A5070085800,Akshay Balgarkashi,9,1,P0004,École Polytechnique Fédérale de Lausanne,CH,no,9,III–V Integration on Si(100): Vertical Nanospades,out_of_scope
A5015472372,Ye Gao,8,1,P0002,La Jolla Bioengineering Institute; University of California San Diego,US,no,8,Cellular responses to reactive oxygen species are predicted from molecular mechanisms,out_of_scope
A5101821906,Joyce Chen,8,1,P0003,Keio University; La Jolla Institute For Molecular Medicine; La Jolla Institute for Immunology; National Center for Global Health and Medicine; Sanford Consortium for Regenerative Medicine; University of California San Diego,JP; US,no,8,NR4A transcription factors limit CAR T cell function in solid tumours,out_of_scope
A5047222181,Anand V. Sastry,7,1,P0002,La Jolla Bioengineering Institute; University of California San Diego,US,no,7,Cellular responses to reactive oxygen species are predicted from molecular mechanisms,out_of_scope
A5082078681,Didem Dede,7,1,P0004,École Polytechnique Fédérale de Lausanne,CH,no,7,Remote Doping of Scalable Nanowire Branches,out_of_scope
A5064112967,Gerald S. Treiman,7,1,P0005,"Advanced Imaging Research (United States); Kaiser Permanente; Milliman (United States); University of California, Irvine; University of Utah; VA Salt Lake City Healthcare System",US,no,7,Magnetic Resonance Imaging Detection of Intraplaque Hemorrhage,out_of_scope
A5087926553,Darrell J. Irvine,6,1,P0001,Massachusetts Institute of Technology,US,no,6,Immunological synapse arrays: Patterned protein surfaces that modulate immunological synapse structure formation in T cells,out_of_scope
A5071564078,Richard Szubin,6,1,P0002,La Jolla Bioengineering Institute; University of California San Diego,US,no,6,Deciphering Fur transcriptional regulatory network highlights its complex role beyond iron metabolism in Escherichia coli,out_of_scope
A5017060646,Isaac F. López-Moyado,6,1,P0003,Keio University; La Jolla Institute for Immunology; National Center for Global Health and Medicine; Sanford Consortium for Regenerative Medicine; University of California San Diego,JP; US,no,6,NR4A transcription factors limit CAR T cell function in solid tumours,out_of_scope
A5044513054,David L. Trumper,6,1,P0004,Massachusetts Institute of Technology,US,no,6,Design and analysis framework for linear permanent-magnet machines,out_of_scope
A5029423715,Luca Francaviglia,6,1,P0004,Laboratoire des Matériaux Avancés; École Polytechnique Fédérale de Lausanne,CH; FR,no,6,Bistability of Contact Angle and Its Role in Achieving Quantum-Thin Self-Assisted GaAs nanowires,out_of_scope
A5006304572,Valerio Piazza,6,1,P0004,École Polytechnique Fédérale de Lausanne,CH,no,6,Doping challenges and pathways to industrial scalability of III–V nanowire arrays,out_of_scope
A5030774064,Nicolas Tappy,6,1,P0004,École Polytechnique Fédérale de Lausanne,CH,no,6,III–V Integration on Si(100): Vertical Nanospades,out_of_scope
A5065409860,Hye-Kyung Jung,6,1,P0005,,,no,6,The Frequency of Post-infectious IBS (PI-IBS) in Patients with Acute Diarrhea and the Risk Factors for PI-IBS of Special Reference to the Colonoscopic Findings,out_of_scope
A5080751595,Laurence Yang,5,1,P0002,Queen's University; University of California San Diego,CA; US,no,5,Cellular responses to reactive oxygen species are predicted from molecular mechanisms,out_of_scope
A5038727732,Gözde Tütüncüoğlu,5,1,P0004,Laboratoire des Matériaux Avancés; École Polytechnique Fédérale de Lausanne,CH; FR,no,5,Template-Assisted Scalable Nanowire Networks,out_of_scope
A5044247637,Sara Martí‐Sánchez,5,1,P0004,Consejo Superior de Investigaciones Científicas; Institut Català de Nanociència i Nanotecnologia,ES,no,5,Template-Assisted Scalable Nanowire Networks,out_of_scope
A5072209624,Heidi Potts,5,1,P0004,Laboratoire des Matériaux Avancés; École Polytechnique Fédérale de Lausanne,CH; FR,no,5,Template-Assisted Scalable Nanowire Networks,out_of_scope
A5023507377,Mahdi Zamani,5,1,P0004,Laboratoire des Matériaux Avancés; École Polytechnique Fédérale de Lausanne,CH; FR,no,5,Template-Assisted Scalable Nanowire Networks,out_of_scope
A5012137737,Jordi Arbiol,5,1,P0004,Consejo Superior de Investigaciones Científicas; Institució Catalana de Recerca i Estudis Avançats; Institut Català de Nanociència i Nanotecnologia,ES,no,5,Template-Assisted Scalable Nanowire Networks,out_of_scope
A5070487789,Jelena Vukajlovic-Plestina,5,1,P0004,ON Semiconductor (United States); École Polytechnique Fédérale de Lausanne,CH; US,no,5,Bistability of Contact Angle and Its Role in Achieving Quantum-Thin Self-Assisted GaAs nanowires,out_of_scope
A5084845115,Nicholas Morgan,5,1,P0004,École Polytechnique Fédérale de Lausanne,CH,no,5,Remote Doping of Scalable Nanowire Branches,out_of_scope
A5110002334,Eun‐Kee Jeong,5,1,P0005,Advanced Imaging Research (United States); University of Utah,US,no,5,High‐resolution DTI with 2D interleaved multislice reduced FOV single‐shot diffusion‐weighted EPI (2D ss‐rFOV‐DWEPI),out_of_scope
A5026066788,J. Rock Hadley,5,1,P0005,Advanced Imaging Research (United States); University of Utah,US,no,5,Magnetic Resonance Imaging Detection of Intraplaque Hemorrhage,out_of_scope
A5007617686,ShimKiNam,5,1,P0005,,,no,5,소화성 궤양 출혈에서 노인군과 청장년군의 임상 특징과 경과의 후향 비교,out_of_scope
A5112588753,Jung Sung,5,1,P0005,,,no,5,소화성 궤양 출혈에서 노인군과 청장년군의 임상 특징과 경과의 후향 비교,out_of_scope
A5082781750,문일환,5,1,P0005,,,no,5,소화성 궤양 출혈에서 노인군과 청장년군의 임상 특징과 경과의 후향 비교,out_of_scope
A5013133602,Song‐yi Youn,5,1,P0005,University of Missouri,US,no,5,In-Store Automation: Consumers’ Technology Adoption and Perceived Digital Exclusion,out_of_scope
A5100410160,Seung Hwan Lee,2,2,P0001; P0005,University of Ottawa,CA,no,5,Expansion of Human NK Cells Using K562 Cells Expressing OX40 Ligand and Short Exposure to IL-21,out_of_scope
A5032942837,Hyun Joo Son,2,2,P0002; P0005,,,no,5,The Effects of Various Extracellular Matrices on Motility of Cultured MC3T3-E1 Cell.,out_of_scope
A5086030263,Daeyeon Lee,4,1,P0001,California University of Pennsylvania; University of Pennsylvania,US,no,4,One-Step Generation of Multifunctional Polyelectrolyte Microcapsules via Nanoscale Interfacial Complexation in Emulsion (NICE),out_of_scope
A5023323263,Nathan Mih,4,1,P0002,University of California San Diego,US,no,4,Cellular responses to reactive oxygen species are predicted from molecular mechanisms,out_of_scope
A5082126398,James T. Yurkovich,4,1,P0002,La Jolla Bioengineering Institute; University of California San Diego,US,no,4,Cellular responses to reactive oxygen species are predicted from molecular mechanisms,out_of_scope
A5035408327,Chan‐Wang Jerry Lio,4,1,P0003,La Jolla Institute for Immunology; The Ohio State University,US,no,4,NR4A transcription factors limit CAR T cell function in solid tumours,out_of_scope
A5003696007,Laura J. Hempleman,4,1,P0003,Keio University; La Jolla Institute for Immunology; National Center for Global Health and Medicine,JP; US,no,4,NR4A transcription factors limit CAR T cell function in solid tumours,out_of_scope
A5039946811,Takashi Sekiya,4,1,P0003,Keio University; La Jolla Institute for Immunology; National Center for Global Health and Medicine,JP; US,no,4,NR4A transcription factors limit CAR T cell function in solid tumours,out_of_scope
A5031427780,Akihiko Yoshimura,4,1,P0003,Keio University; La Jolla Institute for Immunology; National Center for Global Health and Medicine,JP; US,no,4,NR4A transcription factors limit CAR T cell function in solid tumours,out_of_scope
A5043245521,James Scott‐Browne,4,1,P0003,Keio University; La Jolla Institute for Immunology; National Center for Global Health and Medicine; National Jewish Health; Sanford Consortium for Regenerative Medicine; University of Colorado Denver,JP; US,no,4,NR4A transcription factors limit CAR T cell function in solid tumours,out_of_scope
A5101542859,Arundhoti Das,4,1,P0003,National Cancer Institute; National Institutes of Health,MY; US,no,4,TOX and TOX2 transcription factors cooperate with NR4A transcription factors to impose CD8 + T cell exhaustion,out_of_scope
A5089453097,Wade Zhang,4,1,P0003,La Jolla Bioengineering Institute; La Jolla Institute for Immunology; University of California San Diego,US,no,4,TOX and TOX2 transcription factors cooperate with NR4A transcription factors to impose CD8 + T cell exhaustion,out_of_scope
A5002370058,Patrick G. Hogan,4,1,P0003,La Jolla Institute For Molecular Medicine; La Jolla Institute for Immunology; University of California San Diego,US,no,4,TOX and TOX2 transcription factors cooperate with NR4A transcription factors to impose CD8 + T cell exhaustion,out_of_scope
A5042456497,Avinash Bhandoola,4,1,P0003,National Cancer Institute; National Institutes of Health,MY; US,no,4,TOX and TOX2 transcription factors cooperate with NR4A transcription factors to impose CD8 + T cell exhaustion,out_of_scope
A5073415745,В. Г. Дубровский,4,1,P0004,ITMO University; St Petersburg University; St. Petersburg College,RU; US,no,4,Template-Assisted Scalable Nanowire Networks,out_of_scope
A5026895634,Huzefa Shakir,4,1,P0004,Halliburton (United States); Mitchell Institute; Texas A&M University,US,no,4,Novel electromagnetic actuation scheme for multiaxis nanopositioning,out_of_scope
A5017569337,Milo Yaro Swinkels,4,1,P0004,University of Basel,CH,no,4,Measuring the Optical Absorption of Single Nanowires,out_of_scope
A5074286300,Ilaria Zardo,4,1,P0004,Swiss Nanoscience Institute; University of Basel,CH,no,4,Measuring the Optical Absorption of Single Nanowires,out_of_scope
A5083395079,Yonatan Calahorra,4,1,P0004,University of Cambridge,GB,no,4,Highly sensitive piezotronic pressure sensors based on undoped GaAs nanowire ensembles,out_of_scope
A5049535306,Sohini Kar‐Narayan,4,1,P0004,University of Cambridge,GB,no,4,Highly sensitive piezotronic pressure sensors based on undoped GaAs nanowire ensembles,out_of_scope
A5031134055,Geukjoo Kang,4,1,P0004,,,no,4,The Determinants of Continuous Usage Intention for One-on-one Online English Education Program,out_of_scope
A5057622454,Eugene Kholmovski,4,1,P0005,Advanced Imaging Research (United States); University of Utah,US,no,4,High‐resolution DTI with 2D interleaved multislice reduced FOV single‐shot diffusion‐weighted EPI (2D ss‐rFOV‐DWEPI),out_of_scope
A5034864639,Mark Pimentel,4,1,P0005,Cedars-Sinai Medical Center,US,no,4,Autoimmunity Links Vinculin to the Pathophysiology of Chronic Functional Bowel Changes Following Campylobacter jejuni Infection in a Rat Model,out_of_scope
A5103939037,Walter Morales,4,1,P0005,Cedars-Sinai Medical Center,US,no,4,Autoimmunity Links Vinculin to the Pathophysiology of Chronic Functional Bowel Changes Following Campylobacter jejuni Infection in a Rat Model,out_of_scope
A5003597455,Κonstantinos Τriantafyllou,4,1,P0005,Athens State University; University General Hospital Attikon,GR; US,no,4,Autoimmunity Links Vinculin to the Pathophysiology of Chronic Functional Bowel Changes Following Campylobacter jejuni Infection in a Rat Model,out_of_scope
A5010073922,Stacy Weitsman,4,1,P0005,Cedars-Sinai Medical Center,US,no,4,Autoimmunity Links Vinculin to the Pathophysiology of Chronic Functional Bowel Changes Following Campylobacter jejuni Infection in a Rat Model,out_of_scope
A5054587412,Adam de Havenon,4,1,P0005,University of Utah; University of Utah Hospital,US,no,4,High-resolution vessel wall MRI for the evaluation of intracranial atherosclerotic disease,out_of_scope
A5014184061,Gwenaël Layec,4,1,P0005,British Geriatrics Society; George E. Wahlen Department of VA Medical Center; Geriatric Research Education and Clinical Center; Lake City VA Medical Center; University of Utah,GB; US,no,4,In vivoevidence of an age-related increase in ATP cost of contraction in the plantar flexor muscles,out_of_scope
A5035467273,Joel D. Trinity,4,1,P0005,British Geriatrics Society; George E. Wahlen Department of VA Medical Center; Geriatric Research Education and Clinical Center; Lake City VA Medical Center; University of Utah,GB; US,no,4,In vivoevidence of an age-related increase in ATP cost of contraction in the plantar flexor muscles,out_of_scope
A5103956511,Corey R. Hart,4,1,P0005,"Center for Health, Exercise and Sport Sciences; George E. Wahlen Department of VA Medical Center; Geriatric Research Education and Clinical Center; Lake City VA Medical Center; University of Utah",RS; US,no,4,In vivoevidence of an age-related increase in ATP cost of contraction in the plantar flexor muscles,out_of_scope
A5057187042,H. Jonathan Groot,4,1,P0005,"Center for Health, Exercise and Sport Sciences; George E. Wahlen Department of VA Medical Center; Geriatric Research Education and Clinical Center; Lake City VA Medical Center; University of Utah",RS; US,no,4,In vivoevidence of an age-related increase in ATP cost of contraction in the plantar flexor muscles,out_of_scope
A5001300566,Jacob R. Sorensen,4,1,P0005,"Center for Health, Exercise and Sport Sciences; George E. Wahlen Department of VA Medical Center; Geriatric Research Education and Clinical Center; University of Utah",RS; US,no,4,In vivoevidence of an age-related increase in ATP cost of contraction in the plantar flexor muscles,out_of_scope
A5016791114,Russell S. Richardson,4,1,P0005,"British Geriatrics Society; Center for Health, Exercise and Sport Sciences; George E. Wahlen Department of VA Medical Center; Geriatric Research Education and Clinical Center; Lake City VA Medical Center; University of Utah",GB; RS; US,no,4,In vivoevidence of an age-related increase in ATP cost of contraction in the plantar flexor muscles,out_of_scope
A5050227228,Christi M. Terry,4,1,P0005,University of Utah,US,no,4,In vivo evaluation of the delivery and efficacy of a sirolimus-laden polymer gel for inhibition of hyperplasia in a porcine model of arteriovenous hemodialysis graft stenosis,out_of_scope
A5054409151,Alfred K. Cheung,4,1,P0005,University of Utah; VA Salt Lake City Healthcare System,US,no,4,In vivo evaluation of the delivery and efficacy of a sirolimus-laden polymer gel for inhibition of hyperplasia in a porcine model of arteriovenous hemodialysis graft stenosis,out_of_scope
A5011157468,Matthew D. Alexander,4,1,P0005,Advanced Imaging Research (United States); University of Utah,US,no,4,Assessment of quantitative methods for enhancement measurement on vessel wall magnetic resonance imaging evaluation of intracranial atherosclerosis,out_of_scope
A5067898880,John A. Roberts,4,1,P0005,"Kaiser Permanente; University of California, Irvine; University of Utah; University of Utah Hospital; VA Salt Lake City Healthcare System",US,no,4,The need for phase‐encoding flow compensation in high‐resolution intracranial magnetic resonance angiography,out_of_scope
A5048572830,유권,4,1,P0005,,,no,4,소화성 궤양 출혈에서 노인군과 청장년군의 임상 특징과 경과의 후향 비교,out_of_scope
A5043016445,강민정,4,1,P0005,,,no,4,소화성 궤양 출혈에서 노인군과 청장년군의 임상 특징과 경과의 후향 비교,out_of_scope
A5069800673,Chang Y. Ryu,1,2,P0001; P0002,Rensselaer Polytechnic Institute,US,no,4,A novel pathogen detection system based on high‐resolution CE‐SSCP using a triblock copolymer matrix,out_of_scope
A5055375834,Charles J. Salvo,1,2,P0001; P0002,Rensselaer Polytechnic Institute,US,no,4,A novel pathogen detection system based on high‐resolution CE‐SSCP using a triblock copolymer matrix,out_of_scope
A5000195650,Shaina Feldman,1,2,P0001; P0002,Rensselaer Polytechnic Institute,US,no,4,A novel pathogen detection system based on high‐resolution CE‐SSCP using a triblock copolymer matrix,out_of_scope
A5063424855,Chuangqi Wang,1,2,P0001; P0005,University of Colorado Anschutz,US,no,4,Deep Learning-Based Automated Analysis of NK Cell Cytotoxicity in Single Cancer Cell Arrays,out_of_scope
A5084733067,Kwonmoo Lee,1,2,P0001; P0005,Boston Children's Hospital; Harvard University,US,no,4,Deep Learning-Based Automated Analysis of NK Cell Cytotoxicity in Single Cancer Cell Arrays,out_of_scope
A5018179968,Matthew F. Krummel,3,1,P0001,"University of California, San Francisco",US,no,3,A Synaptic Basis for Paracrine Interleukin-2 Signaling during Homotypic T Cell Interaction,out_of_scope
A5028161783,Cassian Yee,3,1,P0001,Fred Hutch Cancer Center; The University of Texas MD Anderson Cancer Center,US,no,3,Homotypic NK cell-to-cell communication controls cytokine responsiveness of innate immune NK cells,out_of_scope
A5084102341,Daniel A. Fletcher,3,1,P0001,,,no,3,Preface,out_of_scope
A5074987069,Matthieu Piel,3,1,P0001,,,no,3,Preface,out_of_scope
A5019079507,Justin Tan,3,1,P0002,La Jolla Bioengineering Institute; University of California San Diego,US,no,3,Cellular responses to reactive oxygen species are predicted from molecular mechanisms,out_of_scope
A5088968927,Jonathan M. Monk,3,1,P0002,La Jolla Bioengineering Institute; University of California San Diego,US,no,3,Cellular responses to reactive oxygen species are predicted from molecular mechanisms,out_of_scope
A5100451980,Ke Chen,3,1,P0002,La Jolla Bioengineering Institute; University of California San Diego,US,no,3,Systematic discovery of uncharacterized transcription factors in Escherichia coli K-12 MG1655,out_of_scope
A5025769190,Anjana Rao,3,1,P0003,La Jolla Institute for Immunology,US,no,3,Disruption of TOX transcription factors enhances CAR T cells function in solid tumors,out_of_scope
A5113718136,Shobhit Verma,3,1,P0004,KLA (United States); Mitchell Institute; Texas A&M University,US,no,3,Novel electromagnetic actuation scheme for multiaxis nanopositioning,out_of_scope
A5073281591,Lea Ghisalberti,3,1,P0004,Laboratoire des Matériaux Avancés; École Polytechnique Fédérale de Lausanne,CH; FR,no,3,Optimizing the yield of A-polar GaAs nanowires to achieve defect-free zinc blende structure and enhanced optical functionality,out_of_scope
A5001731766,O. García,3,1,P0004,Universitat Politècnica de Catalunya,ES,no,3,III–V Integration on Si(100): Vertical Nanospades,out_of_scope
A5061331682,Mégane Boscardin,3,1,P0004,École Polytechnique Fédérale de Lausanne,CH,no,3,III–V Integration on Si(100): Vertical Nanospades,out_of_scope
A5061244792,David Vindice,3,1,P0004,École Polytechnique Fédérale de Lausanne,CH,no,3,III–V Integration on Si(100): Vertical Nanospades,out_of_scope
A5067544041,Alessio Campo,3,1,P0004,University of Basel,CH,no,3,Measuring the Optical Absorption of Single Nanowires,out_of_scope
A5029262258,Daniel Vakulov,3,1,P0004,Eindhoven University of Technology,NL,no,3,Measuring the Optical Absorption of Single Nanowires,out_of_scope
A5055655077,L. Gagliano,3,1,P0004,Eindhoven University of Technology,NL,no,3,Measuring the Optical Absorption of Single Nanowires,out_of_scope
A5085249712,Simon Escobar Steinvall,3,1,P0004,École Polytechnique Fédérale de Lausanne,CH,no,3,Measuring the Optical Absorption of Single Nanowires,out_of_scope
A5058957620,Hermann Detz,3,1,P0004,Brno University of Technology; Central European Institute of Technology; TU Wien,AT; CZ,no,3,Measuring the Optical Absorption of Single Nanowires,out_of_scope
A5083337822,Marta De Luca,3,1,P0004,University of Basel,CH,no,3,Measuring the Optical Absorption of Single Nanowires,out_of_scope
A5036064722,Alois Lugstein,3,1,P0004,TU Wien,AT,no,3,Measuring the Optical Absorption of Single Nanowires,out_of_scope
A5041376320,Erik P. A. M. Bakkers,3,1,P0004,Eindhoven University of Technology,NL,no,3,Measuring the Optical Absorption of Single Nanowires,out_of_scope
A5060547048,Kun Ji,3,1,P0004,Mitchell Institute; Technological University of Tajikistan; Texas A&M University; University of Tampa,TJ; US,no,3,INTERNET‐BASED REAL‐TIME CONTROL ARCHITECTURES WITH TIME‐DELAY/PACKET‐LOSS COMPENSATION,out_of_scope
A5102155879,Jong-Yeol Shin,3,1,P0004,,,no,3,Dependence of the Partial Discharge Characteristics of Ultra-high Voltage Cable Insulators on the Measuring Temperature,out_of_scope
A5039757296,Titouan Charvin,3,1,P0004,École Polytechnique Fédérale de Lausanne,CH,no,3,Nanoscale Mapping of Light Emission in Nanospade-Based InGaAs Quantum Wells Integrated on Si(100): Implications for Dual Light-Emitting Devices,out_of_scope
A5015380128,Raphaël Lemerle,3,1,P0004,École Polytechnique Fédérale de Lausanne,CH,no,3,Nanoscale Mapping of Light Emission in Nanospade-Based InGaAs Quantum Wells Integrated on Si(100): Implications for Dual Light-Emitting Devices,out_of_scope
A5035874630,Luiz H. G. Tizei,3,1,P0004,Centre National de la Recherche Scientifique; Laboratoire de physique des Solides; Université Paris-Saclay,FR,no,3,Nanoscale Mapping of Light Emission in Nanospade-Based InGaAs Quantum Wells Integrated on Si(100): Implications for Dual Light-Emitting Devices,out_of_scope
A5074794329,Mathieu Kociak,3,1,P0004,Centre National de la Recherche Scientifique; Laboratoire de physique des Solides; Université Paris-Saclay,FR,no,3,Nanoscale Mapping of Light Emission in Nanospade-Based InGaAs Quantum Wells Integrated on Si(100): Implications for Dual Light-Emitting Devices,out_of_scope
A5086418616,Gwijeong Park,3,1,P0004,,,no,3,한국 프랜차이즈 커피전문점의 서비스품질이 고객만족 및 재방문의도에 미치는 영향2) -몽골 진출 한국 커피숍 브랜드를 중심으로-,out_of_scope
A5015793067,Kristen K. Fiedler,3,1,P0005,Allen Institute for Brain Science; University of Utah,US,no,3,Decreased brain PME / PDE ratio in bipolar disorder: a preliminary 31P magnetic resonance spectroscopy study,out_of_scope
A5071982234,Tracy Hellem,3,1,P0005,Allen Institute for Brain Science; University of Utah,US,no,3,Decreased brain PME / PDE ratio in bipolar disorder: a preliminary 31P magnetic resonance spectroscopy study,out_of_scope
A5057767291,Perry F. Renshaw,3,1,P0005,"Allen Institute for Brain Science; Lake City VA Medical Center; Mental Illness Research, Education and Clinical Centers; Salt Lake City Public Library; United States Department of Veterans Affairs; University of Utah; VA Rocky Mountain Network; VA Salt Lake City Healthcare System",US,no,3,Decreased brain PME / PDE ratio in bipolar disorder: a preliminary 31P magnetic resonance spectroscopy study,out_of_scope
A5066698088,Douglas G. Kondo,3,1,P0005,"Allen Institute for Brain Science; Mental Illness Research, Education and Clinical Centers; Salt Lake City Public Library; United States Department of Veterans Affairs; University of Utah; VA Rocky Mountain Network",US,no,3,Decreased brain PME / PDE ratio in bipolar disorder: a preliminary 31P magnetic resonance spectroscopy study,out_of_scope
A5070624753,Zachary Marsh,3,1,P0005,Cedars-Sinai Medical Center,US,no,3,Autoimmunity Links Vinculin to the Pathophysiology of Chronic Functional Bowel Changes Following Campylobacter jejuni Infection in a Rat Model,out_of_scope
A5015306917,Emily Marsh,3,1,P0005,Cedars-Sinai Medical Center,US,no,3,Autoimmunity Links Vinculin to the Pathophysiology of Chronic Functional Bowel Changes Following Campylobacter jejuni Infection in a Rat Model,out_of_scope
A5009425243,Christopher Chang,3,1,P0005,Cedars-Sinai Medical Center,US,no,3,Autoimmunity Links Vinculin to the Pathophysiology of Chronic Functional Bowel Changes Following Campylobacter jejuni Infection in a Rat Model,out_of_scope
A5035069302,Yann Le Fur,3,1,P0005,Aix-Marseille Université; Centre National de la Recherche Scientifique; Centre de Résonance Magnétique Biologique et Médicale,FR,no,3,In vivoevidence of an age-related increase in ATP cost of contraction in the plantar flexor muscles,out_of_scope
A5071571753,Ilya Zhuplatov,3,1,P0005,University of Utah,US,no,3,In vivo evaluation of the delivery and efficacy of a sirolimus-laden polymer gel for inhibition of hyperplasia in a porcine model of arteriovenous hemodialysis graft stenosis,out_of_scope
A5112237407,Krishna K. Narra,3,1,P0005,"Kaiser Permanente; University of California, Irvine; University of Utah; VA Salt Lake City Healthcare System",US,no,3,Carotid MRI Detection of Intraplaque Hemorrhage at 3T and 1.5T,out_of_scope
A5048427316,K. Craig Goodrich,3,1,P0005,Advanced Imaging Research (United States); University of Utah; University of Utah Hospital,US,no,3,The need for phase‐encoding flow compensation in high‐resolution intracranial magnetic resonance angiography,out_of_scope
A5049243387,Su young Hong,3,1,P0005,,,no,3,"Comparison of Biological Activities of Ethanol Extracts of Unripe Fruit of Bitter Melon (Momordica charantia L.) Cultivated in Hamyang, Korea",out_of_scope
A5080297377,Jin Kwang Lee,3,1,P0005,,,no,3,Comparative Value of Sigmoidoscopy and Stool Cytotoxin-A Assay for Diagnosis of Pseudomembranous Colitis,out_of_scope
A5101590444,Soo Hyung Ryu,3,1,P0005,,,no,3,Comparative Value of Sigmoidoscopy and Stool Cytotoxin-A Assay for Diagnosis of Pseudomembranous Colitis,out_of_scope
A5103979208,Sung-Ae Jung,3,1,P0005,,,no,3,Effect of Lactobacillus Acidophilus On Helicobacter Pylori Treatment,out_of_scope
A5051028456,Eun Ju Lim,3,1,P0005,,,no,3,Recognition of Mental Health Problems and Attitudes toward Seeking Professional Psychological Help in Nursing Students,out_of_scope
A5076417100,Jeongeun Shin,3,1,P0005,,,no,3,Incidence and risk factors of missing polyps in flexible sigmoidoscopy: A prospective multicenter study,out_of_scope
A5103444468,Ji‐Hyun Song,3,1,P0005,,,no,3,Triple Therapy Only for 7 Days Vs. Triple Therapy for 7 Days Plus Omeprazole for 21 Days in Treatment of Active Peptic Ulcer with Helicobacter Pylori Infection,out_of_scope
A5070736671,Shawn Winer,3,1,P0005,University of Toronto,CA,no,3,Wheat fiber-induced peripheral regulatory T-cells suppress development of colitis,out_of_scope
A5031270538,Daniel A. Winer,3,1,P0005,Buck Institute for Research on Aging; University of Toronto,CA; US,no,3,Wheat fiber-induced peripheral regulatory T-cells suppress development of colitis,out_of_scope
A5058661362,Michael Pellizzon,3,1,P0005,Banyan Biomarkers (United States); International Technology Products,DE; US,no,3,Wheat fiber-induced peripheral regulatory T-cells suppress development of colitis,out_of_scope
A5047730309,Vu L. Ngo,3,1,P0005,Georgia State University,US,no,3,Wheat fiber-induced peripheral regulatory T-cells suppress development of colitis,out_of_scope
A5019350885,Andrew T. Gewirtz,3,1,P0005,Georgia State University; Institute of Infection and Immunity,CA; US,no,3,Wheat fiber-induced peripheral regulatory T-cells suppress development of colitis,out_of_scope
A5110386123,Gi-Nam Sim,3,1,P0005,,,no,3,A Case of Duodenal Obstruction Induced by the Short-term Use of a Nonsteroidal Anti-inflammatory Drug,out_of_scope
A5003182648,Seong-Ae Jeong,3,1,P0005,,,no,3,A Case of Duodenal Obstruction Induced by the Short-term Use of a Nonsteroidal Anti-inflammatory Drug,out_of_scope
A5016281132,정지민,3,1,P0005,,,no,3,소화성 궤양 출혈에서 노인군과 청장년군의 임상 특징과 경과의 후향 비교,out_of_scope
A5066404409,염혜정,3,1,P0005,,,no,3,Factors associated with the Development of Paralytic Ileus in Medical ICU Patients on Mechanical Ventilation,out_of_scope
A5024854763,최윤정,3,1,P0005,,,no,3,식도부식제 손상으로 결장식도 성형술 후 발생한 경부 가성게실과 과잉결장,out_of_scope
A5041966054,Jung Sung,3,1,P0005,,,no,3,식도부식제 손상으로 결장식도 성형술 후 발생한 경부 가성게실과 과잉결장,out_of_scope
A5078696863,김소이,3,1,P0005,,,no,3,식도부식제 손상으로 결장식도 성형술 후 발생한 경부 가성게실과 과잉결장,out_of_scope
A5025834281,Joohye Hwang,3,1,P0005,Thomas Jefferson University; University of Missouri,US,no,3,In-Store Automation: Consumers’ Technology Adoption and Perceived Digital Exclusion,out_of_scope
A5025321620,Wongi Woo,3,1,P0005,Northwestern University; St. Joseph Medical Center,US,no,3,EP.03G.02 Molecular and Immune Landscape of Invasive Mucinous Adenocarcinoma (IMA) Of the Lung and Its Survival Outcome,out_of_scope
A5015257934,Adam Dugan,3,1,P0005,Tempus Labs (United States),US,no,3,EP.03G.02 Molecular and Immune Landscape of Invasive Mucinous Adenocarcinoma (IMA) Of the Lung and Its Survival Outcome,out_of_scope
A5086114004,Jae Hun Shin,2,1,P0001,University of Diyala; Yale University; Yale-NUS College,IQ; SG; US,no,2,dNP2 is a blood–brain barrier-permeable peptide enabling ctCTLA-4 protein delivery to ameliorate experimental autoimmune encephalomyelitis,out_of_scope
A5091731940,Lark Kyun Kim,2,1,P0001,University of Diyala; Yale University; Yale-NUS College,IQ; SG; US,no,2,dNP2 is a blood–brain barrier-permeable peptide enabling ctCTLA-4 protein delivery to ameliorate experimental autoimmune encephalomyelitis,out_of_scope
A5006861896,Alfred L.M. Bothwell,2,1,P0001,University of Diyala; Yale University; Yale-NUS College,IQ; SG; US,no,2,dNP2 is a blood–brain barrier-permeable peptide enabling ctCTLA-4 protein delivery to ameliorate experimental autoimmune encephalomyelitis,out_of_scope
A5011336008,Ki Tae Nam,2,1,P0001,Massachusetts Institute of Technology; National University College,PR; US,no,2,Spatiotemporally modulated full-polarized light emission for multiplexed optical encryption,out_of_scope
A5030463228,Philip D. Greenberg,2,1,P0001,Fred Hutch Cancer Center; University of Washington,US,no,2,MicroRNA-150 regulates the cytotoxicity of natural killers by targeting perforin-1,out_of_scope
A5069094503,Paula T. Hammond,2,1,P0001,Massachusetts Institute of Technology,US,no,2,Controlling Surface Mobility in Interdiffusing Polyelectrolyte Multilayers,out_of_scope
A5100410171,SeungHwan Lee,2,1,P0001,University of Ottawa,CA,no,2,Expansion of cytotoxic natural killer cells in multiple myeloma patients using K562 cells expressing OX40 ligand and membrane-bound IL-18 and IL-21,out_of_scope
A5051432302,Edward J. O’Brien,2,1,P0002,University of California San Diego,US,no,2,Deciphering Fur transcriptional regulatory network highlights its complex role beyond iron metabolism in Escherichia coli,out_of_scope
A5032841458,Amitesh Anand,2,1,P0002,University of California San Diego,US,no,2,Cellular responses to reactive oxygen species are predicted from molecular mechanisms,out_of_scope
A5088576635,Joon Ho Park,2,1,P0002,University of California San Diego,US,no,2,Cellular responses to reactive oxygen species are predicted from molecular mechanisms,out_of_scope
A5008123229,Colton J. Lloyd,2,1,P0002,University of California San Diego,US,no,2,Cellular responses to reactive oxygen species are predicted from molecular mechanisms,out_of_scope
A5048081015,Troy E. Sandberg,2,1,P0002,University of California San Diego,US,no,2,Cellular responses to reactive oxygen species are predicted from molecular mechanisms,out_of_scope
A5073232270,Patrick V. Phaneuf,2,1,P0002,University of California San Diego,US,no,2,Cellular responses to reactive oxygen species are predicted from molecular mechanisms,out_of_scope
A5090688831,Jared T. Broddrick,2,1,P0002,University of California San Diego,US,no,2,Cellular responses to reactive oxygen species are predicted from molecular mechanisms,out_of_scope
A5083440227,David Heckmann,2,1,P0002,University of California San Diego,US,no,2,Cellular responses to reactive oxygen species are predicted from molecular mechanisms,out_of_scope
A5072991489,Ying Hefner,2,1,P0002,University of California San Diego,US,no,2,Cellular responses to reactive oxygen species are predicted from molecular mechanisms,out_of_scope
A5062042072,Adam M. Feist,2,1,P0002,Novo Nordisk Foundation; Technical University of Denmark; University of California San Diego,DK; US,no,2,Cellular responses to reactive oxygen species are predicted from molecular mechanisms,out_of_scope
A5065854572,Andreas Dräger,2,1,P0002,Bernstein Center for Computational Neuroscience Tübingen; University of Tübingen,DE,no,2,Systematic discovery of uncharacterized transcription factors in Escherichia coli K-12 MG1655,out_of_scope
A5001961475,Xin Fang,2,1,P0002,University of California San Diego,US,no,2,Systematic discovery of uncharacterized transcription factors in Escherichia coli K-12 MG1655,out_of_scope
A5108094949,Johannes Eichner,2,1,P0002,Bernstein Center for Computational Neuroscience Tübingen; University of Tübingen,DE,no,2,Systematic discovery of uncharacterized transcription factors in Escherichia coli K-12 MG1655,out_of_scope
A5077886697,Gabriela I. Guzmán,2,1,P0002,University of California San Diego,US,no,2,Systems assessment of transcriptional regulation on central carbon metabolism by Cra and CRP,out_of_scope
A5031727851,Inhae Kim,2,1,P0002,,,no,2,Precise Prediction of Translation Efficiency Using the Secondary Structure of mRNA in Escherichia coli,out_of_scope
A5053959667,Solveig Reymond,2,1,P0002,European Synchrotron Radiation Facility; Grenoble Institute of Neurosciences,FR,no,2,Internalization of iron nanoparticles by macrophages for the improvement of glioma treatment,out_of_scope
A5001484083,Raphaël Serduc,2,1,P0002,European Synchrotron Radiation Facility; Grenoble Institute of Neurosciences,FR,no,2,Internalization of iron nanoparticles by macrophages for the improvement of glioma treatment,out_of_scope
A5050373271,Hélène Elleaume,2,1,P0002,European Synchrotron Radiation Facility; Grenoble Institute of Neurosciences,FR,no,2,Internalization of iron nanoparticles by macrophages for the improvement of glioma treatment,out_of_scope
A5031548483,Won Jai Lee,2,1,P0002,,,no,2,Clinical Experience of Pulmonary Embolism after Coverage of Pressure Sore,out_of_scope
A5030458330,Edahí González‐Avalos,2,1,P0003,La Jolla Institute for Immunology; University of California San Diego,US,no,2,TOX and TOX2 transcription factors cooperate with NR4A transcription factors to impose CD8 + T cell exhaustion,out_of_scope
A5067728021,Cheng-Jang Wu,2,1,P0003,University of California San Diego,US,no,2,TOX and TOX2 transcription factors cooperate with NR4A transcription factors to impose CD8 + T cell exhaustion,out_of_scope
A5037865669,Jennifer L. Hope,2,1,P0003,Discovery Institute; Sanford Burnham Prebys Medical Discovery Institute,US,no,2,PSGL-1 attenuates early TCR signaling to suppress CD8+ T cell progenitor differentiation and elicit terminal CD8+ T cell exhaustion,out_of_scope
A5005922958,Dennis C. Otero,2,1,P0003,Discovery Institute; Sanford Burnham Prebys Medical Discovery Institute,US,no,2,PSGL-1 attenuates early TCR signaling to suppress CD8+ T cell progenitor differentiation and elicit terminal CD8+ T cell exhaustion,out_of_scope
A5069809847,Christopher J. Stairiker,2,1,P0003,Discovery Institute; Sanford Burnham Prebys Medical Discovery Institute,US,no,2,PSGL-1 attenuates early TCR signaling to suppress CD8+ T cell progenitor differentiation and elicit terminal CD8+ T cell exhaustion,out_of_scope
A5016024913,Ashley B. Palete,2,1,P0003,Discovery Institute; Sanford Burnham Prebys Medical Discovery Institute,US,no,2,PSGL-1 attenuates early TCR signaling to suppress CD8+ T cell progenitor differentiation and elicit terminal CD8+ T cell exhaustion,out_of_scope
A5068496230,Hannah A. Faso,2,1,P0003,Discovery Institute; Sanford Burnham Prebys Medical Discovery Institute,US,no,2,PSGL-1 attenuates early TCR signaling to suppress CD8+ T cell progenitor differentiation and elicit terminal CD8+ T cell exhaustion,out_of_scope
A5090849163,Monique L. Henriquez,2,1,P0003,Discovery Institute; Sanford Burnham Prebys Medical Discovery Institute,US,no,2,PSGL-1 attenuates early TCR signaling to suppress CD8+ T cell progenitor differentiation and elicit terminal CD8+ T cell exhaustion,out_of_scope
A5087850322,Eric S. Wang,2,1,P0003,Discovery Institute; Sanford Burnham Prebys Medical Discovery Institute,US,no,2,PSGL-1 attenuates early TCR signaling to suppress CD8+ T cell progenitor differentiation and elicit terminal CD8+ T cell exhaustion,out_of_scope
A5079358751,Roberto Tinoco,2,1,P0003,Discovery Institute; Sanford Burnham Prebys Medical Discovery Institute,US,no,2,PSGL-1 attenuates early TCR signaling to suppress CD8+ T cell progenitor differentiation and elicit terminal CD8+ T cell exhaustion,out_of_scope
A5057457409,Alexandre Rosa Campos,2,1,P0003,Discovery Institute; Sanford Burnham Prebys Medical Discovery Institute,US,no,2,PSGL-1 attenuates early TCR signaling to suppress CD8+ T cell progenitor differentiation and elicit terminal CD8+ T cell exhaustion,out_of_scope
A5101689353,Jun Yin,2,1,P0003,Discovery Institute; Sanford Burnham Prebys Medical Discovery Institute,US,no,2,PSGL-1 attenuates early TCR signaling to suppress CD8+ T cell progenitor differentiation and elicit terminal CD8+ T cell exhaustion,out_of_scope
A5002832519,Peter D. Adams,2,1,P0003,Discovery Institute; Sanford Burnham Prebys Medical Discovery Institute,US,no,2,PSGL-1 attenuates early TCR signaling to suppress CD8+ T cell progenitor differentiation and elicit terminal CD8+ T cell exhaustion,out_of_scope
A5020853472,Linda M. Bradley,2,1,P0003,Discovery Institute; Sanford Burnham Prebys Medical Discovery Institute,US,no,2,PSGL-1 attenuates early TCR signaling to suppress CD8+ T cell progenitor differentiation and elicit terminal CD8+ T cell exhaustion,out_of_scope
A5077431941,Kris Cerveny,2,1,P0004,University of Basel,CH,no,2,Template-Assisted Scalable Nanowire Networks,out_of_scope
A5104205758,Chunyi Huang,2,1,P0004,Northwestern University,PH; US,no,2,Template-Assisted Scalable Nanowire Networks,out_of_scope
A5043206520,Megan O. Hill,2,1,P0004,Northwestern University,PH; US,no,2,Template-Assisted Scalable Nanowire Networks,out_of_scope
A5062408295,Lincoln J. Lauhon,2,1,P0004,Northwestern University,PH; US,no,2,Template-Assisted Scalable Nanowire Networks,out_of_scope
A5047234100,Dominik M. Zumbühl,2,1,P0004,University of Basel,CH,no,2,Template-Assisted Scalable Nanowire Networks,out_of_scope
A5081695314,Hyukjin Park,2,1,P0004,Total Quality Systems (United States),US,no,2,Real-time driver monitoring system with facial landmark-based eye closure detection and head pose recognition,out_of_scope
A5005119417,Tonghyun Kim,2,1,P0004,,,no,2,Real-time driver monitoring system with facial landmark-based eye closure detection and head pose recognition,out_of_scope
A5022916324,Jeffrey H. Lang,2,1,P0004,Massachusetts Institute of Technology,US,no,2,Modeling and vector control of planar magnetic levitator,out_of_scope
A5070454428,Tiejun Hu,2,1,P0004,Hysitron (United States); Mitchell Institute; Texas A&M University,US,no,2,Extended Range Six-DOF High-Precision Positioner for Wafer Processing,out_of_scope
A5006324964,Jann Harberts,2,1,P0004,Universität Hamburg,DE,no,2,"Generation of Human iPSC‐Derived Neurons on Nanowire Arrays Featuring Varying Lengths, Pitches, and Diameters",out_of_scope
A5063493319,Malte Siegmund,2,1,P0004,Universität Hamburg,DE,no,2,"Generation of Human iPSC‐Derived Neurons on Nanowire Arrays Featuring Varying Lengths, Pitches, and Diameters",out_of_scope
A5041782982,Carina Hedrich,2,1,P0004,Universität Hamburg,DE,no,2,"Generation of Human iPSC‐Derived Neurons on Nanowire Arrays Featuring Varying Lengths, Pitches, and Diameters",out_of_scope
A5000679989,Robert Zierold,2,1,P0004,Universität Hamburg,DE,no,2,"Generation of Human iPSC‐Derived Neurons on Nanowire Arrays Featuring Varying Lengths, Pitches, and Diameters",out_of_scope
A5090846325,Robert H. Blick,2,1,P0004,University of Wisconsin–Madison; Universität Hamburg,DE; US,no,2,"Generation of Human iPSC‐Derived Neurons on Nanowire Arrays Featuring Varying Lengths, Pitches, and Diameters",out_of_scope
A5061669008,Christian Dais,2,1,P0004,,,no,2,"GaAs nanowires on Si nanopillars: towards large scale, phase-engineered arrays",out_of_scope
A5109536300,Craig Carter,2,1,P0004,Massachusetts Institute of Technology,US,no,2,"GaAs nanowires on Si nanopillars: towards large scale, phase-engineered arrays",out_of_scope
A5101961676,Abhinav Srivastava,2,1,P0004,Process Instruments (United States); Texas A&M University,US,no,2,INTERNET‐BASED REAL‐TIME CONTROL ARCHITECTURES WITH TIME‐DELAY/PACKET‐LOSS COMPENSATION,out_of_scope
A5003859223,Rami Khazaka,2,1,P0004,ASM International (Belgium),BE,no,2,Low Temperature Selective Epitaxy of Group-IV Semiconductors for Nanoelectronics,out_of_scope
A5045378881,Brendan Marozas,2,1,P0004,ASM International (Belgium),BE,no,2,Low Temperature Selective Epitaxy of Group-IV Semiconductors for Nanoelectronics,out_of_scope
A5020725003,Michael Givens,2,1,P0004,ASM International (Belgium),BE,no,2,Low Temperature Selective Epitaxy of Group-IV Semiconductors for Nanoelectronics,out_of_scope
A5024131352,Duol Kim,2,1,P0004,,,no,2,"Nulla Poena Sine Lege - A Quantitative Analysis on Scope of Crimes, Level of Punishments, and Proportionality between Punishments in Korean Laws -",out_of_scope
A5111800371,Jonathan Goldie,2,1,P0004,SatCon Technology Corporation (United States); Texas A&M University,US,no,2,Extended-range linear magnetostrictive motor with double-sided three-phase stators,out_of_scope
A5016481057,Michael J. Gerver,2,1,P0004,Fraunhofer USA Center for Manufacturing Innovation; New England Institute of Art; Texas A&M University,US,no,2,Extended-range linear magnetostrictive motor with double-sided three-phase stators,out_of_scope
A5039058889,Jerome Kiley,2,1,P0004,SatCon Technology Corporation (United States); Texas A&M University,US,no,2,Extended-range linear magnetostrictive motor with double-sided three-phase stators,out_of_scope
A5019874054,John R. Swenbeck,2,1,P0004,Fraunhofer USA Center for Manufacturing Innovation; New England Institute of Art; SatCon Technology Corporation (United States); Texas A&M University,US,no,2,Extended-range linear magnetostrictive motor with double-sided three-phase stators,out_of_scope
A5024563605,Hae–Pyeong Lee,2,1,P0004,,,no,2,A Study on the Toxicity Analysis of Combustion Gases of Architectural Surface Materials and Architectural Adhesives,out_of_scope
A5075116038,Jin-Woong Hong,2,1,P0004,,,no,2,Temperature-dependent Dielectric Properties in ITO/AF/Al Device,out_of_scope
A5086138386,Bryan C. Murphy,2,1,P0004,International Space Station; Texas A&M University,US,no,2,Design and Construction of a Novel Tubular Linear Motor With Controller for Robotics Applications,out_of_scope
A5049143293,Jin Han,2,1,P0004,,,no,2,최적성이론에 의한 야쿠시마방언의 장모음화 분석,out_of_scope
A5022593248,Heebum Jung,2,1,P0004,,,no,2,최적성이론에 의한 야쿠시마방언의 장모음화 분석,out_of_scope
A5074569133,Park Gwijeong,2,1,P0004,,,no,2,"The Relationship among Destination Image, Hospital Image, Attitude on K-Medical Tourism: Focusing the Chinese medical tourists",out_of_scope
A5075806883,Jang Gyu Lee,2,1,P0004,,,no,2,Doubly Competitive Neural Network for Solving Traveling Salesman Problem,out_of_scope
A5084120212,김원종,2,1,P0004,,,no,2,한외 여과법을 이용한 tert-butyl phenol 제거에 대한 CPC/NaSal 미셀의 영향,out_of_scope
A5110594863,Jae Ik Shin,2,1,P0004,,,no,2,A Study on the Impact of Social Network Characteristics on Purchase Intention of Social Shopping : The Moderating Effects of Gender and Purchase Experience,out_of_scope
A5000328493,Nomin Otgonbaatar,2,1,P0004,,,no,2,한국 프랜차이즈 커피전문점의 서비스품질이 고객만족 및 재방문의도에 미치는 영향2) -몽골 진출 한국 커피숍 브랜드를 중심으로-,out_of_scope
A5110793714,Myunghaeng Hur,2,1,P0004,,,no,2,아로마 에센셜 오일 흡입이 밤번 근무 간호사의 수면의 질에 미치는 효과,out_of_scope
A5112518571,Nasim Tavakoli,2,1,P0004,,,no,2,Coloured and Semi-Transparent Nanowire-based Solar Cells for Building Integrated Photovoltaics,out_of_scope
A5022662858,Tom Veeken,2,1,P0004,,,no,2,Coloured and Semi-Transparent Nanowire-based Solar Cells for Building Integrated Photovoltaics,out_of_scope
A5041038389,Dominique Poorten,2,1,P0004,,,no,2,Coloured and Semi-Transparent Nanowire-based Solar Cells for Building Integrated Photovoltaics,out_of_scope
A5007562996,A. Rudra,2,1,P0004,,,no,2,Coloured and Semi-Transparent Nanowire-based Solar Cells for Building Integrated Photovoltaics,out_of_scope
A5007650690,Esther Alarcón‐Lladó,2,1,P0004,Institute for Atomic and Molecular Physics,NL,no,2,Coloured and Semi-Transparent Nanowire-based Solar Cells for Building Integrated Photovoltaics,out_of_scope
A5051039002,Jaesin Oh,2,1,P0004,,,no,2,A Case Study on Strategic Management of a Labor Dispatching Company,out_of_scope
A5114142617,Lucas Gueniat,2,1,P0004,École Polytechnique Fédérale de Lausanne,CH,no,2,"Accompanying dataset to ACS Appl. Nano Mater. 2022, 5, 4, 5508–5515 : Nanoscale Mapping of Light Emission in Nanospade-Based InGaAs Quantum Wells Integrated on Si(100): Implications for Dual Light-Emitting Devices",out_of_scope
A5071549310,Gwijeong Park,2,1,P0004,,,no,2,The Impact of Brand Activism Components on Perceived Authenticity and Consumer Brand Response,out_of_scope
A5100029494,ik-ryul Bae,2,1,P0004,,,no,2,"Effects of the Healing beats program on brain waves, stress, and heart rate variability : Randomized control trial",out_of_scope
A5079740194,J. S. Park,2,1,P0004,,,no,2,"Effects of the Healing beats program on brain waves, stress, and heart rate variability : Randomized control trial",out_of_scope
A5104344577,Jae-hwa Jeong,2,1,P0004,,,no,2,"Effects of the Healing beats program on brain waves, stress, and heart rate variability : Randomized control trial",out_of_scope
A5002663946,Yun Sok Lee,2,1,P0005,,,no,2,Adiponectin Represses Colon Cancer Cell Proliferation via AdipoR1- and -R2-Mediated AMPK Activation,out_of_scope
A5015401193,Kang Ho Kim,2,1,P0005,,,no,2,Adiponectin Represses Colon Cancer Cell Proliferation via AdipoR1- and -R2-Mediated AMPK Activation,out_of_scope
A5039651221,Gha Young Lee,2,1,P0005,,,no,2,Adiponectin Represses Colon Cancer Cell Proliferation via AdipoR1- and -R2-Mediated AMPK Activation,out_of_scope
A5003009382,Paul J. Carlson,2,1,P0005,Allen Institute for Brain Science; Salt Lake City Public Library; University of Utah,US,no,2,Decreased brain PME / PDE ratio in bipolar disorder: a preliminary 31P magnetic resonance spectroscopy study,out_of_scope
A5091149788,Rebekah S. Huber,2,1,P0005,Allen Institute for Brain Science; University of Utah,US,no,2,Decreased brain PME / PDE ratio in bipolar disorder: a preliminary 31P magnetic resonance spectroscopy study,out_of_scope
A5100519327,Chun S. Zuo,2,1,P0005,Harvard University; McLean Hospital,US,no,2,Decreased brain PME / PDE ratio in bipolar disorder: a preliminary 31P magnetic resonance spectroscopy study,out_of_scope
A5103209578,Junyu Guo,2,1,P0005,Advanced Imaging Research (United States); University of Utah,US,no,2,High‐resolution DTI with 2D interleaved multislice reduced FOV single‐shot diffusion‐weighted EPI (2D ss‐rFOV‐DWEPI),out_of_scope
A5151880900,Surveillance and Management Multi-Society Task Force for Development of Guidelines for Colorectal Polyp Screening,2,1,P0005,,,no,2,Korean Guidelines for Colorectal Cancer Screening and Polyp Detection,out_of_scope
A5076534890,Jason Mendes,2,1,P0005,Advanced Imaging Research (United States); University of Utah,US,no,2,Magnetic Resonance Imaging Detection of Intraplaque Hemorrhage,out_of_scope
A5074463638,Donald Blumenthal,2,1,P0005,University of Utah,US,no,2,In vivo evaluation of the delivery and efficacy of a sirolimus-laden polymer gel for inhibition of hyperplasia in a porcine model of arteriovenous hemodialysis graft stenosis,out_of_scope
A5111670916,Young-Hoon Sung,2,1,P0005,University of Utah,US,no,2,Decreased frontal lobe phosphocreatine levels in methamphetamine users,out_of_scope
A5110124878,Xian-Feng Shi,2,1,P0005,University of Utah,US,no,2,Decreased frontal lobe phosphocreatine levels in methamphetamine users,out_of_scope
A5103186265,Hyo‐Chun Yoon,2,1,P0005,"Kaiser Permanente; University of California, Irvine; University of Utah; VA Salt Lake City Healthcare System",US,no,2,Carotid MRI Detection of Intraplaque Hemorrhage at 3T and 1.5T,out_of_scope
A5079315586,Michael McLaughlin,2,1,P0005,Advanced Imaging Research (United States); McLaughlin Research Institute; University of Utah,US,no,2,Carotid MRI Detection of Intraplaque Hemorrhage at 3T and 1.5T,out_of_scope
A5078265637,Kwon Wook Joo,2,1,P0005,,,no,2,Effective removal of leptin via hemodiafiltration with on-line endogenous reinfusion therapy,out_of_scope
A5100627887,Yeon Soo Kim,2,1,P0005,Sacred Heart Hospital,NG,no,2,"Constipation Misperception Is Associated With Gender, Marital Status, Treatment Utilization and Constipation Symptoms Experienced",out_of_scope
A5008285232,Hediyeh Baradaran,2,1,P0005,University of Utah,US,no,2,Association between high-risk extracranial carotid plaque and covert brain infarctions and cerebral microbleeds,out_of_scope
A5034952185,Chongli Yuan,2,1,P0005,Purdue University West Lafayette; Thomas Jefferson National Accelerator Facility; United States Army Medical Research and Development Command,US,no,2,One-pot approach for examining the DNA methylation patterns using an engineered methyl-probe,out_of_scope
A5113462472,Dong-Won Choi,2,1,P0005,,,no,2,"Comparison of Biological Activities of Ethanol Extracts of Unripe Fruit of Bitter Melon (Momordica charantia L.) Cultivated in Hamyang, Korea",out_of_scope
A5011661948,Tae‐Ho Park,2,1,P0005,,,no,2,Association between Diastolic Dysfunction by Color Tissue Doppler Imaging and Vascular Calcification on Plain Radiographs in Dialysis Patients,out_of_scope
A5110256400,Seo Hee Rha,2,1,P0005,,,no,2,Etiology and clinical course of secondary membranous nephropathy,out_of_scope
A5100459364,Ki Hyun Kim,2,1,P0005,,,no,2,Etiology and clinical course of secondary membranous nephropathy,out_of_scope
A5075392641,Jung Ha‐Brookshire,2,1,P0005,University of Missouri,US,no,2,The role of intellectual property right morality and affordability in consumers legally copied product purchase decision-making,out_of_scope
A5088989762,Yuxia He,2,1,P0005,University of Utah,US,no,2,Autologous fat transplants to deliver glitazone and adiponectin for vasculoprotection,out_of_scope
A5100669131,Dong Jun Kim,2,1,P0005,,,no,2,The Association between Occupational Stress and Health Behaviors in a Hospital Employee,out_of_scope
A5112181675,Yun-Jun Yang,2,1,P0005,,,no,2,The Association between Occupational Stress and Health Behaviors in a Hospital Employee,out_of_scope
A5000018852,Jun-Hyung Lee,2,1,P0005,,,no,2,The Association between Occupational Stress and Health Behaviors in a Hospital Employee,out_of_scope
A5100649357,Jong‐Soo Lee,2,1,P0005,,,no,2,The Frequency of Post-infectious IBS (PI-IBS) in Patients with Acute Diarrhea and the Risk Factors for PI-IBS of Special Reference to the Colonoscopic Findings,out_of_scope
A5036984530,Han Hyo Lee,2,1,P0005,,,no,2,The Frequency of Post-infectious IBS (PI-IBS) in Patients with Acute Diarrhea and the Risk Factors for PI-IBS of Special Reference to the Colonoscopic Findings,out_of_scope
A5013590932,Jun Sik Nam,2,1,P0005,,,no,2,The Frequency of Post-infectious IBS (PI-IBS) in Patients with Acute Diarrhea and the Risk Factors for PI-IBS of Special Reference to the Colonoscopic Findings,out_of_scope
A5112037724,Hye Kyoung Jung,2,1,P0005,,,no,2,The Usefulness of Colonoscopy in Ischemic Colitis,out_of_scope
A5051688651,Ji-Min Jung,2,1,P0005,,,no,2,Factors favoring survival in elderly patients with colorectal cancer,out_of_scope
A5083339423,Seok-Hui Jeong,2,1,P0005,,,no,2,Clinical Study on Prognostic Markers in IgA Nephropathy,out_of_scope
A5072558227,Won-Seok An,2,1,P0005,,,no,2,Clinical Study on Prognostic Markers in IgA Nephropathy,out_of_scope
A5064924070,Hyun-Taik Oh,2,1,P0005,,,no,2,Improvement of Marine Environmental Impact Assessment for Submarine Cable Project,out_of_scope
A5008662757,Jung-Hoon Huh,2,1,P0005,,,no,2,Clinical courses of the adult patients with idiopathic membranous nephropathy,out_of_scope
A5063210158,Gu Kim,2,1,P0005,,,no,2,Clinical characteristics of rapidly progressive glomerulonephritis,out_of_scope
A5069997535,Hee-Rin Joo,2,1,P0005,,,no,2,Clinical characteristics of rapidly progressive glomerulonephritis,out_of_scope
A5101914253,Liyong Chen,2,1,P0005,Advanced Imaging Research (United States); University of Utah,US,no,2,Late Gadolinium Enhancement imaging using stack of stars and compressed sensing,out_of_scope
A5053142734,Edward DiBella,2,1,P0005,Advanced Imaging Research (United States); University of Utah,US,no,2,Late Gadolinium Enhancement imaging using stack of stars and compressed sensing,out_of_scope
A5086726619,Kum-Hei Ryu,2,1,P0005,,,no,2,A Case of Bleeding from Proximal Jejunal GIST Diagnosed by Colonoscopy through the Oral Approach,out_of_scope
A5008615882,Yoo‐Kyung Cho,2,1,P0005,,,no,2,A Case of Bleeding from Proximal Jejunal GIST Diagnosed by Colonoscopy through the Oral Approach,out_of_scope
A5100717282,Tae Hun Kim,2,1,P0005,,,no,2,"[Expression of MMP-2, HIF-1alpha and VEGF in colon adenoma and colon cancer].",out_of_scope
A5060888661,Hye-Jung Yeom,2,1,P0005,,,no,2,Triple Therapy Only for 7 Days Vs. Triple Therapy for 7 Days Plus Omeprazole for 21 Days in Treatment of Active Peptic Ulcer with Helicobacter Pylori Infection,out_of_scope
A5108239999,Kwon Yoo,2,1,P0005,,,no,2,Triple Therapy Only for 7 Days Vs. Triple Therapy for 7 Days Plus Omeprazole for 21 Days in Treatment of Active Peptic Ulcer with Helicobacter Pylori Infection,out_of_scope
A5086134599,Moo Hyun Kim,2,1,P0005,,,no,2,Intravascular Ultrasound Assessment of the Coronary Intervention,out_of_scope
A5017138722,Sung Jin Bae,2,1,P0005,,,no,2,Intravascular Ultrasound Assessment of the Coronary Intervention,out_of_scope
A5034890420,Nicholas J. Talley,2,1,P0005,,,no,2,"S1909 Gender Specific Risk Factors for Reflux Esophagitis in Asia: Role of Age, Body Mass Index, Metabolic Syndrome and Menopause",out_of_scope
A5072990447,Hirohito Abo,2,1,P0005,Georgia State University,US,no,2,Wheat fiber-induced peripheral regulatory T-cells suppress development of colitis,out_of_scope
A5023032952,Yanling Wang,2,1,P0005,Georgia State University,US,no,2,Wheat fiber-induced peripheral regulatory T-cells suppress development of colitis,out_of_scope
A5092415659,Rachael Ott,2,1,P0005,Georgia State University,US,no,2,Wheat Fiber Suppresses Development of Colitis via Microbiota-Mediated Fermentation-Independent Metabolites that Reprogram Intestinal Macrophages,out_of_scope
A5015499689,Alexis Bretin,2,1,P0005,Georgia State University,US,no,2,Wheat Fiber Suppresses Development of Colitis via Microbiota-Mediated Fermentation-Independent Metabolites that Reprogram Intestinal Macrophages,out_of_scope
A5060145085,Hong-Soo Lee,2,1,P0005,,,no,2,W1837 Stress and Fatigue in Reflux Esophagitis,out_of_scope
A5032836764,Jung-Mi Kwon,2,1,P0005,,,no,2,A Case of Stercoral Ulcer in the Proximal Colon,out_of_scope
A5101512296,Taeheon Kim,2,1,P0005,,,no,2,A Case of Duodenal Obstruction Induced by the Short-term Use of a Nonsteroidal Anti-inflammatory Drug,out_of_scope
A5003616254,Hye-Gyeong Jeong,2,1,P0005,,,no,2,A Case of Duodenal Obstruction Induced by the Short-term Use of a Nonsteroidal Anti-inflammatory Drug,out_of_scope
A5062388349,Gwon Yu,2,1,P0005,,,no,2,A Case of Duodenal Obstruction Induced by the Short-term Use of a Nonsteroidal Anti-inflammatory Drug,out_of_scope
A5087750149,Il-Hwan Mun,2,1,P0005,,,no,2,A Case of Duodenal Obstruction Induced by the Short-term Use of a Nonsteroidal Anti-inflammatory Drug,out_of_scope
A5084120497,Hyun Kyung Nam,2,1,P0005,,,no,2,"A Case of Fabry Disease, Pathologically Revealed as Focal Segmental Glomerulosclerosis",out_of_scope
A5025424307,Su-Mi Lee,2,1,P0005,,,no,2,Prognosis of IgA Nephropathy with No Proteinuria on Routine Urinalysis,out_of_scope
A5100643033,Hye-In Kim,2,1,P0005,,,no,2,Prognosis of IgA Nephropathy with No Proteinuria on Routine Urinalysis,out_of_scope
A5080160423,Ko Eun Lee,2,1,P0005,,,no,2,The Incidence Rate of Rifampin-Resistant Staphylococci after Short Term Administration of Rifaximin in Immunocompromised Patients,out_of_scope
A5051354208,So Young Han,2,1,P0005,,,no,2,Su1180 - The Efficacy of Tonsil-Derived Mesenchymal Stem Cells Conditioned Medium in Chronic Colitis Model,out_of_scope
A5085354764,Jung‐Hoon Sung,2,1,P0005,,,no,2,"대장 선종과 대장암에서 MMP-2, HIF-1α 및 VEGF의 발현",out_of_scope
A5012358607,Young-Man Lee,2,1,P0005,,,no,2,Neutrophilic Respiratory Burst Contributes to Acute Lung Leak in Rats Given N-nitroso-N-methylurethane,out_of_scope
A5108729179,Mi-hea Choi,2,1,P0005,,,no,2,Formation and Development of the Ski Tour during the Japanese Colonial Era -on the basis of the content analysis of the articles in the Dong-A Ilbo-,out_of_scope
A5109443577,Jung Jun Sung,2,1,P0005,,,no,2,원발성 복막수염의 임상양상,out_of_scope
A5058803604,ShimKiNam,2,1,P0005,,,no,2,원발성 복막수염의 임상양상,out_of_scope
A5029954524,유권,2,1,P0005,,,no,2,원발성 복막수염의 임상양상,out_of_scope
A5024753278,Shim Ki Nam,2,1,P0005,,,no,2,이동방지 식도 스텐트를 이용한 상부 식도기관지누공의 치료 1예,out_of_scope
A5022688845,Shin Jeong Eun,2,1,P0005,,,no,2,변비의 국소 치료: 관장과 좌약,out_of_scope
A5001013558,이봉은,2,1,P0005,,,no,2,변비의 국소 치료: 관장과 좌약,out_of_scope
A5110772601,Park Seon Young,2,1,P0005,,,no,2,변비의 국소 치료: 관장과 좌약,out_of_scope
A5015333849,홍성노,2,1,P0005,,,no,2,변비의 국소 치료: 관장과 좌약,out_of_scope
A5108429221,Ki‐Wook Chung,2,1,P0005,,,no,2,변비의 국소 치료: 관장과 좌약,out_of_scope
A5011746829,Choi Suck Chei,2,1,P0005,,,no,2,변비의 국소 치료: 관장과 좌약,out_of_scope
A5010908916,Ki Hyun Kim,2,1,P0005,,,no,2,Front & Back Matter,out_of_scope
A5025370928,Ho Soo Chun,2,1,P0005,,,no,2,EP51 ASSOCIATION OF MODERATE AND VIGOROUS PHYSICAL ACTIVITY ON GASTROESOPHAGEAL REFLUX DISEASE,out_of_scope
A5058225264,Minjong Lee,2,1,P0005,,,no,2,EP51 ASSOCIATION OF MODERATE AND VIGOROUS PHYSICAL ACTIVITY ON GASTROESOPHAGEAL REFLUX DISEASE,out_of_scope
A5023646961,Won Jae Yoon,2,1,P0005,,,no,2,EP51 ASSOCIATION OF MODERATE AND VIGOROUS PHYSICAL ACTIVITY ON GASTROESOPHAGEAL REFLUX DISEASE,out_of_scope
A5081588858,Young Kwang Chae,2,1,P0005,Northwestern University,US,no,2,EP.03G.02 Molecular and Immune Landscape of Invasive Mucinous Adenocarcinoma (IMA) Of the Lung and Its Survival Outcome,out_of_scope
A5062557967,Ren Sheng,1,1,P0001,University of Illinois Chicago,US,no,1,Cholesterol selectively activates canonical Wnt signalling over non-canonical Wnt signalling,out_of_scope
A5102219555,Yao Xin,1,1,P0001,University of Illinois Chicago,US,no,1,Cholesterol selectively activates canonical Wnt signalling over non-canonical Wnt signalling,out_of_scope
A5113476089,Yong Chen,1,1,P0001,University of Illinois Chicago,US,no,1,Cholesterol selectively activates canonical Wnt signalling over non-canonical Wnt signalling,out_of_scope
A5103453736,Wen Tian,1,1,P0001,University of Illinois Chicago,US,no,1,Cholesterol selectively activates canonical Wnt signalling over non-canonical Wnt signalling,out_of_scope
A5017680390,Yang Cui,1,1,P0001,University of Illinois Chicago,US,no,1,Cholesterol selectively activates canonical Wnt signalling over non-canonical Wnt signalling,out_of_scope
A5051546853,Wonhwa Cho,1,1,P0001,University of Illinois Chicago,US,no,1,Cholesterol selectively activates canonical Wnt signalling over non-canonical Wnt signalling,out_of_scope
A5037345666,Alaa Kassim Ali,1,1,P0001,University of Ottawa,CA,no,1,Expansion of Human NK Cells Using K562 Cells Expressing OX40 Ligand and Short Exposure to IL-21,out_of_scope
A5100413793,Dong‐Hyun Kim,1,1,P0001,Indo-American Center; McCormick Theological Seminary; Northwestern University; Robert H. Lurie Comprehensive Cancer Center of Northwestern University; University of Illinois Chicago,US,no,1,Cationic Nanoparticle-Mediated Activation of Natural Killer Cells for Effective Cancer Immunotherapy,out_of_scope
A5029328883,Hyung‐Bae Kwon,1,1,P0001,Johns Hopkins Medicine; Johns Hopkins University,US,no,1,Formation of cellular close-ended tunneling nanotubes through mechanical deformation,out_of_scope
A5040071198,Anatoly B. Kolomeisky,1,1,P0001,Rice University,US,no,1,Formation of cellular close-ended tunneling nanotubes through mechanical deformation,out_of_scope
A5022300697,Siyang Feng,1,1,P0001,IMDEA Nanoscience,ES,no,1,A Water‐Soluble Organic Photocatalyst Discovered for Highly Efficient Additive‐Free Visible‐Light‐Driven Grafting of Polymers from Proteins at Ambient and Aqueous Environments,out_of_scope
A5060290228,Reinhold Wannemacher,1,1,P0001,IMDEA Nanoscience,ES,no,1,A Water‐Soluble Organic Photocatalyst Discovered for Highly Efficient Additive‐Free Visible‐Light‐Driven Grafting of Polymers from Proteins at Ambient and Aqueous Environments,out_of_scope
A5073709556,Johannes Gierschner,1,1,P0001,IMDEA Nanoscience,ES,no,1,A Water‐Soluble Organic Photocatalyst Discovered for Highly Efficient Additive‐Free Visible‐Light‐Driven Grafting of Polymers from Proteins at Ambient and Aqueous Environments,out_of_scope
A5109956844,Catherine A. Sabatos,1,1,P0001,"University of California, San Francisco",US,no,1,A Synaptic Basis for Paracrine Interleukin-2 Signaling during Homotypic T Cell Interaction,out_of_scope
A5037414397,Sumone Chakravarti,1,1,P0001,"University of California, San Francisco",US,no,1,A Synaptic Basis for Paracrine Interleukin-2 Signaling during Homotypic T Cell Interaction,out_of_scope
A5027358643,Rachel S. Friedman,1,1,P0001,"University of California, San Francisco",US,no,1,A Synaptic Basis for Paracrine Interleukin-2 Signaling during Homotypic T Cell Interaction,out_of_scope
A5011222685,Priya Pandurangi,1,1,P0001,"University of California, San Francisco",US,no,1,A Synaptic Basis for Paracrine Interleukin-2 Signaling during Homotypic T Cell Interaction,out_of_scope
A5067255730,Aaron J. Tooley,1,1,P0001,"University of California, San Francisco",US,no,1,A Synaptic Basis for Paracrine Interleukin-2 Signaling during Homotypic T Cell Interaction,out_of_scope
A5050334415,Christopher B. Highley,1,1,P0001,California University of Pennsylvania; University of Pennsylvania,US,no,1,One-Step Generation of Multifunctional Polyelectrolyte Microcapsules via Nanoscale Interfacial Complexation in Emulsion (NICE),out_of_scope
A5026268740,Jason A. Burdick,1,1,P0001,California University of Pennsylvania; University of Pennsylvania,US,no,1,One-Step Generation of Multifunctional Polyelectrolyte Microcapsules via Nanoscale Interfacial Complexation in Emulsion (NICE),out_of_scope
A5014857184,Nicole S. Zacharia,1,1,P0001,Massachusetts Institute of Technology,US,no,1,Controlling Surface Mobility in Interdiffusing Polyelectrolyte Multilayers,out_of_scope
A5042451179,Angela M. Belcher,1,1,P0001,Massachusetts Institute of Technology,US,no,1,Controlling Surface Mobility in Interdiffusing Polyelectrolyte Multilayers,out_of_scope
A5102003130,Vinay Kumar,1,1,P0001,University of Chicago,US,no,1,Homotypic NK cell-to-cell communication controls cytokine responsiveness of innate immune NK cells,out_of_scope
A5085966907,Yong‐Oon Ahn,1,1,P0001,Columbia University Irving Medical Center,US,no,1,Natural Killer Cell Expansion and Cytotoxicity Differ Depending on the Culture Medium Used,out_of_scope
A5031778167,Dhushyanth Viswanath,1,1,P0001,Purdue University West Lafayette,US,no,1,Nanotechnology‐enhanced radiotherapy and the abscopal effect: Current status and challenges of nanomaterial‐based radio‐immunotherapy,out_of_scope
A5088997508,Rahul Misra,1,1,P0001,Sanofi (Canada),CA,no,1,Nanotechnology‐enhanced radiotherapy and the abscopal effect: Current status and challenges of nanomaterial‐based radio‐immunotherapy,out_of_scope
A5063638010,Vincenzo J. Pizzuti,1,1,P0001,University of Colorado Anschutz,US,no,1,Nanotechnology‐enhanced radiotherapy and the abscopal effect: Current status and challenges of nanomaterial‐based radio‐immunotherapy,out_of_scope
A5077063203,Sung‐Ho Shin,1,1,P0001,Purdue University West Lafayette,US,no,1,Nanotechnology‐enhanced radiotherapy and the abscopal effect: Current status and challenges of nanomaterial‐based radio‐immunotherapy,out_of_scope
A5020822934,Heejae Kim,1,1,P0001,Massachusetts Institute of Technology,US,no,1,Large Area Two-Dimensional B Cell Arrays for Sensing and Cell-Sorting Applications,out_of_scope
A5101604387,Robert E. Cohen,1,1,P0001,Massachusetts Institute of Technology,US,no,1,Large Area Two-Dimensional B Cell Arrays for Sensing and Cell-Sorting Applications,out_of_scope
A5050324051,Insoo Kang,1,1,P0001,Yale University,US,no,1,Differentially Expressed Potassium Channels Are Associated with Function of Human Effector Memory CD8+ T Cells,out_of_scope
A5049460362,Woo‐Sik Jang,1,1,P0001,University of Pennsylvania,US,no,1,The Effect of Stabilizer on the Mechanical Response of Double‐Emulsion‐Templated Polymersomes,out_of_scope
A5009457624,Seung Chul Park,1,1,P0001,University of Pennsylvania,US,no,1,The Effect of Stabilizer on the Mechanical Response of Double‐Emulsion‐Templated Polymersomes,out_of_scope
A5059067804,Daniel A. Hammer,1,1,P0001,University of Pennsylvania,US,no,1,The Effect of Stabilizer on the Mechanical Response of Double‐Emulsion‐Templated Polymersomes,out_of_scope
A5012998783,John T. Chang,1,1,P0001,University of California San Diego,US,no,1,Geometrically Controlled Asymmetric Division of CD4+ T Cells Studied by Immunological Synapse Arrays,out_of_scope
A5108533146,Xiaoxia Tan,1,1,P0001,Fred Hutch Cancer Center; University of Washington,US,no,1,MicroRNA-150 modulates intracellular Ca 2+ levels in naïve CD8+ T cells by targeting TMEM20,out_of_scope
A5010559036,Duk‐Su Koh,1,1,P0001,University of Washington,US,no,1,MicroRNA-150 modulates intracellular Ca 2+ levels in naïve CD8+ T cells by targeting TMEM20,out_of_scope
A5103013035,Younghyeon Kim,1,1,P0001,Synlab Czech (Czechia),CZ,no,1,Effect of lyophilized gelatin-norbornene cryogel size on calvarial bone regeneration,out_of_scope
A5034436486,Na Kyung Kim,1,1,P0001,University of Pennsylvania,US,no,1,Cu(II)-Organic Coordination Polymer Networks for Persistent Nitric Oxide Release in Tumor Therapy,out_of_scope
A5006270385,Chinedum O. Osuji,1,1,P0001,University of Pennsylvania,US,no,1,Cu(II)-Organic Coordination Polymer Networks for Persistent Nitric Oxide Release in Tumor Therapy,out_of_scope
A5026863859,Su Hyun Seok,1,1,P0001,Dana-Farber Cancer Institute; Harvard University,US,no,1,Enhanced stability and sustained delivery of structurally dense DNA nanostructures via a biodegradable hydrogel platform,out_of_scope
A5015398607,William M. Shih,1,1,P0001,Dana-Farber Cancer Institute; Harvard University,US,no,1,Enhanced stability and sustained delivery of structurally dense DNA nanostructures via a biodegradable hydrogel platform,out_of_scope
A5025862962,Bonnie Huang,1,1,P0001,Massachusetts Institute of Technology,US,no,1,Patterned surfaces as tools to study ligand recognition and synapse formation by T cells,out_of_scope
A5049786311,Daegeun Yoon,1,1,P0001,,,no,1,Comparison of tryptophan and other intrinsic fluorophores in two-photon tissue imaging,out_of_scope
A5070054031,Kailun Song,1,1,P0001,,,no,1,Comparison of tryptophan and other intrinsic fluorophores in two-photon tissue imaging,out_of_scope
A5102178287,Minsung Jang,1,1,P0001,,,no,1,Comparison of tryptophan and other intrinsic fluorophores in two-photon tissue imaging,out_of_scope
A5057715733,C. P. Hong,1,1,P0001,,,no,1,Comparison of tryptophan and other intrinsic fluorophores in two-photon tissue imaging,out_of_scope
A5013159730,Hye Mi Kim,1,1,P0001,University of Washington,US,no,1,Micro- nanofabrication for the study of biochemical and biomechanical regulation of T cell activation,out_of_scope
A5108653871,Kyung -Yong Chwa,1,1,P0001,,,no,1,Data structures and algorithms for geometric searching problems,out_of_scope
A5058048422,허형규,1,1,P0001,,,no,1,Effect of the post-stenotic flow on T cell behaviors on endothelial cells,out_of_scope
A5038723942,박성호,1,1,P0001,,,no,1,Effect of the post-stenotic flow on T cell behaviors on endothelial cells,out_of_scope
A5059481564,Min-Soo Kim,1,1,P0001,,,no,1,Development of an ultrafast and ultrasensitive immunoassay chip using enzyme-mimetic nanocomposites,out_of_scope
A5006496976,권순호,1,1,P0001,,,no,1,Development of an ultrafast and ultrasensitive immunoassay chip using enzyme-mimetic nanocomposites,out_of_scope
A5059581019,조성연,1,1,P0001,,,no,1,Development of an ultrafast and ultrasensitive immunoassay chip using enzyme-mimetic nanocomposites,out_of_scope
A5063752452,안성수,1,1,P0001,,,no,1,Development of an ultrafast and ultrasensitive immunoassay chip using enzyme-mimetic nanocomposites,out_of_scope
A5025329995,Jin Woo Lee,1,1,P0001,,,no,1,Development of an ultrafast and ultrasensitive immunoassay chip using enzyme-mimetic nanocomposites,out_of_scope
A5076125014,김혜미,1,1,P0001,,,no,1,3D multi-layered blood vessel/inflamed tissue model for the investigation of T cell tissue infiltration,out_of_scope
A5062500318,박상민,1,1,P0001,,,no,1,3D multi-layered blood vessel/inflamed tissue model for the investigation of T cell tissue infiltration,out_of_scope
A5014246929,송광훈,1,1,P0001,,,no,1,3D multi-layered blood vessel/inflamed tissue model for the investigation of T cell tissue infiltration,out_of_scope
A5060157760,엄성수,1,1,P0001,,,no,1,3D multi-layered blood vessel/inflamed tissue model for the investigation of T cell tissue infiltration,out_of_scope
A5066918232,박형준,1,1,P0001,,,no,1,3D multi-layered blood vessel/inflamed tissue model for the investigation of T cell tissue infiltration,out_of_scope
A5014289758,김동성,1,1,P0001,,,no,1,3D multi-layered blood vessel/inflamed tissue model for the investigation of T cell tissue infiltration,out_of_scope
A5141256858,Jong-Cheol Choi,1,1,P0001,,,no,1,Collective migration of small-sized multi-cellular clusters studied by dynamic cell micro-patterning based on a cell-friendly photoresist,out_of_scope
A5141226807,Hong-Ryul Jung,1,1,P0001,,,no,1,Collective migration of small-sized multi-cellular clusters studied by dynamic cell micro-patterning based on a cell-friendly photoresist,out_of_scope
A5076911828,김미주,1,1,P0001,,,no,1,Dissecting interactions between T cells using hydrogel microwells,out_of_scope
A5141310197,K.D. Seo,1,1,P0001,,,no,1,Synthesis of janus microhydrogels with anisotropic thermo-responsiveness and organophilic/hydrophilc lodading capability,out_of_scope
A5141266518,D. Choi,1,1,P0001,,,no,1,Synthesis of janus microhydrogels with anisotropic thermo-responsiveness and organophilic/hydrophilc lodading capability,out_of_scope
A5141298828,M. La,1,1,P0001,,,no,1,Synthesis of janus microhydrogels with anisotropic thermo-responsiveness and organophilic/hydrophilc lodading capability,out_of_scope
A5039459986,D. S. Kim,1,1,P0001,,,no,1,Synthesis of janus microhydrogels with anisotropic thermo-responsiveness and organophilic/hydrophilc lodading capability,out_of_scope
A5079792307,Haythem Latif,1,1,P0002,La Jolla Bioengineering Institute; University of California San Diego,US,no,1,Deciphering Fur transcriptional regulatory network highlights its complex role beyond iron metabolism in Escherichia coli,out_of_scope
A5100452017,Ke Chen,1,1,P0002,University of California San Diego,US,no,1,Cellular responses to reactive oxygen species are predicted from molecular mechanisms,out_of_scope
A5043418336,Karoline S. Fremming,1,1,P0002,Novo Nordisk Foundation; Technical University of Denmark,DK,no,1,Independent component analysis of E. coli's transcriptome reveals the cellular processes that respond to heterologous gene expression,out_of_scope
A5009248613,Sara Petersen Bjørn,1,1,P0002,Novo Nordisk Foundation; Technical University of Denmark,DK,no,1,Independent component analysis of E. coli's transcriptome reveals the cellular processes that respond to heterologous gene expression,out_of_scope
A5081275549,Alexandra Hoffmeyer,1,1,P0002,Novo Nordisk Foundation; Technical University of Denmark,DK,no,1,Independent component analysis of E. coli's transcriptome reveals the cellular processes that respond to heterologous gene expression,out_of_scope
A5089432624,Björn G. Voldborg,1,1,P0002,Novo Nordisk Foundation; Technical University of Denmark,DK,no,1,Independent component analysis of E. coli's transcriptome reveals the cellular processes that respond to heterologous gene expression,out_of_scope
A5060226532,Donghui Choe,1,1,P0002,University of California San Diego,US,no,1,Revealing Causes for False-Positive and False-Negative Calling of Gene Essentiality in Escherichia coli Using Transposon Insertion Sequencing,out_of_scope
A5110600669,Su Young Kim,1,1,P0002,,,no,1,Lipid extract derived from newly isolated Rhodotorula toruloides LAB-07 for cosmetic applications,out_of_scope
A5039401678,Jeong Kyun Yoo,1,1,P0002,,,no,1,Lipid extract derived from newly isolated Rhodotorula toruloides LAB-07 for cosmetic applications,out_of_scope
A5101406018,Ali Ebrahim,1,1,P0002,University of California San Diego,US,no,1,Model-driven experimental design workflow expands understanding of regulatory role of Nac in Escherichia coli,out_of_scope
A5103105439,Yun Sik Yang,1,1,P0002,,,no,1,Different Effect of IVTA in the Management of Macular Edema Secondary to Perfusion and Ischemic Type BRVO,out_of_scope
A5109052675,Akbar Hasanzadeh,1,1,P0002,Iran University of Medical Sciences,IR,no,1,Recent Progress of Smart Nano-Based Biosensors and their Applications in Biomedicine,out_of_scope
A5070209522,Hojjat Rostami Azmand,1,1,P0002,City College of New York,US,no,1,Recent Progress of Smart Nano-Based Biosensors and their Applications in Biomedicine,out_of_scope
A5054334129,Arefeh Ebadati,1,1,P0002,Iran University of Medical Sciences,IR,no,1,Recent Progress of Smart Nano-Based Biosensors and their Applications in Biomedicine,out_of_scope
A5018296749,Helena Nourizadeh,1,1,P0002,Iran University of Medical Sciences,IR,no,1,Recent Progress of Smart Nano-Based Biosensors and their Applications in Biomedicine,out_of_scope
A5066010646,Iman Hashemzadeh,1,1,P0002,Iran University of Medical Sciences,IR,no,1,Recent Progress of Smart Nano-Based Biosensors and their Applications in Biomedicine,out_of_scope
A5023642565,Hamid Noori,1,1,P0002,Iran University of Medical Sciences,IR,no,1,Recent Progress of Smart Nano-Based Biosensors and their Applications in Biomedicine,out_of_scope
A5078858622,Amir Reza Aref,1,1,P0002,Dana-Farber Cancer Institute; Harvard University,US,no,1,Recent Progress of Smart Nano-Based Biosensors and their Applications in Biomedicine,out_of_scope
A5057290060,Mahdi Karimi,1,1,P0002,Iran University of Medical Sciences; Tehran University of Medical Sciences,IR,no,1,Recent Progress of Smart Nano-Based Biosensors and their Applications in Biomedicine,out_of_scope
A5030682206,Pritsana Sawutdeechaikul,1,1,P0002,Chulalongkorn University,TH,no,1,Mechanisms Tackling Salivary Gland Diseases with Extracellular Vesicle Therapies,out_of_scope
A5059144162,Supaporn Klangprapan,1,1,P0002,Chulalongkorn University,TH,no,1,Mechanisms Tackling Salivary Gland Diseases with Extracellular Vesicle Therapies,out_of_scope
A5101656107,Thanh Vân Phan,1,1,P0002,Chulalongkorn University,TH,no,1,Mechanisms Tackling Salivary Gland Diseases with Extracellular Vesicle Therapies,out_of_scope
A5025372612,Christopher Lam,1,1,P0002,Chulalongkorn University,TH,no,1,Mechanisms Tackling Salivary Gland Diseases with Extracellular Vesicle Therapies,out_of_scope
A5010122048,João N. Ferreira,1,1,P0002,Chulalongkorn University,TH,no,1,Mechanisms Tackling Salivary Gland Diseases with Extracellular Vesicle Therapies,out_of_scope
A5137049248,Zhuojun Dai,1,1,P0002,Shenzhen Institutes of Advanced Technology,CN,no,1,A framework for building a synthetic cell from the SynCell Asia Initiative,out_of_scope
A5066036279,Wataru Aoki,1,1,P0002,The University of Osaka,JP,no,1,A framework for building a synthetic cell from the SynCell Asia Initiative,out_of_scope
A5137001265,Pimchai Chaiyen,1,1,P0002,Vidyasirimedhi Institute of Science and Technology,TH,no,1,A framework for building a synthetic cell from the SynCell Asia Initiative,out_of_scope
A5037267117,Matthew Wook Chang,1,1,P0002,National University of Singapore,SG,no,1,A framework for building a synthetic cell from the SynCell Asia Initiative,out_of_scope
A5137015508,Xixian Chen,1,1,P0002,"Agency for Science, Technology and Research",SG,no,1,A framework for building a synthetic cell from the SynCell Asia Initiative,out_of_scope
A5137060294,Zibo Chen,1,1,P0002,Westlake University,CN,no,1,A framework for building a synthetic cell from the SynCell Asia Initiative,out_of_scope
A5074107936,Nan‐Nan Deng,1,1,P0002,Chemical Synthesis Lab,SG,no,1,A framework for building a synthetic cell from the SynCell Asia Initiative,out_of_scope
A5074416433,Shishen Du,1,1,P0002,Wuhan University,CN,no,1,A framework for building a synthetic cell from the SynCell Asia Initiative,out_of_scope
A5055623941,Jee Loon Foo,1,1,P0002,National University of Singapore,SG,no,1,A framework for building a synthetic cell from the SynCell Asia Initiative,out_of_scope
A5044702420,Julius Fredens,1,1,P0002,National University of Singapore,SG,no,1,A framework for building a synthetic cell from the SynCell Asia Initiative,out_of_scope
A5027554547,Meifang Fu,1,1,P0002,Shenzhen Institutes of Advanced Technology,CN,no,1,A framework for building a synthetic cell from the SynCell Asia Initiative,out_of_scope
A5109579714,Xiaojun Han,1,1,P0002,Harbin Institute of Technology,CN,no,1,A framework for building a synthetic cell from the SynCell Asia Initiative,out_of_scope
A5137034854,Tomohisa Hasunuma,1,1,P0002,Kobe University,JP,no,1,A framework for building a synthetic cell from the SynCell Asia Initiative,out_of_scope
A5076338095,Norikazu Ichihashi,1,1,P0002,Tokyo University of Science; Tokyo University of the Arts,JP,no,1,A framework for building a synthetic cell from the SynCell Asia Initiative,out_of_scope
A5000585618,Nurulfiza Mat Isa,1,1,P0002,Universiti Putra Malaysia,MY,no,1,A framework for building a synthetic cell from the SynCell Asia Initiative,out_of_scope
A5022793717,Daisuke Kiga,1,1,P0002,Waseda University,JP,no,1,A framework for building a synthetic cell from the SynCell Asia Initiative,out_of_scope
A5136992435,Akihiko Kondo,1,1,P0002,Kobe University,JP,no,1,A framework for building a synthetic cell from the SynCell Asia Initiative,out_of_scope
A5084371709,Yuishin Kosaka,1,1,P0002,The University of Osaka,JP,no,1,A framework for building a synthetic cell from the SynCell Asia Initiative,out_of_scope
A5000807929,Kobkul Laoteng,1,1,P0002,National Center for Genetic Engineering and Biotechnology; National Science and Technology Development Agency,TH,no,1,A framework for building a synthetic cell from the SynCell Asia Initiative,out_of_scope
A5137018866,Jian Li,1,1,P0002,Beijing National Laboratory for Molecular Sciences; Chinese Academy of Sciences; ShanghaiTech University,CN,no,1,A framework for building a synthetic cell from the SynCell Asia Initiative,out_of_scope
A5137055637,Junbai Li,1,1,P0002,Beijing National Laboratory for Molecular Sciences; Chinese Academy of Sciences; ShanghaiTech University,CN,no,1,A framework for building a synthetic cell from the SynCell Asia Initiative,out_of_scope
A5137079192,Ming Li,1,1,P0002,Chinese Academy of Sciences; Institute of Physics; National Laboratory for Superconductivity,CN,no,1,A framework for building a synthetic cell from the SynCell Asia Initiative,out_of_scope
A5038903299,Sierin Lim,1,1,P0002,Nanyang Technological University,SG,no,1,A framework for building a synthetic cell from the SynCell Asia Initiative,out_of_scope
A5038083082,J Liu,1,1,P0002,Hunan University; State Key Laboratory of Chemobiosensing and Chemometrics,CN,no,1,A framework for building a synthetic cell from the SynCell Asia Initiative,out_of_scope
A5137038227,Xingguo Liu,1,1,P0002,Chinese Academy of Sciences; Guangzhou Institutes of Biomedicine and Health; State Key Laboratory of Respiratory Disease,CN,no,1,A framework for building a synthetic cell from the SynCell Asia Initiative,out_of_scope
A5070472934,Yuan Lu,1,1,P0002,Ministry of Education,SA,no,1,A framework for building a synthetic cell from the SynCell Asia Initiative,out_of_scope
A5064398143,Nan Luo,1,1,P0002,Shenzhen Institutes of Advanced Technology,CN,no,1,A framework for building a synthetic cell from the SynCell Asia Initiative,out_of_scope
A5041139506,Tomoaki Matsuura,1,1,P0002,Institute of Science Tokyo; Life Science Institute,JP,no,1,A framework for building a synthetic cell from the SynCell Asia Initiative,out_of_scope
A5131483375,Wataru Mizunashi,1,1,P0002,New Energy and Industrial Technology Development Organization,JP,no,1,A framework for building a synthetic cell from the SynCell Asia Initiative,out_of_scope
A5131175650,Yan Qiao,1,1,P0002,Beijing National Laboratory for Molecular Sciences; Chinese Academy of Sciences,CN,no,1,A framework for building a synthetic cell from the SynCell Asia Initiative,out_of_scope
A5036101895,Ahmad Bazli Ramzi,1,1,P0002,National University of Malaysia,MY,no,1,A framework for building a synthetic cell from the SynCell Asia Initiative,out_of_scope
A5136999681,Yoshihiro Shimizu,1,1,P0002,RIKEN Center for Biosystems Dynamics Research,JP,no,1,A framework for building a synthetic cell from the SynCell Asia Initiative,out_of_scope
A5022216800,Liangfei Tian,1,1,P0002,Ministry of Education,NZ,no,1,A framework for building a synthetic cell from the SynCell Asia Initiative,out_of_scope
A5024111731,Wanwipa Vongsangnak,1,1,P0002,Kasetsart University,TH,no,1,A framework for building a synthetic cell from the SynCell Asia Initiative,out_of_scope
A5038563026,Baojun Wang,1,1,P0002,Zhejiang University,CN,no,1,A framework for building a synthetic cell from the SynCell Asia Initiative,out_of_scope
A5137056885,Cheng-Cai Zhang,1,1,P0002,Chinese Academy of Sciences; Institute of Hydrobiology,CN,no,1,A framework for building a synthetic cell from the SynCell Asia Initiative,out_of_scope
A5065279811,Xian‐En Zhang,1,1,P0002,Shenzhen Technology University; Shenzhen University,CN,no,1,A framework for building a synthetic cell from the SynCell Asia Initiative,out_of_scope
A5103174312,Guoping Zhao,1,1,P0002,Shandong University,CN,no,1,A framework for building a synthetic cell from the SynCell Asia Initiative,out_of_scope
A5122297775,Bo Zheng,1,1,P0002,Shenzhen Bay Laboratory,CN,no,1,A framework for building a synthetic cell from the SynCell Asia Initiative,out_of_scope
A5137006516,Yaoqi Zhou,1,1,P0002,Shenzhen Bay Laboratory,CN,no,1,A framework for building a synthetic cell from the SynCell Asia Initiative,out_of_scope
A5058631201,Chenli Liu,1,1,P0002,Shenzhen Institutes of Advanced Technology,CN,no,1,A framework for building a synthetic cell from the SynCell Asia Initiative,out_of_scope
A5100452027,Ke Chen,1,1,P0002,University of California San Diego,US,no,1,Cellular responses to reactive oxygen species can be predicted on multiple biological scales from molecular mechanisms,out_of_scope
A5061939441,Yunhak Oh,1,1,P0002,,,no,1,Global Context-aware Representation Learning for Spatially Resolved Transcriptomics,out_of_scope
A5100765315,Junseok Lee,1,1,P0002,,,no,1,Global Context-aware Representation Learning for Spatially Resolved Transcriptomics,out_of_scope
A5073028718,Y.H. Kim,1,1,P0002,,,no,1,Global Context-aware Representation Learning for Spatially Resolved Transcriptomics,out_of_scope
A5085288448,Namkyeong Lee,1,1,P0002,,,no,1,Global Context-aware Representation Learning for Spatially Resolved Transcriptomics,out_of_scope
A5101629749,Chanyoung Park,1,1,P0002,,,no,1,Global Context-aware Representation Learning for Spatially Resolved Transcriptomics,out_of_scope
A5032320769,Junhong Jeong,1,1,P0002,,,no,1,Development of Recombinant Escherichia coli Strains for 3-Hydroxypropionic Acid from Glycerol using Synthetic Biology Method,out_of_scope
A5018891583,Hyungyu Lim,1,1,P0002,,,no,1,Development of Recombinant Escherichia coli Strains for 3-Hydroxypropionic Acid from Glycerol using Synthetic Biology Method,out_of_scope
A5024884240,Gyoo-Yeol Jung,1,1,P0002,,,no,1,Development of Recombinant Escherichia coli Strains for 3-Hydroxypropionic Acid from Glycerol using Synthetic Biology Method,out_of_scope
A5109260350,Se Yeon Kim,1,1,P0002,,,no,1,Refactoring NADH-Regeneration System for High-Yield Biocatalysis from Glucose to Butyrate in Escherichia coli,out_of_scope
A5100817028,Sung Ho Jang,1,1,P0002,,,no,1,"Engineered Regulation-resistant Fructose-1,6-bisphosphatase for Deregulation of Gluconeogenesis in Escherichia coli",out_of_scope
A5055311914,Gyoo Yeol Jun,1,1,P0002,,,no,1,Enhancement of Galactose Metabolism by Redesign of Galactose Utilization Pathway in E.coli,out_of_scope
A5003190995,Se yeon Kim,1,1,P0002,,,no,1,Development of Efficient Microorganism-catalyzed Process of Glucose into Butyric Acid in Escherichia coli,out_of_scope
A5037252711,Paul Gimenez,1,1,P0002,,,no,1,Internalization of iron nanoparticles by macrophages for the improvement of glioma treatment,out_of_scope
A5024072579,Josiane Arnaud,1,1,P0002,,,no,1,Internalization of iron nanoparticles by macrophages for the improvement of glioma treatment,out_of_scope
A5054976883,Jean-Philippe Kleman,1,1,P0002,,,no,1,Internalization of iron nanoparticles by macrophages for the improvement of glioma treatment,out_of_scope
A5062544738,Valentin Djonov,1,1,P0002,,,no,1,Internalization of iron nanoparticles by macrophages for the improvement of glioma treatment,out_of_scope
A5041475585,Werner Graber,1,1,P0002,,,no,1,Internalization of iron nanoparticles by macrophages for the improvement of glioma treatment,out_of_scope
A5048449652,Jean A. Laissue,1,1,P0002,,,no,1,Internalization of iron nanoparticles by macrophages for the improvement of glioma treatment,out_of_scope
A5110381782,Kwan Chul Tark,1,1,P0002,,,no,1,Clinical Experience of Pulmonary Embolism after Coverage of Pressure Sore,out_of_scope
A5004378112,Beyoung Yun Park,1,1,P0002,,,no,1,The Effects of Various Extracellular Matrices on Motility of Cultured MC3T3-E1 Cell.,out_of_scope
A5090295348,Chang‐Woo Ryu,1,1,P0002,,,no,1,The Effects of Various Extracellular Matrices on Motility of Cultured MC3T3-E1 Cell.,out_of_scope
A5003699777,Dong Kyun Rah,1,1,P0002,,,no,1,The Effects of Various Extracellular Matrices on Motility of Cultured MC3T3-E1 Cell.,out_of_scope
A5043476453,Jong‐Chul Park,1,1,P0002,,,no,1,The Effects of Various Extracellular Matrices on Motility of Cultured MC3T3-E1 Cell.,out_of_scope
A5042599093,Won Min Yoo,1,1,P0002,,,no,1,The Usefulness of Costochondral Cantilever Graft for Correction of Saddle Nose,out_of_scope
A5016925154,Sanghak Cha,1,1,P0002,,,no,1,Reconstruction of metabolic pathway for cadaverine production from galactose in Escherichia coli,out_of_scope
A5090742414,Yara Seif,1,1,P0002,La Jolla Bioengineering Institute; University of California San Diego,US,no,1,Reconstruction of Fur pan-regulon uncovers the complexity and diversity of transcriptional regulation in E. coli,out_of_scope
A5081926725,Kumari Sonal Choudhary,1,1,P0002,La Jolla Bioengineering Institute; University of California San Diego,US,no,1,Reconstruction of Fur pan-regulon uncovers the complexity and diversity of transcriptional regulation in E. coli,out_of_scope
A5102019234,Min Hyung Lee,1,1,P0002,,,no,1,Synthesis and Characterization of Polyethylenimine-Graft-Poly(L-Lactide-Co-Glycolide) Block Copolymers for Gene Delivery,out_of_scope
A5101466544,Byoung Soo Kim,1,1,P0002,,,no,1,Synthesis and Characterization of Polyethylenimine-Graft-Poly(L-Lactide-Co-Glycolide) Block Copolymers for Gene Delivery,out_of_scope
A5063152228,Anshu Alok,1,1,P0002,Panjab University,IN,no,1,List of Contributors,out_of_scope
A5104031924,Shilpi Bansal,1,1,P0002,Central Institute of Medicinal and Aromatic Plants,IN,no,1,List of Contributors,out_of_scope
A5100326500,Jian Chen,1,1,P0002,Jiangnan University,CN,no,1,List of Contributors,out_of_scope
A5100457681,Zhen Chen,1,1,P0002,Tsinghua University,CN,no,1,List of Contributors,out_of_scope
A5029804096,Manisha Chownk,1,1,P0002,Institute of Bioinformatics and Applied Biotechnology,IN,no,1,List of Contributors,out_of_scope
A5077891557,Zhongxue Dai,1,1,P0002,Nanjing Tech University,CN,no,1,List of Contributors,out_of_scope
A5100443260,Deng Chen,1,1,P0002,Jiangnan University,CN,no,1,List of Contributors,out_of_scope
A5024255824,Weiliang Dong,1,1,P0002,Nanjing Tech University; The Synergetic Innovation Center for Advanced Materials,CN,no,1,List of Contributors,out_of_scope
A5004433515,Guocheng Du,1,1,P0002,Jiangnan University,CN,no,1,List of Contributors,out_of_scope
A5102819949,Anuj Dwivedi,1,1,P0002,National Institute of Plant Genome Research,IN,no,1,List of Contributors,out_of_scope
A5100665485,Fang Yan,1,1,P0002,Nanjing Tech University; The Synergetic Innovation Center for Advanced Materials,CN,no,1,List of Contributors,out_of_scope
A5040123565,Sumit G. Gandhi,1,1,P0002,Indian Institute of Integrative Medicine,IN,no,1,List of Contributors,out_of_scope
A5041830098,Kaushik Ghose,1,1,P0002,Texas Tech University,US,no,1,List of Contributors,out_of_scope
A5101403016,Ting‐Ting Huang,1,1,P0002,Jiangnan University,CN,no,1,List of Contributors,out_of_scope
A5017961841,Min Jiang,1,1,P0002,Nanjing Tech University; The Synergetic Innovation Center for Advanced Materials,CN,no,1,List of Contributors,out_of_scope
A5101687739,Yujia Jiang,1,1,P0002,Nanjing Tech University,CN,no,1,List of Contributors,out_of_scope
A5014219245,Jitesh Kumar,1,1,P0002,,,no,1,List of Contributors,out_of_scope
A5054222197,Kamal Kumar,1,1,P0002,,,no,1,List of Contributors,out_of_scope
A5086295953,Sudhesh Kumar,1,1,P0002,,,no,1,List of Contributors,out_of_scope
A5101672278,Dehua Liu,1,1,P0002,,,no,1,List of Contributors,out_of_scope
A5100348284,Long Liu,1,1,P0002,,,no,1,List of Contributors,out_of_scope
A5100390803,Lu Yuan,1,1,P0002,,,no,1,List of Contributors,out_of_scope
A5011737224,Xueqin Lv,1,1,P0002,,,no,1,List of Contributors,out_of_scope
A5113846430,Ziyao Lv,1,1,P0002,,,no,1,List of Contributors,out_of_scope
A5044257515,Venugopal Mendu,1,1,P0002,,,no,1,List of Contributors,out_of_scope
A5063572692,Jogindra Naik,1,1,P0002,,,no,1,List of Contributors,out_of_scope
A5017708581,Lokesh Kumar Narnoliya,1,1,P0002,,,no,1,List of Contributors,out_of_scope
A5028114748,Ashok Pandey,1,1,P0002,,,no,1,List of Contributors,out_of_scope
A5100687379,Ashutosh Pandey,1,1,P0002,,,no,1,List of Contributors,out_of_scope
A5113611245,Bindu Pandey,1,1,P0002,,,no,1,List of Contributors,out_of_scope
A5112349142,Pravin Prakash,1,1,P0002,,,no,1,List of Contributors,out_of_scope
A5001649805,Anjali Purohit,1,1,P0002,,,no,1,List of Contributors,out_of_scope
A5001825872,Krishan Mohan,1,1,P0002,,,no,1,List of Contributors,out_of_scope
A5091469219,Anshulika Rai,1,1,P0002,,,no,1,List of Contributors,out_of_scope
A5077886604,Zhiming Rao,1,1,P0002,,,no,1,List of Contributors,out_of_scope
A5101108363,Ruchika,1,1,P0002,,,no,1,List of Contributors,out_of_scope
A5076530130,Birla H. Singh,1,1,P0002,,,no,1,List of Contributors,out_of_scope
A5101438054,Harpal Singh,1,1,P0002,,,no,1,List of Contributors,out_of_scope
A5085711857,Samer Singh,1,1,P0002,,,no,1,List of Contributors,out_of_scope
A5104021100,Sudhir P. Singh,1,1,P0002,,,no,1,List of Contributors,out_of_scope
A5038606074,Rakesh K. Srivastava,1,1,P0002,,,no,1,List of Contributors,out_of_scope
A5050290516,Karnika Thakur,1,1,P0002,,,no,1,List of Contributors,out_of_scope
A5112893058,Hongwei Tian,1,1,P0002,,,no,1,List of Contributors,out_of_scope
A5061115907,Budhi Sagar Tiwari,1,1,P0002,,,no,1,List of Contributors,out_of_scope
A5053022662,Alokika Vashisht,1,1,P0002,,,no,1,List of Contributors,out_of_scope
A5032903245,Praveen Chandra Verma,1,1,P0002,,,no,1,List of Contributors,out_of_scope
A5024352692,Praveen Kumar Verma,1,1,P0002,,,no,1,List of Contributors,out_of_scope
A5048380235,Chonglong Wang,1,1,P0002,,,no,1,List of Contributors,out_of_scope
A5027632849,Fengxue Xin,1,1,P0002,,,no,1,List of Contributors,out_of_scope
A5112901384,Meijuan Xu,1,1,P0002,Nanjing Tech University,CN,no,1,List of Contributors,out_of_scope
A5071567678,Zhenghong Xu,1,1,P0002,Nanjing Tech University,CN,no,1,List of Contributors,out_of_scope
A5086210898,Wei Yan,1,1,P0002,Nanjing Tech University; The Synergetic Innovation Center for Advanced Materials,CN,no,1,List of Contributors,out_of_scope
A5101132758,Jina Yang,1,1,P0002,,,no,1,List of Contributors,out_of_scope
A5005479949,Bakht Zada,1,1,P0002,,,no,1,List of Contributors,out_of_scope
A5046936580,Charles C. Lee,1,1,P0002,Cornell University,US,no,1,Neuroprotection of fermented small black soybean (Rhynchosia nulubilis) on hippocampal neurons through antioxidant effect,out_of_scope
A5135291862,Jinyoung Kim,1,1,P0002,,,no,1,Engineered probiotic bacteria producing an RNA-based TLR7/8 agonist for enhanced cancer immunotherapy,out_of_scope
A5090352988,Pyunghwajun Lee,1,1,P0002,,,no,1,Engineered probiotic bacteria producing an RNA-based TLR7/8 agonist for enhanced cancer immunotherapy,out_of_scope
A5135289414,Junsang Doh,1,1,P0002,,,no,1,Engineered probiotic bacteria producing an RNA-based TLR7/8 agonist for enhanced cancer immunotherapy,out_of_scope
A5015185768,Wooyoung Park,1,1,P0002,National University,SD,no,1,RegB/A-dependent redox regulation links iron uptake to methanol metabolism in Methylomonas sp. DH-1,out_of_scope
A5109069988,S.-H. Cha,1,1,P0002,National University,SD,no,1,RegB/A-dependent redox regulation links iron uptake to methanol metabolism in Methylomonas sp. DH-1,out_of_scope
A5023801774,Ji‐Sook Hahn,1,1,P0002,National University,SD,no,1,RegB/A-dependent redox regulation links iron uptake to methanol metabolism in Methylomonas sp. DH-1,out_of_scope
A5056112571,Daniela Samaniego‐Castruita,1,1,P0003,La Jolla Institute for Immunology; University of California San Diego,US,no,1,TOX and TOX2 transcription factors cooperate with NR4A transcription factors to impose CD8 + T cell exhaustion,out_of_scope
A5037756864,Yueqiang H. Wang,1,1,P0003,National Cancer Institute; National Institutes of Health,US,no,1,TOX and TOX2 transcription factors cooperate with NR4A transcription factors to impose CD8 + T cell exhaustion,out_of_scope
A5071745580,Romain O. Georges,1,1,P0003,La Jolla Institute for Immunology,US,no,1,TOX and TOX2 transcription factors cooperate with NR4A transcription factors to impose CD8 + T cell exhaustion,out_of_scope
A5065099404,Atsushi Onodera,1,1,P0003,Chiba University; La Jolla Institute for Immunology,JP; US,no,1,TOX and TOX2 transcription factors cooperate with NR4A transcription factors to impose CD8 + T cell exhaustion,out_of_scope
A5013958114,Li‐Fan Lu,1,1,P0003,University of California San Diego,US,no,1,TOX and TOX2 transcription factors cooperate with NR4A transcription factors to impose CD8 + T cell exhaustion,out_of_scope
A5067572565,Payal Ramchandani,1,1,P0003,La Jolla Institute for Immunology; Novartis (United States); University of California San Diego,US,no,1,BATF and IRF4 cooperate to counter exhaustion in tumor-infiltrating CAR T cells,out_of_scope
A5100708269,Chao Yang,1,1,P0003,La Jolla Institute for Immunology,US,no,1,BATF and IRF4 cooperate to counter exhaustion in tumor-infiltrating CAR T cells,out_of_scope
A5076626020,Ageliki Tsagaratou,1,1,P0003,La Jolla Institute for Immunology,US,no,1,Paradoxical association of TET loss of function with genome-wide DNA hypomethylation,out_of_scope
A5008324116,Hiroshi Yuita,1,1,P0003,La Jolla Institute for Immunology,US,no,1,Paradoxical association of TET loss of function with genome-wide DNA hypomethylation,out_of_scope
A5009179740,Benjamin Delatte,1,1,P0003,La Jolla Institute for Immunology,US,no,1,Paradoxical association of TET loss of function with genome-wide DNA hypomethylation,out_of_scope
A5090232554,Sven Heinz,1,1,P0003,University of California San Diego,US,no,1,Paradoxical association of TET loss of function with genome-wide DNA hypomethylation,out_of_scope
A5060761396,Christopher Benner,1,1,P0003,University of California San Diego,US,no,1,Paradoxical association of TET loss of function with genome-wide DNA hypomethylation,out_of_scope
A5102080128,Kwang-Soo Shin,1,1,P0003,New Generation University College,ET,no,1,Activation of NKT Cells in an Anti-PD-1–Resistant Tumor Model Enhances Antitumor Immunity by Reinvigorating Exhausted CD8 T Cells,out_of_scope
A5101713659,Michelle Lin,1,1,P0003,Discovery Institute; Sanford Burnham Prebys Medical Discovery Institute,US,no,1,PSGL-1 attenuates early TCR signaling to suppress CD8+ T cell progenitor differentiation and elicit terminal CD8+ T cell exhaustion,out_of_scope
A5015880946,Sreeja Biswas Roy,1,1,P0003,Discovery Institute; Sanford Burnham Prebys Medical Discovery Institute,US,no,1,PSGL-1 attenuates early TCR signaling to suppress CD8+ T cell progenitor differentiation and elicit terminal CD8+ T cell exhaustion,out_of_scope
A5100372243,Lei Xue,1,1,P0003,Discovery Institute; Sanford Burnham Prebys Medical Discovery Institute,US,no,1,PSGL-1 attenuates early TCR signaling to suppress CD8+ T cell progenitor differentiation and elicit terminal CD8+ T cell exhaustion,out_of_scope
A5003500802,Savio Chow,1,1,P0003,Discovery Institute; Sanford Burnham Prebys Medical Discovery Institute,US,no,1,PSGL-1 attenuates early TCR signaling to suppress CD8+ T cell progenitor differentiation and elicit terminal CD8+ T cell exhaustion,out_of_scope
A5102893095,Gregory A. Daniels,1,1,P0003,UC San Diego Health System,US,no,1,PSGL-1 attenuates early TCR signaling to suppress CD8+ T cell progenitor differentiation and elicit terminal CD8+ T cell exhaustion,out_of_scope
A5066417693,Kevin Y. Yip,1,1,P0003,Discovery Institute; Sanford Burnham Prebys Medical Discovery Institute,US,no,1,PSGL-1 attenuates early TCR signaling to suppress CD8+ T cell progenitor differentiation and elicit terminal CD8+ T cell exhaustion,out_of_scope
A5100462781,Ji‐Hyun Kim,1,1,P0003,New Generation University College,ET,no,1,Strategies to Overcome Hurdles in Cancer Immunotherapy,out_of_scope
A5114213610,Sehoon Moon,1,1,P0003,New Generation University College,ET,no,1,Strategies to Overcome Hurdles in Cancer Immunotherapy,out_of_scope
A5078759295,Hojeong Lee,1,1,P0003,New Generation University College,ET,no,1,Strategies to Overcome Hurdles in Cancer Immunotherapy,out_of_scope
A5012765342,Keehoon Jung,1,1,P0003,New Generation University College,ET,no,1,Strategies to Overcome Hurdles in Cancer Immunotherapy,out_of_scope
A5088148920,Seung Woo Chung,1,1,P0003,Johns Hopkins University,US,no,1,Anticoagulation therapy promotes the tumor immune-microenvironment and potentiates the efficacy of immunotherapy by alleviating hypoxia,out_of_scope
A5070904628,Taslim A. Al‐Hilal,1,1,P0003,The University of Texas at El Paso,US,no,1,Anticoagulation therapy promotes the tumor immune-microenvironment and potentiates the efficacy of immunotherapy by alleviating hypoxia,out_of_scope
A5056578969,Seo-Hyun Ahn,1,1,P0003,,,no,1,Anticoagulation therapy promotes the tumor immune-microenvironment and potentiates the efficacy of immunotherapy by alleviating hypoxia,out_of_scope
A5075311569,Uk-Il Kim,1,1,P0003,,,no,1,Anticoagulation therapy promotes the tumor immune-microenvironment and potentiates the efficacy of immunotherapy by alleviating hypoxia,out_of_scope
A5100671818,Kyung-Jin Kim,1,1,P0003,,,no,1,Anticoagulation therapy promotes the tumor immune-microenvironment and potentiates the efficacy of immunotherapy by alleviating hypoxia,out_of_scope
A5058990512,Edahi Gonzalez Avalos,1,1,P0003,La Jolla Institute for Immunology,US,no,1,Disruption of TOX transcription factors enhances CAR T cells function in solid tumors,out_of_scope
A5072255813,Daniela Samaniego Castruita,1,1,P0003,La Jolla Institute for Immunology,US,no,1,Disruption of TOX transcription factors enhances CAR T cells function in solid tumors,out_of_scope
A5080100583,Issac Lopez Moyado,1,1,P0003,La Jolla Institute for Immunology,US,no,1,Disruption of TOX transcription factors enhances CAR T cells function in solid tumors,out_of_scope
A5084888276,Li-Fan Lu,1,1,P0003,University of California San Diego,US,no,1,Disruption of TOX transcription factors enhances CAR T cells function in solid tumors,out_of_scope
A5100336616,Tae-Wook Kim,1,1,P0003,,,no,1,The relationship between aerobic capacity and the recruitment of activated sweat gland density with passive heating,out_of_scope
A5061522052,Jonghyuck Kim,1,1,P0003,,,no,1,The relationship between aerobic capacity and the recruitment of activated sweat gland density with passive heating,out_of_scope
A5005875022,Nameun Bae,1,1,P0003,,,no,1,The relationship between aerobic capacity and the recruitment of activated sweat gland density with passive heating,out_of_scope
A5109425829,Young-Soo Baik,1,1,P0003,,,no,1,The relationship between aerobic capacity and the recruitment of activated sweat gland density with passive heating,out_of_scope
A5057462527,Jeong‐Beom Lee,1,1,P0003,,,no,1,The relationship between aerobic capacity and the recruitment of activated sweat gland density with passive heating,out_of_scope
A5100862232,Hun‐Mo Yang,1,1,P0003,,,no,1,The relationship between aerobic capacity and the recruitment of activated sweat gland density with passive heating,out_of_scope
A5089050029,Young‐Ki Min,1,1,P0003,,,no,1,The relationship between aerobic capacity and the recruitment of activated sweat gland density with passive heating,out_of_scope
A5008164273,Xue Lei,1,1,P0003,Discovery Institute; Sanford Burnham Prebys Medical Discovery Institute,US,no,1,PSGL-1 directs early TCR signaling to repress metabolism and promote T cell exhaustion by modulating the TCF-1/TOX axis in CD8 + T cells,out_of_scope
A5119011515,Chao Yang,1,1,P0003,La Jolla Institute for Immunology,US,no,1,Inhibition of TET (Ten-Eleven Translocation) enzymes enhances systemic anti-tumor immune responses in T cells,out_of_scope
A5066361198,Edahi Gonzales-Avalos,1,1,P0003,La Jolla Institute for Immunology,US,no,1,BATF and IRF4 cooperate to counter exhaustion in tumour-infiltrating CAR T cells,out_of_scope
A5089581185,Chan Wang “Jerry” Lio,1,1,P0003,Ohio University; The Ohio State University,US,no,1,BATF and IRF4 cooperate to counter exhaustion in tumour-infiltrating CAR T cells,out_of_scope
A5116857271,Hanbum Joe,1,1,P0003,University of California San Diego; VA San Diego Healthcare System,US,no,1,TIMP-1 associates with myelin membrane and preserves myelin in injured peripheral nerve,out_of_scope
A5077814717,Jennifer Dolkas,1,1,P0003,VA San Diego Healthcare System,US,no,1,TIMP-1 associates with myelin membrane and preserves myelin in injured peripheral nerve,out_of_scope
A5116857272,Megh Jawala,1,1,P0003,VA San Diego Healthcare System,US,no,1,TIMP-1 associates with myelin membrane and preserves myelin in injured peripheral nerve,out_of_scope
A5020318819,Swathi K. Hullugundi,1,1,P0003,VA San Diego Healthcare System,US,no,1,TIMP-1 associates with myelin membrane and preserves myelin in injured peripheral nerve,out_of_scope
A5014165479,Hemal H. Patel,1,1,P0003,VA San Diego Healthcare System,US,no,1,TIMP-1 associates with myelin membrane and preserves myelin in injured peripheral nerve,out_of_scope
A5010121080,Andrei V. Chernov,1,1,P0003,VA San Diego Healthcare System,US,no,1,TIMP-1 associates with myelin membrane and preserves myelin in injured peripheral nerve,out_of_scope
A5026252325,Veronica I. Shubayev,1,1,P0003,UC San Diego Health System; University of California San Diego; VA San Diego Healthcare System,US,no,1,TIMP-1 associates with myelin membrane and preserves myelin in injured peripheral nerve,out_of_scope
A5053153618,Mark E. Williams,1,1,P0004,Massachusetts Institute of Technology,US,no,1,Design and analysis framework for linear permanent-magnet machines,out_of_scope
A5038114019,Peter Belenky,1,1,P0004,Brown University,US,no,1,Genome-resolved metagenomics: a game changer for microbiome medicine,out_of_scope
A5088492340,Pirmin J. Weigele,1,1,P0004,University of Basel,CH,no,1,Template-Assisted Scalable Nanowire Networks,out_of_scope
A5039152185,Taras Patlatiuk,1,1,P0004,University of Basel,CH,no,1,Template-Assisted Scalable Nanowire Networks,out_of_scope
A5101890146,Zhiyuan Sun,1,1,P0004,Northwestern University,PH; US,no,1,Template-Assisted Scalable Nanowire Networks,out_of_scope
A5101762123,Margiad Williams,1,1,P0004,,,no,1,Design and analysis framework for linear permanent magnet machines,out_of_scope
A5112286488,Vladimir G. Dubrovski,1,1,P0004,ITMO University; Ioffe Institute; Saint Petersburg Academic University,RU,no,1,Engineering the Size Distributions of Ordered GaAs Nanowires on Silicon,out_of_scope
A5023454005,Maxime Lagier,1,1,P0004,École Polytechnique Fédérale de Lausanne,CH,no,1,Engineering the Size Distributions of Ordered GaAs Nanowires on Silicon,out_of_scope
A5028473065,Edoardo Markov,1,1,P0004,Laboratoire des Matériaux Avancés; École Polytechnique Fédérale de Lausanne,CH; FR,no,1,Optimizing the yield of A-polar GaAs nanowires to achieve defect-free zinc blende structure and enhanced optical functionality,out_of_scope
A5111537282,James B. Bryan,1,1,P0004,,,no,1,Linear Motor-Leviated Stage for Photolithography,out_of_scope
A5043016126,Kwansoo Yun,1,1,P0004,Texas A&M University,US,no,1,System identification and microposition control of ionic polymer metal composite for three-finger gripper manipulation,out_of_scope
A5087976396,Andrea Giunto,1,1,P0004,École Polytechnique Fédérale de Lausanne,CH,no,1,Anisotropic-Strain-Induced Band Gap Engineering in Nanowire-Based Quantum Dots,out_of_scope
A5035640285,Pablo Romero‐Gómez,1,1,P0004,École Polytechnique Fédérale de Lausanne,CH,no,1,Anisotropic-Strain-Induced Band Gap Engineering in Nanowire-Based Quantum Dots,out_of_scope
A5044800439,Anke Husmann,1,1,P0004,,,no,1,Highly sensitive piezotronic pressure sensors based on undoped GaAs nanowire ensembles,out_of_scope
A5031361731,Alice Bourdelain,1,1,P0004,Institut des Nanotechnologies de Lyon,FR,no,1,Highly sensitive piezotronic pressure sensors based on undoped GaAs nanowire ensembles,out_of_scope
A5059682918,Chess Boughey,1,1,P0004,,,no,1,Highly sensitive piezotronic pressure sensors based on undoped GaAs nanowire ensembles,out_of_scope
A5085338985,Qingshen Jing,1,1,P0004,,,no,1,Highly sensitive piezotronic pressure sensors based on undoped GaAs nanowire ensembles,out_of_scope
A5102710094,Mohammad Samani,1,1,P0004,University of Basel,CH,no,1,Remote Doping of Scalable Nanowire Branches,out_of_scope
A5050876995,Jaime Segura‐Ruiz,1,1,P0004,European Synchrotron Radiation Facility,FR,no,1,Remote Doping of Scalable Nanowire Branches,out_of_scope
A5112463482,Jelena Vukajlovic-Plestina,1,1,P0004,École Polytechnique Fédérale de Lausanne,CH,no,1,Time-resolved open-circuit conductive atomic force microscopy for direct electromechanical characterisation,out_of_scope
A5100335797,Li Wang,1,1,P0004,,,no,1,"GaAs nanowires on Si nanopillars: towards large scale, phase-engineered arrays",out_of_scope
A5024927517,Renato Amaral Minamisawa,1,1,P0004,FHNW University of Applied Sciences and Arts Northwestern Switzerland,CH,no,1,"GaAs nanowires on Si nanopillars: towards large scale, phase-engineered arrays",out_of_scope
A5113311534,Harun H. Solak,1,1,P0004,,,no,1,"GaAs nanowires on Si nanopillars: towards large scale, phase-engineered arrays",out_of_scope
A5011887185,Jiawei Dong,1,1,P0004,Texas A&M University,US,no,1,Bandwidth allocation and scheduling of networked control systems with exponential and quadratic approximations,out_of_scope
A5085436804,Ki Hyuk Park,1,1,P0004,,,no,1,Development of an easy payment system based on IoT gateway,out_of_scope
A5044599909,Vu Huy Nguyen,1,1,P0004,Lawrence Berkeley National Laboratory,US,no,1,Error analysis to minimize cross-axis couplings in 6-DOF motion systems with a single moving part,out_of_scope
A5063904417,Yashpreet Kaur,1,1,P0004,University of Basel,CH,no,1,Thermal Rectification in Telescopic Nanowires: Impact of Thermal Boundary Resistance,out_of_scope
A5012976307,Saeko Tachikawa,1,1,P0004,University of Basel,CH,no,1,Thermal Rectification in Telescopic Nanowires: Impact of Thermal Boundary Resistance,out_of_scope
A5037015830,Miquel López-Suárez,1,1,P0004,Institut de Ciència de Materials de Barcelona,ES,no,1,Thermal Rectification in Telescopic Nanowires: Impact of Thermal Boundary Resistance,out_of_scope
A5115528687,Matteo Camponovo,1,1,P0004,University of Basel,CH,no,1,Thermal Rectification in Telescopic Nanowires: Impact of Thermal Boundary Resistance,out_of_scope
A5065854237,Alicia Ruiz‐Caridad,1,1,P0004,University of Basel,CH,no,1,Thermal Rectification in Telescopic Nanowires: Impact of Thermal Boundary Resistance,out_of_scope
A5011963892,Riccardo Rurali,1,1,P0004,Institut de Ciència de Materials de Barcelona,ES,no,1,Thermal Rectification in Telescopic Nanowires: Impact of Thermal Boundary Resistance,out_of_scope
A5110128763,Yeon-sik Choi,1,1,P0004,,,no,1,Development of Win-Loss Prediction Models and Strategies for Improving Winning Rate of the Korean Professional Baseball Teams Using Data Mining Techniques,out_of_scope
A5014939090,Dong-hee Yoo,1,1,P0004,,,no,1,Development of Win-Loss Prediction Models and Strategies for Improving Winning Rate of the Korean Professional Baseball Teams Using Data Mining Techniques,out_of_scope
A5012699383,Boas Yu,1,1,P0004,Fairleigh Dickinson University,US,no,1,"A Delphi Study on the Changes in Work, Organizational Culture, and Health Issues of Nurses at Tertiary Hospitals in South Korea during the COVID‐19 Pandemic",out_of_scope
A5038409259,Daegeun Park,1,1,P0004,,,no,1,Shear-induced microstructure and rheology of cetylpyridinium chloride/sodium salicylate micellar solutions,out_of_scope
A5063467902,Young‐Chul Kim,1,1,P0004,,,no,1,The Determinants of Continuous Usage Intention for One-on-one Online English Education Program,out_of_scope
A5033540585,J. Jasiński,1,1,P0004,AGH University of Krakow,PL,no,1,Spatial Modulation of Vibrational and Luminescence Properties of Monolayer MoS₂ Using a GaAs Nanowire Array,out_of_scope
A5065007876,Riccardo Frisenda,1,1,P0004,Instituto de Ciencia de Materiales de Madrid,ES,no,1,Spatial Modulation of Vibrational and Luminescence Properties of Monolayer MoS₂ Using a GaAs Nanowire Array,out_of_scope
A5029632276,Alessandro Surrente,1,1,P0004,AGH University of Krakow,PL,no,1,Spatial Modulation of Vibrational and Luminescence Properties of Monolayer MoS₂ Using a GaAs Nanowire Array,out_of_scope
A5010562994,Michał Baranowski,1,1,P0004,AGH University of Krakow,PL,no,1,Spatial Modulation of Vibrational and Luminescence Properties of Monolayer MoS₂ Using a GaAs Nanowire Array,out_of_scope
A5041213797,Mirjana Dimitrievska,1,1,P0004,École Polytechnique Fédérale de Lausanne,CH,no,1,Spatial Modulation of Vibrational and Luminescence Properties of Monolayer MoS₂ Using a GaAs Nanowire Array,out_of_scope
A5070997621,Andrés Castellanos-Gómez,1,1,P0004,Instituto de Ciencia de Materiales de Madrid,ES,no,1,Spatial Modulation of Vibrational and Luminescence Properties of Monolayer MoS₂ Using a GaAs Nanowire Array,out_of_scope
A5086191211,Paulina Płochocka,1,1,P0004,AGH University of Krakow,PL,no,1,Spatial Modulation of Vibrational and Luminescence Properties of Monolayer MoS₂ Using a GaAs Nanowire Array,out_of_scope
A5039274400,Lina Zhao,1,1,P0004,City University of Hong Kong,HK,no,1,A staggered cell-centered DG method for the biharmonic Steklov problem on polygonal meshes: A priori and a posteriori analysis,out_of_scope
A5109576946,Jae-Kyeum Lee,1,1,P0004,,,no,1,The Effects of Nursing Students' Learning Motivation and Learning Commitment on Adaptation to College Life,out_of_scope
A5014125371,Jung-Geun Lee,1,1,P0004,,,no,1,The Effects of Nursing Students' Learning Motivation and Learning Commitment on Adaptation to College Life,out_of_scope
A5014288829,Jung-Geun Lee,1,1,P0004,,,no,1,Effects of Learning Satisfaction and Academic Self-efficacy on Academic Achievement of Nursing Students who have Experienced Contactless Classes in the COVID-19 Situation,out_of_scope
A5100692964,Youngsoo Park,1,1,P0004,,,no,1,A Platform-Based SoC Design of a 32-Bit Smart Card,out_of_scope
A5046243669,A. Ambike,1,1,P0004,Mitchell Institute; Texas A&M University,US,no,1,Control Strategies for Distributed Real-Time Control With Time Delays and Packets Losses,out_of_scope
A5102117971,SukHwan Lim,1,1,P0004,,,no,1,A Study on the Toxicity Analysis of Combustion Gases of Architectural Surface Materials and Architectural Adhesives,out_of_scope
A5010697582,Jung-In Kim,1,1,P0004,,,no,1,A Study on the Toxicity Analysis of Combustion Gases of Architectural Surface Materials and Architectural Adhesives,out_of_scope
A5080837599,Hyun-Min Choi,1,1,P0004,,,no,1,Temperature-dependent Dielectric Properties in ITO/AF/Al Device,out_of_scope
A5033811211,Hee-Doo Park,1,1,P0004,,,no,1,Dependence of the Partial Discharge Characteristics of Ultra-high Voltage Cable Insulators on the Measuring Temperature,out_of_scope
A5001344147,Hyuk-Jin Lee,1,1,P0004,,,no,1,Dependence of the Partial Discharge Characteristics of Ultra-high Voltage Cable Insulators on the Measuring Temperature,out_of_scope
A5014456431,Kang‐Won Lee,1,1,P0004,,,no,1,Dependence of the Partial Discharge Characteristics of Ultra-high Voltage Cable Insulators on the Measuring Temperature,out_of_scope
A5003117127,Wisu Seo,1,1,P0004,,,no,1,"The Effects of Kiosk Service Quality on Value, Satisfaction, and Reuse Intention",out_of_scope
A5051412735,Wonseok Bang,1,1,P0004,,,no,1,Building Customer Loyalty through CSR: Moderating Effect of Authenticity,out_of_scope
A5065531611,Yi-chu Chang,1,1,P0004,,,no,1,A Linear Time-Variant (LTV) Ionic-Polymer-Metal-Composite (IPMC) Electrical Model With Effects of Capacitors and Resistors,out_of_scope
A5100670577,Tae Wan Kim,1,1,P0004,,,no,1,?Study on Electrical Conductive Mechanism in Five-Layered Structure of Organic Light-Emitting Diodes,out_of_scope
A5035536038,Jung-Kyoung Kim,1,1,P0004,,,no,1,The Effects of Clinical Practice Stress and Social Support on Major Satisfaction of Nursing Students,out_of_scope
A5101914558,Sunju Lee,1,1,P0004,,,no,1,The Effects of Clinical Practice Stress and Social Support on Major Satisfaction of Nursing Students,out_of_scope
A5103177777,Mi-Kyoung Lee,1,1,P0004,,,no,1,A systemic review and meta-analysis on the antihypertensive effect of aromatherapy essential oils,out_of_scope
A5087957656,Mina Ahn,1,1,P0004,,,no,1,A systemic review and meta-analysis on the antihypertensive effect of aromatherapy essential oils,out_of_scope
A5102390761,Ahra Jo,1,1,P0004,,,no,1,A systemic review and meta-analysis on the antihypertensive effect of aromatherapy essential oils,out_of_scope
A5113902496,Jeong-Ah Park,1,1,P0004,,,no,1,A systemic review and meta-analysis on the antihypertensive effect of aromatherapy essential oils,out_of_scope
A5102798951,Claudia M. Davis,1,1,P0004,,,no,1,A systemic review and meta-analysis on the antihypertensive effect of aromatherapy essential oils,out_of_scope
A5100689633,Kim Ys,1,1,P0004,,,no,1,A systemic review and meta-analysis on the antihypertensive effect of aromatherapy essential oils,out_of_scope
A5011206712,Myun-Haeng Hur,1,1,P0004,,,no,1,A systemic review and meta-analysis on the antihypertensive effect of aromatherapy essential oils,out_of_scope
A5005991726,Jie Gu,1,1,P0004,Texas A&M University,US,no,1,Six-DOF Mechatronic Nanopositioning Device,out_of_scope
A5063901300,Himanshu Maheshwari,1,1,P0004,Texas A&M University,US,no,1,Six-DOF Mechatronic Nanopositioning Device,out_of_scope
A5005502529,Chan Yeong Kim,1,1,P0004,European Molecular Biology Laboratory,DE,no,1,A human gut metagenome-assembled genome catalogue spanning 41 countries supports genome-scale metabolic models,out_of_scope
A5051297844,Seunchul Kim,1,1,P0004,,,no,1,Architecture Exploration of H.264 Decoder SoC,out_of_scope
A5023170052,J.H. Goldie,1,1,P0004,SatCon Technology Corporation (United States),US,no,1,Extended-range linear magnetostrictive motor with double-sided three-phase stators,out_of_scope
A5008320473,M.J. Gerver,1,1,P0004,SatCon Technology Corporation (United States),US,no,1,Extended-range linear magnetostrictive motor with double-sided three-phase stators,out_of_scope
A5052887743,J. Kiley,1,1,P0004,SatCon Technology Corporation (United States),US,no,1,Extended-range linear magnetostrictive motor with double-sided three-phase stators,out_of_scope
A5063418201,J.R. Swenbeck,1,1,P0004,SatCon Technology Corporation (United States),US,no,1,Extended-range linear magnetostrictive motor with double-sided three-phase stators,out_of_scope
A5083396090,Minho Oh,1,1,P0004,,,no,1,Effects of CPC/NaSal Wormlike Micelle on the Removal of tert-Butyl Phenol Using Micellar-Enhanced Ultrafiltration,out_of_scope
A5108699098,Hyun-Chul Shin,1,1,P0004,,,no,1,A Hardware Cost Estimation Method For Design Reuse,out_of_scope
A5100653784,Tae‐Kyun Kim,1,1,P0004,Imperial College London,GB,no,1,A harmonic rejection mixer for cognitive radio application,out_of_scope
A5003672322,Tae-Ho Roh,1,1,P0004,,,no,1,Dynamic frequency scaling based power saving algorithm for a portable kitchen TV,out_of_scope
A5083678254,Changhwan Jang,1,1,P0004,,,no,1,Dynamic frequency scaling based power saving algorithm for a portable kitchen TV,out_of_scope
A5055253968,Ho Yu,1,1,P0004,Mitchell Institute; Texas A&M University,US,no,1,Controller Design and Implementation for a 6-DOF Magnetically Levitated Positioner With High-Precision,out_of_scope
A5033299994,오민호,1,1,P0004,,,no,1,한외 여과법을 이용한 tert-butyl phenol 제거에 대한 CPC/NaSal 미셀의 영향,out_of_scope
A5068887729,양승만,1,1,P0004,,,no,1,한외 여과법을 이용한 tert-butyl phenol 제거에 대한 CPC/NaSal 미셀의 영향,out_of_scope
A5112016215,Min-Ho Oh,1,1,P0004,,,no,1,한외 여과법을 이용한 tert-butyl phenol 제거에 대한 CPC/NaSal 미셀의 영향,out_of_scope
A5110286087,Yong-Sham Kwon,1,1,P0004,,,no,1,Applicability of SSR (Simple sequence repeat) Marker to Identify Commercial Variety in Watermelon (Citrullus lanatus L.),out_of_scope
A5112524402,Seung-In Yi,1,1,P0004,,,no,1,Applicability of SSR (Simple sequence repeat) Marker to Identify Commercial Variety in Watermelon (Citrullus lanatus L.),out_of_scope
A5013579766,You-Hwan Oh,1,1,P0004,,,no,1,Applicability of SSR (Simple sequence repeat) Marker to Identify Commercial Variety in Watermelon (Citrullus lanatus L.),out_of_scope
A5046345514,Ii-Ho Cho,1,1,P0004,,,no,1,Applicability of SSR (Simple sequence repeat) Marker to Identify Commercial Variety in Watermelon (Citrullus lanatus L.),out_of_scope
A5081881852,Seon-Gwon Kim,1,1,P0004,,,no,1,Multiport Memory Compiler using Single Core Cell Expansion,out_of_scope
A5100698504,Yongjin Lee,1,1,P0004,,,no,1,Multiport Memory Compiler using Single Core Cell Expansion,out_of_scope
A5085793977,Seong-Hun Gwon,1,1,P0004,,,no,1,Multiport Memory Compiler using Single Core Cell Expansion,out_of_scope
A5030930753,Hyeon-Cheol Sin,1,1,P0004,,,no,1,Multiport Memory Compiler using Single Core Cell Expansion,out_of_scope
A5039949451,원종 김,1,1,P0004,,,no,1,CTAB 용액의 미세구조와 유변학적 물성에 대한 첨가제의 영향,out_of_scope
A5103611980,승만 양,1,1,P0004,,,no,1,CTAB 용액의 미세구조와 유변학적 물성에 대한 첨가제의 영향,out_of_scope
A5096593683,Kihan Chung,1,1,P0004,,,no,1,The Relationship between Social Philanthropy and Performance of the Medical Institution,out_of_scope
A5028917660,DaeEop Kim,1,1,P0004,,,no,1,"The Relationship among Potential Entrepreneurs’ Sustainability Orientation, Market Orientation, and Intention of Fulfilling Social Responsibility",out_of_scope
A5103834546,Kim Tae-Hyun,1,1,P0004,,,no,1,Properties according to Alkali Activator Mixing Ratio of Non-cement Composite,out_of_scope
A5101537380,Sang‐Soo Lee,1,1,P0004,,,no,1,Properties according to Alkali Activator Mixing Ratio of Non-cement Composite,out_of_scope
A5078755043,Gwijeong Park,1,1,P0004,,,no,1,A Study on the Influential Factors of Internet of Things (IoT) to Realize Smart Home,out_of_scope
A5087251197,Gwijeong Park,1,1,P0004,,,no,1,An Exploratory Study on Tourist Choice Attributes and Characteristics of Medical Tourism in the Philippines,out_of_scope
A5034081602,Mi-Jeong Hwang,1,1,P0004,,,no,1,잣나무의 영급별 $CO_2/Non-CO_2$ 배출량 분석,out_of_scope
A5011109802,Yeong-Ju Park,1,1,P0004,,,no,1,잣나무의 영급별 $CO_2/Non-CO_2$ 배출량 분석,out_of_scope
A5044059797,Yeong-Geun Sim,1,1,P0004,,,no,1,잣나무의 영급별 $CO_2/Non-CO_2$ 배출량 분석,out_of_scope
A5112518303,Jelena Vukajlović Pleština,1,1,P0004,,,no,1,Time-Resolved Open-Circuit Conductive Atomic Force Microscopy for Quantitative Analysis of Piezoelectricity and Triboelectricity in Nanowires,out_of_scope
A5077006028,Nam Hyun Soon,1,1,P0004,,,no,1,음성 인식 기반 서비스 제어를 위한 서비스 프레임워크 구조,out_of_scope
A5049663160,Kim Young Chul,1,1,P0004,,,no,1,The Effects of Product Attributes of Korean Vehicleson Satisfaction and Repurchase Intent on for Chinese Consumers: The Moderating Role of After-Service Level,out_of_scope
A5110782779,Sung Hoon Choa,1,1,P0004,,,no,1,반도체 소자 국제 표준화 최근 동향 연구,out_of_scope
A5053474578,한태수,1,1,P0004,,,no,1,반도체 소자 국제 표준화 최근 동향 연구,out_of_scope
A5060625800,Chon Kyum Koo,1,1,P0004,,,no,1,정서적 스트레스 척도 개발 및 타당화,out_of_scope
A5010535855,Kyunghyun Suh,1,1,P0004,,,no,1,정서적 스트레스 척도 개발 및 타당화,out_of_scope
A5023333488,Han Gee Seong,1,1,P0004,,,no,1,정서적 스트레스 척도 개발 및 타당화,out_of_scope
A5023574923,Jinkook Tak,1,1,P0004,,,no,1,정서적 스트레스 척도 개발 및 타당화,out_of_scope
A5015736741,Kwuy Im Jung,1,1,P0004,,,no,1,정서적 스트레스 척도 개발 및 타당화,out_of_scope
A5016110294,Lee. Ju Yul,1,1,P0004,,,no,1,정서적 스트레스 척도 개발 및 타당화,out_of_scope
A5043130349,Kyung Sook Lee,1,1,P0004,,,no,1,정서적 스트레스 척도 개발 및 타당화,out_of_scope
A5110772264,Yunjeong Yi,1,1,P0004,,,no,1,정서적 스트레스 척도 개발 및 타당화,out_of_scope
A5026797071,Jaechang Bae,1,1,P0004,,,no,1,정서적 스트레스 척도 개발 및 타당화,out_of_scope
A5038503187,Sun‐Yi Yang,1,1,P0004,,,no,1,정서적 스트레스 척도 개발 및 타당화,out_of_scope
A5023216821,Yang Kyung hee,1,1,P0004,,,no,1,정서적 스트레스 척도 개발 및 타당화,out_of_scope
A5102335767,Kim myoungsuk,1,1,P0004,,,no,1,정서적 스트레스 척도 개발 및 타당화,out_of_scope
A5081855491,Kim Jung Kyoung,1,1,P0004,,,no,1,"간호사의 내부지향적 정책, 사회적지지 및 직무배태성이 이직의도에 미치는 영향",out_of_scope
A5101118151,Sun-Ju Lee,1,1,P0004,,,no,1,"간호사의 내부지향적 정책, 사회적지지 및 직무배태성이 이직의도에 미치는 영향",out_of_scope
A5075178121,Hyoung-Ro Lee,1,1,P0004,,,no,1,SoC 가상화 플랫폼을 이용한 SoC 구조 개발 및 검증 방법,out_of_scope
A5007444934,Cho Han Jin,1,1,P0004,,,no,1,SoC 가상화 플랫폼을 이용한 SoC 구조 개발 및 검증 방법,out_of_scope
A5083365168,Chi-Ho Lin,1,1,P0004,,,no,1,SoC 가상화 플랫폼을 이용한 SoC 구조 개발 및 검증 방법,out_of_scope
A5100340267,Minjae Kim,1,1,P0004,,,no,1,The Antecedents and Consequences of OTT Service Usefulness and the Mediation of User Satisfaction,out_of_scope
A5100305048,Min-Jae Kim,1,1,P0004,,,no,1,OTT 서비스 유용성의 선 · 후행요인 및 이용자 만족의 매개효과,out_of_scope
A5029132429,Young‐Ha Park,1,1,P0004,,,no,1,Volume Resistivity Characteristics of Epoxy Resin using Nanocomposites,out_of_scope
A5007804058,Gwi-Yeol Kim,1,1,P0004,,,no,1,Volume Resistivity Characteristics of Epoxy Resin using Nanocomposites,out_of_scope
A5099197120,June-Young Chang,1,1,P0004,,,no,1,日韓の会話に見られる共話,out_of_scope
A5027639399,Jung-Geun Lee,1,1,P0004,,,no,1,"The Influence of Nursing Students"" Social Support and Personality on Nursing Professional Intuition",out_of_scope
A5102960364,Eun-Yeong Park,1,1,P0004,Stanford University,US,no,1,Monitoring a tumor-targeting BODIPY-based theranostic nanomaterial with photoacoustic imaging,out_of_scope
A5058447665,Seda Çetindere,1,1,P0004,Gebze Technical University,TR,no,1,Monitoring a tumor-targeting BODIPY-based theranostic nanomaterial with photoacoustic imaging,out_of_scope
A5028627865,Süreyya Oğuz Tümay,1,1,P0004,Gebze Technical University,TR,no,1,Monitoring a tumor-targeting BODIPY-based theranostic nanomaterial with photoacoustic imaging,out_of_scope
A5066523923,Xingshu Li,1,1,P0004,Fuzhou University,CN,no,1,Monitoring a tumor-targeting BODIPY-based theranostic nanomaterial with photoacoustic imaging,out_of_scope
A5043066860,Serkan Yeşi̇lot,1,1,P0004,Gebze Technical University,TR,no,1,Monitoring a tumor-targeting BODIPY-based theranostic nanomaterial with photoacoustic imaging,out_of_scope
A5036368345,Jonghun Choi,1,1,P0004,,,no,1,A Study on the Antecedents Affecting Continuous Usage Intention of Chinese Tourism Platform Service,out_of_scope
A5073170991,Mi-Kyeong Jang,1,1,P0004,,,no,1,The Effect of Self-directed Learning and Self-efficacy on Academic Achievement of Nursing Students : Focused on Non-face-to-face Practice Subjects,out_of_scope
A5107939609,Ki-Yong Kim,1,1,P0004,,,no,1,The Effect of Self-directed Learning and Self-efficacy on Academic Achievement of Nursing Students : Focused on Non-face-to-face Practice Subjects,out_of_scope
A5032015625,Mirae Jo,1,1,P0004,,,no,1,Awareness of Blood Pressure or Blood Sugar Level and Subjective Body Weight Perception Impacts the Likelihood of Weight Loss Attempts among Overweight and Obese Adults: A Secondary Data Analysis,out_of_scope
A5113043927,Chizhe Cheng,1,1,P0004,University of Alabama,US,no,1,Collective Action and Intra-Group Conflict: An Experiment,out_of_scope
A5051442106,Cary Deck,1,1,P0004,Chapman University; University of Alabama,US,no,1,Collective Action and Intra-Group Conflict: An Experiment,out_of_scope
A5113090688,GANTUMUR KHONGORZUL y,1,1,P0004,,,no,1,The Effect of Entrepreneurship on Entrepreneurship Motivation and Intention to Participate in Educational Programs: The Regulating Effect of Family Support,out_of_scope
A5093692089,BATMUNKH SHURENTSETSEG y,1,1,P0004,,,no,1,The Effect of Entrepreneurship on Entrepreneurship Motivation and Intention to Participate in Educational Programs: The Regulating Effect of Family Support,out_of_scope
A5100341133,Eugene S. Kim,1,1,P0004,,,no,1,Effects of Virtual Reality(VR)-based Meditation on Stress and Quality of Sleep in Nursing Students,out_of_scope
A5111109211,Seung-Gyun Ahn,1,1,P0004,,,no,1,Effects of Virtual Reality(VR)-based Meditation on Stress and Quality of Sleep in Nursing Students,out_of_scope
A5111109212,Jung-Yeon Oh,1,1,P0004,,,no,1,Effects of Virtual Reality(VR)-based Meditation on Stress and Quality of Sleep in Nursing Students,out_of_scope
A5143217452,Bae-Joo Chan,1,1,P0004,,,no,1,"The Effects of the Sound Wave Healing Beat Program Based on Electrocardiogram Waveforms on Adolescents' Stress Resilience, Concentration, Learning Engagement, and Academic Achievement",out_of_scope
A5102764238,Hye-In Lee,1,1,P0004,,,no,1,"The Effects of the Sound Wave Healing Beat Program Based on Electrocardiogram Waveforms on Adolescents' Stress Resilience, Concentration, Learning Engagement, and Academic Achievement",out_of_scope
A5143228778,Moon-Su Lee,1,1,P0004,,,no,1,"The Effects of the Sound Wave Healing Beat Program Based on Electrocardiogram Waveforms on Adolescents' Stress Resilience, Concentration, Learning Engagement, and Academic Achievement",out_of_scope
A5101474675,Chen Gu,1,1,P0004,,,no,1,"The Effects of the Sound Wave Healing Beat Program Based on Electrocardiogram Waveforms on Adolescents' Stress Resilience, Concentration, Learning Engagement, and Academic Achievement",out_of_scope
A5109382539,Jaeyoung An,1,1,P0004,,,no,1,The Impact of Coffee Shop Servicescape on Customer Satisfaction and Behavioral Intentions: The Moderating Effect of Relational Benefits,out_of_scope
A5117625036,Gantumur Khongrozul,1,1,P0004,,,no,1,A Study on the Impact of Medical Service Selection Attributes and Destination Selection Attributes on the Intention to Revisit in Korean Medical Tourism,out_of_scope
A5038840736,Kangbok Lee,1,1,P0004,,,no,1,An Implementation of Pan-So-Ri Classification Program Using Naive Bayesian Classifier,out_of_scope
A5053476834,Myung-Gwan Kim,1,1,P0004,,,no,1,An Implementation of Pan-So-Ri Classification Program Using Naive Bayesian Classifier,out_of_scope
A5138680857,Renato Minamisawa,1,1,P0004,,,no,1,"GaAs nanowires on Si nanopillars. towards large scale, phase-engineered arrays",out_of_scope
A5141204063,Li Wang,1,1,P0004,,,no,1,"GaAs nanowires on Si nanopillars. towards large scale, phase-engineered arrays",out_of_scope
A5141188903,Nicholas Morgan,1,1,P0004,,,no,1,"GaAs nanowires on Si nanopillars. towards large scale, phase-engineered arrays",out_of_scope
A5120058771,Harun Solak,1,1,P0004,,,no,1,"GaAs nanowires on Si nanopillars. towards large scale, phase-engineered arrays",out_of_scope
A5122666130,Anna Fontcuberta i Morral,1,1,P0004,,,no,1,"GaAs nanowires on Si nanopillars. towards large scale, phase-engineered arrays",out_of_scope
A5110752266,Tae-Seop Shin,1,1,P0005,,,no,1,Lactobacillus paracasei-derived extracellular vesicles attenuate the intestinal inflammatory response by augmenting the endoplasmic reticulum stress pathway,out_of_scope
A5030936631,Eun Kyoung Kim,1,1,P0005,,,no,1,Lactobacillus paracasei-derived extracellular vesicles attenuate the intestinal inflammatory response by augmenting the endoplasmic reticulum stress pathway,out_of_scope
A5062825975,Andrea McDowell,1,1,P0005,,,no,1,Lactobacillus paracasei-derived extracellular vesicles attenuate the intestinal inflammatory response by augmenting the endoplasmic reticulum stress pathway,out_of_scope
A5101577306,Yoon‐Keun Kim,1,1,P0005,National University College,PR,no,1,Lactobacillus paracasei-derived extracellular vesicles attenuate the intestinal inflammatory response by augmenting the endoplasmic reticulum stress pathway,out_of_scope
A5021285403,Oluwaseun Akeju,1,1,P0005,Harvard University; Massachusetts General Hospital,US,no,1,Dexmedetomidine promotes biomimetic non-rapid eye movement stage 3 sleep in humans: A pilot study,out_of_scope
A5016150029,Lauren E. Hobbs,1,1,P0005,Harvard University; Massachusetts General Hospital,US,no,1,Dexmedetomidine promotes biomimetic non-rapid eye movement stage 3 sleep in humans: A pilot study,out_of_scope
A5067993542,Lei Gao,1,1,P0005,Harvard University; Massachusetts General Hospital,US,no,1,Dexmedetomidine promotes biomimetic non-rapid eye movement stage 3 sleep in humans: A pilot study,out_of_scope
A5033405091,Sara Burns,1,1,P0005,Harvard University; Massachusetts General Hospital,US,no,1,Dexmedetomidine promotes biomimetic non-rapid eye movement stage 3 sleep in humans: A pilot study,out_of_scope
A5018195329,Kara J. Pavone,1,1,P0005,Center for Pain and the Brain; Harvard University; Massachusetts General Hospital; University of Pennsylvania,US,no,1,Dexmedetomidine promotes biomimetic non-rapid eye movement stage 3 sleep in humans: A pilot study,out_of_scope
A5040822844,George S. Plummer,1,1,P0005,Harvard University; Massachusetts General Hospital,US,no,1,Dexmedetomidine promotes biomimetic non-rapid eye movement stage 3 sleep in humans: A pilot study,out_of_scope
A5084308807,Elisa C. Walsh,1,1,P0005,Harvard University; Massachusetts General Hospital,US,no,1,Dexmedetomidine promotes biomimetic non-rapid eye movement stage 3 sleep in humans: A pilot study,out_of_scope
A5071653590,Timothy T. Houle,1,1,P0005,Harvard University; Massachusetts General Hospital,US,no,1,Dexmedetomidine promotes biomimetic non-rapid eye movement stage 3 sleep in humans: A pilot study,out_of_scope
A5065493403,Matt T. Bianchi,1,1,P0005,Harvard University; Massachusetts General Hospital,US,no,1,Dexmedetomidine promotes biomimetic non-rapid eye movement stage 3 sleep in humans: A pilot study,out_of_scope
A5108237542,Jeffrey M. Ellenbogen,1,1,P0005,Johns Hopkins University,US,no,1,Dexmedetomidine promotes biomimetic non-rapid eye movement stage 3 sleep in humans: A pilot study,out_of_scope
A5030321614,Emery N. Brown,1,1,P0005,Center for Pain and the Brain; Harvard University; Massachusetts General Hospital; Massachusetts Institute of Technology,US,no,1,Dexmedetomidine promotes biomimetic non-rapid eye movement stage 3 sleep in humans: A pilot study,out_of_scope
A5110533558,Xianfeng Shi,1,1,P0005,Allen Institute for Brain Science; Salt Lake City Public Library; University of Utah,US,no,1,Decreased brain PME / PDE ratio in bipolar disorder: a preliminary 31P magnetic resonance spectroscopy study,out_of_scope
A5069625529,Young‐Hoon Sung,1,1,P0005,Allen Institute for Brain Science; Salt Lake City Public Library; University of Utah,US,no,1,Decreased brain PME / PDE ratio in bipolar disorder: a preliminary 31P magnetic resonance spectroscopy study,out_of_scope
A5046337892,Lauren N. Forrest,1,1,P0005,Allen Institute for Brain Science,US,no,1,Decreased brain PME / PDE ratio in bipolar disorder: a preliminary 31P magnetic resonance spectroscopy study,out_of_scope
A5045322011,Bárbara Starfield,1,1,P0005,Johns Hopkins University,US,no,1,Adolescent Health Status Measurement: Development of the Child Health and Illness Profile,out_of_scope
A5076038216,Margaret E. Ensminger,1,1,P0005,Johns Hopkins University,US,no,1,Adolescent Health Status Measurement: Development of the Child Health and Illness Profile,out_of_scope
A5010885847,A. Riley,1,1,P0005,Johns Hopkins University,US,no,1,Adolescent Health Status Measurement: Development of the Child Health and Illness Profile,out_of_scope
A5030700697,Peggy J. McGauhey,1,1,P0005,Johns Hopkins University,US,no,1,Adolescent Health Status Measurement: Development of the Child Health and Illness Profile,out_of_scope
A5064658327,Ann T. Skinner,1,1,P0005,Johns Hopkins University,US,no,1,Adolescent Health Status Measurement: Development of the Child Health and Illness Profile,out_of_scope
A5042593412,Marilyn Bergner,1,1,P0005,Johns Hopkins University,US,no,1,Adolescent Health Status Measurement: Development of the Child Health and Illness Profile,out_of_scope
A5059661376,Sheryl A. Ryan,1,1,P0005,,,no,1,Adolescent Health Status Measurement: Development of the Child Health and Illness Profile,out_of_scope
A5073713307,B. Green,1,1,P0005,Johns Hopkins University,US,no,1,Adolescent Health Status Measurement: Development of the Child Health and Illness Profile,out_of_scope
A5012081691,Venkata B. Pokkunuri,1,1,P0005,Cedars-Sinai Medical Center,US,no,1,Autoimmunity Links Vinculin to the Pathophysiology of Chronic Functional Bowel Changes Following Campylobacter jejuni Infection in a Rat Model,out_of_scope
A5025077865,Constantinos Brikos,1,1,P0005,Cedars-Sinai Medical Center,US,no,1,Autoimmunity Links Vinculin to the Pathophysiology of Chronic Functional Bowel Changes Following Campylobacter jejuni Infection in a Rat Model,out_of_scope
A5112272735,Kathleen Chua,1,1,P0005,Cedars-Sinai Medical Center,US,no,1,Autoimmunity Links Vinculin to the Pathophysiology of Chronic Functional Bowel Changes Following Campylobacter jejuni Infection in a Rat Model,out_of_scope
A5091361579,Shanthi Srinivasan,1,1,P0005,Atlanta VA Medical Center; Emory University,US,no,1,Autoimmunity Links Vinculin to the Pathophysiology of Chronic Functional Bowel Changes Following Campylobacter jejuni Infection in a Rat Model,out_of_scope
A5019460244,Gillian M. Barlow,1,1,P0005,Cedars-Sinai Medical Center,US,no,1,Autoimmunity Links Vinculin to the Pathophysiology of Chronic Functional Bowel Changes Following Campylobacter jejuni Infection in a Rat Model,out_of_scope
A5049288442,Ron D. Hays,1,1,P0005,"University of California, Los Angeles",US,no,1,Effects of Mode and Order of Administration on Generic Health-Related Quality of Life Scores,out_of_scope
A5055526165,Karen L. Spritzer,1,1,P0005,"University of California, Los Angeles",US,no,1,Effects of Mode and Order of Administration on Generic Health-Related Quality of Life Scores,out_of_scope
A5041768959,Robert M. Kaplan,1,1,P0005,"University of California, Los Angeles",US,no,1,Effects of Mode and Order of Administration on Generic Health-Related Quality of Life Scores,out_of_scope
A5050123955,Steve Tally,1,1,P0005,University of California San Diego,US,no,1,Effects of Mode and Order of Administration on Generic Health-Related Quality of Life Scores,out_of_scope
A5035248555,David Feeny,1,1,P0005,Kaiser Permanente Center for Health Research,US,no,1,Effects of Mode and Order of Administration on Generic Health-Related Quality of Life Scores,out_of_scope
A5101903013,Honghu Liu,1,1,P0005,"University of California, Los Angeles",US,no,1,Effects of Mode and Order of Administration on Generic Health-Related Quality of Life Scores,out_of_scope
A5090726434,Dennis G. Fryback,1,1,P0005,University of Wisconsin–Madison,US,no,1,Effects of Mode and Order of Administration on Generic Health-Related Quality of Life Scores,out_of_scope
A5081008886,Mahmud Mossa‐Basha,1,1,P0005,University of Washington,US,no,1,High-resolution vessel wall MRI for the evaluation of intracranial atherosclerotic disease,out_of_scope
A5038320949,Lubdha M. Shah,1,1,P0005,University of Utah,US,no,1,High-resolution vessel wall MRI for the evaluation of intracranial atherosclerotic disease,out_of_scope
A5018501157,Min S. Park,1,1,P0005,University of Utah,US,no,1,High-resolution vessel wall MRI for the evaluation of intracranial atherosclerotic disease,out_of_scope
A5104064176,Akihiko Sakata,1,1,P0005,Advanced Imaging Research (United States); University of Utah,US,no,1,Magnetic Resonance Imaging Detection of Intraplaque Hemorrhage,out_of_scope
A5058941711,Adam H de Havenon,1,1,P0005,University of Utah,US,no,1,Magnetic Resonance Imaging Detection of Intraplaque Hemorrhage,out_of_scope
A5029790139,Li Li,1,1,P0005,University of Utah,US,no,1,In vivo evaluation of the delivery and efficacy of a sirolimus-laden polymer gel for inhibition of hyperplasia in a porcine model of arteriovenous hemodialysis graft stenosis,out_of_scope
A5100319209,Huan Li,1,1,P0005,University of Utah,US,no,1,In vivo evaluation of the delivery and efficacy of a sirolimus-laden polymer gel for inhibition of hyperplasia in a porcine model of arteriovenous hemodialysis graft stenosis,out_of_scope
A5066732312,Shawn C. Owen,1,1,P0005,University of Utah,US,no,1,In vivo evaluation of the delivery and efficacy of a sirolimus-laden polymer gel for inhibition of hyperplasia in a porcine model of arteriovenous hemodialysis graft stenosis,out_of_scope
A5024160654,Kirk Fowers,1,1,P0005,,,no,1,In vivo evaluation of the delivery and efficacy of a sirolimus-laden polymer gel for inhibition of hyperplasia in a porcine model of arteriovenous hemodialysis graft stenosis,out_of_scope
A5113562087,Ramesh Rathi,1,1,P0005,,,no,1,In vivo evaluation of the delivery and efficacy of a sirolimus-laden polymer gel for inhibition of hyperplasia in a porcine model of arteriovenous hemodialysis graft stenosis,out_of_scope
A5000221223,Deborah Yurgelun‐Todd,1,1,P0005,"Mental Illness Research, Education and Clinical Centers; University of Utah; VA Rocky Mountain Network",US,no,1,Decreased frontal lobe phosphocreatine levels in methamphetamine users,out_of_scope
A5046293727,Kelly Lundberg,1,1,P0005,University of Utah,US,no,1,Decreased frontal lobe phosphocreatine levels in methamphetamine users,out_of_scope
A5045509647,Erin McGlade,1,1,P0005,"Mental Illness Research, Education and Clinical Centers; University of Utah; VA Rocky Mountain Network",US,no,1,Decreased frontal lobe phosphocreatine levels in methamphetamine users,out_of_scope
A5083985270,Renee E. Harrell,1,1,P0005,University of Utah,US,no,1,Decreased frontal lobe phosphocreatine levels in methamphetamine users,out_of_scope
A5064627421,Bethany R. Nickerson,1,1,P0005,University of Utah,US,no,1,Decreased frontal lobe phosphocreatine levels in methamphetamine users,out_of_scope
A5064783329,Nikhil S. Phatak,1,1,P0005,University of Utah,US,no,1,Noninvasive Determination of Ligament Strain with Deformable Image Registration,out_of_scope
A5012965024,Qunli Sun,1,1,P0005,University of Utah,US,no,1,Noninvasive Determination of Ligament Strain with Deformable Image Registration,out_of_scope
A5019475645,R. Kent Sanders,1,1,P0005,University of Utah,US,no,1,Noninvasive Determination of Ligament Strain with Deformable Image Registration,out_of_scope
A5061057386,Alexander I. Veress,1,1,P0005,University of Utah,US,no,1,Noninvasive Determination of Ligament Strain with Deformable Image Registration,out_of_scope
A5066273738,Benjamin J. Ellis,1,1,P0005,University of Utah,US,no,1,Noninvasive Determination of Ligament Strain with Deformable Image Registration,out_of_scope
A5054820125,Jeffrey A. Weiss,1,1,P0005,University of Utah,US,no,1,Noninvasive Determination of Ligament Strain with Deformable Image Registration,out_of_scope
A5045604555,K H Oh,1,1,P0005,,,no,1,Effective removal of leptin via hemodiafiltration with on-line endogenous reinfusion therapy,out_of_scope
A5007253482,Hyun Jung Chin,1,1,P0005,,,no,1,Effective removal of leptin via hemodiafiltration with on-line endogenous reinfusion therapy,out_of_scope
A5070260448,K Y Na,1,1,P0005,,,no,1,Effective removal of leptin via hemodiafiltration with on-line endogenous reinfusion therapy,out_of_scope
A5013171066,Yong Sik Kim,1,1,P0005,,,no,1,Effective removal of leptin via hemodiafiltration with on-line endogenous reinfusion therapy,out_of_scope
A5110066188,D-W Chae,1,1,P0005,,,no,1,Effective removal of leptin via hemodiafiltration with on-line endogenous reinfusion therapy,out_of_scope
A5023097709,Curie Ahn,1,1,P0005,,,no,1,Effective removal of leptin via hemodiafiltration with on-line endogenous reinfusion therapy,out_of_scope
A5101957618,Junseok Han,1,1,P0005,,,no,1,Effective removal of leptin via hemodiafiltration with on-line endogenous reinfusion therapy,out_of_scope
A5011346354,Brian E. Chapman,1,1,P0005,University of Utah,US,no,1,The need for phase‐encoding flow compensation in high‐resolution intracranial magnetic resonance angiography,out_of_scope
A5108221737,Jay S. Tsuruda,1,1,P0005,University of Utah,US,no,1,The need for phase‐encoding flow compensation in high‐resolution intracranial magnetic resonance angiography,out_of_scope
A5010829205,Gregory L. Katzman,1,1,P0005,University of Utah,US,no,1,The need for phase‐encoding flow compensation in high‐resolution intracranial magnetic resonance angiography,out_of_scope
A5015600352,Laura Findeiss,1,1,P0005,"Kaiser Permanente; University of California, Irvine; University of Utah; VA Salt Lake City Healthcare System",US,no,1,Carotid Magnetization-Prepared Rapid Acquisition With Gradient-Echo Signal Is Associated With Acute Territorial Cerebral Ischemic Events Detected by Diffusion-Weighted MRI,out_of_scope
A5035494521,Daniel R. Nightingale,1,1,P0005,"Kaiser Permanente; University of California, Irvine; University of Utah; VA Salt Lake City Healthcare System",US,no,1,Carotid Magnetization-Prepared Rapid Acquisition With Gradient-Echo Signal Is Associated With Acute Territorial Cerebral Ischemic Events Detected by Diffusion-Weighted MRI,out_of_scope
A5017360984,Tae Suk Kim,1,1,P0005,University of Utah,US,no,1,Effect of altitude on brain intracellular pH and inorganic phosphate levels,out_of_scope
A5028845125,Breanna K. Glaeser,1,1,P0005,Harvard University; McLean Hospital,US,no,1,Effect of altitude on brain intracellular pH and inorganic phosphate levels,out_of_scope
A5103145955,Kristina Wang,1,1,P0005,Harvard University; McLean Hospital,US,no,1,Effect of altitude on brain intracellular pH and inorganic phosphate levels,out_of_scope
A5100352299,Xin Liu,1,1,P0005,Advanced Imaging Research (United States); University of Utah,US,no,1,Evidence of Preserved Oxidative Capacity and Oxygen Delivery in the Plantar Flexor Muscles With Age,out_of_scope
A5100361399,Li Li,1,1,P0005,University of Utah,US,no,1,Longitudinal Assessment of Hyperplasia Using Magnetic Resonance Imaging without Contrast in a Porcine Arteriovenous Graft Model,out_of_scope
A5100706392,Yong‐Soo Kim,1,1,P0005,,,no,1,A Clear Liquid Diet Is Not Mandatory for Polyethylene Glycol-Based Bowel Preparation for Afternoon Colonoscopy in Healthy Outpatients,out_of_scope
A5030878223,최정화,1,1,P0005,,,no,1,The Relationship between Sub-dimensions of Health Literacy and Health-Related Behaviors among Korean Adults,out_of_scope
A5053308435,Dong-Jin Park,1,1,P0005,,,no,1,The Relationship between Sub-dimensions of Health Literacy and Health-Related Behaviors among Korean Adults,out_of_scope
A5110217092,E.-K. Jeong,1,1,P0005,Advanced Imaging Research (United States); University of Utah,US,no,1,Improved accuracy and consistency in measurement of flowing blood by using inversion recovery GE‐EPI,out_of_scope
A5101399923,Ling Zhang,1,1,P0005,Advanced Imaging Research (United States); University of Utah,US,no,1,Improved accuracy and consistency in measurement of flowing blood by using inversion recovery GE‐EPI,out_of_scope
A5050271977,Robert B. Roemer,1,1,P0005,University of Utah,US,no,1,Improved accuracy and consistency in measurement of flowing blood by using inversion recovery GE‐EPI,out_of_scope
A5101568249,Eun Hee Jang,1,1,P0005,,,no,1,Preclinical evaluation of general toxicity and safety pharmacology of a receptor-binding domain-based COVID-19 subunit vaccine in various animal models,out_of_scope
A5068590558,Sinéad Culleton,1,1,P0005,University of Utah,US,no,1,Association between high-risk extracranial carotid plaque and covert brain infarctions and cerebral microbleeds,out_of_scope
A5112758876,Greg Stoddard,1,1,P0005,University of Utah,US,no,1,Association between high-risk extracranial carotid plaque and covert brain infarctions and cerebral microbleeds,out_of_scope
A5040070345,José R. Romero,1,1,P0005,Boston University,US,no,1,Association between high-risk extracranial carotid plaque and covert brain infarctions and cerebral microbleeds,out_of_scope
A5021223173,Sang Joon An,1,1,P0005,,,no,1,Quality of Acute Stroke Care within Emergency Medical Service System in Korea: Proposal for Severe Emergency Medical Center,out_of_scope
A5085682419,Byung Yon Choi,1,1,P0005,,,no,1,Injury of the corticoreticular pathway in subarachnoid haemorrhage after rupture of a cerebral artery aneurysm,out_of_scope
A5035515555,Chul Hoon Chang,1,1,P0005,,,no,1,Injury of the corticoreticular pathway in subarachnoid haemorrhage after rupture of a cerebral artery aneurysm,out_of_scope
A5051560517,Young Jin Jung,1,1,P0005,,,no,1,Injury of the corticoreticular pathway in subarachnoid haemorrhage after rupture of a cerebral artery aneurysm,out_of_scope
A5005044389,Sarah Yeo,1,1,P0005,,,no,1,Injury of the corticoreticular pathway in subarachnoid haemorrhage after rupture of a cerebral artery aneurysm,out_of_scope
A5078482949,Matthew Chang,1,1,P0005,Purdue University West Lafayette,US,no,1,One-pot approach for examining the DNA methylation patterns using an engineered methyl-probe,out_of_scope
A5083844285,Md. Mahbubur Rahman,1,1,P0005,,,no,1,"Chondroprotective Effects of a Standardized Extract (KBH-JP-040) from Kalopanax pictus, Hericium erinaceus, and Astragalus membranaceus in Experimentally Induced In Vitro and In Vivo Osteoarthritis Models",out_of_scope
A5101612543,Myung-Jin Kim,1,1,P0005,,,no,1,"Chondroprotective Effects of a Standardized Extract (KBH-JP-040) from Kalopanax pictus, Hericium erinaceus, and Astragalus membranaceus in Experimentally Induced In Vitro and In Vivo Osteoarthritis Models",out_of_scope
A5100392566,Do‐Hyung Kim,1,1,P0005,,,no,1,"Chondroprotective Effects of a Standardized Extract (KBH-JP-040) from Kalopanax pictus, Hericium erinaceus, and Astragalus membranaceus in Experimentally Induced In Vitro and In Vivo Osteoarthritis Models",out_of_scope
A5068209829,Yang-Ji Kim,1,1,P0005,,,no,1,Comparison of Linarin Content and Biological Activity in Ethanol Extraction of Chrysanthemum zawadskii,out_of_scope
A5102188123,Su-Young Hong,1,1,P0005,,,no,1,Comparison of Linarin Content and Biological Activity in Ethanol Extraction of Chrysanthemum zawadskii,out_of_scope
A5100354859,Sung‐Eun Kim,1,1,P0005,,,no,1,Comparison of Linarin Content and Biological Activity in Ethanol Extraction of Chrysanthemum zawadskii,out_of_scope
A5100416625,Young Jun Kim,1,1,P0005,,,no,1,Comparison of Linarin Content and Biological Activity in Ethanol Extraction of Chrysanthemum zawadskii,out_of_scope
A5077212478,Jin Hyup Lee,1,1,P0005,,,no,1,Comparison of Linarin Content and Biological Activity in Ethanol Extraction of Chrysanthemum zawadskii,out_of_scope
A5100323610,Sung Jin Park,1,1,P0005,,,no,1,Comparison of Linarin Content and Biological Activity in Ethanol Extraction of Chrysanthemum zawadskii,out_of_scope
A5049397692,Jun Ho Kim,1,1,P0005,,,no,1,Comparison of Linarin Content and Biological Activity in Ethanol Extraction of Chrysanthemum zawadskii,out_of_scope
A5056336229,Youn-Je Park,1,1,P0005,,,no,1,Comparison of Linarin Content and Biological Activity in Ethanol Extraction of Chrysanthemum zawadskii,out_of_scope
A5100617327,Hyun‐Seok Lee,1,1,P0005,,,no,1,NADPH Oxidase-Mediated Activation of Neutral Sphingomyelinase Is Responsible for Diesel Particulate Extract-Induced Keratinocyte Apoptosis,out_of_scope
A5049439938,Hyun D.euk Cho,1,1,P0005,,,no,1,Pathological Predictors for Defining a Therapeutic Strategy for Early Colon Cancer after Endoscopic Resection: Multicenter Retrospective Analysis from Surgically Resected Specimens.,out_of_scope
A5085383101,Dong I.L. Park,1,1,P0005,,,no,1,Pathological Predictors for Defining a Therapeutic Strategy for Early Colon Cancer after Endoscopic Resection: Multicenter Retrospective Analysis from Surgically Resected Specimens.,out_of_scope
A5041116836,Woon Je Heo,1,1,P0005,,,no,1,Pathological Predictors for Defining a Therapeutic Strategy for Early Colon Cancer after Endoscopic Resection: Multicenter Retrospective Analysis from Surgically Resected Specimens.,out_of_scope
A5053370463,Jin Hee Sohn,1,1,P0005,,,no,1,Pathological Predictors for Defining a Therapeutic Strategy for Early Colon Cancer after Endoscopic Resection: Multicenter Retrospective Analysis from Surgically Resected Specimens.,out_of_scope
A5047590756,Won A.e. Lee,1,1,P0005,,,no,1,Pathological Predictors for Defining a Therapeutic Strategy for Early Colon Cancer after Endoscopic Resection: Multicenter Retrospective Analysis from Surgically Resected Specimens.,out_of_scope
A5111899487,Dong Seok Han,1,1,P0005,,,no,1,Pathological Predictors for Defining a Therapeutic Strategy for Early Colon Cancer after Endoscopic Resection: Multicenter Retrospective Analysis from Surgically Resected Specimens.,out_of_scope
A5090134634,Young‐Ha Oh,1,1,P0005,,,no,1,Pathological Predictors for Defining a Therapeutic Strategy for Early Colon Cancer after Endoscopic Resection: Multicenter Retrospective Analysis from Surgically Resected Specimens.,out_of_scope
A5046824035,Hee Kyung Chang,1,1,P0005,,,no,1,Pathological Predictors for Defining a Therapeutic Strategy for Early Colon Cancer after Endoscopic Resection: Multicenter Retrospective Analysis from Surgically Resected Specimens.,out_of_scope
A5003900348,Eun Y.oung Kim,1,1,P0005,,,no,1,Pathological Predictors for Defining a Therapeutic Strategy for Early Colon Cancer after Endoscopic Resection: Multicenter Retrospective Analysis from Surgically Resected Specimens.,out_of_scope
A5039354590,Chang H.o. Cho,1,1,P0005,,,no,1,Pathological Predictors for Defining a Therapeutic Strategy for Early Colon Cancer after Endoscopic Resection: Multicenter Retrospective Analysis from Surgically Resected Specimens.,out_of_scope
A5081528784,Su J.in Kim,1,1,P0005,,,no,1,Pathological Predictors for Defining a Therapeutic Strategy for Early Colon Cancer after Endoscopic Resection: Multicenter Retrospective Analysis from Surgically Resected Specimens.,out_of_scope
A5010059584,Young Hwangbo,1,1,P0005,,,no,1,Pathological Predictors for Defining a Therapeutic Strategy for Early Colon Cancer after Endoscopic Resection: Multicenter Retrospective Analysis from Surgically Resected Specimens.,out_of_scope
A5005190545,Chuanzhuo Wang,1,1,P0005,China Medical University,CN,no,1,Rabbit models of intracranial atherosclerotic disease for pathological validation of vessel wall MRI,out_of_scope
A5100641241,Shuping Wang,1,1,P0005,University of Utah,US,no,1,Rabbit models of intracranial atherosclerotic disease for pathological validation of vessel wall MRI,out_of_scope
A5039382617,Matthew S. Zabriskie,1,1,P0005,University of Utah,US,no,1,Rabbit models of intracranial atherosclerotic disease for pathological validation of vessel wall MRI,out_of_scope
A5102849912,Karen Mui‐Teng Quek,1,1,P0005,Alliant University,US,no,1,Transforming Fatherhood: Reconstructing Fatherhood through Faith-Based Father School in South Korea,out_of_scope
A5008986482,Chang Bai Lee,1,1,P0005,,,no,1,Clinical characteristics and predisposing factors for complication of caustic injury of the upper digestive tract,out_of_scope
A5101955669,Jong Soo Lee,1,1,P0005,,,no,1,Clinical characteristics and predisposing factors for complication of caustic injury of the upper digestive tract,out_of_scope
A5087104019,Yoo Kyung Cho,1,1,P0005,,,no,1,Clinical characteristics and predisposing factors for complication of caustic injury of the upper digestive tract,out_of_scope
A5103736342,Yoo K,1,1,P0005,,,no,1,Clinical characteristics and predisposing factors for complication of caustic injury of the upper digestive tract,out_of_scope
A5108461816,Jeong-Han Moon,1,1,P0005,,,no,1,"Comparison of Biological Activities of Ethanol Extracts of Unripe Fruit of Bitter Melon (Momordica charantia L.) Cultivated in Hamyang, Korea",out_of_scope
A5097670365,Ji-Hoon Seomoon,1,1,P0005,,,no,1,"Comparison of Biological Activities of Ethanol Extracts of Unripe Fruit of Bitter Melon (Momordica charantia L.) Cultivated in Hamyang, Korea",out_of_scope
A5023899556,Kye-Man Cho,1,1,P0005,,,no,1,"Comparison of Biological Activities of Ethanol Extracts of Unripe Fruit of Bitter Melon (Momordica charantia L.) Cultivated in Hamyang, Korea",out_of_scope
A5101201992,Song Jin,1,1,P0005,,,no,1,"Comparison of Biological Activities of Ethanol Extracts of Unripe Fruit of Bitter Melon (Momordica charantia L.) Cultivated in Hamyang, Korea",out_of_scope
A5046442539,Sang‐Soo Kang,1,1,P0005,,,no,1,"Comparison of Biological Activities of Ethanol Extracts of Unripe Fruit of Bitter Melon (Momordica charantia L.) Cultivated in Hamyang, Korea",out_of_scope
A5026013258,Kang-Hwa Kim,1,1,P0005,,,no,1,"Comparison of Biological Activities of Ethanol Extracts of Unripe Fruit of Bitter Melon (Momordica charantia L.) Cultivated in Hamyang, Korea",out_of_scope
A5020765552,Oh-Kyung Kwon,1,1,P0005,,,no,1,"Comparison of Biological Activities of Ethanol Extracts of Unripe Fruit of Bitter Melon (Momordica charantia L.) Cultivated in Hamyang, Korea",out_of_scope
A5110015769,Sung M. Moon,1,1,P0005,Advanced Imaging Research (United States); University of Utah,US,no,1,Superelliptical insert gradient coil with a field‐modifying layer for breast imaging,out_of_scope
A5076268379,Gengsheng L. Zeng,1,1,P0005,Advanced Imaging Research (United States); University of Utah,US,no,1,Superelliptical insert gradient coil with a field‐modifying layer for breast imaging,out_of_scope
A5079371357,Glen Morrell,1,1,P0005,Advanced Imaging Research (United States); University of Utah,US,no,1,Superelliptical insert gradient coil with a field‐modifying layer for breast imaging,out_of_scope
A5055849751,Matthew A. McAlpine,1,1,P0005,Western University,CA,no,1,Superelliptical insert gradient coil with a field‐modifying layer for breast imaging,out_of_scope
A5015223498,Blaine A. Chronik,1,1,P0005,Western University,CA,no,1,Superelliptical insert gradient coil with a field‐modifying layer for breast imaging,out_of_scope
A5109269720,Eun Ju Lee,1,1,P0005,,,no,1,Etiology and clinical course of secondary membranous nephropathy,out_of_scope
A5100651318,Sang Hwa Lee,1,1,P0005,,,no,1,Etiology and clinical course of secondary membranous nephropathy,out_of_scope
A5108750949,Jong Jin Won,1,1,P0005,,,no,1,Etiology and clinical course of secondary membranous nephropathy,out_of_scope
A5109059213,Jeong Nam Yu,1,1,P0005,,,no,1,Etiology and clinical course of secondary membranous nephropathy,out_of_scope
A5042452153,Sang Jun An,1,1,P0005,,,no,1,Etiology and clinical course of secondary membranous nephropathy,out_of_scope
A5071275878,Jae Hyeok Jeong,1,1,P0005,,,no,1,Etiology and clinical course of secondary membranous nephropathy,out_of_scope
A5027231412,Nadia Harbeck,1,1,P0005,Breast Center; Ludwig-Maximilians-Universität München,CH; DE,no,1,Effect of palbociclib plus letrozole on patient-reported health-related quality of life: extended follow-up of the PALOMA-2 trial,out_of_scope
A5056565799,Véronique Dièras,1,1,P0005,Centre Eugène Marquis,FR,no,1,Effect of palbociclib plus letrozole on patient-reported health-related quality of life: extended follow-up of the PALOMA-2 trial,out_of_scope
A5067468792,Karen A. Gelmon,1,1,P0005,BC Cancer Agency,CA,no,1,Effect of palbociclib plus letrozole on patient-reported health-related quality of life: extended follow-up of the PALOMA-2 trial,out_of_scope
A5073989429,Richard S. Finn,1,1,P0005,"University of California, Los Angeles",US,no,1,Effect of palbociclib plus letrozole on patient-reported health-related quality of life: extended follow-up of the PALOMA-2 trial,out_of_scope
A5100671433,Miguel Martín,1,1,P0005,Hospital General Universitario Gregorio Marañón,ES,no,1,Effect of palbociclib plus letrozole on patient-reported health-related quality of life: extended follow-up of the PALOMA-2 trial,out_of_scope
A5007579054,Patrick Neven,1,1,P0005,Universitair Ziekenhuis Leuven,BE,no,1,Effect of palbociclib plus letrozole on patient-reported health-related quality of life: extended follow-up of the PALOMA-2 trial,out_of_scope
A5101730751,Jie Ma,1,1,P0005,Pfizer (United States),US,no,1,Effect of palbociclib plus letrozole on patient-reported health-related quality of life: extended follow-up of the PALOMA-2 trial,out_of_scope
A5102994771,Eric Gauthier,1,1,P0005,Pfizer (United States),US,no,1,Effect of palbociclib plus letrozole on patient-reported health-related quality of life: extended follow-up of the PALOMA-2 trial,out_of_scope
A5091287880,E. Broughton,1,1,P0005,Pfizer (United States),US,no,1,Effect of palbociclib plus letrozole on patient-reported health-related quality of life: extended follow-up of the PALOMA-2 trial,out_of_scope
A5114192878,J. Doan,1,1,P0005,Pfizer (United States),US,no,1,Effect of palbociclib plus letrozole on patient-reported health-related quality of life: extended follow-up of the PALOMA-2 trial,out_of_scope
A5090188675,Hope S. Rugo,1,1,P0005,"UCSF Helen Diller Family Comprehensive Cancer Center; University of California, San Francisco",US,no,1,Effect of palbociclib plus letrozole on patient-reported health-related quality of life: extended follow-up of the PALOMA-2 trial,out_of_scope
A5006979019,Stephanie Kelly,1,1,P0005,,,no,1,An investigation of supervisor listening skills: listening in leadership,out_of_scope
A5026283750,Ryan Goke,1,1,P0005,,,no,1,An investigation of supervisor listening skills: listening in leadership,out_of_scope
A5007664239,Jared A. Jaffey,1,1,P0005,Midwestern University,US,no,1,Methemoglobin Modulation as an Intravascular Contrast Agent for Magnetic Resonance Imaging: Proof of Concept,out_of_scope
A5050910562,Kate Shumway,1,1,P0005,Missouri College; University of Missouri,US,no,1,Methemoglobin Modulation as an Intravascular Contrast Agent for Magnetic Resonance Imaging: Proof of Concept,out_of_scope
A5075471511,Leah A. Cohn,1,1,P0005,Missouri College; University of Missouri,US,no,1,Methemoglobin Modulation as an Intravascular Contrast Agent for Magnetic Resonance Imaging: Proof of Concept,out_of_scope
A5056753300,Ronald W. Day,1,1,P0005,University of Utah,US,no,1,Methemoglobin Modulation as an Intravascular Contrast Agent for Magnetic Resonance Imaging: Proof of Concept,out_of_scope
A5008977998,J.P. Lee,1,1,P0005,New Generation University College,ET,no,1,Successfully treated multicentric Castleman’s disease with renal thrombotic microangiopathy using rituximab and corticosteroid,out_of_scope
A5033449275,Dong Ki Kim,1,1,P0005,,,no,1,Successfully treated multicentric Castleman’s disease with renal thrombotic microangiopathy using rituximab and corticosteroid,out_of_scope
A5057537444,Jin Ho Paik,1,1,P0005,,,no,1,Successfully treated multicentric Castleman’s disease with renal thrombotic microangiopathy using rituximab and corticosteroid,out_of_scope
A5020847797,Kyung Chul Moon,1,1,P0005,,,no,1,Successfully treated multicentric Castleman’s disease with renal thrombotic microangiopathy using rituximab and corticosteroid,out_of_scope
A5045312255,William G. Sanders,1,1,P0005,University of Utah,US,no,1,Autologous fat transplants to deliver glitazone and adiponectin for vasculoprotection,out_of_scope
A5100319242,Huan Li,1,1,P0005,University of Utah,US,no,1,Autologous fat transplants to deliver glitazone and adiponectin for vasculoprotection,out_of_scope
A5031065617,Jayant Agarwal,1,1,P0005,University of Utah,US,no,1,Autologous fat transplants to deliver glitazone and adiponectin for vasculoprotection,out_of_scope
A5052620252,Jung Whan Lee,1,1,P0005,,,no,1,Comparative Value of Sigmoidoscopy and Stool Cytotoxin-A Assay for Diagnosis of Pseudomembranous Colitis,out_of_scope
A5109346825,Ji Yeon Lee,1,1,P0005,,,no,1,The Association between Occupational Stress and Health Behaviors in a Hospital Employee,out_of_scope
A5056840750,Moon Sun Yeom,1,1,P0005,,,no,1,The Frequency of Post-infectious IBS (PI-IBS) in Patients with Acute Diarrhea and the Risk Factors for PI-IBS of Special Reference to the Colonoscopic Findings,out_of_scope
A5081850242,Doe-Young Kim,1,1,P0005,,,no,1,The Frequency of Post-infectious IBS (PI-IBS) in Patients with Acute Diarrhea and the Risk Factors for PI-IBS of Special Reference to the Colonoscopic Findings,out_of_scope
A5046844370,Tze-Chein Wun,1,1,P0005,,,no,1,Assessment of Novel Anti-thrombotic Fusion Proteins for Inhibition of Stenosis in a Porcine Model of Arteriovenous Graft,out_of_scope
A5112119094,Hong-Seok Son,1,1,P0005,,,no,1,Eosinophilic Myelitis Associated With Toxocariasis,out_of_scope
A5100695700,Sunghun Kim,1,1,P0005,,,no,1,Eosinophilic Myelitis Associated With Toxocariasis,out_of_scope
A5101441355,Seo-Young Lee,1,1,P0005,,,no,1,Eosinophilic Myelitis Associated With Toxocariasis,out_of_scope
A5103664091,Min-Joo Yeo,1,1,P0005,,,no,1,Eosinophilic Myelitis Associated With Toxocariasis,out_of_scope
A5112056503,Su Ho Park,1,1,P0005,,,no,1,Relationship between adults' Optimistic Bias about Colorectal Cancer and Life Styles,out_of_scope
A5074062591,Kyunghwan Oh,1,1,P0005,,,no,1,Relationship between adults' Optimistic Bias about Colorectal Cancer and Life Styles,out_of_scope
A5056707557,Kim Hee Sook,1,1,P0005,,,no,1,Relationship between adults' Optimistic Bias about Colorectal Cancer and Life Styles,out_of_scope
A5102010066,Joohyung Kim,1,1,P0005,,,no,1,Relationship between adults' Optimistic Bias about Colorectal Cancer and Life Styles,out_of_scope
A5062063437,Gwang Suk Kim,1,1,P0005,,,no,1,Relationship between adults' Optimistic Bias about Colorectal Cancer and Life Styles,out_of_scope
A5065801470,Kwang-Ho Kim,1,1,P0005,,,no,1,Factors favoring survival in elderly patients with colorectal cancer,out_of_scope
A5024213715,Seung-Hyeon Sohn,1,1,P0005,,,no,1,Clinical Study on Prognostic Markers in IgA Nephropathy,out_of_scope
A5000135529,Seo-Hui Rha,1,1,P0005,,,no,1,Clinical Study on Prognostic Markers in IgA Nephropathy,out_of_scope
A5103098485,Ki-Hyeon Kim,1,1,P0005,,,no,1,Clinical Study on Prognostic Markers in IgA Nephropathy,out_of_scope
A5019664469,Yong-Min Yi,1,1,P0005,,,no,1,Improvement of Marine Environmental Impact Assessment for Submarine Cable Project,out_of_scope
A5009170759,Ghee-Young Noh,1,1,P0005,,,no,1,A Study of the Factors Affecting Expected Benefits of Medical Services via Telemedicine,out_of_scope
A5008819478,Jounghwa Choi,1,1,P0005,,,no,1,A Study of the Factors Affecting Expected Benefits of Medical Services via Telemedicine,out_of_scope
A5033760439,Hyun Jung Oh,1,1,P0005,,,no,1,Simultaneous Herpes Simplex and Candida Esophagitis in Renal Transplant Patients,out_of_scope
A5082351104,Seol-Yong Yoon,1,1,P0005,,,no,1,Clinical courses of the adult patients with idiopathic membranous nephropathy,out_of_scope
A5100364598,Eun‐Ju Lee,1,1,P0005,,,no,1,Clinical courses of the adult patients with idiopathic membranous nephropathy,out_of_scope
A5112111124,Kyung-Kun Han,1,1,P0005,,,no,1,Clinical courses of the adult patients with idiopathic membranous nephropathy,out_of_scope
A5104208722,Ki-Hyun Kim,1,1,P0005,,,no,1,Clinical courses of the adult patients with idiopathic membranous nephropathy,out_of_scope
A5007818900,Byoung-Soung Go,1,1,P0005,,,no,1,Clinical characteristics of rapidly progressive glomerulonephritis,out_of_scope
A5045422698,Seung-Hyun Sohn,1,1,P0005,,,no,1,Clinical characteristics of rapidly progressive glomerulonephritis,out_of_scope
A5019629725,Joon-Ho Seon,1,1,P0005,,,no,1,Evolution of the intellectual structure of clothing and textiles literature,out_of_scope
A5100426237,Hyun‐Jung Lee,1,1,P0005,,,no,1,Evolution of the intellectual structure of clothing and textiles literature,out_of_scope
A5024080377,Jae-Hyung Bae,1,1,P0005,,,no,1,Extraction and verification of highly immunologenic antigen for diagnosis of bovine brucellosis,out_of_scope
A5005650650,Sang-Rae Jo,1,1,P0005,,,no,1,Extraction and verification of highly immunologenic antigen for diagnosis of bovine brucellosis,out_of_scope
A5079947242,Eun‐Hui Jeong,1,1,P0005,,,no,1,Extraction and verification of highly immunologenic antigen for diagnosis of bovine brucellosis,out_of_scope
A5045373830,Eun-Hui Jang,1,1,P0005,,,no,1,Extraction and verification of highly immunologenic antigen for diagnosis of bovine brucellosis,out_of_scope
A5062955638,Hui-Nyeong Kwon,1,1,P0005,,,no,1,Extraction and verification of highly immunologenic antigen for diagnosis of bovine brucellosis,out_of_scope
A5003271176,Dong-Yeop Park,1,1,P0005,,,no,1,Extraction and verification of highly immunologenic antigen for diagnosis of bovine brucellosis,out_of_scope
A5100711490,Yunjung Lee,1,1,P0005,,,no,1,Depression and Diabetes Mellitus in South Korea : Focus on Age-specific and Diabetes Categories,out_of_scope
A5092507293,Ebru Yaman Akçiçek,1,1,P0005,University of Utah,US,no,1,Qualitative and quantitative reproducibility of 3D MERGE and SNAP sequences for carotid vessel wall imaging across Siemens and Philips 3T scanners,out_of_scope
A5114817261,Kazem Hashemizadeh,1,1,P0005,University of Utah,US,no,1,Qualitative and quantitative reproducibility of 3D MERGE and SNAP sequences for carotid vessel wall imaging across Siemens and Philips 3T scanners,out_of_scope
A5093840027,Halit Akçiçek,1,1,P0005,University of Utah,US,no,1,Qualitative and quantitative reproducibility of 3D MERGE and SNAP sequences for carotid vessel wall imaging across Siemens and Philips 3T scanners,out_of_scope
A5100328975,Xuan Wang,1,1,P0005,University of Utah,US,no,1,Qualitative and quantitative reproducibility of 3D MERGE and SNAP sequences for carotid vessel wall imaging across Siemens and Philips 3T scanners,out_of_scope
A5061560792,Yin Guo,1,1,P0005,University of Washington,US,no,1,Qualitative and quantitative reproducibility of 3D MERGE and SNAP sequences for carotid vessel wall imaging across Siemens and Philips 3T scanners,out_of_scope
A5025577793,Niranjan Balu,1,1,P0005,University of Washington,US,no,1,Qualitative and quantitative reproducibility of 3D MERGE and SNAP sequences for carotid vessel wall imaging across Siemens and Philips 3T scanners,out_of_scope
A5008769328,Chun Yuan,1,1,P0005,University of Utah,US,no,1,Qualitative and quantitative reproducibility of 3D MERGE and SNAP sequences for carotid vessel wall imaging across Siemens and Philips 3T scanners,out_of_scope
A5101787221,Xiaodong Ma,1,1,P0005,University of Utah,US,no,1,Qualitative and quantitative reproducibility of 3D MERGE and SNAP sequences for carotid vessel wall imaging across Siemens and Philips 3T scanners,out_of_scope
A5090926650,Ganesh Adluru,1,1,P0005,University of Utah,US,no,1,Late Gadolinium Enhancement imaging using stack of stars and compressed sensing,out_of_scope
A5109950241,Norman Hu,1,1,P0005,University of Utah,US,no,1,Late Gadolinium Enhancement imaging using stack of stars and compressed sensing,out_of_scope
A5009157415,Kyle H Sabey,1,1,P0005,University of Utah,US,no,1,Late Gadolinium Enhancement imaging using stack of stars and compressed sensing,out_of_scope
A5111501096,David A. Bull,1,1,P0005,University of Utah,US,no,1,Late Gadolinium Enhancement imaging using stack of stars and compressed sensing,out_of_scope
A5102799854,Nassir Marrouche,1,1,P0005,University of Utah,US,no,1,Late Gadolinium Enhancement imaging using stack of stars and compressed sensing,out_of_scope
A5004443122,Hae-Sun Jung,1,1,P0005,,,no,1,A Case of Bleeding from Proximal Jejunal GIST Diagnosed by Colonoscopy through the Oral Approach,out_of_scope
A5003668382,Sang‐Back Kim,1,1,P0005,,,no,1,Effect of Momordica charantia on Glucagon Secretion in High-fat diet(HFD)/Streptozotocin(STZ)-induced Diabetic Rat,out_of_scope
A5114241573,Seul Ki Kim,1,1,P0005,,,no,1,Effect of Momordica charantia on Glucagon Secretion in High-fat diet(HFD)/Streptozotocin(STZ)-induced Diabetic Rat,out_of_scope
A5100876728,Hyun-Kyu Kim,1,1,P0005,,,no,1,Effect of Momordica charantia on Glucagon Secretion in High-fat diet(HFD)/Streptozotocin(STZ)-induced Diabetic Rat,out_of_scope
A5103930169,Ho Yeon Jung,1,1,P0005,,,no,1,Incidence and risk factors of missing polyps in flexible sigmoidoscopy: A prospective multicenter study,out_of_scope
A5109210550,Byung Ho Nam,1,1,P0005,,,no,1,Incidence and risk factors of missing polyps in flexible sigmoidoscopy: A prospective multicenter study,out_of_scope
A5088380342,Kate Conway-Turner,1,1,P0005,Georgia Southern University,US,no,1,Diversity in Families,out_of_scope
A5009208208,Bahira Sherif,1,1,P0005,University of Delaware,US,no,1,Diversity in Families,out_of_scope
A5087189741,Tara Woolfolk,1,1,P0005,University of Delaware,US,no,1,Diversity in Families,out_of_scope
A5100660867,Sung Won Lee,1,1,P0005,,,no,1,A case of minimal change nephrotic syndrome associated with systemic lupus erythematosus.,out_of_scope
A5028313698,Won-Tae Jung,1,1,P0005,,,no,1,A case of minimal change nephrotic syndrome associated with systemic lupus erythematosus.,out_of_scope
A5009772654,Sun-Young Yi,1,1,P0005,,,no,1,Triple Therapy Only for 7 Days Vs. Triple Therapy for 7 Days Plus Omeprazole for 21 Days in Treatment of Active Peptic Ulcer with Helicobacter Pylori Infection,out_of_scope
A5025929477,Gue Won Chung,1,1,P0005,,,no,1,S1032 Favorable Factors for Survival in Elderly Patients with Colorectal Cancer,out_of_scope
A5002980144,Won Suk Ann,1,1,P0005,,,no,1,Intravascular Ultrasound Assessment of the Coronary Intervention,out_of_scope
A5036208233,Byung Cheol Kim,1,1,P0005,,,no,1,Intravascular Ultrasound Assessment of the Coronary Intervention,out_of_scope
A5108459079,Ji Won Son,1,1,P0005,,,no,1,Intravascular Ultrasound Assessment of the Coronary Intervention,out_of_scope
A5052543873,Hyun Kuk Dho,1,1,P0005,,,no,1,Intravascular Ultrasound Assessment of the Coronary Intervention,out_of_scope
A5017980756,Jong Seong Kim,1,1,P0005,,,no,1,Intravascular Ultrasound Assessment of the Coronary Intervention,out_of_scope
A5101735297,Hyun Joo Song,1,1,P0005,,,no,1,"S1909 Gender Specific Risk Factors for Reflux Esophagitis in Asia: Role of Age, Body Mass Index, Metabolic Syndrome and Menopause",out_of_scope
A5030464641,Yoo Suck Jang,1,1,P0005,,,no,1,Phospholipase A2 Contributes to Hemorrhage-induced Acute Lung Injury Through Neutrophilic Respiratory Burst,out_of_scope
A5110350098,Sang Hoon Jheon,1,1,P0005,,,no,1,Phospholipase A2 Contributes to Hemorrhage-induced Acute Lung Injury Through Neutrophilic Respiratory Burst,out_of_scope
A5046049570,Tae Rim Shin,1,1,P0005,,,no,1,Phospholipase A2 Contributes to Hemorrhage-induced Acute Lung Injury Through Neutrophilic Respiratory Burst,out_of_scope
A5036941869,Young Man Lee,1,1,P0005,,,no,1,Phospholipase A2 Contributes to Hemorrhage-induced Acute Lung Injury Through Neutrophilic Respiratory Burst,out_of_scope
A5087554963,Hee-Jung Oh,1,1,P0005,,,no,1,A Case of Abdominal Actinomycosis Mimicking Colon Carcinoma,out_of_scope
A5032742723,You-Kyoung Cho,1,1,P0005,,,no,1,A Case of Abdominal Actinomycosis Mimicking Colon Carcinoma,out_of_scope
A5062107038,Seung-Yon Baek,1,1,P0005,,,no,1,A Case of Abdominal Actinomycosis Mimicking Colon Carcinoma,out_of_scope
A5032797401,Minkyoung Jo,1,1,P0005,,,no,1,Sa1203 - Inhibitory Effect of Cancer Stem Cells by α-Mangostin in Colorectal Cancer,out_of_scope
A5102304287,Ji Hee Kwon,1,1,P0005,,,no,1,Sa1203 - Inhibitory Effect of Cancer Stem Cells by α-Mangostin in Colorectal Cancer,out_of_scope
A5101877443,Eun Hwa Choi,1,1,P0005,,,no,1,Clinical characteristics and gastrointestinal symptoms of female patients in Hwabyung clinic,out_of_scope
A5109350240,Gil Ja Shin,1,1,P0005,,,no,1,Clinical characteristics and gastrointestinal symptoms of female patients in Hwabyung clinic,out_of_scope
A5111809002,Weon Jeong Lim,1,1,P0005,,,no,1,Clinical characteristics and gastrointestinal symptoms of female patients in Hwabyung clinic,out_of_scope
A5100393661,Yanling Wang,1,1,P0005,Georgia State University,US,no,1,Wheat Fiber Suppresses Development of Colitis via Microbiota-Mediated Fermentation-Independent Metabolites that Reprogram Intestinal Macrophages,out_of_scope
A5100392451,Yadong Wang,1,1,P0005,Georgia State University,US,no,1,Wheat Fiber Suppresses Development of Colitis via Microbiota-Mediated Fermentation-Independent Metabolites that Reprogram Intestinal Macrophages,out_of_scope
A5084779674,Lavanya Reddivari,1,1,P0005,Purdue University West Lafayette,US,no,1,Wheat Fiber Suppresses Development of Colitis via Microbiota-Mediated Fermentation-Independent Metabolites that Reprogram Intestinal Macrophages,out_of_scope
A5014955474,Stacey L. Heaver,1,1,P0005,Max Planck Institute for Biology,DE,no,1,Wheat Fiber Suppresses Development of Colitis via Microbiota-Mediated Fermentation-Independent Metabolites that Reprogram Intestinal Macrophages,out_of_scope
A5066589732,Ruth E. Ley,1,1,P0005,Max Planck Institute for Biology,DE,no,1,Wheat Fiber Suppresses Development of Colitis via Microbiota-Mediated Fermentation-Independent Metabolites that Reprogram Intestinal Macrophages,out_of_scope
A5110174585,Yoon Pyo Lee,1,1,P0005,,,no,1,Su1246 Temporal Trends and Natural History of Eosinophils-Related Gastrointestinal Disease in Asia,out_of_scope
A5048952274,Jae‐Youll Jin,1,1,P0005,,,no,1,New and Improved Time-selective Self-triggering Water Sampler : AUTTLE,out_of_scope
A5045452585,Kuen Choon Hwang,1,1,P0005,,,no,1,New and Improved Time-selective Self-triggering Water Sampler : AUTTLE,out_of_scope
A5109861632,Jin Soon Park,1,1,P0005,,,no,1,New and Improved Time-selective Self-triggering Water Sampler : AUTTLE,out_of_scope
A5078446348,Young-Sang Eo,1,1,P0005,,,no,1,New and Improved Time-selective Self-triggering Water Sampler : AUTTLE,out_of_scope
A5112160648,Ki Dai Yum,1,1,P0005,,,no,1,New and Improved Time-selective Self-triggering Water Sampler : AUTTLE,out_of_scope
A5110297436,Jae Kyung Oh,1,1,P0005,,,no,1,New and Improved Time-selective Self-triggering Water Sampler : AUTTLE,out_of_scope
A5016361439,Hyun-Shin Park,1,1,P0005,,,no,1,Clinical Spectrum of Erosive Esophagitis in Healthy Korean Population: A Nationwide Multi-Center Prospective Study,out_of_scope
A5113547022,Young Sun Kim,1,1,P0005,,,no,1,Clinical Spectrum of Erosive Esophagitis in Healthy Korean Population: A Nationwide Multi-Center Prospective Study,out_of_scope
A5100414808,Dong Hee Kim,1,1,P0005,,,no,1,Clinical Spectrum of Erosive Esophagitis in Healthy Korean Population: A Nationwide Multi-Center Prospective Study,out_of_scope
A5111651929,Sam Ryong Ji,1,1,P0005,,,no,1,Clinical Spectrum of Erosive Esophagitis in Healthy Korean Population: A Nationwide Multi-Center Prospective Study,out_of_scope
A5111524585,In‐Sik Chung,1,1,P0005,,,no,1,Clinical Spectrum of Erosive Esophagitis in Healthy Korean Population: A Nationwide Multi-Center Prospective Study,out_of_scope
A5100695584,Joo-Ho Lee,1,1,P0005,,,no,1,Expression of VEGF and Cadherin in Gastric Cancer,out_of_scope
A5102026032,Jae Hak Kim,1,1,P0005,,,no,1,Mo1870 Measuring Anti-Vinculin and Anti-CdtB Antibodies in Two Animal Models of Post-Infectious IBS,out_of_scope
A5075747474,Sung-Ae Jung,1,1,P0005,,,no,1,What Are the Candidate Pathogens Other Than Clostridium Difficile in Patients with Antibiotic-Associated Diarrhea?,out_of_scope
A5110318327,Mi Ae Lee,1,1,P0005,,,no,1,What Are the Candidate Pathogens Other Than Clostridium Difficile in Patients with Antibiotic-Associated Diarrhea?,out_of_scope
A5032705623,Joong Kyung Kim,1,1,P0005,,,no,1,"VASCULAR CALCIFICATION ON PLAIN RADIOGRAPHS IS ASSOCIATED WITH CAROTID INTIMA MEDIA THICKNESS, MALNUTRITION AND CARDIOVASCULAR EVENTS IN DIALYSIS PATIENTS",out_of_scope
A5087979786,Christopher Chang,1,1,P0005,,,no,1,Su1424 Evaluating the Role of Cytolethal Distending Toxin in the Development of Small Intestinal Bacterial Overgrowth in a Rat Model of Post-Infectious IBS,out_of_scope
A5110099650,Byung-Ik Jang,1,1,P0005,,,no,1,S1112 The Association Between Obesity and Prevalence of Colonic Adenoma According to Estrogen Environment: A KASID (Korean Association for the Study of Intestinal Disease) Study,out_of_scope
A5103546671,Jai Hyun Choi,1,1,P0005,,,no,1,S1112 The Association Between Obesity and Prevalence of Colonic Adenoma According to Estrogen Environment: A KASID (Korean Association for the Study of Intestinal Disease) Study,out_of_scope
A5076840109,You-Ho Won,1,1,P0005,,,no,1,The Classification according to the Correlation between TOD Planning Factors and the Seoul Metropolitan Subway Influential Area by Using MDS Analysis,out_of_scope
A5033254577,Sun Hee Sung,1,1,P0005,,,no,1,Mo1870 Impact of Clinical and Morphologic Characteristics on the Natural History of Eosinophils-Related Gastrointestinal Diseases,out_of_scope
A5102957096,Hyun-Seung Yoo,1,1,P0005,,,no,1,A case of acute renal failure in a patient with paroxysmal nocturnal hemoglobinuria,out_of_scope
A5090699062,Seong-Kuk Yoon,1,1,P0005,,,no,1,A case of acute renal failure in a patient with paroxysmal nocturnal hemoglobinuria,out_of_scope
A5052462006,Alexander V. Ng,1,1,P0005,,,no,1,women and men Skeletal muscle oxidative capacity in young and older,out_of_scope
A5079148103,A Biol,1,1,P0005,,,no,1,women and men Skeletal muscle oxidative capacity in young and older,out_of_scope
A5100352292,Xin Liu,1,1,P0005,,,no,1,women and men Skeletal muscle oxidative capacity in young and older,out_of_scope
A5043375829,Kevin K. McCully,1,1,P0005,,,no,1,women and men Skeletal muscle oxidative capacity in young and older,out_of_scope
A5002371963,William M. Southern,1,1,P0005,,,no,1,women and men Skeletal muscle oxidative capacity in young and older,out_of_scope
A5025746412,Terence E. Ryan,1,1,P0005,,,no,1,women and men Skeletal muscle oxidative capacity in young and older,out_of_scope
A5061450663,Kirsten Kepple,1,1,P0005,,,no,1,women and men Skeletal muscle oxidative capacity in young and older,out_of_scope
A5027009607,Jonathan R. Murrow,1,1,P0005,,,no,1,women and men Skeletal muscle oxidative capacity in young and older,out_of_scope
A5085220211,Kent R. Nilsson,1,1,P0005,,,no,1,women and men Skeletal muscle oxidative capacity in young and older,out_of_scope
A5013807174,Heather N. Carter,1,1,P0005,,,no,1,women and men Skeletal muscle oxidative capacity in young and older,out_of_scope
A5085583286,Chris C. W. Chen,1,1,P0005,,,no,1,women and men Skeletal muscle oxidative capacity in young and older,out_of_scope
A5076563879,David A. Hood,1,1,P0005,,,no,1,women and men Skeletal muscle oxidative capacity in young and older,out_of_scope
A5084997457,Chang Gi Park,1,1,P0005,,,no,1,Relationship Between Stress and Body Mass Index Among South Korean Adults Using Quantile Regression,out_of_scope
A5066858434,Yoon Joo Na,1,1,P0005,,,no,1,A Case of Polyp with High Grade Dysplasia in Ulcerative Colitis,out_of_scope
A5046153563,Hee Sun Kim,1,1,P0005,,,no,1,A Case of Polyp with High Grade Dysplasia in Ulcerative Colitis,out_of_scope
A5063114354,Moon Sun Yeoum,1,1,P0005,,,no,1,A Case of Polyp with High Grade Dysplasia in Ulcerative Colitis,out_of_scope
A5076197937,Hyo‐Chun Yoon,1,1,P0005,University of Utah,US,no,1,Abstract WP125: Comparison Of Carotid Intraplaque Hemorrhage With Other Markers Of Plaque Vulnerability.,out_of_scope
A5062733754,Sung‐Jin Bae,1,1,P0005,,,no,1,The endothelin-1 expression in the kidney tissue of patients with glomerulonephritis,out_of_scope
A5090819051,Suh-Hee Rha,1,1,P0005,,,no,1,The endothelin-1 expression in the kidney tissue of patients with glomerulonephritis,out_of_scope
A5018631592,Bo-in Lee,1,1,P0005,,,no,1,웹 기반 설문 조사에 의한 대장암 선별 및 대장폴립 진단검사의 국내 현황,out_of_scope
A5044139732,김세형,1,1,P0005,,,no,1,웹 기반 설문 조사에 의한 대장암 선별 및 대장폴립 진단검사의 국내 현황,out_of_scope
A5054429306,이석호,1,1,P0005,,,no,1,웹 기반 설문 조사에 의한 대장암 선별 및 대장폴립 진단검사의 국내 현황,out_of_scope
A5054893443,신성재,1,1,P0005,,,no,1,웹 기반 설문 조사에 의한 대장암 선별 및 대장폴립 진단검사의 국내 현황,out_of_scope
A5087558581,Kim Hyo Jong,1,1,P0005,,,no,1,웹 기반 설문 조사에 의한 대장암 선별 및 대장폴립 진단검사의 국내 현황,out_of_scope
A5034921296,Go Heun Kim,1,1,P0005,,,no,1,A Case of Idiopathic Chronic Ulcerative Enteritis Presenting with Septic Shock,out_of_scope
A5112542629,Woon Sup Han,1,1,P0005,,,no,1,A Case of Idiopathic Chronic Ulcerative Enteritis Presenting with Septic Shock,out_of_scope
A5101131271,Kwang Yul Chang,1,1,P0005,,,no,1,A Case of Light Chain Deposition Disease Associated with Renal Amyoidosis,out_of_scope
A5084732425,Sang Hyun Baek,1,1,P0005,,,no,1,A Case of Light Chain Deposition Disease Associated with Renal Amyoidosis,out_of_scope
A5008316550,Kwang Dong Kim,1,1,P0005,,,no,1,A Case of Light Chain Deposition Disease Associated with Renal Amyoidosis,out_of_scope
A5029539402,Jae‐Seok Kim,1,1,P0005,,,no,1,A Case of Light Chain Deposition Disease Associated with Renal Amyoidosis,out_of_scope
A5100382602,Hyo Jin Kim,1,1,P0005,,,no,1,A Case of Light Chain Deposition Disease Associated with Renal Amyoidosis,out_of_scope
A5090975768,Jin Gook Huh,1,1,P0005,,,no,1,Efficacy of Niti-S ComVi Stents for Palliation of Malignant Gastrointestinal Obstruction,out_of_scope
A5103912917,Jong Sung Lee,1,1,P0005,,,no,1,Efficacy of Niti-S ComVi Stents for Palliation of Malignant Gastrointestinal Obstruction,out_of_scope
A5003542345,Tae Yeob Jeong,1,1,P0005,,,no,1,Efficacy of Niti-S ComVi Stents for Palliation of Malignant Gastrointestinal Obstruction,out_of_scope
A5034163632,Jung Whan Lee,1,1,P0005,,,no,1,Efficacy of Niti-S ComVi Stents for Palliation of Malignant Gastrointestinal Obstruction,out_of_scope
A5001868746,Yoon Shin Park,1,1,P0005,,,no,1,"Mo1838 Effect of Chang Medium on Proliferation, Differentiation Capacity and Immunomodulatory Function of Human Tonsil-Derived Mesenchymal Stem Cells: Feasibility of Therapeutic Application to Inflammatory Bowel Disease",out_of_scope
A5062089122,Sangmee Ahn Jo,1,1,P0005,,,no,1,"Mo1838 Effect of Chang Medium on Proliferation, Differentiation Capacity and Immunomodulatory Function of Human Tonsil-Derived Mesenchymal Stem Cells: Feasibility of Therapeutic Application to Inflammatory Bowel Disease",out_of_scope
A5068749099,Kii-Nam Shim,1,1,P0005,,,no,1,A Case of Stercoral Ulcer in the Proximal Colon,out_of_scope
A5100399418,Ji Young Park,1,1,P0005,,,no,1,A Case of Stercoral Ulcer in the Proximal Colon,out_of_scope
A5063275419,Chang-Yoon Ha,1,1,P0005,,,no,1,A Case of Stercoral Ulcer in the Proximal Colon,out_of_scope
A5100724799,Soo-Hyun Park,1,1,P0005,,,no,1,A Case of Stercoral Ulcer in the Proximal Colon,out_of_scope
A5027361549,Young‐Sun Kim,1,1,P0005,,,no,1,A Case of Extensive Gangrenous Ischemic Colitis Proximal to Rectal Cancer.,out_of_scope
A5009833941,Kwon Cheol Yoo,1,1,P0005,,,no,1,Endoscopic Removal of Small Bowel Bezoars using Colonoscopy through the Oral Approach,out_of_scope
A5065628654,Jong-Cheon Na,1,1,P0005,,,no,1,A Case of Endoscopic Polypectomy Using a Hand-Made Detachable Snare Made of Nylon Fishing Linel,out_of_scope
A5005404457,Jong-Seong Lee,1,1,P0005,,,no,1,A Case of Endoscopic Polypectomy Using a Hand-Made Detachable Snare Made of Nylon Fishing Linel,out_of_scope
A5023812829,Yeong-Gwan Kim,1,1,P0005,,,no,1,A Case of Endoscopic Polypectomy Using a Hand-Made Detachable Snare Made of Nylon Fishing Linel,out_of_scope
A5025142629,Jin-Gwang Lee,1,1,P0005,,,no,1,A Case of Endoscopic Polypectomy Using a Hand-Made Detachable Snare Made of Nylon Fishing Linel,out_of_scope
A5030901845,Su-Hyeong Ryu,1,1,P0005,,,no,1,A Case of Endoscopic Polypectomy Using a Hand-Made Detachable Snare Made of Nylon Fishing Linel,out_of_scope
A5004933555,Jeonghwan Lee,1,1,P0005,,,no,1,A Case of Endoscopic Polypectomy Using a Hand-Made Detachable Snare Made of Nylon Fishing Linel,out_of_scope
A5071372666,Yu-Seon Kim,1,1,P0005,,,no,1,A Case of Endoscopic Polypectomy Using a Hand-Made Detachable Snare Made of Nylon Fishing Linel,out_of_scope
A5032888727,Jeong-Seop Mun,1,1,P0005,,,no,1,A Case of Endoscopic Polypectomy Using a Hand-Made Detachable Snare Made of Nylon Fishing Linel,out_of_scope
A5101940289,JiHyeon Song,1,1,P0005,,,no,1,A Case of Duodenal Obstruction Induced by the Short-term Use of a Nonsteroidal Anti-inflammatory Drug,out_of_scope
A5058853822,Hyeon-Ju Song,1,1,P0005,,,no,1,A Case of Duodenal Obstruction Induced by the Short-term Use of a Nonsteroidal Anti-inflammatory Drug,out_of_scope
A5028987576,O Hui-Jeong,1,1,P0005,,,no,1,A Case of Duodenal Obstruction Induced by the Short-term Use of a Nonsteroidal Anti-inflammatory Drug,out_of_scope
A5043102542,Geum-Hye Yu,1,1,P0005,,,no,1,A Case of Duodenal Obstruction Induced by the Short-term Use of a Nonsteroidal Anti-inflammatory Drug,out_of_scope
A5016069574,Hye-Jeong Yeom,1,1,P0005,,,no,1,A Case of Duodenal Obstruction Induced by the Short-term Use of a Nonsteroidal Anti-inflammatory Drug,out_of_scope
A5006241465,Yeong-Gi Son,1,1,P0005,,,no,1,Seven cases of monoclonal gammopathies involving kidney,out_of_scope
A5068079334,Hui-Rin Ju,1,1,P0005,,,no,1,Seven cases of monoclonal gammopathies involving kidney,out_of_scope
A5091143897,Seo-Hui Na,1,1,P0005,,,no,1,Seven cases of monoclonal gammopathies involving kidney,out_of_scope
A5067098787,Gi-Hyeon Kim,1,1,P0005,,,no,1,Seven cases of monoclonal gammopathies involving kidney,out_of_scope
A5008585832,Chang-Bai Lee,1,1,P0005,,,no,1,A Case of Crohn's Disease Confined to the Appendix,out_of_scope
A5066752132,Hee Rin Joo,1,1,P0005,,,no,1,"A Case of Fabry Disease, Pathologically Revealed as Focal Segmental Glomerulosclerosis",out_of_scope
A5025630223,Seung Hyun Sohn,1,1,P0005,,,no,1,"A Case of Fabry Disease, Pathologically Revealed as Focal Segmental Glomerulosclerosis",out_of_scope
A5006472762,Jung Yong Kim,1,1,P0005,,,no,1,Assessment of Driver’s Arousal State to Test Highway Drowsiness Prevention Facilities,out_of_scope
A5100617949,Dong Joon Kim,1,1,P0005,,,no,1,Assessment of Driver’s Arousal State to Test Highway Drowsiness Prevention Facilities,out_of_scope
A5046969509,Yong Duck Park,1,1,P0005,,,no,1,Assessment of Driver’s Arousal State to Test Highway Drowsiness Prevention Facilities,out_of_scope
A5100641817,Ji Soo Park,1,1,P0005,,,no,1,Assessment of Driver’s Arousal State to Test Highway Drowsiness Prevention Facilities,out_of_scope
A5077666245,Bong Jo Jung,1,1,P0005,,,no,1,Assessment of Driver’s Arousal State to Test Highway Drowsiness Prevention Facilities,out_of_scope
A5100874360,S. Bae,1,1,P0005,,,no,1,Acute Pseudodiverticular Bleeding from a Tuberculous Scar of the Terminal Ileum.,out_of_scope
A5076284532,Jongbin Kim,1,1,P0005,,,no,1,Prognosis of IgA Nephropathy with No Proteinuria on Routine Urinalysis,out_of_scope
A5100451365,Jung‐Min Kim,1,1,P0005,,,no,1,Prognosis of IgA Nephropathy with No Proteinuria on Routine Urinalysis,out_of_scope
A5111390168,In-Sook Kang,1,1,P0005,,,no,1,Colonoscopic Findings in Anemia Patients without Active Rectal Bleeding,out_of_scope
A5069050806,Seock‐Ah Im,1,1,P0005,,,no,1,Colonoscopic Findings in Anemia Patients without Active Rectal Bleeding,out_of_scope
A5034715434,Eun-Soon Kim,1,1,P0005,,,no,1,Effectiveness of Through-the-scope Self-expandable Metal Stent in Malignant Upper Gastrointestinal Obstruction,out_of_scope
A5112132212,Jeong-Seop Moon,1,1,P0005,,,no,1,Effectiveness of Through-the-scope Self-expandable Metal Stent in Malignant Upper Gastrointestinal Obstruction,out_of_scope
A5017327882,You‐Sun Kim,1,1,P0005,,,no,1,Effectiveness of Through-the-scope Self-expandable Metal Stent in Malignant Upper Gastrointestinal Obstruction,out_of_scope
A5082869373,Il Kim,1,1,P0005,,,no,1,Effectiveness of Through-the-scope Self-expandable Metal Stent in Malignant Upper Gastrointestinal Obstruction,out_of_scope
A5071288103,Jin-Kwang Lee,1,1,P0005,,,no,1,Effectiveness of Through-the-scope Self-expandable Metal Stent in Malignant Upper Gastrointestinal Obstruction,out_of_scope
A5061333657,Soo-Hyung Ryu,1,1,P0005,,,no,1,Effectiveness of Through-the-scope Self-expandable Metal Stent in Malignant Upper Gastrointestinal Obstruction,out_of_scope
A5081948923,Jung-Whan Lee,1,1,P0005,,,no,1,Effectiveness of Through-the-scope Self-expandable Metal Stent in Malignant Upper Gastrointestinal Obstruction,out_of_scope
A5064625853,Young‐Hee Nam,1,1,P0005,,,no,1,A Case of Nephrotic Syndrome with Acute Renal Failure Induced by Tramadol HCl/Acetaminophen,out_of_scope
A5017572793,Yu-Gyeong Jo,1,1,P0005,,,no,1,대장내시경 후 항문통이 심한 환자의 선별과 리도카인연고의 유용성,out_of_scope
A5000465634,Jeong-Mi Gwon,1,1,P0005,,,no,1,대장내시경 후 항문통이 심한 환자의 선별과 리도카인연고의 유용성,out_of_scope
A5063742321,Nam SeungHyeon,1,1,P0005,,,no,1,대장내시경 후 항문통이 심한 환자의 선별과 리도카인연고의 유용성,out_of_scope
A5017557519,Su-Hyeon Park,1,1,P0005,,,no,1,대장내시경 후 항문통이 심한 환자의 선별과 리도카인연고의 유용성,out_of_scope
A5103174305,Do-Yeong Kim,1,1,P0005,,,no,1,대장내시경 후 항문통이 심한 환자의 선별과 리도카인연고의 유용성,out_of_scope
A5112142982,Gwon Jong Yu,1,1,P0005,,,no,1,대장내시경 후 항문통이 심한 환자의 선별과 리도카인연고의 유용성,out_of_scope
A5045492638,Yu-Gyeong Jo,1,1,P0005,,,no,1,The Characteristics of Colonic Adenoma Detected by 18F-FDG-PET,out_of_scope
A5068758058,Su-Jeong Baek,1,1,P0005,,,no,1,The Characteristics of Colonic Adenoma Detected by 18F-FDG-PET,out_of_scope
A5083686419,Jung-Yoon Yoon,1,1,P0005,,,no,1,Cytomegalovirus Colitis in an Immunocompetent Patient with Henoch-Sch$\ddot{o}$nlein Purpura,out_of_scope
A5079070402,Eun-Kyung Baek,1,1,P0005,,,no,1,A case of cytomegalovirus colitis in a patient with liver cirrhosis,out_of_scope
A5048749753,Su-Jin Yoon,1,1,P0005,,,no,1,A case of cytomegalovirus colitis in a patient with liver cirrhosis,out_of_scope
A5031237676,Jung-Youn Jo,1,1,P0005,,,no,1,A case of cytomegalovirus colitis in a patient with liver cirrhosis,out_of_scope
A5110422910,In-Seon Kim,1,1,P0005,,,no,1,A case of cytomegalovirus colitis in a patient with liver cirrhosis,out_of_scope
A5020989468,Moon-Sun Yeoum,1,1,P0005,,,no,1,A Case of Crohn's Disease with Giant Pseudopolyposis and Ileocolic Fistula.,out_of_scope
A5001620807,Han-Hyo Lee,1,1,P0005,,,no,1,A Case of Crohn's Disease with Giant Pseudopolyposis and Ileocolic Fistula.,out_of_scope
A5007761276,Jun-Sik Nam,1,1,P0005,,,no,1,A Case of Crohn's Disease with Giant Pseudopolyposis and Ileocolic Fistula.,out_of_scope
A5033045437,Seung-Yon Back,1,1,P0005,,,no,1,A Case of Crohn's Disease with Giant Pseudopolyposis and Ileocolic Fistula.,out_of_scope
A5012449305,Youngju Choi,1,1,P0005,,,no,1,A Case of Primary Esophageal and Small Bowel Lymphoma Presenting as Bilateral Main Bronchial Obstruction.,out_of_scope
A5111564133,Seok-Ah Im,1,1,P0005,,,no,1,A Case of Primary Esophageal and Small Bowel Lymphoma Presenting as Bilateral Main Bronchial Obstruction.,out_of_scope
A5100385538,Su‐Hyun Kim,1,1,P0005,,,no,1,A Case of Primary Esophageal and Small Bowel Lymphoma Presenting as Bilateral Main Bronchial Obstruction.,out_of_scope
A5022257891,Su-Yeun Shin,1,1,P0005,,,no,1,A Case of Primary Esophageal and Small Bowel Lymphoma Presenting as Bilateral Main Bronchial Obstruction.,out_of_scope
A5053216126,Jinhwa Lee,1,1,P0005,,,no,1,A Case of Primary Esophageal and Small Bowel Lymphoma Presenting as Bilateral Main Bronchial Obstruction.,out_of_scope
A5079970396,Kyun Yu,1,1,P0005,,,no,1,A Case of Primary Esophageal and Small Bowel Lymphoma Presenting as Bilateral Main Bronchial Obstruction.,out_of_scope
A5011562609,So Dug Lim,1,1,P0005,,,no,1,[Cyclo-oxygenase-2 and p53 immunoreactivity in superficial early colorectal carcinoma].,out_of_scope
A5047823050,Jung Whan Lee,1,1,P0005,,,no,1,[Cyclo-oxygenase-2 and p53 immunoreactivity in superficial early colorectal carcinoma].,out_of_scope
A5112145917,Yon-Suk Kim,1,1,P0005,,,no,1,Antioxidant activity of fermented Asterina pectinifera with Cordyceps militaris mycelia,out_of_scope
A5037885477,Jin-Woo Hwang,1,1,P0005,,,no,1,Antioxidant activity of fermented Asterina pectinifera with Cordyceps militaris mycelia,out_of_scope
A5087116377,Bo-Im You,1,1,P0005,,,no,1,Antioxidant activity of fermented Asterina pectinifera with Cordyceps militaris mycelia,out_of_scope
A5082478298,Nam-Joo Jeon,1,1,P0005,,,no,1,Antioxidant activity of fermented Asterina pectinifera with Cordyceps militaris mycelia,out_of_scope
A5022255776,Xin Dong,1,1,P0005,,,no,1,Antioxidant activity of fermented Asterina pectinifera with Cordyceps militaris mycelia,out_of_scope
A5083571049,Beong Ou Lim,1,1,P0005,,,no,1,Antioxidant activity of fermented Asterina pectinifera with Cordyceps militaris mycelia,out_of_scope
A5063373095,Pyo‐Jam Park,1,1,P0005,,,no,1,Antioxidant activity of fermented Asterina pectinifera with Cordyceps militaris mycelia,out_of_scope
A5083961702,Ji-Hun SeoMoon,1,1,P0005,,,no,1,Characteristics of Ethanol Extract Powder Manufactured from Bitter Melon Unripe Fruit Using Spray Dryer,out_of_scope
A5086518257,Ohkyung Kwon,1,1,P0005,,,no,1,Characteristics of Ethanol Extract Powder Manufactured from Bitter Melon Unripe Fruit Using Spray Dryer,out_of_scope
A5069950555,Dae Keun Kim,1,1,P0005,,,no,1,흡광도 측정법에 의한 오수유탕 중 오수유 알카로이드의 정량,out_of_scope
A5034318358,Shin Tae-Yong,1,1,P0005,,,no,1,흡광도 측정법에 의한 오수유탕 중 오수유 알카로이드의 정량,out_of_scope
A5052644932,임종필,1,1,P0005,,,no,1,흡광도 측정법에 의한 오수유탕 중 오수유 알카로이드의 정량,out_of_scope
A5041589930,엄동옥,1,1,P0005,,,no,1,흡광도 측정법에 의한 오수유탕 중 오수유 알카로이드의 정량,out_of_scope
A5066967282,나윤주,1,1,P0005,,,no,1,소화성 궤양 출혈에서 노인군과 청장년군의 임상 특징과 경과의 후향 비교,out_of_scope
A5084974090,Ji Young Chang,1,1,P0005,,,no,1,The Incidence Rate of Rifampin-Resistant Staphylococci after Short Term Administration of Rifaximin in Immunocompromised Patients,out_of_scope
A5050590280,Yang-Hee Joo,1,1,P0005,,,no,1,The Incidence Rate of Rifampin-Resistant Staphylococci after Short Term Administration of Rifaximin in Immunocompromised Patients,out_of_scope
A5003213219,Hwi Young Kim,1,1,P0005,,,no,1,The Incidence Rate of Rifampin-Resistant Staphylococci after Short Term Administration of Rifaximin in Immunocompromised Patients,out_of_scope
A5016413838,Sung-Ae Jung,1,1,P0005,,,no,1,"Identification of Patients More Susceptible to Severe Anal Pain after Colonoscopy and Effect of Topical Treatment of Lidocaine Gel in Reducing the Anal Pain: A Prospective, Randomized, Controlled Study (Identification and Management of Patients Susceptible to Severe Anal Pain after Colonoscopy)",out_of_scope
A5000955922,Yu-Kyung Cho,1,1,P0005,,,no,1,"Identification of Patients More Susceptible to Severe Anal Pain after Colonoscopy and Effect of Topical Treatment of Lidocaine Gel in Reducing the Anal Pain: A Prospective, Randomized, Controlled Study (Identification and Management of Patients Susceptible to Severe Anal Pain after Colonoscopy)",out_of_scope
A5067492176,Chung-Hyun Chun,1,1,P0005,,,no,1,"Identification of Patients More Susceptible to Severe Anal Pain after Colonoscopy and Effect of Topical Treatment of Lidocaine Gel in Reducing the Anal Pain: A Prospective, Randomized, Controlled Study (Identification and Management of Patients Susceptible to Severe Anal Pain after Colonoscopy)",out_of_scope
A5045189972,Youn Huh,1,1,P0005,,,no,1,Factors Associating That The Depression Screening For Chronic Disease Patients In The Primary Care in Korea.,out_of_scope
A5036149262,Eon-Suk Lee,1,1,P0005,,,no,1,Factors Associating That The Depression Screening For Chronic Disease Patients In The Primary Care in Korea.,out_of_scope
A5113756308,Yeong-Sook Yoon,1,1,P0005,,,no,1,Factors Associating That The Depression Screening For Chronic Disease Patients In The Primary Care in Korea.,out_of_scope
A5009917148,Hyun-A Ji,1,1,P0005,,,no,1,Factors Associating That The Depression Screening For Chronic Disease Patients In The Primary Care in Korea.,out_of_scope
A5059586908,Jin-Sup Lee,1,1,P0005,,,no,1,Factors Associating That The Depression Screening For Chronic Disease Patients In The Primary Care in Korea.,out_of_scope
A5067334609,Hyeon Yeol Ryu,1,1,P0005,,,no,1,Safety Evaluation of Ethanol Extract from Unripe Fruit of Bitter Melon (Momordica Charantia L.) in Sprague-Dawley Rats,out_of_scope
A5101594398,Somin Lee,1,1,P0005,,,no,1,Safety Evaluation of Ethanol Extract from Unripe Fruit of Bitter Melon (Momordica Charantia L.) in Sprague-Dawley Rats,out_of_scope
A5089363094,Kyu Sup Ahn,1,1,P0005,,,no,1,Safety Evaluation of Ethanol Extract from Unripe Fruit of Bitter Melon (Momordica Charantia L.) in Sprague-Dawley Rats,out_of_scope
A5084918988,Yong Yeon,1,1,P0005,,,no,1,Safety Evaluation of Ethanol Extract from Unripe Fruit of Bitter Melon (Momordica Charantia L.) in Sprague-Dawley Rats,out_of_scope
A5100423771,Hye Jin Kim,1,1,P0005,,,no,1,Safety Evaluation of Ethanol Extract from Unripe Fruit of Bitter Melon (Momordica Charantia L.) in Sprague-Dawley Rats,out_of_scope
A5064971201,In Guk Hwang,1,1,P0005,,,no,1,Safety Evaluation of Ethanol Extract from Unripe Fruit of Bitter Melon (Momordica Charantia L.) in Sprague-Dawley Rats,out_of_scope
A5109506012,Kyung Seuk Song,1,1,P0005,,,no,1,Safety Evaluation of Ethanol Extract from Unripe Fruit of Bitter Melon (Momordica Charantia L.) in Sprague-Dawley Rats,out_of_scope
A5029078664,Hyue Ju Jin,1,1,P0005,,,no,1,Antioxidative Effects and Hepatoprotection in Cell based Assay of Raphanus sativus L. var niger Extracts,out_of_scope
A5101713447,Jin‐Kyu Lee,1,1,P0005,,,no,1,Antioxidative Effects and Hepatoprotection in Cell based Assay of Raphanus sativus L. var niger Extracts,out_of_scope
A5110314575,Su Young Hong,1,1,P0005,,,no,1,Mutagenicity of ethanolic extract powder from unripe fruit of Momordica charantia,out_of_scope
A5103586322,Jung Won Kim,1,1,P0005,,,no,1,Su1180 - The Efficacy of Tonsil-Derived Mesenchymal Stem Cells Conditioned Medium in Chronic Colitis Model,out_of_scope
A5100732906,Sang Hoon Park,1,1,P0005,,,no,1,Su1180 - The Efficacy of Tonsil-Derived Mesenchymal Stem Cells Conditioned Medium in Chronic Colitis Model,out_of_scope
A5024757824,신정은,1,1,P0005,,,no,1,"대장 선종과 대장암에서 MMP-2, HIF-1α 및 VEGF의 발현",out_of_scope
A5035931461,주양희,1,1,P0005,,,no,1,"대장 선종과 대장암에서 MMP-2, HIF-1α 및 VEGF의 발현",out_of_scope
A5096536089,ShimKiNam,1,1,P0005,,,no,1,"대장 선종과 대장암에서 MMP-2, HIF-1α 및 VEGF의 발현",out_of_scope
A5096565087,Kim Tae Hun,1,1,P0005,,,no,1,"대장 선종과 대장암에서 MMP-2, HIF-1α 및 VEGF의 발현",out_of_scope
A5096565088,문일환,1,1,P0005,,,no,1,"대장 선종과 대장암에서 MMP-2, HIF-1α 및 VEGF의 발현",out_of_scope
A5017303786,Hyunjoo Song,1,1,P0005,,,no,1,Factors associated with the Development of Paralytic Ileus in Medical ICU Patients on Mechanical Ventilation,out_of_scope
A5020970818,오희정,1,1,P0005,,,no,1,Factors associated with the Development of Paralytic Ileus in Medical ICU Patients on Mechanical Ventilation,out_of_scope
A5016540683,유금혜,1,1,P0005,,,no,1,Factors associated with the Development of Paralytic Ileus in Medical ICU Patients on Mechanical Ventilation,out_of_scope
A5069514319,Kim Tae Hun,1,1,P0005,,,no,1,Factors associated with the Development of Paralytic Ileus in Medical ICU Patients on Mechanical Ventilation,out_of_scope
A5042585271,Eun Min Park,1,1,P0005,,,no,1,The Mediating Effect of Social Support in The Relationship between Self-differentiation and Active Stress Coping Strategy of Education Institution Employees,out_of_scope
A5021290022,Allen Chi-Shing Yu,1,1,P0005,Cedars-Sinai Medical Center,US,no,1,The Effect of Dried Plum on Targeted Gut Flora and Host Gene Expression in a Rat Model of Post-infectious IBS,out_of_scope
A5102904833,Gene Kim,1,1,P0005,Cedars-Sinai Medical Center,US,no,1,The Effect of Dried Plum on Targeted Gut Flora and Host Gene Expression in a Rat Model of Post-infectious IBS,out_of_scope
A5110758043,Dug Young Kim,1,1,P0005,,,no,1,Neutrophilic Respiratory Burst Contributes to Acute Lung Leak in Rats Given N-nitroso-N-methylurethane,out_of_scope
A5082356967,Bo-Kyung Na,1,1,P0005,,,no,1,Neutrophilic Respiratory Burst Contributes to Acute Lung Leak in Rats Given N-nitroso-N-methylurethane,out_of_scope
A5040004273,정석희,1,1,P0005,,,no,1,특발성 막증식성 사구체신염 1형의 임상경과,out_of_scope
A5086917521,문승환,1,1,P0005,,,no,1,특발성 막증식성 사구체신염 1형의 임상경과,out_of_scope
A5080548741,백정환,1,1,P0005,,,no,1,특발성 막증식성 사구체신염 1형의 임상경과,out_of_scope
A5031071224,Gyung‐Tae Kim,1,1,P0005,,,no,1,특발성 막증식성 사구체신염 1형의 임상경과,out_of_scope
A5065432506,최세웅,1,1,P0005,,,no,1,특발성 막증식성 사구체신염 1형의 임상경과,out_of_scope
A5062549157,이창재,1,1,P0005,,,no,1,특발성 막증식성 사구체신염 1형의 임상경과,out_of_scope
A5049432357,조용락,1,1,P0005,,,no,1,특발성 막증식성 사구체신염 1형의 임상경과,out_of_scope
A5004669405,Rha Seo Hee,1,1,P0005,,,no,1,특발성 막증식성 사구체신염 1형의 임상경과,out_of_scope
A5024447219,장혜영,1,1,P0005,,,no,1,응급실을 경유하여 진단된 소뇌경색 환자의 임상적 고찰,out_of_scope
A5063917373,어은경,1,1,P0005,,,no,1,응급실을 경유하여 진단된 소뇌경색 환자의 임상적 고찰,out_of_scope
A5038393542,전영진,1,1,P0005,,,no,1,응급실을 경유하여 진단된 소뇌경색 환자의 임상적 고찰,out_of_scope
A5090160520,Jungkooyoung,1,1,P0005,,,no,1,응급실을 경유하여 진단된 소뇌경색 환자의 임상적 고찰,out_of_scope
A5087930279,Myoung Chan Kim,1,1,P0005,,,no,1,Two cases of conservative management of 10 and 8 week cervical pregnancies.,out_of_scope
A5090676780,Se Won Shin,1,1,P0005,,,no,1,Two cases of conservative management of 10 and 8 week cervical pregnancies.,out_of_scope
A5025378353,Sang Byum Ha,1,1,P0005,,,no,1,Two cases of conservative management of 10 and 8 week cervical pregnancies.,out_of_scope
A5101757288,Yong Seok Choi,1,1,P0005,,,no,1,Two cases of conservative management of 10 and 8 week cervical pregnancies.,out_of_scope
A5030056229,Bong Choon Jo,1,1,P0005,,,no,1,Two cases of conservative management of 10 and 8 week cervical pregnancies.,out_of_scope
A5001486464,박재정,1,1,P0005,,,no,1,원발성 복막수염의 임상양상,out_of_scope
A5025198149,노영욱,1,1,P0005,,,no,1,원발성 복막수염의 임상양상,out_of_scope
A5072069941,김고흔,1,1,P0005,,,no,1,원발성 복막수염의 임상양상,out_of_scope
A5028728031,Kim Tae Hun,1,1,P0005,,,no,1,원발성 복막수염의 임상양상,out_of_scope
A5083199926,허현미,1,1,P0005,,,no,1,원발성 복막수염의 임상양상,out_of_scope
A5037926270,배서은,1,1,P0005,,,no,1,원발성 복막수염의 임상양상,out_of_scope
A5049680184,이명원,1,1,P0005,,,no,1,원발성 복막수염의 임상양상,out_of_scope
A5069068356,문일환,1,1,P0005,,,no,1,원발성 복막수염의 임상양상,out_of_scope
A5062844468,백수정,1,1,P0005,,,no,1,소장 폐쇄를 동반한 위석을 대장내시경의 구강 접근으로 제거한 1예,out_of_scope
A5112653622,Joo-Ho Lee,1,1,P0005,,,no,1,소장 폐쇄를 동반한 위석을 대장내시경의 구강 접근으로 제거한 1예,out_of_scope
A5101522637,Jung Youp Sung,1,1,P0005,,,no,1,Cervical Pseudodiverticulum and an Intra-thoracic Redundant Graft after Coloesophagoplasty for a Corrosive Injury,out_of_scope
A5053095582,Yoo Beom Kwon,1,1,P0005,,,no,1,Cervical Pseudodiverticulum and an Intra-thoracic Redundant Graft after Coloesophagoplasty for a Corrosive Injury,out_of_scope
A5036779786,문성훈,1,1,P0005,,,no,1,신장병변을 동반한 결절성 경화증 2예,out_of_scope
A5077440732,최해종,1,1,P0005,,,no,1,신장병변을 동반한 결절성 경화증 2예,out_of_scope
A5054523885,윤욱돈,1,1,P0005,,,no,1,신장병변을 동반한 결절성 경화증 2예,out_of_scope
A5064140817,양두경,1,1,P0005,,,no,1,신장병변을 동반한 결절성 경화증 2예,out_of_scope
A5045248725,우영석,1,1,P0005,,,no,1,신장병변을 동반한 결절성 경화증 2예,out_of_scope
A5010746637,장광열,1,1,P0005,,,no,1,신장병변을 동반한 결절성 경화증 2예,out_of_scope
A5008323867,지삼룡,1,1,P0005,,,no,1,신장병변을 동반한 결절성 경화증 2예,out_of_scope
A5025956479,오일환,1,1,P0005,,,no,1,신장병변을 동반한 결절성 경화증 2예,out_of_scope
A5027320283,윤진혁,1,1,P0005,,,no,1,가임기 전신성 홍반성 루푸스 환자의 혈청 DHEAS치에 관한 연구,out_of_scope
A5046151281,유승훈,1,1,P0005,,,no,1,가임기 전신성 홍반성 루푸스 환자의 혈청 DHEAS치에 관한 연구,out_of_scope
A5081015214,정원택,1,1,P0005,,,no,1,가임기 전신성 홍반성 루푸스 환자의 혈청 DHEAS치에 관한 연구,out_of_scope
A5040123864,이성원,1,1,P0005,,,no,1,가임기 전신성 홍반성 루푸스 환자의 혈청 DHEAS치에 관한 연구,out_of_scope
A5089265509,이이혁,1,1,P0005,,,no,1,가임기 전신성 홍반성 루푸스 환자의 혈청 DHEAS치에 관한 연구,out_of_scope
A5021386711,손춘희,1,1,P0005,,,no,1,가임기 전신성 홍반성 루푸스 환자의 혈청 DHEAS치에 관한 연구,out_of_scope
A5053144542,Kim Duk Kyu,1,1,P0005,,,no,1,가임기 전신성 홍반성 루푸스 환자의 혈청 DHEAS치에 관한 연구,out_of_scope
A5004514629,정원태,1,1,P0005,,,no,1,가임기 전신성 홍반성 루푸스 환자의 혈청 DHEAS치에 관한 연구,out_of_scope
A5100649363,Jong Soo Lee,1,1,P0005,,,no,1,The Frequency and Clinical Manifestation of Post-Infectious IBS (PI-IBS) in Patients with Intestinal Tuberculosis,out_of_scope
A5109970198,Yoo Kyung Cho,1,1,P0005,,,no,1,The Frequency and Clinical Manifestation of Post-Infectious IBS (PI-IBS) in Patients with Intestinal Tuberculosis,out_of_scope
A5083511196,Si Nae Lee,1,1,P0005,,,no,1,The Frequency and Clinical Manifestation of Post-Infectious IBS (PI-IBS) in Patients with Intestinal Tuberculosis,out_of_scope
A5109846114,Ji Hye Ahn,1,1,P0005,,,no,1,Effect of omega-3 fatty acid on oleic acid of erythrocyte membrane in patients with overt diabetic nephropathy,out_of_scope
A5081042987,Hyo Jin Kang,1,1,P0005,,,no,1,Effect of omega-3 fatty acid on oleic acid of erythrocyte membrane in patients with overt diabetic nephropathy,out_of_scope
A5088628037,You Jeong Oh,1,1,P0005,,,no,1,Effect of omega-3 fatty acid on oleic acid of erythrocyte membrane in patients with overt diabetic nephropathy,out_of_scope
A5061916428,남준식,1,1,P0005,,,no,1,휴식기 항문압이 감소된 변비환자에서 배변장애의 특성,out_of_scope
A5066833711,조유경,1,1,P0005,,,no,1,휴식기 항문압이 감소된 변비환자에서 배변장애의 특성,out_of_scope
A5078262830,LeeJeongKyong,1,1,P0005,,,no,1,휴식기 항문압이 감소된 변비환자에서 배변장애의 특성,out_of_scope
A5065832785,윤소윤,1,1,P0005,,,no,1,이동방지 식도 스텐트를 이용한 상부 식도기관지누공의 치료 1예,out_of_scope
A5047216222,나선경,1,1,P0005,,,no,1,이동방지 식도 스텐트를 이용한 상부 식도기관지누공의 치료 1예,out_of_scope
A5066850272,류재인,1,1,P0005,,,no,1,이동방지 식도 스텐트를 이용한 상부 식도기관지누공의 치료 1예,out_of_scope
A5029232724,윤혜원,1,1,P0005,,,no,1,이동방지 식도 스텐트를 이용한 상부 식도기관지누공의 치료 1예,out_of_scope
A5035528256,Jung Won Sung,1,1,P0005,,,no,1,이동방지 식도 스텐트를 이용한 상부 식도기관지누공의 치료 1예,out_of_scope
A5024056752,Hyun Ae Lee,1,1,P0005,,,no,1,파국적 항인지질항체증후군과 관련된 소장의 괴사 1예,out_of_scope
A5087497994,강인숙,1,1,P0005,,,no,1,직장출혈력이 없는 빈혈 환자에서의 대장내시경의 역할,out_of_scope
A5062782705,임석아,1,1,P0005,,,no,1,직장출혈력이 없는 빈혈 환자에서의 대장내시경의 역할,out_of_scope
A5082847220,Nabeel Chauhan,1,1,P0005,University of Utah,US,no,1,Abstract 181: Determinants of Intracranial Atherosclerotic Enhancement on Vessel Wall MRI in Patients with Acute Ischemic Stroke,out_of_scope
A5004516666,Jennifer J. Majersik,1,1,P0005,University of Utah,US,no,1,Abstract 181: Determinants of Intracranial Atherosclerotic Enhancement on Vessel Wall MRI in Patients with Acute Ischemic Stroke,out_of_scope
A5010953822,David Tirschwell,1,1,P0005,University of Washington,US,no,1,Abstract 181: Determinants of Intracranial Atherosclerotic Enhancement on Vessel Wall MRI in Patients with Acute Ischemic Stroke,out_of_scope
A5081987324,Ka‐Ho Wong,1,1,P0005,University of Utah,US,no,1,Abstract 181: Determinants of Intracranial Atherosclerotic Enhancement on Vessel Wall MRI in Patients with Acute Ischemic Stroke,out_of_scope
A5080874855,Stephen Chatwin,1,1,P0005,University of Utah,US,no,1,Abstract 181: Determinants of Intracranial Atherosclerotic Enhancement on Vessel Wall MRI in Patients with Acute Ischemic Stroke,out_of_scope
A5004414077,Scott McNally,1,1,P0005,University of Utah,US,no,1,Abstract 181: Determinants of Intracranial Atherosclerotic Enhancement on Vessel Wall MRI in Patients with Acute Ischemic Stroke,out_of_scope
A5100676244,Taehee Lee,1,1,P0005,,,no,1,변비의 국소 치료: 관장과 좌약,out_of_scope
A5025681077,대한소화기기능성질환ᆞ운동학회 변비 및 항문직장기능 연구회,1,1,P0005,,,no,1,변비의 국소 치료: 관장과 좌약,out_of_scope
A5018836793,유현승,1,1,P0005,,,no,1,Icodextrin과 포비돈액 반응으로 진단한 복막 투석액의 흉강 누출 1예,out_of_scope
A5089318224,남현경,1,1,P0005,,,no,1,Icodextrin과 포비돈액 반응으로 진단한 복막 투석액의 흉강 누출 1예,out_of_scope
A5100304631,Ki-Hyun Kim,1,1,P0005,,,no,1,Icodextrin과 포비돈액 반응으로 진단한 복막 투석액의 흉강 누출 1예,out_of_scope
A5044410369,최영주,1,1,P0005,,,no,1,기관지 폐쇄로 발현한 원발성 식도와 소장의 악성 림프종 1예,out_of_scope
A5050378603,ShimKiNam,1,1,P0005,,,no,1,기관지 폐쇄로 발현한 원발성 식도와 소장의 악성 림프종 1예,out_of_scope
A5013522493,임석아,1,1,P0005,,,no,1,기관지 폐쇄로 발현한 원발성 식도와 소장의 악성 림프종 1예,out_of_scope
A5007674793,Jihyun Song,1,1,P0005,,,no,1,기관지 폐쇄로 발현한 원발성 식도와 소장의 악성 림프종 1예,out_of_scope
A5072401630,신수연,1,1,P0005,,,no,1,기관지 폐쇄로 발현한 원발성 식도와 소장의 악성 림프종 1예,out_of_scope
A5020690768,JinHwaLee,1,1,P0005,,,no,1,기관지 폐쇄로 발현한 원발성 식도와 소장의 악성 림프종 1예,out_of_scope
A5111733826,Jung Hye Sung,1,1,P0005,,,no,1,기관지 폐쇄로 발현한 원발성 식도와 소장의 악성 림프종 1예,out_of_scope
A5069349798,유권,1,1,P0005,,,no,1,기관지 폐쇄로 발현한 원발성 식도와 소장의 악성 림프종 1예,out_of_scope
A5096572854,ShimKiNam,1,1,P0005,,,no,1,부식제로 인한 상부 위장관 손상의 임상양상 및 예후인자,out_of_scope
A5033813825,이창배,1,1,P0005,,,no,1,부식제로 인한 상부 위장관 손상의 임상양상 및 예후인자,out_of_scope
A5096707459,이종수,1,1,P0005,,,no,1,부식제로 인한 상부 위장관 손상의 임상양상 및 예후인자,out_of_scope
A5096636829,조유경,1,1,P0005,,,no,1,부식제로 인한 상부 위장관 손상의 임상양상 및 예후인자,out_of_scope
A5096604178,Kim Tae Hun,1,1,P0005,,,no,1,부식제로 인한 상부 위장관 손상의 임상양상 및 예후인자,out_of_scope
A5001342433,이지현,1,1,P0005,,,no,1,진단 목적의 상부위장관 내시경에서의 진정 관련 이상 반응: 단일 기관의 관찰 연구,out_of_scope
A5062650450,이강훈,1,1,P0005,,,no,1,진단 목적의 상부위장관 내시경에서의 진정 관련 이상 반응: 단일 기관의 관찰 연구,out_of_scope
A5075834447,이고은,1,1,P0005,,,no,1,진단 목적의 상부위장관 내시경에서의 진정 관련 이상 반응: 단일 기관의 관찰 연구,out_of_scope
A5113959238,Ji-Young Chang,1,1,P0005,,,no,1,진단 목적의 상부위장관 내시경에서의 진정 관련 이상 반응: 단일 기관의 관찰 연구,out_of_scope
A5013063784,Tae Chung Hyun,1,1,P0005,,,no,1,진단 목적의 상부위장관 내시경에서의 진정 관련 이상 반응: 단일 기관의 관찰 연구,out_of_scope
A5008307546,윤정윤,1,1,P0005,,,no,1,Henoch-Schönlein 자반증이 동반된 거대 세포 바이러스 장염 1예,out_of_scope
A5070396701,Dong Eun Song,1,1,P0005,,,no,1,Henoch-Schönlein 자반증이 동반된 거대 세포 바이러스 장염 1예,out_of_scope
A5100676243,Taehee Lee,1,1,P0005,,,no,1,"변비 약물 치료의 지침 – 어떤 약제를, 언제 사용해야 하는가?",out_of_scope
A5055838250,대한소화기기능성질환·운동학회 변비 및 항문직장기능 연구회,1,1,P0005,,,no,1,"변비 약물 치료의 지침 – 어떤 약제를, 언제 사용해야 하는가?",out_of_scope
A5096378144,ShimKiNam,1,1,P0005,,,no,1,성인에서 발생한 대장의 저신경절증 1예,out_of_scope
A5096111108,Hye Kyung Jung,1,1,P0005,,,no,1,성인에서 발생한 대장의 저신경절증 1예,out_of_scope
A5096191127,Hea-Soo Koo,1,1,P0005,,,no,1,성인에서 발생한 대장의 저신경절증 1예,out_of_scope
A5076267246,문일환,1,1,P0005,,,no,1,성인에서 발생한 대장의 저신경절증 1예,out_of_scope
A5021187532,Taehyung Kwon,1,1,P0005,,,no,1,"Knowledge, attitudes and experiences of internal medicine trainees towards enteral feeding tube: Results from multicenter survey of current practice",out_of_scope
A5055570334,Ju Young Choi,1,1,P0005,,,no,1,"Knowledge, attitudes and experiences of internal medicine trainees towards enteral feeding tube: Results from multicenter survey of current practice",out_of_scope
A5039142869,Soo‐Kyung Park,1,1,P0005,,,no,1,"Knowledge, attitudes and experiences of internal medicine trainees towards enteral feeding tube: Results from multicenter survey of current practice",out_of_scope
A5102421483,Jin Young Yoon,1,1,P0005,,,no,1,"Knowledge, attitudes and experiences of internal medicine trainees towards enteral feeding tube: Results from multicenter survey of current practice",out_of_scope
A5018281248,Sun Young Choi,1,1,P0005,,,no,1,"The Effects of the Emotional Intelligence, Resilience and Grit of Early Childhood Teachers on Teacher-Child Interaction",out_of_scope
A5101729378,Su Kyung Jung,1,1,P0005,,,no,1,Blepharoptosis among Korean adults: Age-related prevalence and threshold age for evaluation,out_of_scope
A5063795368,Chungang Guo,1,1,P0005,,,no,1,Front & Back Matter,out_of_scope
A5058715488,Tammy R. Dugas,1,1,P0005,,,no,1,Front & Back Matter,out_of_scope
A5068098995,Clinton Scates,1,1,P0005,,,no,1,Front & Back Matter,out_of_scope
A5058363696,Maria Garcia-Villarreal,1,1,P0005,,,no,1,Front & Back Matter,out_of_scope
A5039699640,Thomas M. Ticich,1,1,P0005,,,no,1,Front & Back Matter,out_of_scope
A5025024613,Kenneth E. McMartin,1,1,P0005,,,no,1,Front & Back Matter,out_of_scope
A5033207050,Chih‐Yu Yang,1,1,P0005,,,no,1,Front & Back Matter,out_of_scope
A5077611260,Yat‐Pang Chau,1,1,P0005,,,no,1,Front & Back Matter,out_of_scope
A5110362499,H . W . Lee,1,1,P0005,,,no,1,Front & Back Matter,out_of_scope
A5046654345,Hsin-Yu Kuo,1,1,P0005,,,no,1,Front & Back Matter,out_of_scope
A5018333442,Oscar K. Lee,1,1,P0005,,,no,1,Front & Back Matter,out_of_scope
A5110168721,An‐Hang Yang,1,1,P0005,,,no,1,Front & Back Matter,out_of_scope
A5102870348,Hong Ren,1,1,P0005,,,no,1,Front & Back Matter,out_of_scope
A5101036603,Pingyan Shen,1,1,P0005,,,no,1,Front & Back Matter,out_of_scope
A5100375265,Xiao Li,1,1,P0005,,,no,1,Front & Back Matter,out_of_scope
A5102422690,Xiaoxia Pan,1,1,P0005,,,no,1,Front & Back Matter,out_of_scope
A5016135692,Wen Zhang,1,1,P0005,,,no,1,Front & Back Matter,out_of_scope
A5101167497,Nan Chen,1,1,P0005,,,no,1,Front & Back Matter,out_of_scope
A5027904196,Ian J. Stewart,1,1,P0005,,,no,1,Front & Back Matter,out_of_scope
A5057870702,Benjamin D. Morrow,1,1,P0005,,,no,1,Front & Back Matter,out_of_scope
A5067560654,Molly A. Tilley,1,1,P0005,,,no,1,Front & Back Matter,out_of_scope
A5014915985,Brian D. Snow,1,1,P0005,,,no,1,Front & Back Matter,out_of_scope
A5086587778,Christopher Gisler,1,1,P0005,,,no,1,Front & Back Matter,out_of_scope
A5025138983,Keith W. Kramer,1,1,P0005,,,no,1,Front & Back Matter,out_of_scope
A5057575901,James K. Aden,1,1,P0005,,,no,1,Front & Back Matter,out_of_scope
A5040397202,Evan M. Renz,1,1,P0005,,,no,1,Front & Back Matter,out_of_scope
A5101720478,Kevin K. Chung,1,1,P0005,,,no,1,Front & Back Matter,out_of_scope
A5060075966,Giovanna Castoldi,1,1,P0005,,,no,1,Front & Back Matter,out_of_scope
A5091218232,Cira Di Gioia,1,1,P0005,,,no,1,Front & Back Matter,out_of_scope
A5062535578,C. Bombardi,1,1,P0005,,,no,1,Front & Back Matter,out_of_scope
A5080284459,Carmela Preziuso,1,1,P0005,,,no,1,Front & Back Matter,out_of_scope
A5086890371,Martina Leopizzi,1,1,P0005,,,no,1,Front & Back Matter,out_of_scope
A5031872274,Silvia Maestroni,1,1,P0005,,,no,1,Front & Back Matter,out_of_scope
A5026035582,B. Corradi,1,1,P0005,,,no,1,Front & Back Matter,out_of_scope
A5044484087,Gianpaolo Zerbini,1,1,P0005,,,no,1,Front & Back Matter,out_of_scope
A5076330382,A. Stella,1,1,P0005,,,no,1,Front & Back Matter,out_of_scope
A5083042968,Hajeong Lee,1,1,P0005,,,no,1,Front & Back Matter,out_of_scope
A5085056626,Dong Ki Kim,1,1,P0005,,,no,1,Front & Back Matter,out_of_scope
A5058535138,Kook‐Hwan Oh,1,1,P0005,,,no,1,Front & Back Matter,out_of_scope
A5101626383,Yon Su Kim,1,1,P0005,,,no,1,Front & Back Matter,out_of_scope
A5081261045,Dong‐Wan Chae,1,1,P0005,,,no,1,Front & Back Matter,out_of_scope
A5115588399,Suhnggwon Kim,1,1,P0005,,,no,1,Front & Back Matter,out_of_scope
A5103090855,Ho Jun Chin,1,1,P0005,,,no,1,Front & Back Matter,out_of_scope
A5056238061,Nosratola D. Vaziri,1,1,P0005,,,no,1,Front & Back Matter,out_of_scope
A5066660351,Jun Yuan,1,1,P0005,,,no,1,Front & Back Matter,out_of_scope
A5051133604,Keith C. Norris,1,1,P0005,,,no,1,Front & Back Matter,out_of_scope
A5058061260,Seong Joo Lee,1,1,P0005,,,no,1,Front & Back Matter,out_of_scope
A5112355502,Moo Hyun Kim,1,1,P0005,,,no,1,Front & Back Matter,out_of_scope
A5035232429,Jee Hyun Rho,1,1,P0005,,,no,1,Front & Back Matter,out_of_scope
A5079702078,Atul Bagul,1,1,P0005,,,no,1,Front & Back Matter,out_of_scope
A5010979841,Jodie H. Frost,1,1,P0005,,,no,1,Front & Back Matter,out_of_scope
A5045858206,Martin Drage,1,1,P0005,,,no,1,Front & Back Matter,out_of_scope
A5100845747,Juan Shan,1,1,P0005,,,no,1,Front & Back Matter,out_of_scope
A5101416908,Chengwen Li,1,1,P0005,,,no,1,Front & Back Matter,out_of_scope
A5101672909,Lei Luo,1,1,P0005,,,no,1,Front & Back Matter,out_of_scope
A5070777574,Jun Lü,1,1,P0005,,,no,1,Front & Back Matter,out_of_scope
A5111851524,Shengfu Li,1,1,P0005,,,no,1,Front & Back Matter,out_of_scope
A5104160865,Dan Long,1,1,P0005,,,no,1,Front & Back Matter,out_of_scope
A5100842081,Youping Li,1,1,P0005,,,no,1,Front & Back Matter,out_of_scope
A5108132353,Satz Mengensatzproduktion,1,1,P0005,,,no,1,Front & Back Matter,out_of_scope
A5084576224,Druck Reinhardt Druck Basel,1,1,P0005,,,no,1,Front & Back Matter,out_of_scope
A5084897152,Ruixia Liu,1,1,P0005,,,no,1,Front & Back Matter,out_of_scope
A5100423161,Yuanyuan Wang,1,1,P0005,,,no,1,Front & Back Matter,out_of_scope
A5100381299,Sang Ho Lee,1,1,P0005,,,no,1,Front & Back Matter,out_of_scope
A5027900641,Foong Kien Newk-Fon Hey Tow,1,1,P0005,,,no,1,Front & Back Matter,out_of_scope
A5014851916,Qi Lun Ooi,1,1,P0005,,,no,1,Front & Back Matter,out_of_scope
A5072258594,Tien Yin Wong,1,1,P0005,,,no,1,Front & Back Matter,out_of_scope
A5025647523,Ryo Kawasaki,1,1,P0005,,,no,1,Front & Back Matter,out_of_scope
A5103557343,Deb Colville,1,1,P0005,,,no,1,Front & Back Matter,out_of_scope
A5010978049,Peter F. Mount,1,1,P0005,,,no,1,Front & Back Matter,out_of_scope
A5090730811,Judy Savige,1,1,P0005,,,no,1,Front & Back Matter,out_of_scope
A5052777002,Mariusz Flisiński,1,1,P0005,,,no,1,Front & Back Matter,out_of_scope
A5044462985,Andrzej Brymora,1,1,P0005,,,no,1,Front & Back Matter,out_of_scope
A5111488885,I Bartłomiejczyk,1,1,P0005,,,no,1,Front & Back Matter,out_of_scope
A5111384723,Ewa Wiśniewska,1,1,P0005,,,no,1,Front & Back Matter,out_of_scope
A5011587399,Ryszard Gołda,1,1,P0005,,,no,1,Front & Back Matter,out_of_scope
A5031143283,Anna Stefańska,1,1,P0005,,,no,1,Front & Back Matter,out_of_scope
A5052485914,Leszek Pączek,1,1,P0005,,,no,1,Front & Back Matter,out_of_scope
A5004378699,Jacek Manitius,1,1,P0005,,,no,1,Front & Back Matter,out_of_scope
A5033240118,Alexander Friedl,1,1,P0005,,,no,1,Front & Back Matter,out_of_scope
A5050808967,Slobodan Peric,1,1,P0005,,,no,1,Front & Back Matter,out_of_scope
A5040134752,Salome Masghati,1,1,P0005,,,no,1,Front & Back Matter,out_of_scope
A5054404247,Michael Wolzt,1,1,P0005,,,no,1,Front & Back Matter,out_of_scope
A5110897730,Walter H. Hörl,1,1,P0005,,,no,1,Front & Back Matter,out_of_scope
A5113583034,Afschin Soleiman,1,1,P0005,,,no,1,Front & Back Matter,out_of_scope
A5087926591,Valentin Fuhrmann,1,1,P0005,,,no,1,Front & Back Matter,out_of_scope
A5021164628,Mohamed Shafiu,1,1,P0005,,,no,1,Front & Back Matter,out_of_scope
A5004471228,Richard J. Johnson,1,1,P0005,,,no,1,Front & Back Matter,out_of_scope
A5081119135,Stephen T. Turner,1,1,P0005,,,no,1,Front & Back Matter,out_of_scope
A5105956407,Taimour Langaee,1,1,P0005,,,no,1,Front & Back Matter,out_of_scope
A5102570608,Yan Gong,1,1,P0005,,,no,1,Front & Back Matter,out_of_scope
A5011537086,Arlene B. Chapman,1,1,P0005,,,no,1,Front & Back Matter,out_of_scope
A5075968422,John G. Gums,1,1,P0005,,,no,1,Front & Back Matter,out_of_scope
A5088669682,Julie A. Johnson,1,1,P0005,,,no,1,Front & Back Matter,out_of_scope
A5087425182,Libor Kopkan,1,1,P0005,,,no,1,Front & Back Matter,out_of_scope
A5075769187,Zuzana Husková,1,1,P0005,,,no,1,Front & Back Matter,out_of_scope
A5040799762,Alexandra Sporková,1,1,P0005,,,no,1,Front & Back Matter,out_of_scope
A5111691794,Šárka Varcabová,1,1,P0005,,,no,1,Front & Back Matter,out_of_scope
A5048669102,Zuzana Honetschlägerová,1,1,P0005,,,no,1,Front & Back Matter,out_of_scope
A5066735935,Sung Hee Hwang,1,1,P0005,,,no,1,Front & Back Matter,out_of_scope
A5003448902,Hsing‐Ju Tsai,1,1,P0005,,,no,1,Front & Back Matter,out_of_scope
A5026538320,Bruce D. Hammock,1,1,P0005,,,no,1,Front & Back Matter,out_of_scope
A5039511381,John D. Imig,1,1,P0005,,,no,1,Front & Back Matter,out_of_scope
A5112193509,Herbert J. Kramer,1,1,P0005,,,no,1,Front & Back Matter,out_of_scope
A5008584081,Sebastian Szmit,1,1,P0005,,,no,1,Front & Back Matter,out_of_scope
A5007987857,Magdalena Zaborowska-Szmit,1,1,P0005,,,no,1,Front & Back Matter,out_of_scope
A5046698304,Anna Waśko-Grabowska,1,1,P0005,,,no,1,Front & Back Matter,out_of_scope
A5004376320,Jakub Żołnierek,1,1,P0005,,,no,1,Front & Back Matter,out_of_scope
A5040757700,Paweł Nurzyński,1,1,P0005,,,no,1,Front & Back Matter,out_of_scope
A5026657729,Krzysztof J. Filipiak‬,1,1,P0005,,,no,1,Front & Back Matter,out_of_scope
A5059132544,Grzegorz Opolski,1,1,P0005,,,no,1,Front & Back Matter,out_of_scope
A5049048398,Cezary Szczylik,1,1,P0005,,,no,1,Front & Back Matter,out_of_scope
A5057238048,Edyta Zbroch,1,1,P0005,,,no,1,Front & Back Matter,out_of_scope
A5085600917,Jolanta Małyszko,1,1,P0005,,,no,1,Front & Back Matter,out_of_scope
A5075740190,Jacek Małyszko,1,1,P0005,,,no,1,Front & Back Matter,out_of_scope
A5042318076,Ewa Koc‐Żórawska,1,1,P0005,,,no,1,Front & Back Matter,out_of_scope
A5062384842,M Myśliwiec,1,1,P0005,,,no,1,Front & Back Matter,out_of_scope
A5108383887,Weiping Lu,1,1,P0005,,,no,1,Front & Back Matter,out_of_scope
A5045874504,J J Wang,1,1,P0005,,,no,1,Front & Back Matter,out_of_scope
A5061403350,Aaishwarya B. Deshmukh,1,1,P0005,,,no,1,Front & Back Matter,out_of_scope
A5005335495,Jayvadan K. Patel,1,1,P0005,,,no,1,Front & Back Matter,out_of_scope
A5110198848,Ashish R. Prajapati,1,1,P0005,,,no,1,Front & Back Matter,out_of_scope
A5059697648,Bharat Mishra,1,1,P0005,,,no,1,Front & Back Matter,out_of_scope
A5010494320,Tomáš Reischig,1,1,P0005,,,no,1,Front & Back Matter,out_of_scope
A5088263459,Jana Smržová,1,1,P0005,,,no,1,Front & Back Matter,out_of_scope
A5106242700,Tomáš Urbánek,1,1,P0005,,,no,1,Front & Back Matter,out_of_scope
A5103746528,Martin Dvořák,1,1,P0005,,,no,1,Front & Back Matter,out_of_scope
A5084837510,Michaela Sukeníková,1,1,P0005,,,no,1,Front & Back Matter,out_of_scope
A5006506668,Katarína Nehézová,1,1,P0005,,,no,1,Front & Back Matter,out_of_scope
A5047980902,Ivan Rychlík,1,1,P0005,,,no,1,Front & Back Matter,out_of_scope
A5051355658,Gülsüm Özkan,1,1,P0005,,,no,1,Front & Back Matter,out_of_scope
A5052818855,Şükrü Ulusoy,1,1,P0005,,,no,1,Front & Back Matter,out_of_scope
A5055323715,Asım Örem,1,1,P0005,,,no,1,Front & Back Matter,out_of_scope
A5003550156,Sebastjan Bevc,1,1,P0005,,,no,1,Front & Back Matter,out_of_scope
A5073678061,Radovan Hojs,1,1,P0005,,,no,1,Front & Back Matter,out_of_scope
A5004723925,Robert Ekart,1,1,P0005,,,no,1,Front & Back Matter,out_of_scope
A5084568384,Maksimiljan Gorenjak,1,1,P0005,,,no,1,Front & Back Matter,out_of_scope
A5033231703,Yuko Nishi,1,1,P0005,,,no,1,Front & Back Matter,out_of_scope
A5057547460,Naruya Tomita,1,1,P0005,,,no,1,Front & Back Matter,out_of_scope
A5084245542,Tamaki Sasaki,1,1,P0005,,,no,1,Front & Back Matter,out_of_scope
A5014376109,Naoki Kashihara,1,1,P0005,,,no,1,Front & Back Matter,out_of_scope
A5033228839,Alla Eldeen Kedrah,1,1,P0005,,,no,1,Front & Back Matter,out_of_scope
A5082370241,Elif Arı,1,1,P0005,,,no,1,Front & Back Matter,out_of_scope
A5088018765,Yeşim Özen Alahdab,1,1,P0005,,,no,1,Front & Back Matter,out_of_scope
A5035825446,Cuma Bülent Gul,1,1,P0005,,,no,1,Front & Back Matter,out_of_scope
A5091695164,Beyza Macunluoğlu,1,1,P0005,,,no,1,Front & Back Matter,out_of_scope
A5009607585,Aydın Atakan,1,1,P0005,,,no,1,Front & Back Matter,out_of_scope
A5012533725,Ebru Aşıcıoğlu,1,1,P0005,,,no,1,Front & Back Matter,out_of_scope
A5033743696,Fulya Çakalağaoğlu,1,1,P0005,,,no,1,Front & Back Matter,out_of_scope
A5085411944,Mehmet Koç,1,1,P0005,,,no,1,Front & Back Matter,out_of_scope
A5022002223,Peter Kotanko,1,1,P0005,,,no,1,Front & Back Matter,out_of_scope
A5066208050,Tobias Lahmer,1,1,P0005,,,no,1,Front & Back Matter,out_of_scope
A5109895369,Rob Hermans,1,1,P0005,,,no,1,Front & Back Matter,out_of_scope
A5039653665,Christoph Schmaderer,1,1,P0005,,,no,1,Front & Back Matter,out_of_scope
A5025616708,Hyo J. Kim,1,1,P0005,,,no,1,"T2028 Effect of Probiotic Lactobacilli (Lacidofil CAP®) for the Prevention of Antibiotic-Associated Diarrhea: Prospective, Randomized, Double-Blind, Multicenter Study",out_of_scope
A5100650115,Jin Yong Kim,1,1,P0005,,,no,1,"T2028 Effect of Probiotic Lactobacilli (Lacidofil CAP®) for the Prevention of Antibiotic-Associated Diarrhea: Prospective, Randomized, Double-Blind, Multicenter Study",out_of_scope
A5100441135,Hyun‐Soo Kim,1,1,P0005,,,no,1,"T2028 Effect of Probiotic Lactobacilli (Lacidofil CAP®) for the Prevention of Antibiotic-Associated Diarrhea: Prospective, Randomized, Double-Blind, Multicenter Study",out_of_scope
A5100370231,Eun Young Kim,1,1,P0005,,,no,1,"T2028 Effect of Probiotic Lactobacilli (Lacidofil CAP®) for the Prevention of Antibiotic-Associated Diarrhea: Prospective, Randomized, Double-Blind, Multicenter Study",out_of_scope
A5007581737,Jae Hwi Kim,1,1,P0005,,,no,1,The Effect of Partitioned Price on High-Priced Product Choice in Lineup,out_of_scope
A5037058997,Jae Duck Lee,1,1,P0005,,,no,1,A study of elementary school teachers’ perception on research schools by using Semantic Network Analysis,out_of_scope
A5045995018,Min Jo Kim,1,1,P0005,,,no,1,A study of elementary school teachers’ perception on research schools by using Semantic Network Analysis,out_of_scope
A5100758272,Sang Ho Park,1,1,P0005,,,no,1,A study of elementary school teachers’ perception on research schools by using Semantic Network Analysis,out_of_scope
A5009171643,Hak Seung Lee,1,1,P0005,,,no,1,Abstract WP40: Development Of The System For National Statistics Of Stroke And Acute Myocardial Infarction Using Claims-based Algorithms In Korea,out_of_scope
A5005178090,Hae‐Young Lee,1,1,P0005,,,no,1,Abstract WP40: Development Of The System For National Statistics Of Stroke And Acute Myocardial Infarction Using Claims-based Algorithms In Korea,out_of_scope
A5075257865,Hyun‐Jae Kang,1,1,P0005,Clinical Research Institute,US,no,1,Abstract WP40: Development Of The System For National Statistics Of Stroke And Acute Myocardial Infarction Using Claims-based Algorithms In Korea,out_of_scope
A5004035694,Jiyoung Chang,1,1,P0005,,,no,1,Tu1631 DEVELOPMENT OF FUNCTIONAL GASTROINTESTINAL DISORDER SYMPTOMS FOLLOWING LAPAROSCOPIC CHOLECYSTECTOMY: A PROPECTIVE COHORT STUDY,out_of_scope
A5104140074,Jeon Eun So,1,1,P0005,,,no,1,EP51 ASSOCIATION OF MODERATE AND VIGOROUS PHYSICAL ACTIVITY ON GASTROESOPHAGEAL REFLUX DISEASE,out_of_scope
A5102374814,Hai-Jeon Yoon,1,1,P0005,,,no,1,"EP124 EFFECTS OF TEGOPRAZAN, POTASSIUM COMPETITIVE ACID BLOCKER, ON THE GASTRIC EMPTYING: A PILOT STUDY",out_of_scope
A5109368355,Hyung Seok Lim,1,1,P0005,,,no,1,"EP124 EFFECTS OF TEGOPRAZAN, POTASSIUM COMPETITIVE ACID BLOCKER, ON THE GASTRIC EMPTYING: A PILOT STUDY",out_of_scope
A5072558036,Min Young Yoo,1,1,P0005,,,no,1,"EP124 EFFECTS OF TEGOPRAZAN, POTASSIUM COMPETITIVE ACID BLOCKER, ON THE GASTRIC EMPTYING: A PILOT STUDY",out_of_scope
A5101776165,John D. Roberts,1,1,P0005,,,no,1,3D Tissue Oxygenation Level Dependence MRI on head and neck cancers by using 3D Stack of Star acquisition and Variable Flip Angle T1 method,out_of_scope
A5038585533,Ying J. Hitchcock,1,1,P0005,,,no,1,3D Tissue Oxygenation Level Dependence MRI on head and neck cancers by using 3D Stack of Star acquisition and Variable Flip Angle T1 method,out_of_scope
A5007974944,Yoshimi Anzai,1,1,P0005,,,no,1,3D Tissue Oxygenation Level Dependence MRI on head and neck cancers by using 3D Stack of Star acquisition and Variable Flip Angle T1 method,out_of_scope
A5100424844,Dong‐Min Kim,1,1,P0005,,,no,1,Clinically differential diagnosis of human granulocytic anaplasmosis and severe fever with thrombocytopenia syndrome,out_of_scope
A5027937246,Byung Jun Yu,1,1,P0005,,,no,1,Clinically differential diagnosis of human granulocytic anaplasmosis and severe fever with thrombocytopenia syndrome,out_of_scope
A5100615202,Dae Young Kim,1,1,P0005,,,no,1,Clinically differential diagnosis of human granulocytic anaplasmosis and severe fever with thrombocytopenia syndrome,out_of_scope
A5028253817,Jun-Won Seo,1,1,P0005,,,no,1,Clinically differential diagnosis of human granulocytic anaplasmosis and severe fever with thrombocytopenia syndrome,out_of_scope
A5028137992,Choon Mee Kim,1,1,P0005,,,no,1,Clinically differential diagnosis of human granulocytic anaplasmosis and severe fever with thrombocytopenia syndrome,out_of_scope
A5101911030,Young Keun Kim,1,1,P0005,,,no,1,Clinically differential diagnosis of human granulocytic anaplasmosis and severe fever with thrombocytopenia syndrome,out_of_scope
A5100759948,Hyun Ah Kim,1,1,P0005,,,no,1,Clinically differential diagnosis of human granulocytic anaplasmosis and severe fever with thrombocytopenia syndrome,out_of_scope
A5029995858,Jian Hur,1,1,P0005,,,no,1,Clinically differential diagnosis of human granulocytic anaplasmosis and severe fever with thrombocytopenia syndrome,out_of_scope
A5054982361,Sun‐Hee Leem,1,1,P0005,,,no,1,Clinically differential diagnosis of human granulocytic anaplasmosis and severe fever with thrombocytopenia syndrome,out_of_scope
A5095049056,Jung Yeon Hoe,1,1,P0005,,,no,1,Clinically differential diagnosis of human granulocytic anaplasmosis and severe fever with thrombocytopenia syndrome,out_of_scope
A5029611467,Dong Sik Jung,1,1,P0005,,,no,1,Clinically differential diagnosis of human granulocytic anaplasmosis and severe fever with thrombocytopenia syndrome,out_of_scope
A5060797778,J. Kim,1,1,P0005,,,no,1,Clinically differential diagnosis of human granulocytic anaplasmosis and severe fever with thrombocytopenia syndrome,out_of_scope
A5101585376,Sung Hee Park,1,1,P0005,,,no,1,Clinically differential diagnosis of human granulocytic anaplasmosis and severe fever with thrombocytopenia syndrome,out_of_scope
A5079267828,Yee Gyung Kwak,1,1,P0005,,,no,1,Clinically differential diagnosis of human granulocytic anaplasmosis and severe fever with thrombocytopenia syndrome,out_of_scope
A5044552353,Seungjin Lim,1,1,P0005,,,no,1,Clinically differential diagnosis of human granulocytic anaplasmosis and severe fever with thrombocytopenia syndrome,out_of_scope
A5029092882,Shilpa Chatterjee,1,1,P0005,,,no,1,Clinically differential diagnosis of human granulocytic anaplasmosis and severe fever with thrombocytopenia syndrome,out_of_scope
A5112731276,Alisha A. Contractor,1,1,P0005,,,no,1,CCDC 1040430: Experimental Crystal Structure Determination,out_of_scope
A5060872436,Amaan M. Kazerouni,1,1,P0005,,,no,1,CCDC 1040430: Experimental Crystal Structure Determination,out_of_scope
A5070894504,Anna R. Michmerhuizen,1,1,P0005,,,no,1,CCDC 1040430: Experimental Crystal Structure Determination,out_of_scope
A5044988361,Margaret L. Falkenberry,1,1,P0005,,,no,1,CCDC 1040430: Experimental Crystal Structure Determination,out_of_scope
A5084464932,Rigoberto Segovia,1,1,P0005,,,no,1,CCDC 1040430: Experimental Crystal Structure Determination,out_of_scope
A5090488954,Nicholas M. Blair,1,1,P0005,,,no,1,CCDC 1040430: Experimental Crystal Structure Determination,out_of_scope
A5081066456,Douglas A. Vander Griend,1,1,P0005,,,no,1,CCDC 1040430: Experimental Crystal Structure Determination,out_of_scope
A5022526517,John Bacsa,1,1,P0005,,,no,1,CCDC 1040430: Experimental Crystal Structure Determination,out_of_scope
A5090227883,Farooq A. Khan,1,1,P0005,,,no,1,CCDC 1040430: Experimental Crystal Structure Determination,out_of_scope
A5015302623,M. Fujita,1,1,P0005,,,no,1,CCDC 1040430: Experimental Crystal Structure Determination,out_of_scope
A5110916609,So Hyun Ahn,1,1,P0005,,,no,1,Enhancing the predictions of cytomegalovirus infection in severe ulcerative colitis using a deep learning ensemble model (Preprint),out_of_scope
A5102007392,Hyung Sun Kim,1,1,P0005,Northwestern University,US,no,1,EP.03G.02 Molecular and Immune Landscape of Invasive Mucinous Adenocarcinoma (IMA) Of the Lung and Its Survival Outcome,out_of_scope
A5020509902,Liam Il‐Young Chung,1,1,P0005,Northwestern University,US,no,1,EP.03G.02 Molecular and Immune Landscape of Invasive Mucinous Adenocarcinoma (IMA) Of the Lung and Its Survival Outcome,out_of_scope
A5024663629,Yeon‐Mok Oh,1,1,P0005,"John H. Stroger, Jr. Hospital of Cook County",US,no,1,EP.03G.02 Molecular and Immune Landscape of Invasive Mucinous Adenocarcinoma (IMA) Of the Lung and Its Survival Outcome,out_of_scope
A5017279812,Stamatina Fragkogianni,1,1,P0005,Tempus Labs (United States),US,no,1,EP.03G.02 Molecular and Immune Landscape of Invasive Mucinous Adenocarcinoma (IMA) Of the Lung and Its Survival Outcome,out_of_scope
A5111654655,J. Godden,1,1,P0005,Tempus Labs (United States),US,no,1,EP.03G.02 Molecular and Immune Landscape of Invasive Mucinous Adenocarcinoma (IMA) Of the Lung and Its Survival Outcome,out_of_scope
A5038841214,Calvin Chao,1,1,P0005,Tempus Labs (United States),US,no,1,EP.03G.02 Molecular and Immune Landscape of Invasive Mucinous Adenocarcinoma (IMA) Of the Lung and Its Survival Outcome,out_of_scope
A5047837357,Seran Jeon,1,1,P0005,,,no,1,Patterns of Discrimination Experiences and Social Capital Among Residents of Public Rental Housing in Korea: A Latent Class Analysis,out_of_scope
A5054001676,Henrik Odéen,1,1,P0005,,,no,1,Absolute MR Thermometry in the breast using interleaved echo planar spectroscopic imaging,out_of_scope
A5000978959,Duane D. Blatter,1,1,P0005,,,no,1,Absolute MR Thermometry in the breast using interleaved echo planar spectroscopic imaging,out_of_scope
A5000968664,Allison Payne,1,1,P0005,,,no,1,Absolute MR Thermometry in the breast using interleaved echo planar spectroscopic imaging,out_of_scope
A5112231508,Dennis Parker,1,1,P0005,,,no,1,Absolute MR Thermometry in the breast using interleaved echo planar spectroscopic imaging,out_of_scope
A5042471891,Caroline Kopot,1,1,P0005,University of Missouri,US,no,1,How Do Fashion Brands and Online Games Community Affect Willingness to Pay Premiums on Physical Collaboration Products?,out_of_scope
A5103249055,Taeha Kim,1,1,P0005,Plasma Technology (United States),US,no,1,Disturbance of benthic topography and macrofauna community by sand mining in EEZ of the South Sea of Korea,out_of_scope
A5049335122,Eun-Min Park,1,1,P0005,,,no,1,The Mediating Effect of Savoring Belief on the Relationship Between Adult Attachment and Life Satisfaction Among Newcomers to Society: Focusing on Attachment Anxiety and Attachment Avoidance,out_of_scope
A5052687617,K.-U. Lee,1,1,P0005,,,no,1,Differential impact of comorbid depression and adjustment disorder on self-compassion in patients with anxiety disorders,out_of_scope
A5036197947,Heeran Chun,1,1,P0005,,,no,1,Differential impact of comorbid depression and adjustment disorder on self-compassion in patients with anxiety disorders,out_of_scope
A5080028892,Jongmyung Kim,1,1,P0005,MetroWest Medical Center,US,no,1,P2.06.13 Actionable Mutation Profiles and Survival Outcomes in Invasive Mucinous Adenocarcinoma of the Lung,out_of_scope
A5037273436,Marcus Weitz,1,1,P0005,Tempus Labs (United States),US,no,1,P2.06.13 Actionable Mutation Profiles and Survival Outcomes in Invasive Mucinous Adenocarcinoma of the Lung,out_of_scope
A5108647732,Y.K. Chae,1,1,P0005,Northwestern University,US,no,1,P2.06.13 Actionable Mutation Profiles and Survival Outcomes in Invasive Mucinous Adenocarcinoma of the Lung,out_of_scope
A5034559507,Martin Weitz,1,1,P0005,Tempus Labs (United States),US,no,1,P2.06.21 Differential Gene Expression and Pathway Analysis of Invasive Mucinous Adenocarcinoma,out_of_scope
A5058173495,Joo Heon Kim,1,1,P0005,MetroWest Medical Center,US,no,1,P2.06.21 Differential Gene Expression and Pathway Analysis of Invasive Mucinous Adenocarcinoma,out_of_scope
A5056381914,Cydni Meredith Robertson,1,1,P0005,Indiana University Bloomington,US,no,1,"Analyzing Polycrises, Moral Responsibility, and Sustainability according to The Next-Generation of El Salvador’s Apparel Manufacturing Workforce",out_of_scope
A5007312530,P. Quintana,1,1,P0005,Universidad Católica de El Salvador,SV,no,1,"Analyzing Polycrises, Moral Responsibility, and Sustainability according to The Next-Generation of El Salvador’s Apparel Manufacturing Workforce",out_of_scope
A5102022232,Hye-Won Kang,1,1,P0005,,,no,1,Mo2001 Benzoxazole Derivatives (B-98) as 5-Lipooxygenase Inhibitor Ameliorate Acute Murine Colitis,out_of_scope
A5101640108,Ju Young Choi,1,1,P0005,,,no,1,Mo2001 Benzoxazole Derivatives (B-98) as 5-Lipooxygenase Inhibitor Ameliorate Acute Murine Colitis,out_of_scope
A5014111949,Aram Kim,1,1,P0005,St. Mary's Hospital,US,no,1,Nutritional support for critically ill patients by the Korean Society for Parenteral and Enteral Nutrition—part II: a clinical practice guideline,out_of_scope
A5150023821,A Reum Choe,1,1,P0005,,,no,1,Probiotic-Derived Extracellular Vesicles as Potential Nano-Immunotherapeutic Platforms in IBD: A Clinician’s Perspective,out_of_scope
A5077569991,Stéphanie Debette,1,1,P0005,Centre National de la Recherche Scientifique; Inserm; Institut du Cerveau; Sorbonne Université,FR,no,1,Vascular Imaging Features and Time-Specific Recurrence Risk After Craniocervical Artery Dissection,out_of_scope
A5152066891,for the CRCS-K-NIH investigators,1,1,P0005,,,no,1,Vascular Imaging Features and Time-Specific Recurrence Risk After Craniocervical Artery Dissection,out_of_scope
A5040381477,Julie Liu,1,1,P0005,Purdue University West Lafayette; Thomas Jefferson National Accelerator Facility; United States Army Medical Research and Development Command,US,no,1,Development of a Diagnostic Tool to Detect DNA Methylation Biomarkers for Early-Stage Lung Cancer,out_of_scope
A5052335880,Charny-Yun Lin,1,1,P0005,Purdue University West Lafayette; Thomas Jefferson National Accelerator Facility; United States Army Medical Research and Development Command,US,no,1,Development of a Diagnostic Tool to Detect DNA Methylation Biomarkers for Early-Stage Lung Cancer,out_of_scope
A5052442500,Agnes Mendonca,1,1,P0005,Purdue University West Lafayette; Thomas Jefferson National Accelerator Facility; United States Army Medical Research and Development Command,US,no,1,Development of a Diagnostic Tool to Detect DNA Methylation Biomarkers for Early-Stage Lung Cancer,out_of_scope
A5014884696,Renay Su,1,1,P0005,Purdue University West Lafayette; Thomas Jefferson National Accelerator Facility; United States Army Medical Research and Development Command,US,no,1,Development of a Diagnostic Tool to Detect DNA Methylation Biomarkers for Early-Stage Lung Cancer,out_of_scope
A5034288685,Won-Hark Park,1,1,P0005,,,no,1,Effect of PLA2 Inhibitor Rutin on Endotoxin-Induced Acute Lung Injury,out_of_scope
