professor_id,kind,rank,term,term_en,score
P0733,keyword,1,Autism Spectrum Disorder,Autism Spectrum Disorder,61.061
P0733,keyword,2,Synapses,Synapses,49.906
P0733,keyword,3,"Receptors, N-Methyl-D-Aspartate","Receptors, N-Methyl-D-Aspartate",44.027
P0733,keyword,4,Excitatory postsynaptic potential,Excitatory postsynaptic potential,41.619
P0733,keyword,5,Neuroscience,Neuroscience,36.881
P0733,keyword,6,Synaptic Transmission,Synaptic Transmission,36.291
P0733,keyword,7,Autism,Autism,35.253
P0733,keyword,8,Nerve Tissue Proteins,Nerve Tissue Proteins,31.187
P0733,keyword,9,NMDA receptor,NMDA receptor,27.356
P0733,keyword,10,Postsynaptic potential,Postsynaptic potential,26.85
P0733,keyword,11,Synapse,Synapse,26.732
P0733,keyword,12,Postsynaptic density,Postsynaptic density,21.53
P0733,technique,1,유전자변형 마우스,Genetically Modified Mice,21.07
P0733,technique,2,RNA-seq·전사체,RNA-seq / Transcriptomics,8.766
P0733,technique,3,광유전학,Optogenetics,6.777
P0733,technique,4,전기생리,Electrophysiology,5.335
P0733,technique,5,MRI·PET 영상,MRI / PET Imaging,2.808
P0733,technique,6,단백체,Proteomics,1.726
P0733,technique,7,생물정보·계산생물,Bioinformatics,1.392
P0733,technique,8,머신러닝·AI,Machine Learning / AI,1.224
P0413,keyword,1,Iliopsoas Muscle,Iliopsoas Muscle,0.328
P0413,keyword,2,Iliopsoas,Iliopsoas,0.324
P0413,keyword,3,Femoral nerve,Femoral nerve,0.252
P0413,keyword,4,Hematoma,Hematoma,0.216
P0413,keyword,5,Low molecular weight heparin,Low molecular weight heparin,0.144
P0413,keyword,6,Spinal disease,Spinal disease,0.132
P0413,keyword,7,Heparin,Heparin,0.116
P0413,keyword,8,Subdural Hematomas,Subdural Hematomas,0.113
P0413,keyword,9,Lumbar puncture,Lumbar puncture,0.08
P0413,keyword,10,Surgery,Surgery,0.06
P0413,keyword,11,Lumbar,Lumbar,0.055
P0413,keyword,12,Anatomy,Anatomy,0.03
P0252,keyword,1,Biosensing Techniques,Biosensing Techniques,30.694
P0252,keyword,2,Bioreporter,Bioreporter,20.587
P0252,keyword,3,Operon,Operon,17.518
P0252,keyword,4,Biosensor,Biosensor,16.319
P0252,keyword,5,Escherichia coli,Escherichia coli,14.107
P0252,keyword,6,Genetic Engineering,Genetic Engineering,8.401
P0252,keyword,7,Transcription Factors,Transcription Factors,7.748
P0252,keyword,8,Soil Pollutants,Soil Pollutants,7.513
P0252,keyword,9,Arsenic,Arsenic,7.485
P0252,keyword,10,"Metals, Heavy","Metals, Heavy",7.352
P0252,keyword,11,Pseudomonas putida,Pseudomonas putida,7.135
P0252,keyword,12,Salicylic acid,Salicylic acid,6.779
P0252,technique,1,애기장대·식물 모델,Arabidopsis,5.273
P0252,technique,2,분자도킹·시뮬레이션,Molecular Docking / Dynamics,3.138
P0252,technique,3,나노입자·약물전달,Nanoparticles / Drug Delivery,1.868
P0252,technique,4,생물정보·계산생물,Bioinformatics,1.737
P0252,technique,5,초파리,Drosophila,0.577
P0252,technique,6,RNA-seq·전사체,RNA-seq / Transcriptomics,0.548
P0252,technique,7,형광·공초점 이미징,Fluorescence / Confocal Imaging,0.547
P0252,technique,8,전자현미경,Electron Microscopy,0.231
P0156,keyword,1,Stromal tumor,Stromal tumor,20.591
P0156,keyword,2,Stromal cell,Stromal cell,18.416
P0156,keyword,3,GiST,GiST,15.89
P0156,keyword,4,microRNA,microRNA,12.646
P0156,keyword,5,Cancer research,Cancer research,9.346
P0156,keyword,6,Gastrointestinal Stromal Tumors,Gastrointestinal Stromal Tumors,7.763
P0156,keyword,7,Cell growth,Cell growth,7.429
P0156,keyword,8,Proto-Oncogene Proteins c-kit,Proto-Oncogene Proteins c-kit,6.886
P0156,keyword,9,Golgi Apparatus,Golgi Apparatus,6.582
P0156,keyword,10,Gastrointestinal Neoplasms,Gastrointestinal Neoplasms,5.702
P0156,keyword,11,Activating Transcription Factor 6,Activating Transcription Factor 6,5.057
P0156,keyword,12,Carcinogenesis,Carcinogenesis,4.174
P0156,technique,1,웨스턴블롯,Western Blot,2.062
P0156,technique,2,RNA-seq·전사체,RNA-seq / Transcriptomics,1.412
P0156,technique,3,유세포분석,Flow Cytometry,1.048
P0156,technique,4,면역조직화학,Immunohistochemistry,0.726
P0156,technique,5,qPCR,Real-time PCR,0.489
P0156,technique,6,생물정보·계산생물,Bioinformatics,0.187
P0129,keyword,1,Hydrology (agriculture),Hydrology (agriculture),25.049
P0129,keyword,2,Watershed,Watershed,21.779
P0129,keyword,3,Environmental science,Environmental science,17.328
P0129,keyword,4,Surface runoff,Surface runoff,16.931
P0129,keyword,5,Water balance,Water balance,13.472
P0129,keyword,6,Inflow,Inflow,12.591
P0129,keyword,7,Flood myth,Flood myth,10.612
P0129,keyword,8,Water resource management,Water resource management,8.66
P0129,keyword,9,Irrigation,Irrigation,7.422
P0129,keyword,10,Water quality,Water quality,6.697
P0129,keyword,11,Hydrological modelling,Hydrological modelling,6.643
P0129,keyword,12,Outflow,Outflow,6.632
P0129,technique,1,머신러닝·AI,Machine Learning / AI,0.915
P0373,keyword,1,Lymphedema,Lymphedema,9.13
P0373,keyword,2,Gait,Gait,5.625
P0373,keyword,3,Manual Lymphatic Drainage,Manual Lymphatic Drainage,4.67
P0373,keyword,4,Lymphatic Vessels,Lymphatic Vessels,4.203
P0373,keyword,5,Lymphography,Lymphography,4.177
P0373,keyword,6,Low-Level Light Therapy,Low-Level Light Therapy,4.064
P0373,keyword,7,Gait analysis,Gait analysis,3.841
P0373,keyword,8,Physical medicine and rehabilitation,Physical medicine and rehabilitation,3.642
P0373,keyword,9,Virtual reality,Virtual reality,3.431
P0373,keyword,10,Low level laser therapy,Low level laser therapy,2.886
P0373,keyword,11,Electric Impedance,Electric Impedance,2.667
P0373,keyword,12,Asian games,Asian games,2.568
P0373,technique,1,임상시험,Clinical Trials,1.524
P0373,technique,2,머신러닝·AI,Machine Learning / AI,0.216
P0495,keyword,1,Trinitrobenzenesulfonic Acid,Trinitrobenzenesulfonic Acid,16.454
P0495,keyword,2,Colitis,Colitis,12.22
P0495,keyword,3,Colon,Colon,7.617
P0495,keyword,4,"Macrophages, Peritoneal","Macrophages, Peritoneal",6.031
P0495,keyword,5,Lactobacillus plantarum,Lactobacillus plantarum,5.976
P0495,keyword,6,NF-kappa B,NF-kappa B,5.934
P0495,keyword,7,Probiotics,Probiotics,5.495
P0495,keyword,8,Lactiplantibacillus plantarum,Lactiplantibacillus plantarum,5.362
P0495,keyword,9,"Mice, Inbred ICR","Mice, Inbred ICR",5.145
P0495,keyword,10,Myeloperoxidase,Myeloperoxidase,4.937
P0495,keyword,11,Gardnerella vaginalis,Gardnerella vaginalis,4.752
P0495,keyword,12,Trinitrobenzenes,Trinitrobenzenes,4.633
P0495,technique,1,RNA 치료제·siRNA,RNA Therapeutics,0.299
P0495,technique,2,머신러닝·AI,Machine Learning / AI,0.148
P0576,keyword,1,Circovirus,Circovirus,32.827
P0576,keyword,2,Circoviridae Infections,Circoviridae Infections,31.874
P0576,keyword,3,Mycoplasma hyopneumoniae,Mycoplasma hyopneumoniae,31.6
P0576,keyword,4,Porcine circovirus,Porcine circovirus,31.488
P0576,keyword,5,Swine Diseases,Swine Diseases,25.992
P0576,keyword,6,Viral Vaccines,Viral Vaccines,23.398
P0576,keyword,7,Porcine respiratory and reproductive syndrome virus,Porcine respiratory and reproductive syndrome virus,22.662
P0576,keyword,8,Porcine Reproductive and Respiratory Syndrome,Porcine Reproductive and Respiratory Syndrome,20.703
P0576,keyword,9,Swine,Swine,18.179
P0576,keyword,10,Porcine reproductive and respiratory syndrome virus,Porcine reproductive and respiratory syndrome virus,17.419
P0576,keyword,11,African swine fever virus,African swine fever virus,12.849
P0576,keyword,12,African Swine Fever,African Swine Fever,11.307
P0576,technique,1,RNA-seq·전사체,RNA-seq / Transcriptomics,5.097
P0576,technique,2,생물정보·계산생물,Bioinformatics,0.276
P0084,keyword,1,Fragment crystallizable region,Fragment crystallizable region,18.862
P0084,keyword,2,Antibody-Dependent Cell Cytotoxicity,Antibody-Dependent Cell Cytotoxicity,14.446
P0084,keyword,3,Antibody-dependent cell-mediated cytotoxicity,Antibody-dependent cell-mediated cytotoxicity,14.424
P0084,keyword,4,Immunoglobulin G,Immunoglobulin G,14.211
P0084,keyword,5,"Spike Glycoprotein, Coronavirus","Spike Glycoprotein, Coronavirus",14.132
P0084,keyword,6,"Antibodies, Neutralizing","Antibodies, Neutralizing",13.522
P0084,keyword,7,Protein Engineering,Protein Engineering,13.242
P0084,keyword,8,Antibody,Antibody,13.173
P0084,keyword,9,Effector,Effector,12.515
P0084,keyword,10,"Receptors, Fc","Receptors, Fc",11.776
P0084,keyword,11,"Antibodies, Viral","Antibodies, Viral",11.338
P0084,keyword,12,Immunoglobulin Fc Fragments,Immunoglobulin Fc Fragments,9.485
P0084,technique,1,항체 개발,Antibody Engineering,19.722
P0084,technique,2,유전자변형 마우스,Genetically Modified Mice,2.654
P0084,technique,3,생물정보·계산생물,Bioinformatics,2.293
P0084,technique,4,분자도킹·시뮬레이션,Molecular Docking / Dynamics,1.817
P0084,technique,5,종양 이종이식 모델,Xenograft Models,1.637
P0084,technique,6,유세포분석,Flow Cytometry,0.367
P0084,technique,7,머신러닝·AI,Machine Learning / AI,0.243
P0399,keyword,1,"Stress Disorders, Post-Traumatic","Stress Disorders, Post-Traumatic",19.583
P0399,keyword,2,Brain,Brain,16.816
P0399,keyword,3,Firefighters,Firefighters,16.371
P0399,keyword,4,Cognition,Cognition,16.328
P0399,keyword,5,Neural Pathways,Neural Pathways,14.956
P0399,keyword,6,Prefrontal Cortex,Prefrontal Cortex,12.826
P0399,keyword,7,Processing Speed,Processing Speed,12.767
P0399,keyword,8,Sensorimotor Cortex,Sensorimotor Cortex,10.114
P0399,keyword,9,Brain Mapping,Brain Mapping,9.988
P0399,keyword,10,Piriform Cortex,Piriform Cortex,9.829
P0399,keyword,11,Default mode network,Default mode network,9.13
P0399,keyword,12,Psychology,Psychology,9.119
P0399,technique,1,MRI·PET 영상,MRI / PET Imaging,21.142
P0399,technique,2,임상시험,Clinical Trials,2.947
P0399,technique,3,머신러닝·AI,Machine Learning / AI,2.609
P0399,technique,4,생물정보·계산생물,Bioinformatics,0.416
P0399,technique,5,유전자변형 마우스,Genetically Modified Mice,0.332
P0645,keyword,1,Gelatin,Gelatin,22.899
P0645,keyword,2,"Printing, Three-Dimensional","Printing, Three-Dimensional",22.22
P0645,keyword,3,Alginates,Alginates,16.201
P0645,keyword,4,Biomedical engineering,Biomedical engineering,15.035
P0645,keyword,5,Hyaluronic Acid,Hyaluronic Acid,11.457
P0645,keyword,6,Biocompatibility,Biocompatibility,10.545
P0645,keyword,7,Chemical engineering,Chemical engineering,10.291
P0645,keyword,8,Chitosan,Chitosan,10.074
P0645,keyword,9,Polymer chemistry,Polymer chemistry,9.197
P0645,keyword,10,Swelling,Swelling,8.622
P0645,keyword,11,Nanotechnology,Nanotechnology,8.588
P0645,keyword,12,Scaffold,Scaffold,8.271
P0645,technique,1,조직공학·바이오프린팅,Tissue Engineering / Bioprinting,59.345
P0645,technique,2,하이드로젤·스캐폴드,Hydrogels / Scaffolds,52.294
P0645,technique,3,나노입자·약물전달,Nanoparticles / Drug Delivery,9.616
P0645,technique,4,줄기세포·iPSC,Stem Cells / iPSC,1.086
P0645,technique,5,X선 결정학·구조분석,X-ray Crystallography,0.919
P0645,technique,6,전자현미경,Electron Microscopy,0.51
P0645,technique,7,형광·공초점 이미징,Fluorescence / Confocal Imaging,0.391
P0645,technique,8,질량분석,Mass Spectrometry,0.164
P0439,keyword,1,Epilepsy,Epilepsy,15.944
P0439,keyword,2,Cortical dysplasia,Cortical dysplasia,7.805
P0439,keyword,3,German,German,7.734
P0439,keyword,4,Quality-Adjusted Life Years,Quality-Adjusted Life Years,6.478
P0439,keyword,5,"Encephalomyelitis, Acute Disseminated","Encephalomyelitis, Acute Disseminated",6.216
P0439,keyword,6,Anticonvulsants,Anticonvulsants,5.964
P0439,keyword,7,Cost-Benefit Analysis,Cost-Benefit Analysis,5.931
P0439,keyword,8,Pediatrics,Pediatrics,5.759
P0439,keyword,9,Common Data Elements,Common Data Elements,5.714
P0439,keyword,10,Opiate Substitution Treatment,Opiate Substitution Treatment,5.56
P0439,keyword,11,Health Resources,Health Resources,5.528
P0439,keyword,12,Precursor B-Cell Lymphoblastic Leukemia-Lymphoma,Precursor B-Cell Lymphoblastic Leukemia-Lymphoma,5.291
P0439,technique,1,MRI·PET 영상,MRI / PET Imaging,1.874
P0439,technique,2,차세대 시퀀싱(NGS),Next-generation Sequencing,1.055
P0439,technique,3,줄기세포·iPSC,Stem Cells / iPSC,0.452
P0439,technique,4,머신러닝·AI,Machine Learning / AI,0.18
P0669,keyword,1,"RNA, Long Noncoding","RNA, Long Noncoding",23.373
P0669,keyword,2,THP1 cell line,THP1 cell line,19.412
P0669,keyword,3,THP-1 Cells,THP-1 Cells,18.125
P0669,keyword,4,Lipopolysaccharides,Lipopolysaccharides,14.541
P0669,keyword,5,NF-kappa B,NF-kappa B,13.222
P0669,keyword,6,Inflammation,Inflammation,12.214
P0669,keyword,7,MicroRNAs,MicroRNAs,11.922
P0669,keyword,8,Signal transduction,Signal transduction,11.769
P0669,keyword,9,Macrophages,Macrophages,10.512
P0669,keyword,10,Interleukin-8,Interleukin-8,9.775
P0669,keyword,11,STAT1 Transcription Factor,STAT1 Transcription Factor,9.589
P0669,keyword,12,Cell biology,Cell biology,7.317
P0669,technique,1,항체 개발,Antibody Engineering,3.748
P0669,technique,2,유세포분석,Flow Cytometry,2.003
P0669,technique,3,RNA 치료제·siRNA,RNA Therapeutics,1.712
P0669,technique,4,ELISA,ELISA,1.672
P0669,technique,5,웨스턴블롯,Western Blot,1.572
P0669,technique,6,단백체,Proteomics,1.555
P0669,technique,7,유전자변형 마우스,Genetically Modified Mice,1.119
P0669,technique,8,생물정보·계산생물,Bioinformatics,0.957
P0609,keyword,1,General surgery,General surgery,4.126
P0609,keyword,2,Cystic duct,Cystic duct,3.87
P0609,keyword,3,Gallbladder cancer,Gallbladder cancer,3.706
P0609,keyword,4,Gallbladder,Gallbladder,3.353
P0609,keyword,5,Pancreatic head,Pancreatic head,3.304
P0609,keyword,6,IBM,IBM,2.7
P0609,keyword,7,Aged care,Aged care,2.474
P0609,keyword,8,Cyanoacrylate,Cyanoacrylate,2.392
P0609,keyword,9,Pressure Ulcer,Pressure Ulcer,2.326
P0609,keyword,10,Ampulla of Vater,Ampulla of Vater,2.102
P0609,keyword,11,Cholecystectomy,Cholecystectomy,2.101
P0609,keyword,12,Fistulectomy,Fistulectomy,2.091
P0609,technique,1,면역조직화학,Immunohistochemistry,0.302
P0609,technique,2,나노입자·약물전달,Nanoparticles / Drug Delivery,0.066
P0748,keyword,1,Peptide nucleic acid,Peptide nucleic acid,10.775
P0748,keyword,2,Förster resonance energy transfer,Förster resonance energy transfer,10.288
P0748,keyword,3,Fluorescence Resonance Energy Transfer,Fluorescence Resonance Energy Transfer,9.867
P0748,keyword,4,Computed tomographic angiography,Computed tomographic angiography,7.703
P0748,keyword,5,Single Molecule Imaging,Single Molecule Imaging,7.447
P0748,keyword,6,Teicoplanin,Teicoplanin,7.218
P0748,keyword,7,Clustered Regularly Interspaced Short Palindromic Repeats,Clustered Regularly Interspaced Short Palindromic Repeats,5.983
P0748,keyword,8,DNA,DNA,5.947
P0748,keyword,9,Chromatin,Chromatin,5.92
P0748,keyword,10,"Transcription Initiation, Genetic","Transcription Initiation, Genetic",5.733
P0748,keyword,11,Nucleosomes,Nucleosomes,5.571
P0748,keyword,12,Cerebral arteries,Cerebral arteries,5.489
P0748,technique,1,CRISPR 유전자편집,CRISPR Gene Editing,9.44
P0748,technique,2,생물정보·계산생물,Bioinformatics,4.69
P0748,technique,3,분자도킹·시뮬레이션,Molecular Docking / Dynamics,2.437
P0748,technique,4,머신러닝·AI,Machine Learning / AI,1.893
P0748,technique,5,예쁜꼬마선충,C. elegans,1.421
P0748,technique,6,형광·공초점 이미징,Fluorescence / Confocal Imaging,1.065
P0748,technique,7,X선 결정학·구조분석,X-ray Crystallography,0.163
P0748,technique,8,전자현미경,Electron Microscopy,0.087
P0729,keyword,1,"Polymorphism, Single Nucleotide","Polymorphism, Single Nucleotide",10.922
P0729,keyword,2,"Arthritis, Rheumatoid","Arthritis, Rheumatoid",8.655
P0729,keyword,3,COVID-19,COVID-19,8.224
P0729,keyword,4,Antirheumatic Agents,Antirheumatic Agents,8.113
P0729,keyword,5,Heart Valve Prosthesis,Heart Valve Prosthesis,7.078
P0729,keyword,6,Rheumatoid arthritis,Rheumatoid arthritis,6.823
P0729,keyword,7,COVID-19 Drug Treatment,COVID-19 Drug Treatment,6.658
P0729,keyword,8,VKORC1,VKORC1,6.577
P0729,keyword,9,Warfarin,Warfarin,6.413
P0729,keyword,10,Logistic regression,Logistic regression,6.34
P0729,keyword,11,Vitamin K Epoxide Reductases,Vitamin K Epoxide Reductases,6.264
P0729,keyword,12,Atrial fibrillation,Atrial fibrillation,6.197
P0729,technique,1,머신러닝·AI,Machine Learning / AI,3.767
P0729,technique,2,GWAS·유전역학,GWAS / Genetic Epidemiology,1.427
P0729,technique,3,ELISA,ELISA,0.97
P0729,technique,4,qPCR,Real-time PCR,0.924
P0729,technique,5,생물정보·계산생물,Bioinformatics,0.857
P0729,technique,6,항체 개발,Antibody Engineering,0.691
P0729,technique,7,나노입자·약물전달,Nanoparticles / Drug Delivery,0.592
P0729,technique,8,임상시험,Clinical Trials,0.442
P0322,keyword,1,Thyroidectomy,Thyroidectomy,27.033
P0322,keyword,2,Thyroid carcinoma,Thyroid carcinoma,16.136
P0322,keyword,3,Thyroid,Thyroid,14.373
P0322,keyword,4,Thyroid cancer,Thyroid cancer,12.666
P0322,keyword,5,Thyroid Neoplasms,Thyroid Neoplasms,11.407
P0322,keyword,6,"Thyroid Cancer, Papillary","Thyroid Cancer, Papillary",9.497
P0322,keyword,7,Papillary carcinoma,Papillary carcinoma,8.233
P0322,keyword,8,Papillary thyroid cancer,Papillary thyroid cancer,7.669
P0322,keyword,9,Margins of Excision,Margins of Excision,6.29
P0322,keyword,10,Graves Disease,Graves Disease,5.885
P0322,keyword,11,Robotic Surgical Procedures,Robotic Surgical Procedures,5.846
P0322,keyword,12,Propensity Score,Propensity Score,5.248
P0322,technique,1,머신러닝·AI,Machine Learning / AI,1.363
P0322,technique,2,엑소좀·세포외소포,Exosomes / EVs,0.585
P0322,technique,3,생물정보·계산생물,Bioinformatics,0.576
P0322,technique,4,임상시험,Clinical Trials,0.523
P0163,keyword,1,Proteogenomics,Proteogenomics,7.432
P0163,keyword,2,Squamous Cell Carcinoma of Head and Neck,Squamous Cell Carcinoma of Head and Neck,4.789
P0163,keyword,3,Fibronectins,Fibronectins,4.033
P0163,keyword,4,Gene Regulatory Networks,Gene Regulatory Networks,3.928
P0163,keyword,5,Head and Neck Neoplasms,Head and Neck Neoplasms,3.838
P0163,keyword,6,Immunoediting,Immunoediting,3.829
P0163,keyword,7,"Genome, Human","Genome, Human",3.82
P0163,keyword,8,Gene Fusion,Gene Fusion,3.774
P0163,keyword,9,Prenatal Exposure Delayed Effects,Prenatal Exposure Delayed Effects,3.665
P0163,keyword,10,Epigenetics,Epigenetics,3.65
P0163,keyword,11,"Epigenesis, Genetic","Epigenesis, Genetic",3.473
P0163,keyword,12,Head and neck cancer,Head and neck cancer,3.376
P0163,technique,1,RNA-seq·전사체,RNA-seq / Transcriptomics,3.391
P0163,technique,2,생물정보·계산생물,Bioinformatics,2.832
P0163,technique,3,단백체,Proteomics,2.107
P0163,technique,4,차세대 시퀀싱(NGS),Next-generation Sequencing,0.862
P0630,keyword,1,Distal pancreatectomy,Distal pancreatectomy,5.716
P0630,keyword,2,Pancreatectomy,Pancreatectomy,4.909
P0630,keyword,3,Laparoscopy,Laparoscopy,4.833
P0630,keyword,4,General surgery,General surgery,4.331
P0630,keyword,5,Cystic duct,Cystic duct,3.818
P0630,keyword,6,Hepatectomy,Hepatectomy,3.563
P0630,keyword,7,Pancreatic head,Pancreatic head,2.961
P0630,keyword,8,Organ Sparing Treatments,Organ Sparing Treatments,2.946
P0630,keyword,9,Surgery,Surgery,2.908
P0630,keyword,10,Acupuncture,Acupuncture,2.589
P0630,keyword,11,Operative Time,Operative Time,2.301
P0630,keyword,12,Gallbladder,Gallbladder,2.289
P0630,technique,1,전기생리,Electrophysiology,0.264
P0630,technique,2,조직공학·바이오프린팅,Tissue Engineering / Bioprinting,0.259
P0630,technique,3,줄기세포·iPSC,Stem Cells / iPSC,0.217
P0630,technique,4,웨스턴블롯,Western Blot,0.111
P0630,technique,5,면역조직화학,Immunohistochemistry,0.028
P0804,keyword,1,PRC2,PRC2,9.292
P0804,keyword,2,Histone-Lysine N-Methyltransferase,Histone-Lysine N-Methyltransferase,6.896
P0804,keyword,3,EZH2,EZH2,6.545
P0804,keyword,4,BMI1,BMI1,5.509
P0804,keyword,5,Polycomb Repressive Complex 1,Polycomb Repressive Complex 1,5.465
P0804,keyword,6,Proteolysis,Proteolysis,4.653
P0804,keyword,7,Phosphoric Monoester Hydrolases,Phosphoric Monoester Hydrolases,4.423
P0804,keyword,8,Dephosphorylation,Dephosphorylation,3.248
P0804,keyword,9,Ubiquitin ligase,Ubiquitin ligase,3.238
P0804,keyword,10,Enhancer of Zeste Homolog 2 Protein,Enhancer of Zeste Homolog 2 Protein,3.194
P0804,keyword,11,Polycomb Repressive Complex 2,Polycomb Repressive Complex 2,3.158
P0804,keyword,12,"Spectroscopy, Near-Infrared","Spectroscopy, Near-Infrared",3.042
P0804,technique,1,X선 결정학·구조분석,X-ray Crystallography,1.427
P0804,technique,2,생물정보·계산생물,Bioinformatics,1.136
P0804,technique,3,분자도킹·시뮬레이션,Molecular Docking / Dynamics,0.924
P0804,technique,4,머신러닝·AI,Machine Learning / AI,0.78
P0804,technique,5,형광·공초점 이미징,Fluorescence / Confocal Imaging,0.744
P0804,technique,6,종양 이종이식 모델,Xenograft Models,0.579
P0732,keyword,1,Pyroptosis,Pyroptosis,13.087
P0732,keyword,2,Vascular Remodeling,Vascular Remodeling,10.756
P0732,keyword,3,Garcinia cambogia,Garcinia cambogia,8.608
P0732,keyword,4,Immunologic Surveillance,Immunologic Surveillance,8.185
P0732,keyword,5,"Muscle, Smooth, Vascular","Muscle, Smooth, Vascular",7.242
P0732,keyword,6,"Myocytes, Smooth Muscle","Myocytes, Smooth Muscle",6.948
P0732,keyword,7,"Ribosomal Protein S6 Kinases, 90-kDa","Ribosomal Protein S6 Kinases, 90-kDa",6.78
P0732,keyword,8,Signal transduction,Signal transduction,6.195
P0732,keyword,9,Vascular smooth muscle,Vascular smooth muscle,6.177
P0732,keyword,10,Neointima,Neointima,5.941
P0732,keyword,11,Innate Immunity Recognition,Innate Immunity Recognition,5.861
P0732,keyword,12,Nucleic Acids,Nucleic Acids,5.796
P0152,keyword,1,Family Health,Family Health,0.094
P0152,keyword,2,"Calcium Channels, N-Type","Calcium Channels, N-Type",0.091
P0152,keyword,3,Familial hemiplegic migraine,Familial hemiplegic migraine,0.08
P0152,keyword,4,Spinocerebellar Ataxias,Spinocerebellar Ataxias,0.062
P0152,keyword,5,"Tomography, Emission-Computed, Single-Photon","Tomography, Emission-Computed, Single-Photon",0.051
P0152,keyword,6,Calcium Channels,Calcium Channels,0.047
P0152,keyword,7,Spinocerebellar ataxia,Spinocerebellar ataxia,0.038
P0152,keyword,8,Pedigree,Pedigree,0.037
P0152,keyword,9,Ataxia,Ataxia,0.019
P0152,keyword,10,Migraine with aura,Migraine with aura,0.018
P0152,keyword,11,Point Mutation,Point Mutation,0.017
P0152,keyword,12,Phenotype,Phenotype,0.016
P0428,keyword,1,Helicobacter pylori,Helicobacter pylori,18.86
P0428,keyword,2,Helicobacter Infections,Helicobacter Infections,15.316
P0428,keyword,3,Proton Pump Inhibitors,Proton Pump Inhibitors,14.291
P0428,keyword,4,Gastroenterology,Gastroenterology,12.224
P0428,keyword,5,GERD,GERD,11.544
P0428,keyword,6,Clarithromycin,Clarithromycin,11.414
P0428,keyword,7,Irritable Bowel Syndrome,Irritable Bowel Syndrome,11.084
P0428,keyword,8,Proton-pump inhibitor,Proton-pump inhibitor,10.453
P0428,keyword,9,Reflux,Reflux,9.774
P0428,keyword,10,Dream,Dream,6.332
P0428,keyword,11,Amoxicillin,Amoxicillin,6.175
P0428,keyword,12,Bismuth,Bismuth,6.005
P0428,technique,1,임상시험,Clinical Trials,5.627
P0428,technique,2,MRI·PET 영상,MRI / PET Imaging,0.687
P0428,technique,3,줄기세포·iPSC,Stem Cells / iPSC,0.44
P0428,technique,4,면역조직화학,Immunohistochemistry,0.421
P0428,technique,5,머신러닝·AI,Machine Learning / AI,0.317
P0428,technique,6,생물정보·계산생물,Bioinformatics,0.183
P0817,keyword,1,Gigantea,Gigantea,7.724
P0817,keyword,2,Salt Tolerance,Salt Tolerance,5.979
P0817,keyword,3,"Gene Expression Regulation, Plant","Gene Expression Regulation, Plant",5.62
P0817,keyword,4,Flowers,Flowers,4.198
P0817,keyword,5,Salt Stress,Salt Stress,3.529
P0817,keyword,6,"Genome, Plant","Genome, Plant",3.413
P0817,keyword,7,photoperiodism,photoperiodism,3.112
P0817,keyword,8,Sodium-Hydrogen Exchangers,Sodium-Hydrogen Exchangers,2.997
P0817,keyword,9,Rhizosphere,Rhizosphere,2.977
P0817,keyword,10,Antiporter,Antiporter,2.885
P0817,keyword,11,SUMO protein,SUMO protein,2.51
P0817,keyword,12,Regulator,Regulator,2.474
P0817,technique,1,애기장대·식물 모델,Arabidopsis,18.627
P0817,technique,2,RNA-seq·전사체,RNA-seq / Transcriptomics,0.89
P0817,technique,3,후성유전 분석,Epigenomics (ChIP/ATAC-seq),0.748
P0817,technique,4,단백체,Proteomics,0.596
P0817,technique,5,생물정보·계산생물,Bioinformatics,0.503
P0799,keyword,1,Total synthesis,Total synthesis,6.14
P0799,keyword,2,Lactones,Lactones,2.922
P0799,keyword,3,Diastereomer,Diastereomer,2.911
P0799,keyword,4,Cyclic peptide,Cyclic peptide,2.697
P0799,keyword,5,Molecular Structure,Molecular Structure,2.418
P0799,keyword,6,"Peptides, Cyclic","Peptides, Cyclic",2.356
P0799,keyword,7,Stereochemistry,Stereochemistry,2.133
P0799,keyword,8,Green Chemistry Technology,Green Chemistry Technology,2.072
P0799,keyword,9,Macrocyclic Compounds,Macrocyclic Compounds,1.856
P0799,keyword,10,Steric effects,Steric effects,1.819
P0799,keyword,11,4-Butyrolactone,4-Butyrolactone,1.798
P0799,keyword,12,Moiety,Moiety,1.604
P0799,technique,1,X선 결정학·구조분석,X-ray Crystallography,0.845
P0032,keyword,1,Diffuse large B-cell lymphoma,Diffuse large B-cell lymphoma,9.773
P0032,keyword,2,Baseline (sea),Baseline (sea),9.254
P0032,keyword,3,Cysteine,Cysteine,8.608
P0032,keyword,4,Ferroptosis,Ferroptosis,7.168
P0032,keyword,5,Ceramide,Ceramide,6.771
P0032,keyword,6,Lymphoma,Lymphoma,5.882
P0032,keyword,7,Cystine,Cystine,5.705
P0032,keyword,8,Glutathione,Glutathione,5.207
P0032,keyword,9,Glutamate-Cysteine Ligase,Glutamate-Cysteine Ligase,3.734
P0032,keyword,10,Homeostasis,Homeostasis,3.696
P0032,keyword,11,Redox,Redox,3.695
P0032,keyword,12,Table (database),Table (database),3.541
P0032,technique,1,대사체·지질체,Metabolomics / Lipidomics,6.304
P0032,technique,2,질량분석,Mass Spectrometry,2.997
P0032,technique,3,유전자변형 마우스,Genetically Modified Mice,2.382
P0032,technique,4,생물정보·계산생물,Bioinformatics,1.685
P0032,technique,5,CAR-T·입양세포치료,CAR-T / Adoptive Cell Therapy,1.376
P0032,technique,6,CRISPR 유전자편집,CRISPR Gene Editing,0.66
P0032,technique,7,RNA-seq·전사체,RNA-seq / Transcriptomics,0.567
P0032,technique,8,나노입자·약물전달,Nanoparticles / Drug Delivery,0.477
P0671,keyword,1,Chlorophyll,Chlorophyll,16.426
P0671,keyword,2,Oryza,Oryza,14.502
P0671,keyword,3,Protochlorophyllide,Protochlorophyllide,13.841
P0671,keyword,4,Porphyrin,Porphyrin,13.051
P0671,keyword,5,Protoporphyrin IX,Protoporphyrin IX,12.988
P0671,keyword,6,APX,APX,11.997
P0671,keyword,7,Photoprotection,Photoprotection,11.319
P0671,keyword,8,Halogenated Diphenyl Ethers,Halogenated Diphenyl Ethers,10.872
P0671,keyword,9,Porphyrins,Porphyrins,10.628
P0671,keyword,10,"Gene Expression Regulation, Plant","Gene Expression Regulation, Plant",9.102
P0671,keyword,11,Herbicides,Herbicides,8.834
P0671,keyword,12,Genetically modified rice,Genetically modified rice,8.139
P0671,technique,1,애기장대·식물 모델,Arabidopsis,2.589
P0367,keyword,1,Bisphosphonate-Associated Osteonecrosis of the Jaw,Bisphosphonate-Associated Osteonecrosis of the Jaw,15.728
P0367,keyword,2,Bone Density Conservation Agents,Bone Density Conservation Agents,14.781
P0367,keyword,3,Diphosphonates,Diphosphonates,12.361
P0367,keyword,4,Osteonecrosis of the jaw,Osteonecrosis of the jaw,11.391
P0367,keyword,5,Denosumab,Denosumab,8.347
P0367,keyword,6,Oral Hygiene,Oral Hygiene,7.516
P0367,keyword,7,Dental Implants,Dental Implants,6.928
P0367,keyword,8,Zoledronic acid,Zoledronic acid,6.306
P0367,keyword,9,Bisphosphonate,Bisphosphonate,5.756
P0367,keyword,10,Dentistry,Dentistry,5.376
P0367,keyword,11,Fallopian Tubes,Fallopian Tubes,5.197
P0367,keyword,12,Osteoporosis,Osteoporosis,5.169
P0367,technique,1,RNA 치료제·siRNA,RNA Therapeutics,1.269
P0367,technique,2,유전자변형 마우스,Genetically Modified Mice,1.024
P0367,technique,3,MRI·PET 영상,MRI / PET Imaging,0.862
P0367,technique,4,줄기세포·iPSC,Stem Cells / iPSC,0.819
P0367,technique,5,임상시험,Clinical Trials,0.428
P0367,technique,6,대사체·지질체,Metabolomics / Lipidomics,0.343
P0367,technique,7,종양 이종이식 모델,Xenograft Models,0.286
P0367,technique,8,질량분석,Mass Spectrometry,0.273
P0249,keyword,1,Prothrombin,Prothrombin,3.276
P0249,keyword,2,Race (biology),Race (biology),2.475
P0249,keyword,3,Protein Precursors,Protein Precursors,2.045
P0249,keyword,4,"Carcinoma, Hepatocellular","Carcinoma, Hepatocellular",1.887
P0249,keyword,5,Multiple comparisons problem,Multiple comparisons problem,1.811
P0249,keyword,6,Selected reaction monitoring,Selected reaction monitoring,1.8
P0249,keyword,7,Hepatocellular carcinoma,Hepatocellular carcinoma,1.632
P0249,keyword,8,"Biomarkers, Tumor","Biomarkers, Tumor",1.496
P0249,keyword,9,Liver Neoplasms,Liver Neoplasms,1.477
P0249,keyword,10,Proteome,Proteome,1.406
P0249,keyword,11,Metabolic disease,Metabolic disease,1.188
P0249,keyword,12,Blood Chemical Analysis,Blood Chemical Analysis,1.028
P0249,technique,1,질량분석,Mass Spectrometry,2.027
P0249,technique,2,단백체,Proteomics,0.484
P0249,technique,3,생물정보·계산생물,Bioinformatics,0.39
P0249,technique,4,임상시험,Clinical Trials,0.059
P0809,keyword,1,Histone Deacetylase 6,Histone Deacetylase 6,33.028
P0809,keyword,2,Histone Deacetylase Inhibitors,Histone Deacetylase Inhibitors,28.093
P0809,keyword,3,HSP90 Heat-Shock Proteins,HSP90 Heat-Shock Proteins,15.814
P0809,keyword,4,HDAC6,HDAC6,15.282
P0809,keyword,5,Hsp90,Hsp90,14.016
P0809,keyword,6,Drug Design,Drug Design,13.771
P0809,keyword,7,Antineoplastic Agents,Antineoplastic Agents,10.337
P0809,keyword,8,Structure-Activity Relationship,Structure-Activity Relationship,9.198
P0809,keyword,9,"Drug Screening Assays, Antitumor","Drug Screening Assays, Antitumor",8.605
P0809,keyword,10,Acetylation,Acetylation,8.521
P0809,keyword,11,Indazole,Indazole,7.919
P0809,keyword,12,Hsp90 inhibitor,Hsp90 inhibitor,7.206
P0809,technique,1,분자도킹·시뮬레이션,Molecular Docking / Dynamics,9.089
P0809,technique,2,X선 결정학·구조분석,X-ray Crystallography,1.768
P0809,technique,3,생물정보·계산생물,Bioinformatics,1.6
P0809,technique,4,종양 이종이식 모델,Xenograft Models,1.548
P0809,technique,5,질량분석,Mass Spectrometry,0.522
P0809,technique,6,단백체,Proteomics,0.452
P0809,technique,7,웨스턴블롯,Western Blot,0.277
P0809,technique,8,면역조직화학,Immunohistochemistry,0.202
P0374,keyword,1,Critical Illness,Critical Illness,16.052
P0374,keyword,2,Intensive Care Units,Intensive Care Units,10.93
P0374,keyword,3,Critically ill,Critically ill,8.985
P0374,keyword,4,Brain Death,Brain Death,6.898
P0374,keyword,5,"Respiration, Artificial","Respiration, Artificial",5.831
P0374,keyword,6,Gradient boosting,Gradient boosting,5.632
P0374,keyword,7,Critical Care,Critical Care,5.329
P0374,keyword,8,Random Forest,Random Forest,4.907
P0374,keyword,9,COVID-19,COVID-19,4.804
P0374,keyword,10,Intensive care unit,Intensive care unit,4.671
P0374,keyword,11,Capnography,Capnography,4.652
P0374,keyword,12,Wounds and Injuries,Wounds and Injuries,4.561
P0374,technique,1,머신러닝·AI,Machine Learning / AI,6.809
P0374,technique,2,임상시험,Clinical Trials,1.643
P0164,keyword,1,Heteroptera,Heteroptera,27.009
P0164,keyword,2,Mating,Mating,26.076
P0164,keyword,3,Sexual selection,Sexual selection,19.705
P0164,keyword,4,Gryllidae,Gryllidae,18.259
P0164,keyword,5,Courtship,Courtship,15.158
P0164,keyword,6,"Sexual Behavior, Animal","Sexual Behavior, Animal",14.872
P0164,keyword,7,"Mating Preference, Animal","Mating Preference, Animal",13.423
P0164,keyword,8,Copulation,Copulation,13.249
P0164,keyword,9,Sexual dimorphism,Sexual dimorphism,13.219
P0164,keyword,10,Zoology,Zoology,10.739
P0164,keyword,11,Mate choice,Mate choice,10.377
P0164,keyword,12,Field cricket,Field cricket,10.096
P0763,keyword,1,Vibrio vulnificus,Vibrio vulnificus,19.961
P0763,keyword,2,Bacterial Toxins,Bacterial Toxins,15.92
P0763,keyword,3,Vibrio Infections,Vibrio Infections,14.901
P0763,keyword,4,Bacteriophages,Bacteriophages,11.109
P0763,keyword,5,Vibrio,Vibrio,10.125
P0763,keyword,6,Bacterial Proteins,Bacterial Proteins,8.881
P0763,keyword,7,Virulence,Virulence,8.844
P0763,keyword,8,Escherichia coli O157,Escherichia coli O157,8.34
P0763,keyword,9,Ostreidae,Ostreidae,8.11
P0763,keyword,10,Host-Pathogen Interactions,Host-Pathogen Interactions,7.527
P0763,keyword,11,Microbiology,Microbiology,6.982
P0763,keyword,12,Vibrio parahaemolyticus,Vibrio parahaemolyticus,6.819
P0763,technique,1,RNA-seq·전사체,RNA-seq / Transcriptomics,2.458
P0763,technique,2,X선 결정학·구조분석,X-ray Crystallography,0.969
P0763,technique,3,생물정보·계산생물,Bioinformatics,0.387
P0064,keyword,1,Non-alcoholic Fatty Liver Disease,Non-alcoholic Fatty Liver Disease,7.252
P0064,keyword,2,"Carcinoma, Transitional Cell","Carcinoma, Transitional Cell",6.599
P0064,keyword,3,Observer Variation,Observer Variation,6.166
P0064,keyword,4,Urinary Bladder Neoplasms,Urinary Bladder Neoplasms,5.476
P0064,keyword,5,"Biomarkers, Tumor","Biomarkers, Tumor",5.456
P0064,keyword,6,"Child, Hospitalized","Child, Hospitalized",4.935
P0064,keyword,7,Renal cell carcinoma,Renal cell carcinoma,4.754
P0064,keyword,8,B7-H1 Antigen,B7-H1 Antigen,4.571
P0064,keyword,9,Urologic Neoplasms,Urologic Neoplasms,4.448
P0064,keyword,10,Celecoxib,Celecoxib,4.311
P0064,keyword,11,"Muscle Fibers, Skeletal","Muscle Fibers, Skeletal",4.311
P0064,keyword,12,CINAHL,CINAHL,4.069
P0064,technique,1,면역조직화학,Immunohistochemistry,6.48
P0064,technique,2,머신러닝·AI,Machine Learning / AI,5.123
P0064,technique,3,줄기세포·iPSC,Stem Cells / iPSC,2.485
P0064,technique,4,분자도킹·시뮬레이션,Molecular Docking / Dynamics,1.814
P0064,technique,5,RNA-seq·전사체,RNA-seq / Transcriptomics,1.312
P0064,technique,6,생물정보·계산생물,Bioinformatics,1.201
P0064,technique,7,단백체,Proteomics,0.896
P0064,technique,8,MRI·PET 영상,MRI / PET Imaging,0.849
P0136,keyword,1,Selfing,Selfing,12.568
P0136,keyword,2,Pheromone,Pheromone,6.782
P0136,keyword,3,Biological Evolution,Biological Evolution,6.466
P0136,keyword,4,Nematoda,Nematoda,6.271
P0136,keyword,5,Outcrossing,Outcrossing,5.772
P0136,keyword,6,Sex pheromone,Sex pheromone,5.697
P0136,keyword,7,Genetic diversity,Genetic diversity,5.597
P0136,keyword,8,Genetic Variation,Genetic Variation,5.577
P0136,keyword,9,Evolutionary biology,Evolutionary biology,5.011
P0136,keyword,10,Generalist and specialist species,Generalist and specialist species,4.575
P0136,keyword,11,Melanogaster,Melanogaster,4.146
P0136,keyword,12,Pheromones,Pheromones,4.134
P0136,technique,1,예쁜꼬마선충,C. elegans,28.248
P0136,technique,2,초파리,Drosophila,5.878
P0136,technique,3,단일세포 분석,Single-cell Analysis,3.741
P0136,technique,4,RNA-seq·전사체,RNA-seq / Transcriptomics,2.579
P0136,technique,5,GWAS·유전역학,GWAS / Genetic Epidemiology,2.307
P0136,technique,6,생물정보·계산생물,Bioinformatics,0.718
P0726,keyword,1,Kupffer Cells,Kupffer Cells,12.156
P0726,keyword,2,Hepatocytes,Hepatocytes,8.196
P0726,keyword,3,"Liver Diseases, Alcoholic","Liver Diseases, Alcoholic",7.07
P0726,keyword,4,Hippuric acid,Hippuric acid,6.767
P0726,keyword,5,Alcoholic liver disease,Alcoholic liver disease,6.696
P0726,keyword,6,Hippurates,Hippurates,6.156
P0726,keyword,7,Sting,Sting,5.956
P0726,keyword,8,Alcohol abuse,Alcohol abuse,5.924
P0726,keyword,9,Cocaine,Cocaine,5.892
P0726,keyword,10,Basidiomycota,Basidiomycota,4.926
P0726,keyword,11,Cocaine-Related Disorders,Cocaine-Related Disorders,4.652
P0726,keyword,12,Liver,Liver,4.527
P0726,technique,1,유전자변형 마우스,Genetically Modified Mice,2.193
P0726,technique,2,임상시험,Clinical Trials,1.163
P0196,keyword,1,Base Pairing,Base Pairing,11.68
P0196,keyword,2,RNA polymerase II,RNA polymerase II,10.636
P0196,keyword,3,Base pair,Base pair,8.597
P0196,keyword,4,"Transcription, Genetic","Transcription, Genetic",8.457
P0196,keyword,5,Transcription (linguistics),Transcription (linguistics),6.913
P0196,keyword,6,RNA polymerase,RNA polymerase,6.101
P0196,keyword,7,DNA-Directed RNA Polymerases,DNA-Directed RNA Polymerases,5.446
P0196,keyword,8,Guanine,Guanine,5.322
P0196,keyword,9,Molecular Structure of Nucleic Acids: A Structure for Deoxyribose Nucleic Acid,Molecular Structure of Nucleic Acids: A Structure for Deoxyribose Nucleic Acid,5.275
P0196,keyword,10,DNA damage,DNA damage,4.794
P0196,keyword,11,DNA,DNA,4.697
P0196,keyword,12,Polymerase,Polymerase,4.586
P0196,technique,1,크라이오전자현미경,Cryo-EM,5.031
P0196,technique,2,X선 결정학·구조분석,X-ray Crystallography,4.201
P0196,technique,3,분자도킹·시뮬레이션,Molecular Docking / Dynamics,2.943
P0196,technique,4,애기장대·식물 모델,Arabidopsis,1.958
P0196,technique,5,생물정보·계산생물,Bioinformatics,1.682
P0588,keyword,1,Breast cancer,Breast cancer,7.304
P0588,keyword,2,Cancer Survivors,Cancer Survivors,7.176
P0588,keyword,3,Breast Neoplasms,Breast Neoplasms,6.815
P0588,keyword,4,"Granuloma, Pyogenic","Granuloma, Pyogenic",4.396
P0588,keyword,5,Cancer,Cancer,3.885
P0588,keyword,6,Gynecomastia,Gynecomastia,2.89
P0588,keyword,7,Adiponectin,Adiponectin,2.54
P0588,keyword,8,Oncology,Oncology,2.352
P0588,keyword,9,Nails,Nails,2.308
P0588,keyword,10,Tamoxifen,Tamoxifen,2.226
P0588,keyword,11,Axillary Lymph Node Dissection,Axillary Lymph Node Dissection,2.176
P0588,keyword,12,Mammography,Mammography,2.122
P0588,technique,1,생물정보·계산생물,Bioinformatics,0.679
P0588,technique,2,면역조직화학,Immunohistochemistry,0.457
P0588,technique,3,임상시험,Clinical Trials,0.41
P0326,keyword,1,Prostatectomy,Prostatectomy,13.347
P0326,keyword,2,Thrombectomy,Thrombectomy,12.602
P0326,keyword,3,Prostatic Neoplasms,Prostatic Neoplasms,12.034
P0326,keyword,4,Cystectomy,Cystectomy,9.368
P0326,keyword,5,Endovascular Procedures,Endovascular Procedures,9.197
P0326,keyword,6,Urinary Bladder Neoplasms,Urinary Bladder Neoplasms,9.194
P0326,keyword,7,Bladder cancer,Bladder cancer,8.699
P0326,keyword,8,Nephrectomy,Nephrectomy,8.506
P0326,keyword,9,Urinary Diversion,Urinary Diversion,8.229
P0326,keyword,10,Urinary Tract,Urinary Tract,7.998
P0326,keyword,11,Urology,Urology,7.982
P0326,keyword,12,Robotic Surgical Procedures,Robotic Surgical Procedures,7.163
P0326,technique,1,임상시험,Clinical Trials,1.177
P0326,technique,2,생물정보·계산생물,Bioinformatics,0.488
P0326,technique,3,면역조직화학,Immunohistochemistry,0.338
P0326,technique,4,머신러닝·AI,Machine Learning / AI,0.301
P0326,technique,5,RNA-seq·전사체,RNA-seq / Transcriptomics,0.211
P0326,technique,6,MRI·PET 영상,MRI / PET Imaging,0.133
P0326,technique,7,항체 개발,Antibody Engineering,0.106
P0326,technique,8,나노입자·약물전달,Nanoparticles / Drug Delivery,0.042
P0277,keyword,1,Habenula,Habenula,36.9
P0277,keyword,2,"Conditioning, Classical","Conditioning, Classical",27.21
P0277,keyword,3,Classical conditioning,Classical conditioning,20.401
P0277,keyword,4,"Inhibition, Psychological","Inhibition, Psychological",17.344
P0277,keyword,5,Prefrontal Cortex,Prefrontal Cortex,16.876
P0277,keyword,6,Hippocampus,Hippocampus,15.554
P0277,keyword,7,Unconditioned stimulus,Unconditioned stimulus,15.463
P0277,keyword,8,"Recognition, Psychology","Recognition, Psychology",15.322
P0277,keyword,9,Appetitive Behavior,Appetitive Behavior,13.506
P0277,keyword,10,Conditioning,Conditioning,12.736
P0277,keyword,11,Neuroscience,Neuroscience,11.4
P0277,keyword,12,Stimulus (psychology),Stimulus (psychology),11.261
P0277,technique,1,유전자변형 마우스,Genetically Modified Mice,3.659
P0277,technique,2,웨스턴블롯,Western Blot,1.664
P0277,technique,3,머신러닝·AI,Machine Learning / AI,1.618
P0277,technique,4,면역조직화학,Immunohistochemistry,1.267
P0277,technique,5,생물정보·계산생물,Bioinformatics,0.32
P0277,technique,6,MRI·PET 영상,MRI / PET Imaging,0.3
P0277,technique,7,항체 개발,Antibody Engineering,0.167
P0251,keyword,1,Alzheimer Disease,Alzheimer Disease,14.132
P0251,keyword,2,Amyloid beta-Peptides,Amyloid beta-Peptides,11.942
P0251,keyword,3,Neuroglia,Neuroglia,7.579
P0251,keyword,4,Mushroom Bodies,Mushroom Bodies,7.503
P0251,keyword,5,Wasps,Wasps,7.292
P0251,keyword,6,Fatty Acid-Binding Proteins,Fatty Acid-Binding Proteins,7.158
P0251,keyword,7,Ephrins,Ephrins,6.978
P0251,keyword,8,Brain,Brain,6.586
P0251,keyword,9,Neurons,Neurons,6.023
P0251,keyword,10,Neuroprotective Agents,Neuroprotective Agents,5.847
P0251,keyword,11,Autophagy,Autophagy,5.839
P0251,keyword,12,Proteostasis,Proteostasis,5.45
P0251,technique,1,초파리,Drosophila,35.857
P0251,technique,2,생물정보·계산생물,Bioinformatics,1.079
P0251,technique,3,분자도킹·시뮬레이션,Molecular Docking / Dynamics,0.677
P0251,technique,4,면역조직화학,Immunohistochemistry,0.6
P0251,technique,5,웨스턴블롯,Western Blot,0.451
P0251,technique,6,전자현미경,Electron Microscopy,0.299
P0642,keyword,1,Meningioma,Meningioma,10.471
P0642,keyword,2,Meningeal Neoplasms,Meningeal Neoplasms,10.146
P0642,keyword,3,Radiosurgery,Radiosurgery,7.758
P0642,keyword,4,Glioma,Glioma,5.257
P0642,keyword,5,Petrous Bone,Petrous Bone,4.9
P0642,keyword,6,Brain Neoplasms,Brain Neoplasms,4.212
P0642,keyword,7,Cadaveric spasm,Cadaveric spasm,3.833
P0642,keyword,8,Craniotomy,Craniotomy,3.515
P0642,keyword,9,Traumatic brain injury,Traumatic brain injury,3.394
P0642,keyword,10,Sentinel Surveillance,Sentinel Surveillance,3.333
P0642,keyword,11,Pathognomonic,Pathognomonic,3.309
P0642,keyword,12,Stereotaxic Techniques,Stereotaxic Techniques,3.019
P0642,technique,1,MRI·PET 영상,MRI / PET Imaging,2.964
P0642,technique,2,임상시험,Clinical Trials,0.57
P0642,technique,3,머신러닝·AI,Machine Learning / AI,0.558
P0124,keyword,1,Zinc Compounds,Zinc Compounds,4.925
P0124,keyword,2,Lactoperoxidase,Lactoperoxidase,4.161
P0124,keyword,3,Muramidase,Muramidase,3.564
P0124,keyword,4,Gluconates,Gluconates,3.027
P0124,keyword,5,Candida albicans,Candida albicans,2.757
P0124,keyword,6,Antifungal Agents,Antifungal Agents,2.673
P0124,keyword,7,Saliva,Saliva,1.951
P0124,keyword,8,Microbial Sensitivity Tests,Microbial Sensitivity Tests,1.902
P0124,keyword,9,Lysozyme,Lysozyme,1.844
P0124,keyword,10,Peroxidase,Peroxidase,1.632
P0124,keyword,11,Cattle,Cattle,1.177
P0124,keyword,12,Antifungal,Antifungal,1.169
P0759,keyword,1,Hippo Signaling Pathway,Hippo Signaling Pathway,18.06
P0759,keyword,2,YAP1,YAP1,12.916
P0759,keyword,3,Cancer,Cancer,9.664
P0759,keyword,4,Cancer treatment,Cancer treatment,8.416
P0759,keyword,5,Signal transduction,Signal transduction,7.977
P0759,keyword,6,Nutrient,Nutrient,7.938
P0759,keyword,7,Neoplasms,Neoplasms,7.274
P0759,keyword,8,"Neoplastic Cells, Circulating","Neoplastic Cells, Circulating",7.166
P0759,keyword,9,Cancer research,Cancer research,6.671
P0759,keyword,10,YAP-Signaling Proteins,YAP-Signaling Proteins,6.666
P0759,keyword,11,Transcriptional Coactivator with PDZ-Binding Motif Proteins,Transcriptional Coactivator with PDZ-Binding Motif Proteins,6.565
P0759,keyword,12,Blast Crisis,Blast Crisis,6.253
P0759,technique,1,유전자변형 마우스,Genetically Modified Mice,2.666
P0759,technique,2,RNA 치료제·siRNA,RNA Therapeutics,1.333
P0759,technique,3,생물정보·계산생물,Bioinformatics,1.254
P0759,technique,4,머신러닝·AI,Machine Learning / AI,1.069
P0759,technique,5,나노입자·약물전달,Nanoparticles / Drug Delivery,1.0
P0759,technique,6,분자도킹·시뮬레이션,Molecular Docking / Dynamics,0.864
P0759,technique,7,qPCR,Real-time PCR,0.796
P0759,technique,8,종양 이종이식 모델,Xenograft Models,0.749
P0743,keyword,1,Transcription Activator-Like Effectors,Transcription Activator-Like Effectors,6.967
P0743,keyword,2,"DNA, Mitochondrial","DNA, Mitochondrial",6.581
P0743,keyword,3,Cytosine,Cytosine,6.261
P0743,keyword,4,RNA Editing,RNA Editing,4.764
P0743,keyword,5,Cytosine deaminase,Cytosine deaminase,3.488
P0743,keyword,6,Mitochondrial Diseases,Mitochondrial Diseases,3.301
P0743,keyword,7,Foraminotomy,Foraminotomy,3.153
P0743,keyword,8,Mitochondrial DNA,Mitochondrial DNA,3.146
P0743,keyword,9,Genome editing,Genome editing,2.986
P0743,keyword,10,Adenine,Adenine,2.952
P0743,keyword,11,Cytidine deaminase,Cytidine deaminase,1.749
P0743,keyword,12,Purines,Purines,1.678
P0743,technique,1,CRISPR 유전자편집,CRISPR Gene Editing,6.408
P0743,technique,2,RNA-seq·전사체,RNA-seq / Transcriptomics,0.784
P0743,technique,3,생물정보·계산생물,Bioinformatics,0.738
P0743,technique,4,머신러닝·AI,Machine Learning / AI,0.053
P0693,keyword,1,Ilex,Ilex,20.348
P0693,keyword,2,Anti-Inflammatory Agents,Anti-Inflammatory Agents,19.202
P0693,keyword,3,Plant Extracts,Plant Extracts,17.213
P0693,keyword,4,Oleaceae,Oleaceae,15.177
P0693,keyword,5,Anti-inflammatory,Anti-inflammatory,14.698
P0693,keyword,6,RAW 264.7 Cells,RAW 264.7 Cells,13.892
P0693,keyword,7,Nitric oxide,Nitric oxide,13.259
P0693,keyword,8,Osmanthus fragrans,Osmanthus fragrans,12.821
P0693,keyword,9,Triterpenes,Triterpenes,11.244
P0693,keyword,10,Phytochemicals,Phytochemicals,10.909
P0693,keyword,11,Antioxidant,Antioxidant,10.203
P0693,keyword,12,NF-kappa B,NF-kappa B,9.682
P0693,technique,1,분자도킹·시뮬레이션,Molecular Docking / Dynamics,14.526
P0693,technique,2,웨스턴블롯,Western Blot,5.19
P0693,technique,3,질량분석,Mass Spectrometry,4.4
P0693,technique,4,대사체·지질체,Metabolomics / Lipidomics,4.016
P0693,technique,5,초파리,Drosophila,0.417
P0693,technique,6,생물정보·계산생물,Bioinformatics,0.336
P0619,keyword,1,Cardiopulmonary Resuscitation,Cardiopulmonary Resuscitation,10.845
P0619,keyword,2,Heart Arrest,Heart Arrest,8.754
P0619,keyword,3,Phacoemulsification,Phacoemulsification,6.784
P0619,keyword,4,"Lenses, Intraocular","Lenses, Intraocular",5.148
P0619,keyword,5,Emergency Medical Services,Emergency Medical Services,5.138
P0619,keyword,6,Multifocal Intraocular Lenses,Multifocal Intraocular Lenses,4.953
P0619,keyword,7,Carbon monoxide poisoning,Carbon monoxide poisoning,4.725
P0619,keyword,8,Resuscitation,Resuscitation,4.363
P0619,keyword,9,Out-of-Hospital Cardiac Arrest,Out-of-Hospital Cardiac Arrest,4.31
P0619,keyword,10,"Tachycardia, Ventricular","Tachycardia, Ventricular",4.125
P0619,keyword,11,Medical emergency,Medical emergency,4.079
P0619,keyword,12,"Lens Implantation, Intraocular","Lens Implantation, Intraocular",3.961
P0619,technique,1,질량분석,Mass Spectrometry,4.534
P0619,technique,2,ELISA,ELISA,0.514
P0619,technique,3,항체 개발,Antibody Engineering,0.464
P0619,technique,4,면역조직화학,Immunohistochemistry,0.463
P0619,technique,5,MRI·PET 영상,MRI / PET Imaging,0.165
P0619,technique,6,생물정보·계산생물,Bioinformatics,0.084
P0619,technique,7,X선 결정학·구조분석,X-ray Crystallography,0.074
P0619,technique,8,전자현미경,Electron Microscopy,0.049
P0303,keyword,1,Multispectral image,Multispectral image,6.096
P0303,keyword,2,Cellular Microenvironment,Cellular Microenvironment,4.457
P0303,keyword,3,MTOR Inhibitors,MTOR Inhibitors,4.161
P0303,keyword,4,Reprogramming,Reprogramming,3.004
P0303,keyword,5,Cell Communication,Cell Communication,2.819
P0303,keyword,6,LIN28,LIN28,2.7
P0303,keyword,7,Embryonic stem cell,Embryonic stem cell,2.684
P0303,keyword,8,Stem cell,Stem cell,2.567
P0303,keyword,9,Fibroblast Growth Factor 2,Fibroblast Growth Factor 2,2.517
P0303,keyword,10,Regeneration,Regeneration,2.471
P0303,keyword,11,Cell biology,Cell biology,2.41
P0303,keyword,12,Extracellular matrix,Extracellular matrix,2.402
P0303,technique,1,나노입자·약물전달,Nanoparticles / Drug Delivery,4.32
P0303,technique,2,오가노이드,Organoids,3.342
P0303,technique,3,줄기세포·iPSC,Stem Cells / iPSC,2.821
P0303,technique,4,CRISPR 유전자편집,CRISPR Gene Editing,1.628
P0303,technique,5,조직공학·바이오프린팅,Tissue Engineering / Bioprinting,1.173
P0303,technique,6,생물정보·계산생물,Bioinformatics,0.183
P0303,technique,7,형광·공초점 이미징,Fluorescence / Confocal Imaging,0.182
P0303,technique,8,머신러닝·AI,Machine Learning / AI,0.159
P0306,keyword,1,Leucine zipper,Leucine zipper,21.176
P0306,keyword,2,Zipper,Zipper,20.713
P0306,keyword,3,Powdery mildew,Powdery mildew,17.339
P0306,keyword,4,Triple-negative breast cancer,Triple-negative breast cancer,17.158
P0306,keyword,5,Cancer research,Cancer research,9.534
P0306,keyword,6,Corynespora cassiicola,Corynespora cassiicola,9.351
P0306,keyword,7,Leaf spot,Leaf spot,8.302
P0306,keyword,8,Metastasis,Metastasis,8.252
P0306,keyword,9,Botany,Botany,7.63
P0306,keyword,10,Breast cancer,Breast cancer,7.375
P0306,keyword,11,Fungus,Fungus,5.887
P0306,keyword,12,Camellia,Camellia,5.741
P0306,technique,1,CRISPR 유전자편집,CRISPR Gene Editing,3.994
P0306,technique,2,X선 결정학·구조분석,X-ray Crystallography,1.326
P0306,technique,3,웨스턴블롯,Western Blot,1.023
P0306,technique,4,생물정보·계산생물,Bioinformatics,0.964
P0306,technique,5,CAR-T·입양세포치료,CAR-T / Adoptive Cell Therapy,0.868
P0306,technique,6,유전자변형 마우스,Genetically Modified Mice,0.832
P0306,technique,7,분자도킹·시뮬레이션,Molecular Docking / Dynamics,0.792
P0306,technique,8,RNA 치료제·siRNA,RNA Therapeutics,0.649
P0238,keyword,1,Mealworm,Mealworm,21.578
P0238,keyword,2,Agricultural Inoculants,Agricultural Inoculants,8.756
P0238,keyword,3,Coffea,Coffea,6.372
P0238,keyword,4,Food science,Food science,6.237
P0238,keyword,5,Biofortification,Biofortification,5.611
P0238,keyword,6,Leuconostoc,Leuconostoc,5.351
P0238,keyword,7,Aspergillus oryzae,Aspergillus oryzae,5.0
P0238,keyword,8,Glucosinolate,Glucosinolate,4.489
P0238,keyword,9,Rosmarinic Acid,Rosmarinic Acid,4.379
P0238,keyword,10,Coffea arabica,Coffea arabica,4.074
P0238,keyword,11,Seeds,Seeds,3.393
P0238,keyword,12,Primulaceae,Primulaceae,3.284
P0238,technique,1,질량분석,Mass Spectrometry,1.501
P0063,keyword,1,Nanotechnology,Nanotechnology,15.501
P0063,keyword,2,Electronics,Electronics,15.008
P0063,keyword,3,Fiber,Fiber,12.534
P0063,keyword,4,Graphene,Graphene,11.621
P0063,keyword,5,"Nanotubes, Carbon","Nanotubes, Carbon",11.469
P0063,keyword,6,Neurons,Neurons,11.466
P0063,keyword,7,Bioadhesive,Bioadhesive,10.214
P0063,keyword,8,Soft robotics,Soft robotics,9.461
P0063,keyword,9,Flexible electronics,Flexible electronics,8.295
P0063,keyword,10,Brain,Brain,7.893
P0063,keyword,11,Wearable Electronic Devices,Wearable Electronic Devices,7.89
P0063,keyword,12,Temperature,Temperature,7.599
P0063,technique,1,광유전학,Optogenetics,20.881
P0063,technique,2,하이드로젤·스캐폴드,Hydrogels / Scaffolds,16.925
P0063,technique,3,머신러닝·AI,Machine Learning / AI,4.314
P0063,technique,4,조직공학·바이오프린팅,Tissue Engineering / Bioprinting,3.182
P0063,technique,5,전기생리,Electrophysiology,2.785
P0063,technique,6,나노입자·약물전달,Nanoparticles / Drug Delivery,2.508
P0063,technique,7,미세유체·장기칩,Microfluidics / Organ-on-a-chip,1.838
P0063,technique,8,차세대 시퀀싱(NGS),Next-generation Sequencing,0.75
P0665,keyword,1,Periodontitis,Periodontitis,20.511
P0665,keyword,2,Osteoclasts,Osteoclasts,16.889
P0665,keyword,3,Bone Resorption,Bone Resorption,14.195
P0665,keyword,4,RANK Ligand,RANK Ligand,13.578
P0665,keyword,5,Alveolar Bone Loss,Alveolar Bone Loss,12.959
P0665,keyword,6,Osteoclast,Osteoclast,11.631
P0665,keyword,7,RANKL,RANKL,9.096
P0665,keyword,8,Osteogenesis,Osteogenesis,9.042
P0665,keyword,9,Dental alveolus,Dental alveolus,8.489
P0665,keyword,10,NFATC Transcription Factors,NFATC Transcription Factors,8.216
P0665,keyword,11,Cell Differentiation,Cell Differentiation,7.721
P0665,keyword,12,Chronic Periodontitis,Chronic Periodontitis,7.558
P0665,technique,1,RNA-seq·전사체,RNA-seq / Transcriptomics,3.53
P0665,technique,2,엑소좀·세포외소포,Exosomes / EVs,3.001
P0665,technique,3,qPCR,Real-time PCR,2.412
P0665,technique,4,유전자변형 마우스,Genetically Modified Mice,1.243
P0665,technique,5,생물정보·계산생물,Bioinformatics,1.188
P0665,technique,6,면역조직화학,Immunohistochemistry,0.707
P0665,technique,7,웨스턴블롯,Western Blot,0.47
P0665,technique,8,유세포분석,Flow Cytometry,0.33
P0701,keyword,1,Sphingosine kinase,Sphingosine kinase,9.106
P0701,keyword,2,Sphingosine,Sphingosine,7.959
P0701,keyword,3,Sphingosine kinase 1,Sphingosine kinase 1,7.306
P0701,keyword,4,Phosphotransferases (Alcohol Group Acceptor),Phosphotransferases (Alcohol Group Acceptor),5.779
P0701,keyword,5,Fingolimod Hydrochloride,Fingolimod Hydrochloride,5.429
P0701,keyword,6,Sphingosine-1-phosphate,Sphingosine-1-phosphate,4.543
P0701,keyword,7,Protein phosphatase 2,Protein phosphatase 2,3.937
P0701,keyword,8,Pyrrolidines,Pyrrolidines,3.639
P0701,keyword,9,Sulfones,Sulfones,3.396
P0701,keyword,10,Stereochemistry,Stereochemistry,3.227
P0701,keyword,11,Structure-Activity Relationship,Structure-Activity Relationship,2.692
P0701,keyword,12,Methanol,Methanol,2.41
P0701,technique,1,분자도킹·시뮬레이션,Molecular Docking / Dynamics,2.289
P0701,technique,2,X선 결정학·구조분석,X-ray Crystallography,0.267
P0701,technique,3,질량분석,Mass Spectrometry,0.226
P0701,technique,4,생물정보·계산생물,Bioinformatics,0.139
P0280,keyword,1,Salmo salar,Salmo salar,9.802
P0280,keyword,2,Lens Plant,Lens Plant,8.429
P0280,keyword,3,Salmon,Salmon,5.226
P0280,keyword,4,Eicosanoids,Eicosanoids,5.021
P0280,keyword,5,"Spectrometry, Mass, Electrospray Ionization","Spectrometry, Mass, Electrospray Ionization",4.863
P0280,keyword,6,Fish Oils,Fish Oils,4.655
P0280,keyword,7,Phospholipids,Phospholipids,4.626
P0280,keyword,8,Antioxidant,Antioxidant,4.275
P0280,keyword,9,Muscles,Muscles,4.078
P0280,keyword,10,"Lipoproteins, LDL","Lipoproteins, LDL",3.696
P0280,keyword,11,DPPH,DPPH,3.583
P0280,keyword,12,Hydroxybenzoates,Hydroxybenzoates,3.397
P0280,technique,1,대사체·지질체,Metabolomics / Lipidomics,10.163
P0280,technique,2,질량분석,Mass Spectrometry,6.551
P0280,technique,3,단백체,Proteomics,2.384
P0280,technique,4,엑소좀·세포외소포,Exosomes / EVs,2.361
P0280,technique,5,생물정보·계산생물,Bioinformatics,1.539
P0222,keyword,1,Myokine,Myokine,27.759
P0222,keyword,2,FNDC5,FNDC5,18.791
P0222,keyword,3,"Muscle, Skeletal","Muscle, Skeletal",11.546
P0222,keyword,4,Myokines,Myokines,9.829
P0222,keyword,5,Fibronectins,Fibronectins,9.37
P0222,keyword,6,Adipocytes,Adipocytes,8.989
P0222,keyword,7,beta-Arrestin 2,beta-Arrestin 2,8.756
P0222,keyword,8,Adipose Tissue,Adipose Tissue,7.788
P0222,keyword,9,"NLR Family, Pyrin Domain-Containing 3 Protein","NLR Family, Pyrin Domain-Containing 3 Protein",7.782
P0222,keyword,10,Inflammasomes,Inflammasomes,7.782
P0222,keyword,11,Exercise,Exercise,7.729
P0222,keyword,12,Adipogenesis,Adipogenesis,7.596
P0222,technique,1,유전자변형 마우스,Genetically Modified Mice,3.015
P0222,technique,2,RNA-seq·전사체,RNA-seq / Transcriptomics,1.357
P0222,technique,3,웨스턴블롯,Western Blot,0.929
P0222,technique,4,생물정보·계산생물,Bioinformatics,0.839
P0222,technique,5,ELISA,ELISA,0.779
P0222,technique,6,qPCR,Real-time PCR,0.487
P0222,technique,7,나노입자·약물전달,Nanoparticles / Drug Delivery,0.391
P0222,technique,8,X선 결정학·구조분석,X-ray Crystallography,0.18
P0735,keyword,1,Myokine,Myokine,4.374
P0735,keyword,2,Health benefits,Health benefits,1.561
P0735,keyword,3,Crosstalk,Crosstalk,1.172
P0735,keyword,4,Skeletal muscle,Skeletal muscle,0.768
P0735,keyword,5,Convergence zone,Convergence zone,0.673
P0735,keyword,6,Climatology,Climatology,0.43
P0735,keyword,7,Disease,Disease,0.416
P0735,keyword,8,Bridging (networking),Bridging (networking),0.381
P0735,keyword,9,Convergence (economics),Convergence (economics),0.349
P0735,keyword,10,Climate model,Climate model,0.335
P0735,keyword,11,Statistical model,Statistical model,0.325
P0735,keyword,12,Oceanography,Oceanography,0.213
P0688,keyword,1,Monascus,Monascus,7.933
P0688,keyword,2,Flavor,Flavor,4.943
P0688,keyword,3,Pigment,Pigment,4.728
P0688,keyword,4,Cellulose,Cellulose,3.306
P0688,keyword,5,Organoleptic,Organoleptic,3.207
P0688,keyword,6,Sensory analysis,Sensory analysis,2.839
P0688,keyword,7,Food science,Food science,2.823
P0688,keyword,8,Color difference,Color difference,2.794
P0688,keyword,9,Moisture,Moisture,2.564
P0688,keyword,10,Starch,Starch,2.492
P0688,keyword,11,Water content,Water content,2.455
P0688,keyword,12,Melon,Melon,2.221
P0688,technique,1,나노입자·약물전달,Nanoparticles / Drug Delivery,0.531
P0226,keyword,1,Food science,Food science,33.19
P0226,keyword,2,Digestion (alchemy),Digestion (alchemy),31.518
P0226,keyword,3,Meat,Meat,30.578
P0226,keyword,4,Fetal bovine serum,Fetal bovine serum,28.921
P0226,keyword,5,In Vitro Meat,In Vitro Meat,25.181
P0226,keyword,6,Livestock,Livestock,20.528
P0226,keyword,7,Industrialisation,Industrialisation,20.404
P0226,keyword,8,Meat Products,Meat Products,20.046
P0226,keyword,9,Digestion,Digestion,16.99
P0226,keyword,10,Red Meat,Red Meat,14.107
P0226,keyword,11,Food Handling,Food Handling,12.929
P0226,keyword,12,"Satellite Cells, Skeletal Muscle","Satellite Cells, Skeletal Muscle",11.877
P0226,technique,1,하이드로젤·스캐폴드,Hydrogels / Scaffolds,7.112
P0226,technique,2,분자도킹·시뮬레이션,Molecular Docking / Dynamics,2.923
P0226,technique,3,질량분석,Mass Spectrometry,1.166
P0226,technique,4,단백체,Proteomics,1.107
P0226,technique,5,생물정보·계산생물,Bioinformatics,0.89
P0226,technique,6,형광·공초점 이미징,Fluorescence / Confocal Imaging,0.864
P0226,technique,7,RNA 치료제·siRNA,RNA Therapeutics,0.521
P0226,technique,8,유세포분석,Flow Cytometry,0.336
P0383,keyword,1,Hand Strength,Hand Strength,4.21
P0383,keyword,2,National Health and Nutrition Examination Survey,National Health and Nutrition Examination Survey,3.996
P0383,keyword,3,Body mass index,Body mass index,3.316
P0383,keyword,4,East Asian People,East Asian People,2.771
P0383,keyword,5,Diabetes Mellitus,Diabetes Mellitus,2.522
P0383,keyword,6,Metabolic Syndrome,Metabolic Syndrome,2.054
P0383,keyword,7,Obesity,Obesity,1.84
P0383,keyword,8,Longitudinal Studies,Longitudinal Studies,1.835
P0383,keyword,9,Gerontology,Gerontology,1.809
P0383,keyword,10,Quartile,Quartile,1.464
P0383,keyword,11,Asian People,Asian People,1.453
P0383,keyword,12,Intra-Abdominal Fat,Intra-Abdominal Fat,1.428
P0383,technique,1,임상시험,Clinical Trials,0.152
P0290,keyword,1,Netrins,Netrins,6.91
P0290,keyword,2,Neurites,Neurites,4.926
P0290,keyword,3,Sexual dimorphism,Sexual dimorphism,4.894
P0290,keyword,4,Motor Neurons,Motor Neurons,4.856
P0290,keyword,5,Sex Characteristics,Sex Characteristics,4.767
P0290,keyword,6,Brood,Brood,4.343
P0290,keyword,7,Pupa,Pupa,3.483
P0290,keyword,8,Netrin,Netrin,3.443
P0290,keyword,9,Neurite,Neurite,3.309
P0290,keyword,10,Marker gene,Marker gene,3.267
P0290,keyword,11,Axon guidance,Axon guidance,2.828
P0290,keyword,12,Cell Adhesion Molecules,Cell Adhesion Molecules,2.746
P0290,technique,1,예쁜꼬마선충,C. elegans,11.472
P0290,technique,2,머신러닝·AI,Machine Learning / AI,0.671
P0290,technique,3,RNA-seq·전사체,RNA-seq / Transcriptomics,0.607
P0290,technique,4,생물정보·계산생물,Bioinformatics,0.328
P0141,keyword,1,Autocrine signalling,Autocrine signalling,7.09
P0141,keyword,2,Muscular Atrophy,Muscular Atrophy,5.986
P0141,keyword,3,Chemical chaperone,Chemical chaperone,4.653
P0141,keyword,4,Prion Diseases,Prion Diseases,4.521
P0141,keyword,5,Unfolded protein response,Unfolded protein response,4.356
P0141,keyword,6,Endoplasmic Reticulum Stress,Endoplasmic Reticulum Stress,4.222
P0141,keyword,7,Prions,Prions,4.17
P0141,keyword,8,Structure-Activity Relationship,Structure-Activity Relationship,4.06
P0141,keyword,9,Endoplasmic reticulum,Endoplasmic reticulum,3.895
P0141,keyword,10,Prion Proteins,Prion Proteins,3.656
P0141,keyword,11,Salicylates,Salicylates,3.514
P0141,keyword,12,Glucocorticoids,Glucocorticoids,3.456
P0141,technique,1,분자도킹·시뮬레이션,Molecular Docking / Dynamics,0.436
P0141,technique,2,생물정보·계산생물,Bioinformatics,0.365
P0706,keyword,1,Thymosin,Thymosin,17.998
P0706,keyword,2,Thymosin beta(4),Thymosin beta(4),11.682
P0706,keyword,3,Capsular contracture,Capsular contracture,9.36
P0706,keyword,4,Kiwi,Kiwi,8.063
P0706,keyword,5,Prion Diseases,Prion Diseases,6.42
P0706,keyword,6,Phosphatidylcholines,Phosphatidylcholines,5.953
P0706,keyword,7,Sericin,Sericin,5.921
P0706,keyword,8,Minerals,Minerals,5.898
P0706,keyword,9,Catechols,Catechols,5.557
P0706,keyword,10,Glycation,Glycation,5.503
P0706,keyword,11,Masson's trichrome stain,Masson's trichrome stain,5.39
P0706,keyword,12,Contracture,Contracture,5.343
P0706,technique,1,유전자변형 마우스,Genetically Modified Mice,1.542
P0706,technique,2,면역조직화학,Immunohistochemistry,1.518
P0706,technique,3,qPCR,Real-time PCR,1.159
P0706,technique,4,줄기세포·iPSC,Stem Cells / iPSC,0.976
P0706,technique,5,웨스턴블롯,Western Blot,0.615
P0706,technique,6,유세포분석,Flow Cytometry,0.26
P0706,technique,7,전자현미경,Electron Microscopy,0.103
P0160,keyword,1,Plankton,Plankton,1.788
P0160,keyword,2,"DNA, Environmental","DNA, Environmental",1.465
P0160,keyword,3,"RNA, Ribosomal, 18S","RNA, Ribosomal, 18S",1.293
P0160,keyword,4,Zooplankton,Zooplankton,1.293
P0160,keyword,5,"DNA Barcoding, Taxonomic","DNA Barcoding, Taxonomic",1.154
P0160,keyword,6,Phytoplankton,Phytoplankton,1.092
P0160,keyword,7,Environmental Monitoring,Environmental Monitoring,0.761
P0160,keyword,8,Biodiversity,Biodiversity,0.735
P0160,keyword,9,Ecosystem,Ecosystem,0.707
P0160,keyword,10,Seasons,Seasons,0.687
P0160,keyword,11,Community structure,Community structure,0.679
P0160,keyword,12,Water column,Water column,0.672
P0573,keyword,1,Residence,Residence,0.172
P0573,keyword,2,Gross motor skill,Gross motor skill,0.16
P0573,keyword,3,Biomonitoring,Biomonitoring,0.157
P0573,keyword,4,Logistic regression,Logistic regression,0.152
P0573,keyword,5,Early childhood,Early childhood,0.134
P0573,keyword,6,Hazardous waste,Hazardous waste,0.131
P0573,keyword,7,Environmental health,Environmental health,0.127
P0573,keyword,8,Percentile,Percentile,0.113
P0573,keyword,9,Blood pressure,Blood pressure,0.109
P0573,keyword,10,Demography,Demography,0.106
P0573,keyword,11,Waist,Waist,0.103
P0573,keyword,12,Metropolitan area,Metropolitan area,0.098
P0573,technique,1,머신러닝·AI,Machine Learning / AI,0.003
P0425,keyword,1,Institutionalisation,Institutionalisation,0.465
P0425,keyword,2,Political science,Political science,0.05
P0425,keyword,3,Disease,Disease,0.048
P0425,keyword,4,Psychiatry,Psychiatry,0.039
P0425,keyword,5,Psychology,Psychology,0.035
P0565,keyword,1,Carboxymethylcellulose Sodium,Carboxymethylcellulose Sodium,9.057
P0565,keyword,2,5-alpha Reductase Inhibitors,5-alpha Reductase Inhibitors,8.185
P0565,keyword,3,Dutasteride,Dutasteride,7.913
P0565,keyword,4,Suspensions,Suspensions,6.838
P0565,keyword,5,Delayed-Action Preparations,Delayed-Action Preparations,5.657
P0565,keyword,6,Ferric Compounds,Ferric Compounds,4.94
P0565,keyword,7,Carboxymethyl cellulose,Carboxymethyl cellulose,4.543
P0565,keyword,8,Entecavir,Entecavir,4.485
P0565,keyword,9,Particle Size,Particle Size,4.16
P0565,keyword,10,Iron,Iron,3.855
P0565,keyword,11,Drug Liberation,Drug Liberation,3.549
P0565,keyword,12,"Injections, Intramuscular","Injections, Intramuscular",3.448
P0565,technique,1,나노입자·약물전달,Nanoparticles / Drug Delivery,5.887
P0565,technique,2,하이드로젤·스캐폴드,Hydrogels / Scaffolds,4.772
P0565,technique,3,X선 결정학·구조분석,X-ray Crystallography,0.182
P0041,keyword,1,Microscopy,Microscopy,15.201
P0041,keyword,2,Single Molecule Imaging,Single Molecule Imaging,8.315
P0041,keyword,3,Resolution (logic),Resolution (logic),7.946
P0041,keyword,4,Fluorescence,Fluorescence,7.566
P0041,keyword,5,Raman scattering,Raman scattering,7.299
P0041,keyword,6,"Microscopy, Fluorescence","Microscopy, Fluorescence",6.094
P0041,keyword,7,Raman spectroscopy,Raman spectroscopy,5.376
P0041,keyword,8,Coherent anti-Stokes Raman spectroscopy,Coherent anti-Stokes Raman spectroscopy,4.915
P0041,keyword,9,Adaptive optics,Adaptive optics,4.848
P0041,keyword,10,Fluorescent Dyes,Fluorescent Dyes,4.829
P0041,keyword,11,Hypochlorous Acid,Hypochlorous Acid,4.361
P0041,keyword,12,Photobleaching,Photobleaching,4.358
P0041,technique,1,형광·공초점 이미징,Fluorescence / Confocal Imaging,9.07
P0041,technique,2,전자현미경,Electron Microscopy,3.696
P0041,technique,3,제브라피시,Zebrafish,1.816
P0041,technique,4,생물정보·계산생물,Bioinformatics,1.152
P0041,technique,5,나노입자·약물전달,Nanoparticles / Drug Delivery,0.993
P0041,technique,6,CRISPR 유전자편집,CRISPR Gene Editing,0.967
P0041,technique,7,머신러닝·AI,Machine Learning / AI,0.864
P0177,keyword,1,Fragaria,Fragaria,4.755
P0177,keyword,2,MDA-MB-231 Cells,MDA-MB-231 Cells,4.331
P0177,keyword,3,Ferroptosis,Ferroptosis,3.921
P0177,keyword,4,Colloidal gold,Colloidal gold,2.791
P0177,keyword,5,Zingiber officinale,Zingiber officinale,2.771
P0177,keyword,6,FOXO3,FOXO3,2.737
P0177,keyword,7,Biological value,Biological value,2.23
P0177,keyword,8,Phytochemicals,Phytochemicals,2.031
P0177,keyword,9,Fruit,Fruit,2.021
P0177,keyword,10,Papain,Papain,1.991
P0177,keyword,11,Ellagic acid,Ellagic acid,1.829
P0177,keyword,12,Breast Neoplasms,Breast Neoplasms,1.809
P0177,technique,1,나노입자·약물전달,Nanoparticles / Drug Delivery,0.8
P0214,keyword,1,Pulsed Radiofrequency Treatment,Pulsed Radiofrequency Treatment,13.896
P0214,keyword,2,Lymphedema,Lymphedema,13.387
P0214,keyword,3,Pulsed radiofrequency,Pulsed radiofrequency,12.914
P0214,keyword,4,Multifidus muscle,Multifidus muscle,11.537
P0214,keyword,5,Radicular pain,Radicular pain,9.192
P0214,keyword,6,Spinal Stenosis,Spinal Stenosis,7.519
P0214,keyword,7,Lumbar,Lumbar,7.462
P0214,keyword,8,Myelopathy,Myelopathy,6.362
P0214,keyword,9,Surgery,Surgery,6.362
P0214,keyword,10,Epidural steroid injection,Epidural steroid injection,6.156
P0214,keyword,11,Low Back Pain,Low Back Pain,6.154
P0214,keyword,12,Sarcopenia,Sarcopenia,5.99
P0214,technique,1,MRI·PET 영상,MRI / PET Imaging,5.447
P0214,technique,2,머신러닝·AI,Machine Learning / AI,1.521
P0214,technique,3,전기생리,Electrophysiology,0.518
P0214,technique,4,임상시험,Clinical Trials,0.5
P0214,technique,5,X선 결정학·구조분석,X-ray Crystallography,0.363
P0214,technique,6,면역조직화학,Immunohistochemistry,0.36
P0214,technique,7,생물정보·계산생물,Bioinformatics,0.219
P0564,keyword,1,Cycloisomerization,Cycloisomerization,13.809
P0564,keyword,2,1-Methyl-4-phenylpyridinium,1-Methyl-4-phenylpyridinium,10.263
P0564,keyword,3,Neuroprotective Agents,Neuroprotective Agents,8.447
P0564,keyword,4,Stereochemistry,Stereochemistry,8.326
P0564,keyword,5,Combinatorial chemistry,Combinatorial chemistry,7.141
P0564,keyword,6,Total synthesis,Total synthesis,6.479
P0564,keyword,7,Molecular Structure,Molecular Structure,6.159
P0564,keyword,8,Pyridine,Pyridine,5.921
P0564,keyword,9,Catalysis,Catalysis,5.873
P0564,keyword,10,Alkaloids,Alkaloids,5.772
P0564,keyword,11,Alkaloid,Alkaloid,5.602
P0564,keyword,12,Evodia,Evodia,5.538
P0564,technique,1,예쁜꼬마선충,C. elegans,14.858
P0564,technique,2,질량분석,Mass Spectrometry,1.053
P0564,technique,3,분자도킹·시뮬레이션,Molecular Docking / Dynamics,0.792
P0564,technique,4,종양 이종이식 모델,Xenograft Models,0.572
P0564,technique,5,유전자변형 마우스,Genetically Modified Mice,0.522
P0564,technique,6,X선 결정학·구조분석,X-ray Crystallography,0.522
P0564,technique,7,나노입자·약물전달,Nanoparticles / Drug Delivery,0.518
P0564,technique,8,웨스턴블롯,Western Blot,0.217
P0287,keyword,1,Cystic Fibrosis,Cystic Fibrosis,33.706
P0287,keyword,2,Ivacaftor,Ivacaftor,33.568
P0287,keyword,3,Aminophenols,Aminophenols,31.317
P0287,keyword,4,Benzodioxoles,Benzodioxoles,21.009
P0287,keyword,5,Chloride Channel Agonists,Chloride Channel Agonists,19.766
P0287,keyword,6,Cystic Fibrosis Transmembrane Conductance Regulator,Cystic Fibrosis Transmembrane Conductance Regulator,19.646
P0287,keyword,7,Physiologically based pharmacokinetic modelling,Physiologically based pharmacokinetic modelling,18.267
P0287,keyword,8,Quinolones,Quinolones,16.665
P0287,keyword,9,Pyrazoles,Pyrazoles,10.998
P0287,keyword,10,Pharmacokinetics,Pharmacokinetics,10.735
P0287,keyword,11,Pyrrolidines,Pyrrolidines,10.462
P0287,keyword,12,Indoles,Indoles,9.386
P0287,technique,1,생물정보·계산생물,Bioinformatics,0.4
P0462,keyword,1,Methanotroph,Methanotroph,7.965
P0462,keyword,2,Cadaverine,Cadaverine,5.133
P0462,keyword,3,Bulb,Bulb,5.076
P0462,keyword,4,Inscribed figure,Inscribed figure,4.25
P0462,keyword,5,T-cell receptor,T-cell receptor,4.056
P0462,keyword,6,T cell,T cell,3.889
P0462,keyword,7,Synthetic biology,Synthetic biology,3.882
P0462,keyword,8,Immunotherapy,Immunotherapy,3.734
P0462,keyword,9,Allium,Allium,3.716
P0462,keyword,10,Genetic Engineering,Genetic Engineering,3.54
P0462,keyword,11,Architectural pattern,Architectural pattern,3.238
P0462,keyword,12,T-Lymphocytes,T-Lymphocytes,3.158
P0462,technique,1,CAR-T·입양세포치료,CAR-T / Adoptive Cell Therapy,8.744
P0462,technique,2,생물정보·계산생물,Bioinformatics,2.279
P0462,technique,3,머신러닝·AI,Machine Learning / AI,1.692
P0462,technique,4,유전자변형 마우스,Genetically Modified Mice,1.06
P0462,technique,5,유세포분석,Flow Cytometry,0.7
P0462,technique,6,분자도킹·시뮬레이션,Molecular Docking / Dynamics,0.369
P0215,keyword,1,Plant Gums,Plant Gums,8.758
P0215,keyword,2,Tamarindus,Tamarindus,7.801
P0215,keyword,3,Risedronic Acid,Risedronic Acid,7.292
P0215,keyword,4,Polysaccharides,Polysaccharides,7.096
P0215,keyword,5,Nervous System Diseases,Nervous System Diseases,6.013
P0215,keyword,6,Galactans,Galactans,5.892
P0215,keyword,7,Caesalpinia,Caesalpinia,5.788
P0215,keyword,8,Mannans,Mannans,4.963
P0215,keyword,9,"Translational Research, Biomedical","Translational Research, Biomedical",4.963
P0215,keyword,10,Bone Density Conservation Agents,Bone Density Conservation Agents,4.449
P0215,keyword,11,Food Packaging,Food Packaging,4.266
P0215,keyword,12,Polyvinylpyrrolidone,Polyvinylpyrrolidone,4.05
P0215,technique,1,나노입자·약물전달,Nanoparticles / Drug Delivery,8.556
P0308,keyword,1,Python (programming language),Python (programming language),1.724
P0308,keyword,2,Upload,Upload,1.703
P0308,keyword,3,Preprocessor,Preprocessor,1.315
P0308,keyword,4,NetCDF,NetCDF,1.134
P0308,keyword,5,Installation,Installation,1.003
P0308,keyword,6,Workflow,Workflow,0.964
P0308,keyword,7,Metadata,Metadata,0.943
P0308,keyword,8,Pipeline (software),Pipeline (software),0.734
P0308,keyword,9,Resource (disambiguation),Resource (disambiguation),0.566
P0035,keyword,1,Enantioselective synthesis,Enantioselective synthesis,21.919
P0035,keyword,2,Kinetic resolution,Kinetic resolution,17.401
P0035,keyword,3,Stereocenter,Stereocenter,15.82
P0035,keyword,4,Desymmetrization,Desymmetrization,13.956
P0035,keyword,5,Phosphoric acid,Phosphoric acid,13.712
P0035,keyword,6,Catalysis,Catalysis,12.122
P0035,keyword,7,Organocatalysis,Organocatalysis,9.133
P0035,keyword,8,Combinatorial chemistry,Combinatorial chemistry,9.076
P0035,keyword,9,Atropisomer,Atropisomer,7.949
P0035,keyword,10,Axial chirality,Axial chirality,7.741
P0035,keyword,11,Phosphoric Acids,Phosphoric Acids,7.505
P0035,keyword,12,Phosphoramidite,Phosphoramidite,6.794
P0035,technique,1,X선 결정학·구조분석,X-ray Crystallography,3.939
P0035,technique,2,생물정보·계산생물,Bioinformatics,0.142
P0300,keyword,1,Raman spectroscopy,Raman spectroscopy,0.55
P0300,keyword,2,Spectral analysis,Spectral analysis,0.46
P0300,keyword,3,Human skin,Human skin,0.41
P0300,keyword,4,Raman scattering,Raman scattering,0.375
P0300,keyword,5,Ex vivo,Ex vivo,0.372
P0300,keyword,6,Stratum corneum,Stratum corneum,0.295
P0300,keyword,7,Characterization (materials science),Characterization (materials science),0.243
P0115,keyword,1,"Arthritis, Rheumatoid","Arthritis, Rheumatoid",34.251
P0115,keyword,2,Rheumatoid arthritis,Rheumatoid arthritis,30.214
P0115,keyword,3,Rheumatic Diseases,Rheumatic Diseases,28.821
P0115,keyword,4,Antirheumatic Agents,Antirheumatic Agents,25.254
P0115,keyword,5,Behcet Syndrome,Behcet Syndrome,22.559
P0115,keyword,6,Tofacitinib,Tofacitinib,18.759
P0115,keyword,7,"Lupus Erythematosus, Systemic","Lupus Erythematosus, Systemic",17.941
P0115,keyword,8,"Scleroderma, Systemic","Scleroderma, Systemic",17.119
P0115,keyword,9,"Pneumonia, Pneumocystis","Pneumonia, Pneumocystis",16.945
P0115,keyword,10,Rheumatology,Rheumatology,16.42
P0115,keyword,11,"Trimethoprim, Sulfamethoxazole Drug Combination","Trimethoprim, Sulfamethoxazole Drug Combination",14.368
P0115,keyword,12,Methotrexate,Methotrexate,12.844
P0115,technique,1,임상시험,Clinical Trials,7.372
P0115,technique,2,항체 개발,Antibody Engineering,4.605
P0115,technique,3,GWAS·유전역학,GWAS / Genetic Epidemiology,2.076
P0115,technique,4,머신러닝·AI,Machine Learning / AI,2.028
P0115,technique,5,질량분석,Mass Spectrometry,2.022
P0115,technique,6,면역조직화학,Immunohistochemistry,1.867
P0115,technique,7,오가노이드,Organoids,1.725
P0115,technique,8,MRI·PET 영상,MRI / PET Imaging,0.858
P0518,keyword,1,Medial Forebrain Bundle,Medial Forebrain Bundle,7.712
P0518,keyword,2,Axotomy,Axotomy,5.829
P0518,keyword,3,Neuroanatomy,Neuroanatomy,4.676
P0518,keyword,4,Magnetic particle imaging,Magnetic particle imaging,4.126
P0518,keyword,5,Licking,Licking,4.108
P0518,keyword,6,Substantia Nigra,Substantia Nigra,3.266
P0518,keyword,7,Magnetic Phenomena,Magnetic Phenomena,3.218
P0518,keyword,8,"Rats, Wistar","Rats, Wistar",2.979
P0518,keyword,9,Brain,Brain,2.884
P0518,keyword,10,Galectin 3,Galectin 3,2.769
P0518,keyword,11,Microglia,Microglia,2.694
P0518,keyword,12,Azygos vein,Azygos vein,2.575
P0518,technique,1,면역조직화학,Immunohistochemistry,1.662
P0518,technique,2,나노입자·약물전달,Nanoparticles / Drug Delivery,1.605
P0518,technique,3,웨스턴블롯,Western Blot,1.316
P0518,technique,4,MRI·PET 영상,MRI / PET Imaging,1.277
P0518,technique,5,qPCR,Real-time PCR,0.859
P0659,keyword,1,"Receptors, Mineralocorticoid","Receptors, Mineralocorticoid",6.366
P0659,keyword,2,Cardiorespiratory fitness,Cardiorespiratory fitness,4.94
P0659,keyword,3,Mineralocorticoid receptor,Mineralocorticoid receptor,4.802
P0659,keyword,4,Vascular Stiffness,Vascular Stiffness,4.392
P0659,keyword,5,sed,sed,4.281
P0659,keyword,6,Prediabetic State,Prediabetic State,4.247
P0659,keyword,7,Treadmill,Treadmill,4.084
P0659,keyword,8,Physical activity,Physical activity,4.055
P0659,keyword,9,Inbred strain,Inbred strain,3.933
P0659,keyword,10,Chlorogenic Acid,Chlorogenic Acid,3.531
P0659,keyword,11,Aromatherapy,Aromatherapy,3.466
P0659,keyword,12,Athletes,Athletes,3.461
P0659,technique,1,GWAS·유전역학,GWAS / Genetic Epidemiology,0.865
P0659,technique,2,유전자변형 마우스,Genetically Modified Mice,0.413
P0659,technique,3,생물정보·계산생물,Bioinformatics,0.25
P0753,keyword,1,Nanotechnology,Nanotechnology,17.39
P0753,keyword,2,Circulating tumor cell,Circulating tumor cell,14.323
P0753,keyword,3,Nanoreactor,Nanoreactor,13.076
P0753,keyword,4,Biosensing Techniques,Biosensing Techniques,11.797
P0753,keyword,5,Microvesicles,Microvesicles,11.759
P0753,keyword,6,"Biomarkers, Tumor","Biomarkers, Tumor",10.819
P0753,keyword,7,Prostatic Neoplasms,Prostatic Neoplasms,10.442
P0753,keyword,8,Centrifugation,Centrifugation,10.198
P0753,keyword,9,"Spheroids, Cellular","Spheroids, Cellular",9.469
P0753,keyword,10,Liquid Biopsy,Liquid Biopsy,9.451
P0753,keyword,11,Dendritic Cells,Dendritic Cells,9.037
P0753,keyword,12,Spheroid,Spheroid,8.608
P0753,technique,1,미세유체·장기칩,Microfluidics / Organ-on-a-chip,61.006
P0753,technique,2,엑소좀·세포외소포,Exosomes / EVs,51.824
P0753,technique,3,나노입자·약물전달,Nanoparticles / Drug Delivery,12.333
P0753,technique,4,ELISA,ELISA,7.475
P0753,technique,5,단백체,Proteomics,4.446
P0753,technique,6,줄기세포·iPSC,Stem Cells / iPSC,2.759
P0753,technique,7,단일세포 분석,Single-cell Analysis,2.559
P0753,technique,8,머신러닝·AI,Machine Learning / AI,2.557
P0717,keyword,1,Cerebellar Neoplasms,Cerebellar Neoplasms,5.001
P0717,keyword,2,Medulloblastoma,Medulloblastoma,4.882
P0717,keyword,3,Glioblastoma,Glioblastoma,4.67
P0717,keyword,4,CpG Islands,CpG Islands,4.089
P0717,keyword,5,Exome,Exome,3.899
P0717,keyword,6,Paraffin Embedding,Paraffin Embedding,3.798
P0717,keyword,7,DNA Methylation,DNA Methylation,3.723
P0717,keyword,8,Brain Neoplasms,Brain Neoplasms,3.629
P0717,keyword,9,Gene Library,Gene Library,3.57
P0717,keyword,10,"DNA, Single-Stranded","DNA, Single-Stranded",3.386
P0717,keyword,11,Epigenome,Epigenome,3.035
P0717,keyword,12,Proteogenomics,Proteogenomics,2.438
P0717,technique,1,차세대 시퀀싱(NGS),Next-generation Sequencing,3.049
P0717,technique,2,RNA-seq·전사체,RNA-seq / Transcriptomics,1.025
P0717,technique,3,생물정보·계산생물,Bioinformatics,0.86
P0717,technique,4,종양 이종이식 모델,Xenograft Models,0.802
P0717,technique,5,대사체·지질체,Metabolomics / Lipidomics,0.534
P0717,technique,6,질량분석,Mass Spectrometry,0.373
P0717,technique,7,qPCR,Real-time PCR,0.29
P0424,keyword,1,"Education, Medical, Undergraduate","Education, Medical, Undergraduate",6.205
P0424,keyword,2,Leadership,Leadership,6.205
P0424,keyword,3,"Schools, Medical","Schools, Medical",6.205
P0424,keyword,4,Professional Competence,Professional Competence,5.242
P0424,keyword,5,Tuberculosis,Tuberculosis,4.74
P0424,keyword,6,COVID-19,COVID-19,4.454
P0424,keyword,7,Infection control,Infection control,4.373
P0424,keyword,8,Physicians,Physicians,4.088
P0424,keyword,9,Mortality,Mortality,3.564
P0424,keyword,10,Curriculum,Curriculum,3.473
P0424,keyword,11,Latent tuberculosis,Latent tuberculosis,3.175
P0424,keyword,12,Public–private partnership,Public–private partnership,3.121
P0210,keyword,1,Forkhead Box Protein L2,Forkhead Box Protein L2,13.989
P0210,keyword,2,DNA End-Joining Repair,DNA End-Joining Repair,9.825
P0210,keyword,3,Forkhead Transcription Factors,Forkhead Transcription Factors,9.163
P0210,keyword,4,Ku Autoantigen,Ku Autoantigen,8.966
P0210,keyword,5,bcl-2 Homologous Antagonist-Killer Protein,bcl-2 Homologous Antagonist-Killer Protein,8.102
P0210,keyword,6,Granulosa Cells,Granulosa Cells,7.33
P0210,keyword,7,Vibrio Infections,Vibrio Infections,6.9
P0210,keyword,8,"DNA Breaks, Double-Stranded","DNA Breaks, Double-Stranded",6.271
P0210,keyword,9,Simazine,Simazine,6.142
P0210,keyword,10,p300-CBP Transcription Factors,p300-CBP Transcription Factors,5.898
P0210,keyword,11,Granulosa Cell Tumor,Granulosa Cell Tumor,5.88
P0210,keyword,12,Sirtuin 1,Sirtuin 1,5.743
P0210,technique,1,나노입자·약물전달,Nanoparticles / Drug Delivery,3.353
P0210,technique,2,RNA-seq·전사체,RNA-seq / Transcriptomics,1.355
P0210,technique,3,RNA 치료제·siRNA,RNA Therapeutics,1.277
P0210,technique,4,후성유전 분석,Epigenomics (ChIP/ATAC-seq),1.084
P0210,technique,5,웨스턴블롯,Western Blot,0.985
P0210,technique,6,대사체·지질체,Metabolomics / Lipidomics,0.961
P0210,technique,7,생물정보·계산생물,Bioinformatics,0.821
P0210,technique,8,종양 이종이식 모델,Xenograft Models,0.685
P0555,keyword,1,Cut flowers,Cut flowers,8.33
P0555,keyword,2,Horticulture,Horticulture,5.981
P0555,keyword,3,Vase life,Vase life,5.877
P0555,keyword,4,Squatting position,Squatting position,5.136
P0555,keyword,5,Floriculture,Floriculture,4.129
P0555,keyword,6,Wilting,Wilting,4.113
P0555,keyword,7,Phalaenopsis,Phalaenopsis,3.322
P0555,keyword,8,Workload,Workload,3.171
P0555,keyword,9,Botany,Botany,2.976
P0555,keyword,10,Agricultural economics,Agricultural economics,2.549
P0555,keyword,11,Vase,Vase,2.303
P0555,keyword,12,Exercise intensity,Exercise intensity,2.094
P0299,keyword,1,Resistome,Resistome,17.755
P0299,keyword,2,Saccharomyces cerevisiae,Saccharomyces cerevisiae,11.301
P0299,keyword,3,Metabolic engineering,Metabolic engineering,9.184
P0299,keyword,4,Saccharomyces boulardii,Saccharomyces boulardii,8.407
P0299,keyword,5,Gastrointestinal Microbiome,Gastrointestinal Microbiome,8.296
P0299,keyword,6,Microbiome,Microbiome,8.18
P0299,keyword,7,Yeast,Yeast,7.515
P0299,keyword,8,Fermentation,Fermentation,7.25
P0299,keyword,9,Probiotics,Probiotics,6.858
P0299,keyword,10,Gut microbiome,Gut microbiome,6.628
P0299,keyword,11,Microbiota,Microbiota,5.852
P0299,keyword,12,Feces,Feces,5.829
P0299,technique,1,대사체·지질체,Metabolomics / Lipidomics,4.653
P0299,technique,2,질량분석,Mass Spectrometry,2.974
P0299,technique,3,임상시험,Clinical Trials,2.572
P0299,technique,4,생물정보·계산생물,Bioinformatics,2.053
P0299,technique,5,머신러닝·AI,Machine Learning / AI,0.313
P0040,keyword,1,Cancer research,Cancer research,25.555
P0040,keyword,2,Gastric carcinoma,Gastric carcinoma,17.063
P0040,keyword,3,Cancer,Cancer,15.269
P0040,keyword,4,Suppressor,Suppressor,13.27
P0040,keyword,5,Tumor suppressor gene,Tumor suppressor gene,11.908
P0040,keyword,6,Circulating tumor cell,Circulating tumor cell,9.305
P0040,keyword,7,Breast cancer,Breast cancer,8.954
P0040,keyword,8,HeLa,HeLa,8.917
P0040,keyword,9,Transforming growth factor,Transforming growth factor,8.73
P0040,keyword,10,Smad4 Protein,Smad4 Protein,8.613
P0040,keyword,11,Gene,Gene,8.247
P0040,keyword,12,CD99,CD99,7.982
P0040,technique,1,항체 개발,Antibody Engineering,4.593
P0040,technique,2,후성유전 분석,Epigenomics (ChIP/ATAC-seq),3.794
P0040,technique,3,RNA 치료제·siRNA,RNA Therapeutics,3.645
P0040,technique,4,면역조직화학,Immunohistochemistry,3.435
P0040,technique,5,종양 이종이식 모델,Xenograft Models,3.227
P0040,technique,6,생물정보·계산생물,Bioinformatics,2.818
P0040,technique,7,형광·공초점 이미징,Fluorescence / Confocal Imaging,2.738
P0040,technique,8,차세대 시퀀싱(NGS),Next-generation Sequencing,2.538
P0791,keyword,1,Supersaturation,Supersaturation,2.652
P0791,keyword,2,Dissolution,Dissolution,1.839
P0791,keyword,3,Methylcellulose,Methylcellulose,1.727
P0791,keyword,4,Solubility,Solubility,1.412
P0791,keyword,5,Bioavailability,Bioavailability,1.327
P0791,keyword,6,Homogenization (climate),Homogenization (climate),1.292
P0791,keyword,7,Polyvinylpyrrolidone,Polyvinylpyrrolidone,1.176
P0791,keyword,8,Benzimidazoles,Benzimidazoles,1.088
P0791,keyword,9,Zeta potential,Zeta potential,0.988
P0791,keyword,10,Particle Size,Particle Size,0.978
P0791,keyword,11,Polyvinyls,Polyvinyls,0.909
P0791,keyword,12,Pazopanib,Pazopanib,0.85
P0791,technique,1,나노입자·약물전달,Nanoparticles / Drug Delivery,0.186
P0312,keyword,1,Salmonella,Salmonella,29.866
P0312,keyword,2,Listeria monocytogenes,Listeria monocytogenes,25.32
P0312,keyword,3,Food Microbiology,Food Microbiology,23.823
P0312,keyword,4,Loop-mediated isothermal amplification,Loop-mediated isothermal amplification,23.0
P0312,keyword,5,Food science,Food science,16.589
P0312,keyword,6,Microbiology,Microbiology,16.32
P0312,keyword,7,Bacteria,Bacteria,15.34
P0312,keyword,8,Escherichia coli,Escherichia coli,15.181
P0312,keyword,9,Biofilms,Biofilms,13.665
P0312,keyword,10,Biofilm,Biofilm,13.438
P0312,keyword,11,Escherichia coli O157,Escherichia coli O157,13.092
P0312,keyword,12,Citrus paradisi,Citrus paradisi,11.725
P0312,technique,1,qPCR,Real-time PCR,9.342
P0312,technique,2,CRISPR 유전자편집,CRISPR Gene Editing,9.2
P0312,technique,3,나노입자·약물전달,Nanoparticles / Drug Delivery,5.266
P0312,technique,4,전자현미경,Electron Microscopy,2.328
P0312,technique,5,생물정보·계산생물,Bioinformatics,1.079
P0312,technique,6,머신러닝·AI,Machine Learning / AI,0.079
P0323,keyword,1,Pancreatic cancer,Pancreatic cancer,7.096
P0323,keyword,2,Irinotecan,Irinotecan,5.128
P0323,keyword,3,FOLFIRINOX,FOLFIRINOX,4.66
P0323,keyword,4,Pancreatic Neoplasms,Pancreatic Neoplasms,4.104
P0323,keyword,5,Febrile neutropenia,Febrile neutropenia,3.897
P0323,keyword,6,Fluorouracil,Fluorouracil,3.158
P0323,keyword,7,Neutropenia,Neutropenia,2.397
P0323,keyword,8,Granulocyte Colony-Stimulating Factor,Granulocyte Colony-Stimulating Factor,2.275
P0323,keyword,9,Oncology,Oncology,2.264
P0323,keyword,10,Nutritional Status,Nutritional Status,1.872
P0323,keyword,11,Smartphone,Smartphone,1.833
P0323,keyword,12,KRAS,KRAS,1.81
P0323,technique,1,임상시험,Clinical Trials,0.862
P0286,keyword,1,Cytochrome P-450 CYP2C9,Cytochrome P-450 CYP2C9,16.811
P0286,keyword,2,Physiologically based pharmacokinetic modelling,Physiologically based pharmacokinetic modelling,14.897
P0286,keyword,3,CYP2C9,CYP2C9,12.684
P0286,keyword,4,"Polymorphism, Genetic","Polymorphism, Genetic",11.957
P0286,keyword,5,Cytochrome P-450 CYP2D6,Cytochrome P-450 CYP2D6,11.51
P0286,keyword,6,Pharmacokinetics,Pharmacokinetics,10.952
P0286,keyword,7,Genotype,Genotype,9.369
P0286,keyword,8,Cytochrome P-450 CYP2C19,Cytochrome P-450 CYP2C19,9.075
P0286,keyword,9,Gliclazide,Gliclazide,8.357
P0286,keyword,10,Browning,Browning,7.841
P0286,keyword,11,Perilipin,Perilipin,7.38
P0286,keyword,12,CYP2C19,CYP2C19,7.085
P0286,technique,1,질량분석,Mass Spectrometry,2.104
P0286,technique,2,생물정보·계산생물,Bioinformatics,0.318
P0561,keyword,1,Opuntia,Opuntia,9.217
P0561,keyword,2,Prebiotics,Prebiotics,5.351
P0561,keyword,3,Plant Leaves,Plant Leaves,2.999
P0561,keyword,4,Lactobacillus paracasei,Lactobacillus paracasei,2.935
P0561,keyword,5,Prebiotic,Prebiotic,2.527
P0561,keyword,6,Fruit,Fruit,2.125
P0561,keyword,7,Plant Extracts,Plant Extracts,1.955
P0561,keyword,8,Lactobacillus,Lactobacillus,1.909
P0561,keyword,9,"Chromatography, High Pressure Liquid","Chromatography, High Pressure Liquid",1.738
P0561,keyword,10,Carica,Carica,1.597
P0561,keyword,11,Perilla frutescens,Perilla frutescens,1.56
P0561,keyword,12,Functional Food,Functional Food,1.333
P0386,keyword,1,Asthma,Asthma,23.35
P0386,keyword,2,Cough,Cough,20.634
P0386,keyword,3,Chronic cough,Chronic cough,15.872
P0386,keyword,4,Tiotropium Bromide,Tiotropium Bromide,7.092
P0386,keyword,5,Dupilumab,Dupilumab,5.976
P0386,keyword,6,Symptom Burden,Symptom Burden,5.242
P0386,keyword,7,Bronchodilator Agents,Bronchodilator Agents,4.793
P0386,keyword,8,Respiratory Hypersensitivity,Respiratory Hypersensitivity,4.747
P0386,keyword,9,Muscarinic Antagonists,Muscarinic Antagonists,4.668
P0386,keyword,10,Patient Reported Outcome Measures,Patient Reported Outcome Measures,4.585
P0386,keyword,11,Cost of Illness,Cost of Illness,4.243
P0386,keyword,12,Affect,Affect,3.814
P0386,technique,1,머신러닝·AI,Machine Learning / AI,1.459
P0386,technique,2,항체 개발,Antibody Engineering,0.536
P0386,technique,3,임상시험,Clinical Trials,0.32
P0349,keyword,1,Palatine Tonsil,Palatine Tonsil,26.105
P0349,keyword,2,Mesenchymal stem cell,Mesenchymal stem cell,10.521
P0349,keyword,3,Podoplanin,Podoplanin,10.102
P0349,keyword,4,Spasmodic dysphonia,Spasmodic dysphonia,9.843
P0349,keyword,5,Otolaryngology,Otolaryngology,9.751
P0349,keyword,6,Tonsil,Tonsil,9.684
P0349,keyword,7,Submandibular Gland,Submandibular Gland,9.671
P0349,keyword,8,Salivary Gland Calculi,Salivary Gland Calculi,9.576
P0349,keyword,9,Phonation,Phonation,7.846
P0349,keyword,10,Parathyroid hormone,Parathyroid hormone,7.84
P0349,keyword,11,Endoderm,Endoderm,7.554
P0349,keyword,12,Insulin-Secreting Cells,Insulin-Secreting Cells,7.153
P0349,technique,1,줄기세포·iPSC,Stem Cells / iPSC,16.616
P0349,technique,2,조직공학·바이오프린팅,Tissue Engineering / Bioprinting,10.813
P0349,technique,3,하이드로젤·스캐폴드,Hydrogels / Scaffolds,9.587
P0349,technique,4,단백체,Proteomics,2.14
P0349,technique,5,전자현미경,Electron Microscopy,1.815
P0349,technique,6,면역조직화학,Immunohistochemistry,0.598
P0349,technique,7,차세대 시퀀싱(NGS),Next-generation Sequencing,0.414
P0349,technique,8,RNA-seq·전사체,RNA-seq / Transcriptomics,0.313
P0107,keyword,1,"Enhancer Elements, Genetic","Enhancer Elements, Genetic",13.266
P0107,keyword,2,Enhancer,Enhancer,8.506
P0107,keyword,3,"Transcription, Genetic","Transcription, Genetic",5.47
P0107,keyword,4,"Promoter Regions, Genetic","Promoter Regions, Genetic",4.965
P0107,keyword,5,Enhancer RNAs,Enhancer RNAs,4.637
P0107,keyword,6,"Herpesvirus 8, Human","Herpesvirus 8, Human",4.285
P0107,keyword,7,Chromatin,Chromatin,3.296
P0107,keyword,8,Gene Expression Regulation,Gene Expression Regulation,3.293
P0107,keyword,9,Virus Diseases,Virus Diseases,3.112
P0107,keyword,10,Promoter,Promoter,3.043
P0107,keyword,11,Cohesins,Cohesins,2.958
P0107,keyword,12,"Regulatory Sequences, Nucleic Acid","Regulatory Sequences, Nucleic Acid",2.771
P0107,technique,1,생물정보·계산생물,Bioinformatics,1.837
P0107,technique,2,CRISPR 유전자편집,CRISPR Gene Editing,1.455
P0107,technique,3,형광·공초점 이미징,Fluorescence / Confocal Imaging,0.866
P0107,technique,4,유전자변형 마우스,Genetically Modified Mice,0.62
P0107,technique,5,종양 이종이식 모델,Xenograft Models,0.557
P0107,technique,6,나노입자·약물전달,Nanoparticles / Drug Delivery,0.424
P0107,technique,7,머신러닝·AI,Machine Learning / AI,0.409
P0107,technique,8,qPCR,Real-time PCR,0.23
P0552,keyword,1,Feces,Feces,18.034
P0552,keyword,2,Microbiome,Microbiome,13.174
P0552,keyword,3,Animal science,Animal science,11.335
P0552,keyword,4,Swine,Swine,10.577
P0552,keyword,5,Weaning,Weaning,9.991
P0552,keyword,6,Microbiology,Microbiology,9.322
P0552,keyword,7,Food Ingredients,Food Ingredients,9.279
P0552,keyword,8,Metagenomics,Metagenomics,9.073
P0552,keyword,9,Gastrointestinal Microbiome,Gastrointestinal Microbiome,8.946
P0552,keyword,10,Bacteria,Bacteria,8.879
P0552,keyword,11,"RNA, Ribosomal, 16S","RNA, Ribosomal, 16S",8.797
P0552,keyword,12,Gut flora,Gut flora,8.383
P0552,technique,1,차세대 시퀀싱(NGS),Next-generation Sequencing,2.102
P0552,technique,2,생물정보·계산생물,Bioinformatics,1.197
P0552,technique,3,MRI·PET 영상,MRI / PET Imaging,1.056
P0552,technique,4,머신러닝·AI,Machine Learning / AI,0.843
P0552,technique,5,임상시험,Clinical Trials,0.348
P0755,keyword,1,Protein folding,Protein folding,26.054
P0755,keyword,2,Membrane protein,Membrane protein,21.18
P0755,keyword,3,Folding (DSP implementation),Folding (DSP implementation),21.096
P0755,keyword,4,Single Molecule Imaging,Single Molecule Imaging,17.275
P0755,keyword,5,Optical tweezers,Optical tweezers,17.072
P0755,keyword,6,Membrane Proteins,Membrane Proteins,15.306
P0755,keyword,7,Lipid Bilayers,Lipid Bilayers,14.352
P0755,keyword,8,Magnetic tweezers,Magnetic tweezers,13.871
P0755,keyword,9,Lipid bilayer,Lipid bilayer,13.795
P0755,keyword,10,Membrane,Membrane,11.138
P0755,keyword,11,Energy landscape,Energy landscape,9.244
P0755,keyword,12,Force spectroscopy,Force spectroscopy,8.987
P0755,technique,1,분자도킹·시뮬레이션,Molecular Docking / Dynamics,2.937
P0755,technique,2,X선 결정학·구조분석,X-ray Crystallography,2.398
P0755,technique,3,생물정보·계산생물,Bioinformatics,0.819
P0603,keyword,1,Oncology,Oncology,3.927
P0603,keyword,2,Chemotherapy,Chemotherapy,3.82
P0603,keyword,3,Capecitabine,Capecitabine,3.268
P0603,keyword,4,Antineoplastic Combined Chemotherapy Protocols,Antineoplastic Combined Chemotherapy Protocols,2.622
P0603,keyword,5,Herpes Zoster,Herpes Zoster,2.582
P0603,keyword,6,Docetaxel,Docetaxel,2.568
P0603,keyword,7,Lymphoma,Lymphoma,2.426
P0603,keyword,8,Clear cell renal cell carcinoma,Clear cell renal cell carcinoma,2.282
P0603,keyword,9,Irinotecan,Irinotecan,2.231
P0603,keyword,10,Oxaliplatin,Oxaliplatin,2.183
P0603,keyword,11,Renal cell carcinoma,Renal cell carcinoma,2.178
P0603,keyword,12,Cancer,Cancer,2.164
P0603,technique,1,임상시험,Clinical Trials,1.634
P0603,technique,2,면역조직화학,Immunohistochemistry,0.711
P0603,technique,3,항체 개발,Antibody Engineering,0.628
P0603,technique,4,MRI·PET 영상,MRI / PET Imaging,0.527
P0130,keyword,1,Suture Anchors,Suture Anchors,2.731
P0130,keyword,2,Shoulder Dislocation,Shoulder Dislocation,2.038
P0130,keyword,3,Arthroscopy,Arthroscopy,2.029
P0130,keyword,4,Hip Prosthesis,Hip Prosthesis,1.653
P0130,keyword,5,Joint Instability,Joint Instability,1.367
P0130,keyword,6,Osseointegration,Osseointegration,1.291
P0130,keyword,7,Prosthesis Failure,Prosthesis Failure,1.062
P0130,keyword,8,Rotator cuff,Rotator cuff,1.031
P0130,keyword,9,"Arthroplasty, Replacement, Hip","Arthroplasty, Replacement, Hip",1.028
P0130,keyword,10,Shoulder Injuries,Shoulder Injuries,1.023
P0130,keyword,11,Hip Joint,Hip Joint,0.998
P0130,keyword,12,Osteolysis,Osteolysis,0.909
P0130,technique,1,MRI·PET 영상,MRI / PET Imaging,0.265
P0772,keyword,1,Polyubiquitin,Polyubiquitin,19.986
P0772,keyword,2,Lipocalin-2,Lipocalin-2,18.904
P0772,keyword,3,Ubiquitin,Ubiquitin,17.497
P0772,keyword,4,Proteasome Endopeptidase Complex,Proteasome Endopeptidase Complex,11.597
P0772,keyword,5,Protein Sorting Signals,Protein Sorting Signals,11.403
P0772,keyword,6,Protein Aggregates,Protein Aggregates,10.488
P0772,keyword,7,Ubiquitin C,Ubiquitin C,9.968
P0772,keyword,8,Gliosis,Gliosis,9.794
P0772,keyword,9,Microplastics,Microplastics,9.558
P0772,keyword,10,Autophagy,Autophagy,8.705
P0772,keyword,11,Lipocalins,Lipocalins,8.662
P0772,keyword,12,Polystyrenes,Polystyrenes,8.372
P0772,technique,1,유전자변형 마우스,Genetically Modified Mice,5.11
P0772,technique,2,나노입자·약물전달,Nanoparticles / Drug Delivery,4.8
P0772,technique,3,CRISPR 유전자편집,CRISPR Gene Editing,3.101
P0772,technique,4,생물정보·계산생물,Bioinformatics,0.699
P0772,technique,5,ELISA,ELISA,0.644
P0772,technique,6,qPCR,Real-time PCR,0.572
P0772,technique,7,면역조직화학,Immunohistochemistry,0.257
P0772,technique,8,웨스턴블롯,Western Blot,0.054
P0338,keyword,1,Mineral trioxide aggregate,Mineral trioxide aggregate,17.398
P0338,keyword,2,Dental Pulp Cavity,Dental Pulp Cavity,17.182
P0338,keyword,3,Molar,Molar,13.479
P0338,keyword,4,Root Canal Filling Materials,Root Canal Filling Materials,12.53
P0338,keyword,5,Dentin,Dentin,10.09
P0338,keyword,6,Root canal,Root canal,9.985
P0338,keyword,7,Dentistry,Dentistry,9.71
P0338,keyword,8,Cone-Beam Computed Tomography,Cone-Beam Computed Tomography,9.218
P0338,keyword,9,Root Canal Obturation,Root Canal Obturation,8.791
P0338,keyword,10,Tooth Root,Tooth Root,8.357
P0338,keyword,11,Silicates,Silicates,7.845
P0338,keyword,12,Mandible,Mandible,7.132
P0338,technique,1,MRI·PET 영상,MRI / PET Imaging,3.161
P0338,technique,2,전자현미경,Electron Microscopy,1.331
P0338,technique,3,임상시험,Clinical Trials,0.545
P0737,keyword,1,Protein Engineering,Protein Engineering,8.678
P0737,keyword,2,Protein design,Protein design,8.385
P0737,keyword,3,Proteins,Proteins,8.368
P0737,keyword,4,"Models, Molecular","Models, Molecular",6.988
P0737,keyword,5,Protein Conformation,Protein Conformation,6.941
P0737,keyword,6,CASP,CASP,6.105
P0737,keyword,7,Small Molecule Libraries,Small Molecule Libraries,5.48
P0737,keyword,8,Protein structure prediction,Protein structure prediction,5.292
P0737,keyword,9,Biosensing Techniques,Biosensing Techniques,4.267
P0737,keyword,10,Protein structure,Protein structure,3.826
P0737,keyword,11,Hydrocortisone,Hydrocortisone,3.62
P0737,keyword,12,Software,Software,3.236
P0737,technique,1,머신러닝·AI,Machine Learning / AI,4.289
P0737,technique,2,분자도킹·시뮬레이션,Molecular Docking / Dynamics,3.44
P0737,technique,3,생물정보·계산생물,Bioinformatics,3.177
P0737,technique,4,크라이오전자현미경,Cryo-EM,2.729
P0737,technique,5,X선 결정학·구조분석,X-ray Crystallography,2.527
P0766,keyword,1,Vibrio vulnificus,Vibrio vulnificus,35.568
P0766,keyword,2,"Gene Expression Regulation, Bacterial","Gene Expression Regulation, Bacterial",12.593
P0766,keyword,3,Bacterial Proteins,Bacterial Proteins,9.25
P0766,keyword,4,Quorum Sensing,Quorum Sensing,8.129
P0766,keyword,5,Homeobox Protein Nkx-2.5,Homeobox Protein Nkx-2.5,8.1
P0766,keyword,6,Biofilm,Biofilm,7.544
P0766,keyword,7,Biofilms,Biofilms,6.809
P0766,keyword,8,Vibrio,Vibrio,6.238
P0766,keyword,9,Microbiology,Microbiology,5.407
P0766,keyword,10,Flagella,Flagella,5.381
P0766,keyword,11,Transcription Factors,Transcription Factors,4.92
P0766,keyword,12,Flagellum,Flagellum,4.488
P0766,technique,1,유전자변형 마우스,Genetically Modified Mice,1.599
P0766,technique,2,전자현미경,Electron Microscopy,0.753
P0766,technique,3,후성유전 분석,Epigenomics (ChIP/ATAC-seq),0.628
P0766,technique,4,RNA-seq·전사체,RNA-seq / Transcriptomics,0.523
P0766,technique,5,웨스턴블롯,Western Blot,0.468
P0766,technique,6,제브라피시,Zebrafish,0.285
P0766,technique,7,X선 결정학·구조분석,X-ray Crystallography,0.231
P0766,technique,8,나노입자·약물전달,Nanoparticles / Drug Delivery,0.209
P0591,keyword,1,Tuberculosis,Tuberculosis,20.738
P0591,keyword,2,"Tuberculosis, Pulmonary","Tuberculosis, Pulmonary",14.615
P0591,keyword,3,Pulmonary tuberculosis,Pulmonary tuberculosis,7.387
P0591,keyword,4,Latent tuberculosis,Latent tuberculosis,6.534
P0591,keyword,5,Antitubercular Agents,Antitubercular Agents,5.588
P0591,keyword,6,Mycobacterium tuberculosis,Mycobacterium tuberculosis,3.791
P0591,keyword,7,Thinness,Thinness,3.439
P0591,keyword,8,"Tuberculosis, Multidrug-Resistant","Tuberculosis, Multidrug-Resistant",3.066
P0591,keyword,9,Underweight,Underweight,2.902
P0591,keyword,10,Overweight,Overweight,2.829
P0591,keyword,11,Cohort,Cohort,2.824
P0591,keyword,12,Sputum,Sputum,2.725
P0591,technique,1,웨스턴블롯,Western Blot,0.09
P0591,technique,2,면역조직화학,Immunohistochemistry,0.017
P0162,keyword,1,Asphalt,Asphalt,23.151
P0162,keyword,2,"Lupus Erythematosus, Systemic","Lupus Erythematosus, Systemic",20.504
P0162,keyword,3,Genetic Predisposition to Disease,Genetic Predisposition to Disease,16.819
P0162,keyword,4,"Polymorphism, Single Nucleotide","Polymorphism, Single Nucleotide",14.315
P0162,keyword,5,Major histocompatibility complex,Major histocompatibility complex,11.618
P0162,keyword,6,"Arthritis, Rheumatoid","Arthritis, Rheumatoid",10.523
P0162,keyword,7,Radiant cooling,Radiant cooling,9.755
P0162,keyword,8,HLA Antigens,HLA Antigens,9.115
P0162,keyword,9,Human leukocyte antigen,Human leukocyte antigen,8.598
P0162,keyword,10,Radiant heating,Radiant heating,7.927
P0162,keyword,11,Complement C4,Complement C4,6.91
P0162,keyword,12,Genetic association,Genetic association,6.821
P0162,technique,1,GWAS·유전역학,GWAS / Genetic Epidemiology,24.771
P0162,technique,2,차세대 시퀀싱(NGS),Next-generation Sequencing,2.55
P0162,technique,3,생물정보·계산생물,Bioinformatics,1.802
P0162,technique,4,RNA-seq·전사체,RNA-seq / Transcriptomics,1.305
P0162,technique,5,머신러닝·AI,Machine Learning / AI,0.423
P0162,technique,6,X선 결정학·구조분석,X-ray Crystallography,0.378
P0108,keyword,1,Gelatin,Gelatin,10.73
P0108,keyword,2,Biomedical engineering,Biomedical engineering,7.03
P0108,keyword,3,Keratins,Keratins,6.656
P0108,keyword,4,Biocompatible Materials,Biocompatible Materials,6.493
P0108,keyword,5,Nanotechnology,Nanotechnology,6.49
P0108,keyword,6,Oncolytic Virotherapy,Oncolytic Virotherapy,6.186
P0108,keyword,7,Oncolytic Viruses,Oncolytic Viruses,6.186
P0108,keyword,8,Blood-Brain Barrier,Blood-Brain Barrier,6.134
P0108,keyword,9,Cell biology,Cell biology,6.043
P0108,keyword,10,Vaccinia virus,Vaccinia virus,5.96
P0108,keyword,11,Hemostatics,Hemostatics,5.532
P0108,keyword,12,Silicates,Silicates,4.958
P0108,technique,1,하이드로젤·스캐폴드,Hydrogels / Scaffolds,19.353
P0108,technique,2,조직공학·바이오프린팅,Tissue Engineering / Bioprinting,14.461
P0108,technique,3,줄기세포·iPSC,Stem Cells / iPSC,7.441
P0108,technique,4,오가노이드,Organoids,5.703
P0108,technique,5,나노입자·약물전달,Nanoparticles / Drug Delivery,5.294
P0108,technique,6,미세유체·장기칩,Microfluidics / Organ-on-a-chip,4.266
P0108,technique,7,초파리,Drosophila,4.047
P0108,technique,8,제브라피시,Zebrafish,1.952
P0411,keyword,1,Mechanosensitive channels,Mechanosensitive channels,2.807
P0411,keyword,2,Mechanobiology,Mechanobiology,2.174
P0411,keyword,3,Synapses,Synapses,1.904
P0411,keyword,4,Synaptic Transmission,Synaptic Transmission,1.853
P0411,keyword,5,Netrins,Netrins,1.843
P0411,keyword,6,Neuronal Plasticity,Neuronal Plasticity,1.754
P0411,keyword,7,"Receptors, N-Methyl-D-Aspartate","Receptors, N-Methyl-D-Aspartate",1.695
P0411,keyword,8,Tension (geology),Tension (geology),1.625
P0411,keyword,9,Long-Term Synaptic Depression,Long-Term Synaptic Depression,1.519
P0411,keyword,10,Mechanotransduction,Mechanotransduction,1.439
P0411,keyword,11,"Receptors, AMPA","Receptors, AMPA",1.26
P0411,keyword,12,GPI-Linked Proteins,GPI-Linked Proteins,1.174
P0411,technique,1,유전자변형 마우스,Genetically Modified Mice,0.818
P0481,keyword,1,Deubiquitinating enzyme,Deubiquitinating enzyme,67.5
P0481,keyword,2,Deubiquitinating Enzymes,Deubiquitinating Enzymes,65.924
P0481,keyword,3,Ubiquitination,Ubiquitination,51.082
P0481,keyword,4,Ubiquitin,Ubiquitin,49.079
P0481,keyword,5,Proteasome Endopeptidase Complex,Proteasome Endopeptidase Complex,33.18
P0481,keyword,6,Ubiquitin Thiolesterase,Ubiquitin Thiolesterase,28.478
P0481,keyword,7,"Abortion, Habitual","Abortion, Habitual",19.666
P0481,keyword,8,Ubiquitin-Specific Peptidase 7,Ubiquitin-Specific Peptidase 7,19.16
P0481,keyword,9,Trophoblasts,Trophoblasts,17.863
P0481,keyword,10,Polycystic ovary,Polycystic ovary,16.939
P0481,keyword,11,Polycystic Ovary Syndrome,Polycystic Ovary Syndrome,16.92
P0481,keyword,12,Endopeptidases,Endopeptidases,15.63
P0481,technique,1,단백체,Proteomics,8.566
P0481,technique,2,웨스턴블롯,Western Blot,4.475
P0481,technique,3,생물정보·계산생물,Bioinformatics,3.398
P0481,technique,4,RNA-seq·전사체,RNA-seq / Transcriptomics,3.189
P0481,technique,5,대사체·지질체,Metabolomics / Lipidomics,3.075
P0481,technique,6,줄기세포·iPSC,Stem Cells / iPSC,2.405
P0481,technique,7,RNA 치료제·siRNA,RNA Therapeutics,1.44
P0481,technique,8,초파리,Drosophila,1.312
P0014,keyword,1,Myeloid leukemia,Myeloid leukemia,19.757
P0014,keyword,2,Multiple Myeloma,Multiple Myeloma,15.046
P0014,keyword,3,"Leukemia, Myeloid, Acute","Leukemia, Myeloid, Acute",14.075
P0014,keyword,4,Hematopoietic Stem Cell Transplantation,Hematopoietic Stem Cell Transplantation,13.993
P0014,keyword,5,Myelodysplastic Syndromes,Myelodysplastic Syndromes,10.341
P0014,keyword,6,Oncology,Oncology,8.348
P0014,keyword,7,Leukemia,Leukemia,8.052
P0014,keyword,8,International Prognostic Scoring System,International Prognostic Scoring System,7.629
P0014,keyword,9,Azacitidine,Azacitidine,7.017
P0014,keyword,10,Myeloid,Myeloid,6.466
P0014,keyword,11,Imatinib,Imatinib,6.23
P0014,keyword,12,Decitabine,Decitabine,6.154
P0014,technique,1,MRI·PET 영상,MRI / PET Imaging,3.6
P0014,technique,2,CAR-T·입양세포치료,CAR-T / Adoptive Cell Therapy,2.624
P0014,technique,3,차세대 시퀀싱(NGS),Next-generation Sequencing,1.424
P0014,technique,4,임상시험,Clinical Trials,1.421
P0014,technique,5,항체 개발,Antibody Engineering,1.32
P0014,technique,6,GWAS·유전역학,GWAS / Genetic Epidemiology,1.013
P0014,technique,7,생물정보·계산생물,Bioinformatics,0.642
P0014,technique,8,나노입자·약물전달,Nanoparticles / Drug Delivery,0.406
P0392,keyword,1,Laryngoscopes,Laryngoscopes,6.95
P0392,keyword,2,Occupational therapy,Occupational therapy,5.137
P0392,keyword,3,Frailty,Frailty,4.895
P0392,keyword,4,Hypotension,Hypotension,4.331
P0392,keyword,5,Hydroxyethyl Starch Derivatives,Hydroxyethyl Starch Derivatives,4.142
P0392,keyword,6,Vascular Diseases,Vascular Diseases,3.703
P0392,keyword,7,"Intubation, Intratracheal","Intubation, Intratracheal",3.523
P0392,keyword,8,"Catheterization, Central Venous","Catheterization, Central Venous",3.265
P0392,keyword,9,Laryngoscopy,Laryngoscopy,2.887
P0392,keyword,10,Tracheal intubation,Tracheal intubation,2.856
P0392,keyword,11,Hydroxyethyl starch,Hydroxyethyl starch,2.622
P0392,keyword,12,"Anesthesia, General","Anesthesia, General",2.613
P0392,technique,1,임상시험,Clinical Trials,0.86
P0392,technique,2,머신러닝·AI,Machine Learning / AI,0.083
P0526,keyword,1,Food insecurity,Food insecurity,20.597
P0526,keyword,2,Tobacco Products,Tobacco Products,14.708
P0526,keyword,3,Nutrition Surveys,Nutrition Surveys,11.513
P0526,keyword,4,Obesity,Obesity,7.504
P0526,keyword,5,Tobacco Smoke Pollution,Tobacco Smoke Pollution,7.074
P0526,keyword,6,Primary Health Care,Primary Health Care,6.802
P0526,keyword,7,Life Style,Life Style,6.52
P0526,keyword,8,Social Determinants of Health,Social Determinants of Health,6.167
P0526,keyword,9,Tobacco use,Tobacco use,5.68
P0526,keyword,10,Tobacco product,Tobacco product,5.566
P0526,keyword,11,Body mass index,Body mass index,5.566
P0526,keyword,12,Electronic Nicotine Delivery Systems,Electronic Nicotine Delivery Systems,5.513
P0526,technique,1,MRI·PET 영상,MRI / PET Imaging,7.353
P0526,technique,2,엑소좀·세포외소포,Exosomes / EVs,1.055
P0011,keyword,1,"Killer Cells, Natural","Killer Cells, Natural",38.299
P0011,keyword,2,"Cytotoxicity, Immunologic","Cytotoxicity, Immunologic",24.145
P0011,keyword,3,Immunotherapy,Immunotherapy,13.69
P0011,keyword,4,Neoplasms,Neoplasms,12.662
P0011,keyword,5,B7 Antigens,B7 Antigens,10.802
P0011,keyword,6,"Receptors, Interleukin-7","Receptors, Interleukin-7",10.541
P0011,keyword,7,Cancer immunotherapy,Cancer immunotherapy,9.208
P0011,keyword,8,STING Protein,STING Protein,7.356
P0011,keyword,9,T-Lymphocytes,T-Lymphocytes,7.352
P0011,keyword,10,"Receptor, EphA2","Receptor, EphA2",6.91
P0011,keyword,11,Signal transduction,Signal transduction,6.747
P0011,keyword,12,"Immunity, Innate","Immunity, Innate",6.484
P0011,technique,1,CAR-T·입양세포치료,CAR-T / Adoptive Cell Therapy,27.911
P0011,technique,2,종양 이종이식 모델,Xenograft Models,9.638
P0011,technique,3,유전자변형 마우스,Genetically Modified Mice,2.244
P0011,technique,4,분자도킹·시뮬레이션,Molecular Docking / Dynamics,1.78
P0011,technique,5,생물정보·계산생물,Bioinformatics,1.614
P0011,technique,6,하이드로젤·스캐폴드,Hydrogels / Scaffolds,1.518
P0011,technique,7,RNA-seq·전사체,RNA-seq / Transcriptomics,1.352
P0011,technique,8,조직공학·바이오프린팅,Tissue Engineering / Bioprinting,1.316
P0775,keyword,1,Gerbil,Gerbil,3.752
P0775,keyword,2,"Seizures, Febrile","Seizures, Febrile",3.457
P0775,keyword,3,Hippocampus,Hippocampus,3.396
P0775,keyword,4,Status Epilepticus,Status Epilepticus,2.353
P0775,keyword,5,Thoracic Arteries,Thoracic Arteries,2.046
P0775,keyword,6,Epilepsy,Epilepsy,1.943
P0775,keyword,7,Pilocarpine,Pilocarpine,1.759
P0775,keyword,8,Cleft Lip,Cleft Lip,1.727
P0775,keyword,9,Neuroscience,Neuroscience,1.647
P0775,keyword,10,"Brain Injuries, Traumatic","Brain Injuries, Traumatic",1.637
P0775,keyword,11,Body surface,Body surface,1.612
P0775,keyword,12,Gerbillinae,Gerbillinae,1.599
P0775,technique,1,면역조직화학,Immunohistochemistry,0.194
P0775,technique,2,생물정보·계산생물,Bioinformatics,0.171
P0775,technique,3,전자현미경,Electron Microscopy,0.164
P0775,technique,4,머신러닝·AI,Machine Learning / AI,0.043
P0490,keyword,1,Vitronectin,Vitronectin,5.824
P0490,keyword,2,Lipids,Lipids,3.829
P0490,keyword,3,Follistatin,Follistatin,3.692
P0490,keyword,4,Blood-Brain Barrier,Blood-Brain Barrier,3.59
P0490,keyword,5,Cachexia,Cachexia,3.493
P0490,keyword,6,Glioblastoma,Glioblastoma,3.343
P0490,keyword,7,Brain Neoplasms,Brain Neoplasms,3.047
P0490,keyword,8,Glucose Transporter Type 1,Glucose Transporter Type 1,2.993
P0490,keyword,9,"RNA, Messenger","RNA, Messenger",2.964
P0490,keyword,10,Mannose,Mannose,2.907
P0490,keyword,11,PTEN Phosphohydrolase,PTEN Phosphohydrolase,2.481
P0490,keyword,12,Cholesterol,Cholesterol,2.346
P0490,technique,1,나노입자·약물전달,Nanoparticles / Drug Delivery,3.025
P0783,keyword,1,Thrombospondin,Thrombospondin,19.775
P0783,keyword,2,Thrombospondin 1,Thrombospondin 1,19.367
P0783,keyword,3,Curcumin,Curcumin,15.057
P0783,keyword,4,Metalloproteinase,Metalloproteinase,11.556
P0783,keyword,5,Electric Stimulation Therapy,Electric Stimulation Therapy,11.53
P0783,keyword,6,Prostatic Neoplasms,Prostatic Neoplasms,10.831
P0783,keyword,7,Polyphenols,Polyphenols,10.564
P0783,keyword,8,Apoptosis,Apoptosis,10.518
P0783,keyword,9,Cancer research,Cancer research,9.564
P0783,keyword,10,Necroptosis,Necroptosis,8.485
P0783,keyword,11,Melanoma,Melanoma,8.484
P0783,keyword,12,PLK1,PLK1,7.785
P0783,technique,1,엑소좀·세포외소포,Exosomes / EVs,4.843
P0783,technique,2,단백체,Proteomics,2.463
P0783,technique,3,웨스턴블롯,Western Blot,1.899
P0783,technique,4,면역조직화학,Immunohistochemistry,1.265
P0524,keyword,1,Cancellous bone,Cancellous bone,7.152
P0524,keyword,2,Fluorodeoxyglucose F18,Fluorodeoxyglucose F18,4.981
P0524,keyword,3,Radiopharmaceuticals,Radiopharmaceuticals,4.906
P0524,keyword,4,Alzheimer's Disease Neuroimaging Initiative,Alzheimer's Disease Neuroimaging Initiative,4.648
P0524,keyword,5,Lumbar vertebrae,Lumbar vertebrae,4.413
P0524,keyword,6,Bone density,Bone density,3.855
P0524,keyword,7,Hounsfield scale,Hounsfield scale,3.641
P0524,keyword,8,Ethylene Glycols,Ethylene Glycols,3.527
P0524,keyword,9,"Absorptiometry, Photon","Absorptiometry, Photon",3.448
P0524,keyword,10,Mass Screening,Mass Screening,3.16
P0524,keyword,11,Cognitive Dysfunction,Cognitive Dysfunction,2.875
P0524,keyword,12,Amyloid,Amyloid,2.802
P0524,technique,1,MRI·PET 영상,MRI / PET Imaging,6.023
P0524,technique,2,머신러닝·AI,Machine Learning / AI,1.616
P0524,technique,3,임상시험,Clinical Trials,0.375
P0294,keyword,1,Gastrointestinal Microbiome,Gastrointestinal Microbiome,13.414
P0294,keyword,2,Broiler,Broiler,8.198
P0294,keyword,3,Weaning,Weaning,6.89
P0294,keyword,4,Microbiome,Microbiome,6.643
P0294,keyword,5,Oleic Acids,Oleic Acids,6.285
P0294,keyword,6,Dysbiosis,Dysbiosis,5.916
P0294,keyword,7,Animal feed,Animal feed,5.759
P0294,keyword,8,Fecal Microbiota Transplantation,Fecal Microbiota Transplantation,5.495
P0294,keyword,9,Gut flora,Gut flora,5.249
P0294,keyword,10,Dietary Supplements,Dietary Supplements,4.962
P0294,keyword,11,Probiotics,Probiotics,4.845
P0294,keyword,12,Diet,Diet,4.276
P0294,technique,1,엑소좀·세포외소포,Exosomes / EVs,6.267
P0294,technique,2,예쁜꼬마선충,C. elegans,5.639
P0294,technique,3,대사체·지질체,Metabolomics / Lipidomics,1.038
P0294,technique,4,RNA-seq·전사체,RNA-seq / Transcriptomics,0.677
P0294,technique,5,생물정보·계산생물,Bioinformatics,0.526
P0294,technique,6,머신러닝·AI,Machine Learning / AI,0.421
P0052,keyword,1,Histamine H2 Antagonists,Histamine H2 Antagonists,7.423
P0052,keyword,2,Clinical Decision-Making,Clinical Decision-Making,6.253
P0052,keyword,3,Cognitive impairment,Cognitive impairment,6.015
P0052,keyword,4,Decision Making,Decision Making,6.007
P0052,keyword,5,Zirconium,Zirconium,5.939
P0052,keyword,6,Health Personnel,Health Personnel,5.898
P0052,keyword,7,Prenatal Exposure Delayed Effects,Prenatal Exposure Delayed Effects,5.796
P0052,keyword,8,Proton Pump Inhibitors,Proton Pump Inhibitors,5.613
P0052,keyword,9,"Spike Glycoprotein, Coronavirus","Spike Glycoprotein, Coronavirus",5.304
P0052,keyword,10,Retching,Retching,4.864
P0052,keyword,11,"RNA, Long Noncoding","RNA, Long Noncoding",4.788
P0052,keyword,12,Systematic Reviews as Topic,Systematic Reviews as Topic,4.768
P0052,technique,1,MRI·PET 영상,MRI / PET Imaging,1.539
P0052,technique,2,머신러닝·AI,Machine Learning / AI,0.611
P0052,technique,3,단백체,Proteomics,0.49
P0052,technique,4,임상시험,Clinical Trials,0.423
P0194,keyword,1,Oryza,Oryza,109.499
P0194,keyword,2,"Gene Expression Regulation, Plant","Gene Expression Regulation, Plant",77.062
P0194,keyword,3,Plant Proteins,Plant Proteins,69.363
P0194,keyword,4,Pollen Tube,Pollen Tube,58.112
P0194,keyword,5,Pollen,Pollen,51.59
P0194,keyword,6,Oryza sativa,Oryza sativa,28.894
P0194,keyword,7,Gene,Gene,27.997
P0194,keyword,8,Plant Infertility,Plant Infertility,23.042
P0194,keyword,9,Germination,Germination,21.778
P0194,keyword,10,"Plants, Genetically Modified","Plants, Genetically Modified",21.046
P0194,keyword,11,Root hair,Root hair,20.585
P0194,keyword,12,Amplicon sequencing,Amplicon sequencing,20.417
P0194,technique,1,애기장대·식물 모델,Arabidopsis,44.085
P0194,technique,2,RNA-seq·전사체,RNA-seq / Transcriptomics,29.689
P0194,technique,3,CRISPR 유전자편집,CRISPR Gene Editing,17.355
P0194,technique,4,생물정보·계산생물,Bioinformatics,12.099
P0194,technique,5,GWAS·유전역학,GWAS / Genetic Epidemiology,2.672
P0194,technique,6,qPCR,Real-time PCR,1.95
P0194,technique,7,단백체,Proteomics,1.762
P0194,technique,8,분자도킹·시뮬레이션,Molecular Docking / Dynamics,0.807
P0170,keyword,1,Whey Proteins,Whey Proteins,7.756
P0170,keyword,2,Frailty,Frailty,6.923
P0170,keyword,3,Sarcopenia,Sarcopenia,4.21
P0170,keyword,4,Lactobacillales,Lactobacillales,3.932
P0170,keyword,5,Hand Strength,Hand Strength,3.536
P0170,keyword,6,Dietary Supplements,Dietary Supplements,3.45
P0170,keyword,7,Nutritional Supplementation,Nutritional Supplementation,3.347
P0170,keyword,8,Vitamin D,Vitamin D,3.258
P0170,keyword,9,"Muscle, Skeletal","Muscle, Skeletal",2.604
P0170,keyword,10,Grip strength,Grip strength,2.5
P0170,keyword,11,Whey protein,Whey protein,2.376
P0170,keyword,12,Clinical nutrition,Clinical nutrition,2.141
P0641,keyword,1,Transcatheter Aortic Valve Replacement,Transcatheter Aortic Valve Replacement,4.413
P0641,keyword,2,Coronary Artery Disease,Coronary Artery Disease,3.917
P0641,keyword,3,Heart Valve Prosthesis,Heart Valve Prosthesis,3.108
P0641,keyword,4,Heart Valve Prosthesis Implantation,Heart Valve Prosthesis Implantation,3.108
P0641,keyword,5,Aortic Valve Stenosis,Aortic Valve Stenosis,3.019
P0641,keyword,6,Atrial fibrillation,Atrial fibrillation,2.647
P0641,keyword,7,"Angioplasty, Balloon, Coronary","Angioplasty, Balloon, Coronary",2.602
P0641,keyword,8,Coronary angiography,Coronary angiography,2.599
P0641,keyword,9,Lipoprotein(a),Lipoprotein(a),2.141
P0641,keyword,10,Catheters,Catheters,2.072
P0641,keyword,11,Asymptomatic Diseases,Asymptomatic Diseases,2.013
P0641,keyword,12,Ischemic Stroke,Ischemic Stroke,2.012
P0079,keyword,1,Lung cancer,Lung cancer,50.754
P0079,keyword,2,Tumor microenvironment,Tumor microenvironment,45.91
P0079,keyword,3,Profiling (computer programming),Profiling (computer programming),45.176
P0079,keyword,4,Immune system,Immune system,36.018
P0079,keyword,5,Innate lymphoid cell,Innate lymphoid cell,27.482
P0079,keyword,6,CD1D,CD1D,25.334
P0079,keyword,7,Natural Killer T-Cells,Natural Killer T-Cells,25.268
P0079,keyword,8,Lung Neoplasms,Lung Neoplasms,24.752
P0079,keyword,9,Natural killer T cell,Natural killer T cell,22.738
P0079,keyword,10,Cancer research,Cancer research,20.533
P0079,keyword,11,Immunology,Immunology,18.601
P0079,keyword,12,Table (database),Table (database),18.446
P0079,technique,1,RNA-seq·전사체,RNA-seq / Transcriptomics,33.342
P0079,technique,2,면역조직화학,Immunohistochemistry,9.658
P0079,technique,3,유전자변형 마우스,Genetically Modified Mice,9.496
P0079,technique,4,생물정보·계산생물,Bioinformatics,7.564
P0079,technique,5,유세포분석,Flow Cytometry,3.363
P0079,technique,6,엑소좀·세포외소포,Exosomes / EVs,2.349
P0079,technique,7,ELISA,ELISA,1.64
P0079,technique,8,qPCR,Real-time PCR,1.446
P0292,keyword,1,Biofilm,Biofilm,18.136
P0292,keyword,2,Yersinia enterocolitica,Yersinia enterocolitica,17.867
P0292,keyword,3,Multidrug tolerance,Multidrug tolerance,13.77
P0292,keyword,4,Membrane Fluidity,Membrane Fluidity,11.022
P0292,keyword,5,Diosgenin,Diosgenin,9.747
P0292,keyword,6,Staphylococcus aureus,Staphylococcus aureus,9.28
P0292,keyword,7,Guanosine Pentaphosphate,Guanosine Pentaphosphate,8.756
P0292,keyword,8,Microbiology,Microbiology,8.688
P0292,keyword,9,Bacteria,Bacteria,7.757
P0292,keyword,10,Streptococcus mutans,Streptococcus mutans,5.668
P0292,keyword,11,Aeromonas hydrophila,Aeromonas hydrophila,5.216
P0292,keyword,12,Behenic acid,Behenic acid,4.614
P0292,technique,1,RNA-seq·전사체,RNA-seq / Transcriptomics,1.874
P0350,keyword,1,Biliary Tract Neoplasms,Biliary Tract Neoplasms,7.51
P0350,keyword,2,Palliative Care,Palliative Care,7.384
P0350,keyword,3,End-of-life care,End-of-life care,7.361
P0350,keyword,4,Circulating Tumor DNA,Circulating Tumor DNA,6.57
P0350,keyword,5,Bile Duct Neoplasms,Bile Duct Neoplasms,5.678
P0350,keyword,6,Advance Care Planning,Advance Care Planning,5.604
P0350,keyword,7,Terminal Care,Terminal Care,5.033
P0350,keyword,8,Cholangiocarcinoma,Cholangiocarcinoma,4.547
P0350,keyword,9,Biliary tract cancer,Biliary tract cancer,4.224
P0350,keyword,10,Attitude of Health Personnel,Attitude of Health Personnel,4.018
P0350,keyword,11,Attitude to Death,Attitude to Death,3.845
P0350,keyword,12,"Biomarkers, Tumor","Biomarkers, Tumor",3.644
P0350,technique,1,차세대 시퀀싱(NGS),Next-generation Sequencing,2.349
P0350,technique,2,임상시험,Clinical Trials,1.003
P0350,technique,3,면역조직화학,Immunohistochemistry,0.76
P0746,keyword,1,AMPA receptor,AMPA receptor,7.213
P0746,keyword,2,"Receptors, AMPA","Receptors, AMPA",7.193
P0746,keyword,3,Visual cortex,Visual cortex,6.379
P0746,keyword,4,ras GTPase-Activating Proteins,ras GTPase-Activating Proteins,5.782
P0746,keyword,5,Fear,Fear,5.591
P0746,keyword,6,Iterative reconstruction,Iterative reconstruction,5.51
P0746,keyword,7,Interneurons,Interneurons,5.21
P0746,keyword,8,Parvalbumins,Parvalbumins,5.043
P0746,keyword,9,Synaptic plasticity,Synaptic plasticity,4.887
P0746,keyword,10,Neuronal Plasticity,Neuronal Plasticity,4.667
P0746,keyword,11,Long-Term Potentiation,Long-Term Potentiation,4.264
P0746,keyword,12,Neuroscience,Neuroscience,3.895
P0746,technique,1,전기생리,Electrophysiology,2.43
P0746,technique,2,머신러닝·AI,Machine Learning / AI,1.4
P0746,technique,3,유전자변형 마우스,Genetically Modified Mice,1.262
P0746,technique,4,질량분석,Mass Spectrometry,0.781
P0746,technique,5,광유전학,Optogenetics,0.762
P0746,technique,6,단백체,Proteomics,0.692
P0746,technique,7,줄기세포·iPSC,Stem Cells / iPSC,0.652
P0746,technique,8,형광·공초점 이미징,Fluorescence / Confocal Imaging,0.417
P0448,keyword,1,Meckel's diverticulum,Meckel's diverticulum,0.34
P0448,keyword,2,Acute disseminated encephalomyelitis,Acute disseminated encephalomyelitis,0.303
P0448,keyword,3,Diverticulum (mollusc),Diverticulum (mollusc),0.236
P0448,keyword,4,Acute abdomen,Acute abdomen,0.203
P0448,keyword,5,Myoclonic Jerk,Myoclonic Jerk,0.179
P0448,keyword,6,Diverticulitis,Diverticulitis,0.164
P0448,keyword,7,Hemiparesis,Hemiparesis,0.146
P0448,keyword,8,Intussusception (medical disorder),Intussusception (medical disorder),0.123
P0448,keyword,9,Abdomen,Abdomen,0.11
P0448,keyword,10,Perforation,Perforation,0.103
P0448,keyword,11,Multiple sclerosis,Multiple sclerosis,0.095
P0448,keyword,12,Encephalitis,Encephalitis,0.092
P0121,keyword,1,Headland,Headland,18.167
P0121,keyword,2,Turning radius,Turning radius,9.726
P0121,keyword,3,Unmanned Aerial Devices,Unmanned Aerial Devices,6.241
P0121,keyword,4,Greenhouse,Greenhouse,5.869
P0121,keyword,5,Waypoint,Waypoint,5.836
P0121,keyword,6,Heading (navigation),Heading (navigation),5.404
P0121,keyword,7,RGB color model,RGB color model,4.588
P0121,keyword,8,Evapotranspiration,Evapotranspiration,4.289
P0121,keyword,9,Fragaria,Fragaria,4.27
P0121,keyword,10,Turn (biochemistry),Turn (biochemistry),4.25
P0121,keyword,11,Aircraft,Aircraft,4.161
P0121,keyword,12,Crop coefficient,Crop coefficient,3.303
P0121,technique,1,머신러닝·AI,Machine Learning / AI,2.928
P0027,keyword,1,"Killer Cells, Natural","Killer Cells, Natural",3.527
P0027,keyword,2,NK Cell Lectin-Like Receptor Subfamily C,NK Cell Lectin-Like Receptor Subfamily C,2.28
P0027,keyword,3,2-Methyl-4-chlorophenoxyacetic Acid,2-Methyl-4-chlorophenoxyacetic Acid,1.311
P0027,keyword,4,Lymphokine-activated killer cell,Lymphokine-activated killer cell,1.243
P0027,keyword,5,Immunologic Memory,Immunologic Memory,1.185
P0027,keyword,6,Interleukin 21,Interleukin 21,1.182
P0027,keyword,7,Interleukin 12,Interleukin 12,1.128
P0027,keyword,8,Immunophenotyping,Immunophenotyping,1.12
P0027,keyword,9,K562 Cells,K562 Cells,1.086
P0027,keyword,10,Cytomegalovirus Infections,Cytomegalovirus Infections,1.056
P0027,keyword,11,"Receptors, IgG","Receptors, IgG",1.034
P0027,keyword,12,Lymphocyte Activation,Lymphocyte Activation,0.985
P0027,technique,1,유세포분석,Flow Cytometry,0.519
P0496,keyword,1,Larva,Larva,6.594
P0496,keyword,2,Insulin-Secreting Cells,Insulin-Secreting Cells,5.669
P0496,keyword,3,Gryllus bimaculatus,Gryllus bimaculatus,4.753
P0496,keyword,4,Insulin Resistance,Insulin Resistance,4.694
P0496,keyword,5,Caveolin 1,Caveolin 1,4.635
P0496,keyword,6,Beta cell,Beta cell,4.534
P0496,keyword,7,Coleoptera,Coleoptera,4.514
P0496,keyword,8,Insulin,Insulin,4.453
P0496,keyword,9,Skin Aging,Skin Aging,4.404
P0496,keyword,10,Oxidative Stress,Oxidative Stress,4.339
P0496,keyword,11,Apoptosis,Apoptosis,4.309
P0496,keyword,12,Lipotoxicity,Lipotoxicity,3.931
P0496,technique,1,RNA 치료제·siRNA,RNA Therapeutics,1.282
P0496,technique,2,분자도킹·시뮬레이션,Molecular Docking / Dynamics,0.714
P0496,technique,3,생물정보·계산생물,Bioinformatics,0.446
P0496,technique,4,유전자변형 마우스,Genetically Modified Mice,0.393
P0496,technique,5,질량분석,Mass Spectrometry,0.253
P0496,technique,6,웨스턴블롯,Western Blot,0.041
P0341,keyword,1,Anesthesia,Anesthesia,7.333
P0341,keyword,2,Brachial Plexus Block,Brachial Plexus Block,6.441
P0341,keyword,3,"Anesthetics, Local","Anesthetics, Local",5.902
P0341,keyword,4,Epidural Space,Epidural Space,5.523
P0341,keyword,5,Combined spinal epidural,Combined spinal epidural,4.897
P0341,keyword,6,Shoulder surgery,Shoulder surgery,4.512
P0341,keyword,7,Postoperative Pain,Postoperative Pain,4.406
P0341,keyword,8,Ropivacaine,Ropivacaine,4.37
P0341,keyword,9,Consciousness Monitors,Consciousness Monitors,4.353
P0341,keyword,10,Shoulder,Shoulder,4.154
P0341,keyword,11,"Pain, Postoperative","Pain, Postoperative",4.149
P0341,keyword,12,Gamut,Gamut,4.071
P0341,technique,1,머신러닝·AI,Machine Learning / AI,1.731
P0341,technique,2,임상시험,Clinical Trials,1.574
P0583,keyword,1,Niclosamide,Niclosamide,0.943
P0583,keyword,2,Porous glass,Porous glass,0.58
P0583,keyword,3,Dissolution,Dissolution,0.445
P0583,keyword,4,Emulsion,Emulsion,0.436
P0583,keyword,5,Solubility,Solubility,0.395
P0583,keyword,6,Bioavailability,Bioavailability,0.379
P0583,keyword,7,Aqueous solution,Aqueous solution,0.234
P0583,keyword,8,Membrane,Membrane,0.206
P0114,keyword,1,Biodistribution,Biodistribution,15.717
P0114,keyword,2,Gallium Radioisotopes,Gallium Radioisotopes,10.855
P0114,keyword,3,Tissue Distribution,Tissue Distribution,10.137
P0114,keyword,4,Click chemistry,Click chemistry,9.449
P0114,keyword,5,Radiopharmaceuticals,Radiopharmaceuticals,9.029
P0114,keyword,6,Copper Radioisotopes,Copper Radioisotopes,8.818
P0114,keyword,7,"Serum Albumin, Human","Serum Albumin, Human",8.252
P0114,keyword,8,Glutamate Carboxypeptidase II,Glutamate Carboxypeptidase II,8.231
P0114,keyword,9,Clodronic Acid,Clodronic Acid,8.121
P0114,keyword,10,Alzheimer Disease,Alzheimer Disease,7.65
P0114,keyword,11,Amyloid beta-Peptides,Amyloid beta-Peptides,7.399
P0114,keyword,12,tau Proteins,tau Proteins,7.338
P0114,technique,1,MRI·PET 영상,MRI / PET Imaging,19.855
P0114,technique,2,나노입자·약물전달,Nanoparticles / Drug Delivery,15.766
P0114,technique,3,종양 이종이식 모델,Xenograft Models,1.172
P0114,technique,4,엑소좀·세포외소포,Exosomes / EVs,0.865
P0114,technique,5,임상시험,Clinical Trials,0.732
P0114,technique,6,유세포분석,Flow Cytometry,0.607
P0114,technique,7,X선 결정학·구조분석,X-ray Crystallography,0.374
P0114,technique,8,형광·공초점 이미징,Fluorescence / Confocal Imaging,0.274
P0680,keyword,1,Sirtuin 1,Sirtuin 1,15.314
P0680,keyword,2,Inflammation,Inflammation,11.579
P0680,keyword,3,Sirtuin,Sirtuin,8.962
P0680,keyword,4,Citrus paradisi,Citrus paradisi,8.185
P0680,keyword,5,Muscular Atrophy,Muscular Atrophy,8.063
P0680,keyword,6,Shikimic acid,Shikimic acid,7.756
P0680,keyword,7,Xanthophylls,Xanthophylls,6.858
P0680,keyword,8,Histone deacetylase,Histone deacetylase,6.407
P0680,keyword,9,HDAC4,HDAC4,6.282
P0680,keyword,10,Muscle Proteins,Muscle Proteins,6.046
P0680,keyword,11,Oxidative Stress,Oxidative Stress,5.462
P0680,keyword,12,Lipopolysaccharide,Lipopolysaccharide,5.363
P0680,technique,1,GWAS·유전역학,GWAS / Genetic Epidemiology,6.736
P0680,technique,2,분자도킹·시뮬레이션,Molecular Docking / Dynamics,4.493
P0680,technique,3,유전자변형 마우스,Genetically Modified Mice,1.785
P0680,technique,4,생물정보·계산생물,Bioinformatics,0.354
P0680,technique,5,나노입자·약물전달,Nanoparticles / Drug Delivery,0.067
P0365,keyword,1,"Infant, Premature","Infant, Premature",11.938
P0365,keyword,2,"Infant, Very Low Birth Weight","Infant, Very Low Birth Weight",11.76
P0365,keyword,3,Coffee shop,Coffee shop,10.726
P0365,keyword,4,Bronchopulmonary Dysplasia,Bronchopulmonary Dysplasia,8.33
P0365,keyword,5,Gestational Age,Gestational Age,8.0
P0365,keyword,6,Birth Weight,Birth Weight,6.396
P0365,keyword,7,"Infant, Premature, Diseases","Infant, Premature, Diseases",5.152
P0365,keyword,8,Brand management,Brand management,4.797
P0365,keyword,9,Low birth weight,Low birth weight,4.738
P0365,keyword,10,Child Development,Child Development,3.911
P0365,keyword,11,"Enterocolitis, Necrotizing","Enterocolitis, Necrotizing",3.677
P0365,keyword,12,Brand awareness,Brand awareness,3.602
P0365,technique,1,MRI·PET 영상,MRI / PET Imaging,0.566
P0365,technique,2,머신러닝·AI,Machine Learning / AI,0.169
P0365,technique,3,생물정보·계산생물,Bioinformatics,0.151
P0365,technique,4,임상시험,Clinical Trials,0.086
P0624,keyword,1,Traumatic brain injury,Traumatic brain injury,10.943
P0624,keyword,2,Glasgow Coma Scale,Glasgow Coma Scale,7.799
P0624,keyword,3,Craniocerebral Trauma,Craniocerebral Trauma,4.166
P0624,keyword,4,CD69,CD69,3.758
P0624,keyword,5,Glasgow Outcome Scale,Glasgow Outcome Scale,3.724
P0624,keyword,6,Surgery,Surgery,3.611
P0624,keyword,7,Trauma center,Trauma center,3.539
P0624,keyword,8,Blunt,Blunt,3.436
P0624,keyword,9,"Ear, Inner","Ear, Inner",3.371
P0624,keyword,10,Skull fracture,Skull fracture,3.355
P0624,keyword,11,Radiosurgery,Radiosurgery,3.285
P0624,keyword,12,"Hearing Loss, Sensorineural","Hearing Loss, Sensorineural",3.2
P0624,technique,1,MRI·PET 영상,MRI / PET Imaging,0.732
P0604,keyword,1,Dementia,Dementia,13.184
P0604,keyword,2,Depression,Depression,9.668
P0604,keyword,3,Depression (economics),Depression (economics),9.651
P0604,keyword,4,Major Depressive Disorder,Major Depressive Disorder,6.149
P0604,keyword,5,Cognitive Dysfunction,Cognitive Dysfunction,5.731
P0604,keyword,6,Geriatric Depression Scale,Geriatric Depression Scale,5.43
P0604,keyword,7,Cognition,Cognition,5.183
P0604,keyword,8,Mental Health,Mental Health,5.165
P0604,keyword,9,Psychiatry,Psychiatry,5.108
P0604,keyword,10,Psychology,Psychology,4.757
P0604,keyword,11,Neuropsychological Tests,Neuropsychological Tests,4.547
P0604,keyword,12,Gerontology,Gerontology,4.545
P0604,technique,1,MRI·PET 영상,MRI / PET Imaging,0.851
P0604,technique,2,머신러닝·AI,Machine Learning / AI,0.155
P0604,technique,3,생물정보·계산생물,Bioinformatics,0.058
P0140,keyword,1,Synthetic biology,Synthetic biology,9.035
P0140,keyword,2,Escherichia coli,Escherichia coli,8.793
P0140,keyword,3,"Gene Expression Regulation, Bacterial","Gene Expression Regulation, Bacterial",5.652
P0140,keyword,4,Escherichia coli Proteins,Escherichia coli Proteins,5.023
P0140,keyword,5,"Genome, Bacterial","Genome, Bacterial",4.651
P0140,keyword,6,Gentamicins,Gentamicins,4.457
P0140,keyword,7,Enzyme Assays,Enzyme Assays,4.365
P0140,keyword,8,Escherichia coli K12,Escherichia coli K12,4.066
P0140,keyword,9,Genome,Genome,3.325
P0140,keyword,10,Rejuvenation,Rejuvenation,3.295
P0140,keyword,11,"RNA, Ribosomal","RNA, Ribosomal",3.227
P0140,keyword,12,Gene Regulatory Networks,Gene Regulatory Networks,3.22
P0140,technique,1,RNA-seq·전사체,RNA-seq / Transcriptomics,3.794
P0140,technique,2,생물정보·계산생물,Bioinformatics,3.687
P0140,technique,3,CRISPR 유전자편집,CRISPR Gene Editing,3.173
P0140,technique,4,머신러닝·AI,Machine Learning / AI,0.737
P0140,technique,5,차세대 시퀀싱(NGS),Next-generation Sequencing,0.578
P0638,keyword,1,Medical History Taking,Medical History Taking,5.528
P0638,keyword,2,Metformin,Metformin,4.945
P0638,keyword,3,Myristica,Myristica,4.541
P0638,keyword,4,Renal function,Renal function,4.144
P0638,keyword,5,Virtual reality,Virtual reality,3.78
P0638,keyword,6,Diabetic Nephropathies,Diabetic Nephropathies,3.511
P0638,keyword,7,Hypertonic saline,Hypertonic saline,3.392
P0638,keyword,8,"Renal Insufficiency, Chronic","Renal Insufficiency, Chronic",2.693
P0638,keyword,9,"Students, Medical","Students, Medical",2.667
P0638,keyword,10,Diabetic nephropathy,Diabetic nephropathy,2.464
P0638,keyword,11,User-Computer Interface,User-Computer Interface,2.298
P0638,keyword,12,Cohort study,Cohort study,2.284
P0638,technique,1,머신러닝·AI,Machine Learning / AI,1.063
P0551,keyword,1,Blepharitis,Blepharitis,6.805
P0551,keyword,2,Meibomian gland,Meibomian gland,6.718
P0551,keyword,3,Corneal Neovascularization,Corneal Neovascularization,6.416
P0551,keyword,4,Low-Level Light Therapy,Low-Level Light Therapy,6.039
P0551,keyword,5,Corneal Injuries,Corneal Injuries,5.21
P0551,keyword,6,Cornea,Cornea,3.733
P0551,keyword,7,Eyelid,Eyelid,3.505
P0551,keyword,8,Alkalies,Alkalies,3.465
P0551,keyword,9,Ophthalmology,Ophthalmology,2.928
P0551,keyword,10,Meibomian Gland Dysfunction,Meibomian Gland Dysfunction,2.467
P0551,keyword,11,Demodex,Demodex,2.422
P0551,keyword,12,Telangiectasis,Telangiectasis,2.183
P0551,technique,1,면역조직화학,Immunohistochemistry,1.662
P0551,technique,2,조직공학·바이오프린팅,Tissue Engineering / Bioprinting,1.505
P0551,technique,3,머신러닝·AI,Machine Learning / AI,0.116
P0133,keyword,1,Chloroplast DNA,Chloroplast DNA,40.967
P0133,keyword,2,Phylogeny,Phylogeny,33.985
P0133,keyword,3,Rosaceae,Rosaceae,32.167
P0133,keyword,4,"Genome, Plastid","Genome, Plastid",30.741
P0133,keyword,5,Phylogenetic tree,Phylogenetic tree,30.12
P0133,keyword,6,"Genome, Chloroplast","Genome, Chloroplast",28.884
P0133,keyword,7,Islands,Islands,25.906
P0133,keyword,8,Asteraceae,Asteraceae,24.392
P0133,keyword,9,Endemism,Endemism,23.685
P0133,keyword,10,Monophyly,Monophyly,21.563
P0133,keyword,11,Evolutionary biology,Evolutionary biology,20.916
P0133,keyword,12,Subgenus,Subgenus,20.888
P0133,technique,1,차세대 시퀀싱(NGS),Next-generation Sequencing,3.837
P0133,technique,2,생물정보·계산생물,Bioinformatics,0.337
P0133,technique,3,애기장대·식물 모델,Arabidopsis,0.228
P0767,keyword,1,Rhodopsin,Rhodopsin,64.529
P0767,keyword,2,"Rhodopsins, Microbial","Rhodopsins, Microbial",58.732
P0767,keyword,3,Proton Pumps,Proton Pumps,21.452
P0767,keyword,4,Light,Light,13.562
P0767,keyword,5,Anabaena,Anabaena,11.582
P0767,keyword,6,Sensory Rhodopsins,Sensory Rhodopsins,11.381
P0767,keyword,7,Cyanobacteria,Cyanobacteria,9.587
P0767,keyword,8,Bacterial Proteins,Bacterial Proteins,8.577
P0767,keyword,9,Opsin,Opsin,8.262
P0767,keyword,10,ATP-Binding Cassette Transporters,ATP-Binding Cassette Transporters,7.453
P0767,keyword,11,Chromophore,Chromophore,7.214
P0767,keyword,12,Retinal,Retinal,6.85
P0767,technique,1,광유전학,Optogenetics,4.459
P0767,technique,2,X선 결정학·구조분석,X-ray Crystallography,1.001
P0767,technique,3,생물정보·계산생물,Bioinformatics,0.946
P0767,technique,4,차세대 시퀀싱(NGS),Next-generation Sequencing,0.411
P0767,technique,5,머신러닝·AI,Machine Learning / AI,0.153
P0571,keyword,1,Deposition (geology),Deposition (geology),0.104
P0571,keyword,2,Polydimethylsiloxane,Polydimethylsiloxane,0.088
P0571,keyword,3,Electrode,Electrode,0.079
P0571,keyword,4,Gas analyzer,Gas analyzer,0.075
P0571,keyword,5,Substrate (aquarium),Substrate (aquarium),0.073
P0571,keyword,6,Metal,Metal,0.06
P0571,keyword,7,Optical filter,Optical filter,0.051
P0571,keyword,8,Microelectromechanical systems,Microelectromechanical systems,0.047
P0571,keyword,9,Electrical conductor,Electrical conductor,0.045
P0571,keyword,10,Characterization (materials science),Characterization (materials science),0.042
P0571,keyword,11,Nanotechnology,Nanotechnology,0.037
P0571,keyword,12,Wavelength,Wavelength,0.036
P0749,keyword,1,"Models, Immunological","Models, Immunological",6.448
P0749,keyword,2,Autofluorescence,Autofluorescence,5.25
P0749,keyword,3,Precision Medicine,Precision Medicine,4.32
P0749,keyword,4,Pairwise comparison,Pairwise comparison,3.535
P0749,keyword,5,Antigens,Antigens,3.32
P0749,keyword,6,"T-Lymphocytes, Regulatory","T-Lymphocytes, Regulatory",3.23
P0749,keyword,7,Boundary (topology),Boundary (topology),3.181
P0749,keyword,8,Code (set theory),Code (set theory),2.761
P0749,keyword,9,Immune system,Immune system,2.328
P0749,keyword,10,Immunotherapy,Immunotherapy,2.325
P0749,keyword,11,Pattern recognition (psychology),Pattern recognition (psychology),1.991
P0749,keyword,12,Pemphigus,Pemphigus,1.922
P0749,technique,1,생물정보·계산생물,Bioinformatics,1.093
P0749,technique,2,GWAS·유전역학,GWAS / Genetic Epidemiology,0.566
P0749,technique,3,머신러닝·AI,Machine Learning / AI,0.527
P0749,technique,4,RNA-seq·전사체,RNA-seq / Transcriptomics,0.422
P0378,keyword,1,Kidney transplantation,Kidney transplantation,19.483
P0378,keyword,2,Transplantation,Transplantation,7.992
P0378,keyword,3,Graft Survival,Graft Survival,6.749
P0378,keyword,4,Graft Rejection,Graft Rejection,5.45
P0378,keyword,5,Liver Transplantation,Liver Transplantation,5.332
P0378,keyword,6,Transplant Recipients,Transplant Recipients,3.797
P0378,keyword,7,Delayed Graft Function,Delayed Graft Function,3.46
P0378,keyword,8,Surgery,Surgery,3.029
P0378,keyword,9,Organ donation,Organ donation,3.01
P0378,keyword,10,Panel reactive antibody,Panel reactive antibody,2.961
P0378,keyword,11,Living Donors,Living Donors,2.928
P0378,keyword,12,Cold ischemia,Cold ischemia,2.816
P0378,technique,1,유세포분석,Flow Cytometry,0.554
P0598,keyword,1,Hepatitis C Antibodies,Hepatitis C Antibodies,0.725
P0598,keyword,2,Hepatitis B Antibodies,Hepatitis B Antibodies,0.613
P0598,keyword,3,"Hepatitis C, Chronic","Hepatitis C, Chronic",0.598
P0598,keyword,4,"Hepatitis B, Chronic","Hepatitis B, Chronic",0.573
P0598,keyword,5,Liver Function Tests,Liver Function Tests,0.51
P0598,keyword,6,Hepatitis B Surface Antigens,Hepatitis B Surface Antigens,0.49
P0598,keyword,7,Seroprevalence,Seroprevalence,0.414
P0598,keyword,8,Viral hepatitis,Viral hepatitis,0.408
P0598,keyword,9,"RNA, Viral","RNA, Viral",0.375
P0598,keyword,10,HBsAg,HBsAg,0.362
P0598,keyword,11,Chronic hepatitis,Chronic hepatitis,0.305
P0598,keyword,12,Irritable Bowel Syndrome,Irritable Bowel Syndrome,0.255
P0598,technique,1,유세포분석,Flow Cytometry,0.081
P0087,keyword,1,Corrosion,Corrosion,7.556
P0087,keyword,2,Spark plasma sintering,Spark plasma sintering,7.344
P0087,keyword,3,Thermal barrier coating,Thermal barrier coating,5.619
P0087,keyword,4,Sintering,Sintering,4.115
P0087,keyword,5,Composite material,Composite material,3.104
P0087,keyword,6,Nitrous Oxide,Nitrous Oxide,2.989
P0087,keyword,7,Self-healing,Self-healing,2.898
P0087,keyword,8,Metallurgy,Metallurgy,2.691
P0087,keyword,9,Pareto principle,Pareto principle,2.589
P0087,keyword,10,Volcano,Volcano,2.478
P0087,keyword,11,Nanoindentation,Nanoindentation,2.29
P0087,keyword,12,Coating,Coating,2.272
P0087,technique,1,머신러닝·AI,Machine Learning / AI,0.818
P0127,keyword,1,Seed orchard,Seed orchard,39.517
P0127,keyword,2,Strobilus,Strobilus,17.705
P0127,keyword,3,Pinus koraiensis,Pinus koraiensis,10.366
P0127,keyword,4,Heritability,Heritability,10.224
P0127,keyword,5,Botany,Botany,9.322
P0127,keyword,6,Genetic gain,Genetic gain,9.242
P0127,keyword,7,Genetic diversity,Genetic diversity,8.652
P0127,keyword,8,Acorn,Acorn,8.291
P0127,keyword,9,Provenance,Provenance,7.137
P0127,keyword,10,Pinus densiflora,Pinus densiflora,7.055
P0127,keyword,11,Orchard,Orchard,6.924
P0127,keyword,12,Pinus <genus>,Pinus <genus>,6.28
P0127,technique,1,RNA-seq·전사체,RNA-seq / Transcriptomics,1.244
P0127,technique,2,머신러닝·AI,Machine Learning / AI,0.142
P0112,keyword,1,Hanwoo,Hanwoo,23.04
P0112,keyword,2,"Swine, Miniature","Swine, Miniature",10.404
P0112,keyword,3,Rumen,Rumen,9.591
P0112,keyword,4,Breeding,Breeding,8.86
P0112,keyword,5,Swine,Swine,7.564
P0112,keyword,6,Genome,Genome,6.662
P0112,keyword,7,DNA Methylation,DNA Methylation,6.535
P0112,keyword,8,Gene,Gene,5.901
P0112,keyword,9,Korean Native,Korean Native,5.771
P0112,keyword,10,CpG site,CpG site,5.468
P0112,keyword,11,Genetics,Genetics,5.44
P0112,keyword,12,Genomics,Genomics,5.33
P0112,technique,1,RNA-seq·전사체,RNA-seq / Transcriptomics,14.359
P0112,technique,2,차세대 시퀀싱(NGS),Next-generation Sequencing,3.88
P0112,technique,3,생물정보·계산생물,Bioinformatics,3.746
P0112,technique,4,GWAS·유전역학,GWAS / Genetic Epidemiology,1.5
P0112,technique,5,머신러닝·AI,Machine Learning / AI,0.203
P0053,keyword,1,Allosteric regulation,Allosteric regulation,13.059
P0053,keyword,2,T790M,T790M,5.754
P0053,keyword,3,Mutant,Mutant,5.73
P0053,keyword,4,Osimertinib,Osimertinib,5.282
P0053,keyword,5,EGFR inhibitors,EGFR inhibitors,4.817
P0053,keyword,6,Protein Kinase Inhibitors,Protein Kinase Inhibitors,4.044
P0053,keyword,7,ErbB Receptors,ErbB Receptors,3.987
P0053,keyword,8,Epidermal growth factor receptor,Epidermal growth factor receptor,3.757
P0053,keyword,9,E-Box Elements,E-Box Elements,3.53
P0053,keyword,10,SGK1,SGK1,3.482
P0053,keyword,11,"Peptides, Cyclic","Peptides, Cyclic",3.151
P0053,keyword,12,Histone Deacetylase Inhibitors,Histone Deacetylase Inhibitors,2.827
P0053,technique,1,분자도킹·시뮬레이션,Molecular Docking / Dynamics,1.05
P0053,technique,2,생물정보·계산생물,Bioinformatics,0.892
P0053,technique,3,질량분석,Mass Spectrometry,0.788
P0285,keyword,1,Pharmacokinetics,Pharmacokinetics,24.645
P0285,keyword,2,Pharmacology,Pharmacology,11.848
P0285,keyword,3,Metformin,Metformin,11.825
P0285,keyword,4,Drug Interactions,Drug Interactions,8.714
P0285,keyword,5,"Microsomes, Liver","Microsomes, Liver",8.279
P0285,keyword,6,Mirabegron,Mirabegron,7.3
P0285,keyword,7,Plant Extracts,Plant Extracts,6.658
P0285,keyword,8,"Administration, Oral","Administration, Oral",6.397
P0285,keyword,9,Cytochrome P-450 CYP3A,Cytochrome P-450 CYP3A,6.011
P0285,keyword,10,Proprotein Convertase 9,Proprotein Convertase 9,5.959
P0285,keyword,11,CXCR4,CXCR4,5.872
P0285,keyword,12,Garcinia mangostana,Garcinia mangostana,5.691
P0285,technique,1,질량분석,Mass Spectrometry,3.599
P0285,technique,2,항체 개발,Antibody Engineering,2.582
P0285,technique,3,오가노이드,Organoids,1.958
P0285,technique,4,면역조직화학,Immunohistochemistry,1.655
P0285,technique,5,나노입자·약물전달,Nanoparticles / Drug Delivery,0.804
P0285,technique,6,웨스턴블롯,Western Blot,0.643
P0285,technique,7,임상시험,Clinical Trials,0.466
P0285,technique,8,RNA-seq·전사체,RNA-seq / Transcriptomics,0.27
P0239,keyword,1,Neuroinflammatory Diseases,Neuroinflammatory Diseases,6.671
P0239,keyword,2,Dopaminergic Neurons,Dopaminergic Neurons,6.257
P0239,keyword,3,Neuroinflammation,Neuroinflammation,5.737
P0239,keyword,4,Neuroprotective Agents,Neuroprotective Agents,5.36
P0239,keyword,5,Okadaic acid,Okadaic acid,5.097
P0239,keyword,6,Petasites,Petasites,4.953
P0239,keyword,7,Zingiber officinale,Zingiber officinale,4.898
P0239,keyword,8,Tauopathies,Tauopathies,4.793
P0239,keyword,9,Parkinson Disease,Parkinson Disease,4.64
P0239,keyword,10,Catechols,Catechols,4.435
P0239,keyword,11,Alzheimer Disease,Alzheimer Disease,4.327
P0239,keyword,12,Memory Disorders,Memory Disorders,4.199
P0239,technique,1,유전자변형 마우스,Genetically Modified Mice,2.435
P0239,technique,2,웨스턴블롯,Western Blot,0.284
P0459,keyword,1,Vitamin A deficiency,Vitamin A deficiency,1.658
P0459,keyword,2,Integrin beta Chains,Integrin beta Chains,1.658
P0459,keyword,3,Adoptive Transfer,Adoptive Transfer,1.564
P0459,keyword,4,"Immunity, Mucosal","Immunity, Mucosal",1.5
P0459,keyword,5,Interleukin-17,Interleukin-17,0.885
P0459,keyword,6,Th17 Cells,Th17 Cells,0.885
P0459,keyword,7,"Intestine, Small","Intestine, Small",0.877
P0459,keyword,8,Host-Pathogen Interactions,Host-Pathogen Interactions,0.771
P0459,keyword,9,Insulin Resistance,Insulin Resistance,0.679
P0459,keyword,10,Homeodomain Proteins,Homeodomain Proteins,0.675
P0459,keyword,11,"Diet, High-Fat","Diet, High-Fat",0.591
P0459,keyword,12,Metabolic Syndrome,Metabolic Syndrome,0.588
P0593,keyword,1,Ankle injury,Ankle injury,0.048
P0593,keyword,2,Ankle,Ankle,0.032
P0593,keyword,3,Radiography,Radiography,0.021
P0593,keyword,4,Surgery,Surgery,0.007
P0593,keyword,5,Radiology,Radiology,0.006
P0696,keyword,1,4-Hydroxycoumarins,4-Hydroxycoumarins,6.192
P0696,keyword,2,Lichens,Lichens,5.025
P0696,keyword,3,Lung Neoplasms,Lung Neoplasms,3.317
P0696,keyword,4,Antineoplastic Agents,Antineoplastic Agents,3.007
P0696,keyword,5,Usnic acid,Usnic acid,2.845
P0696,keyword,6,Neoplastic Stem Cells,Neoplastic Stem Cells,2.747
P0696,keyword,7,Fluorescent Dyes,Fluorescent Dyes,2.417
P0696,keyword,8,Cancer research,Cancer research,2.312
P0696,keyword,9,Motility,Motility,2.129
P0696,keyword,10,Ensemble learning,Ensemble learning,2.097
P0696,keyword,11,Cell Movement,Cell Movement,2.054
P0696,keyword,12,Coumarins,Coumarins,2.031
P0696,technique,1,분자도킹·시뮬레이션,Molecular Docking / Dynamics,1.52
P0696,technique,2,종양 이종이식 모델,Xenograft Models,1.361
P0696,technique,3,제브라피시,Zebrafish,0.765
P0696,technique,4,머신러닝·AI,Machine Learning / AI,0.604
P0696,technique,5,줄기세포·iPSC,Stem Cells / iPSC,0.494
P0696,technique,6,RNA-seq·전사체,RNA-seq / Transcriptomics,0.489
P0696,technique,7,생물정보·계산생물,Bioinformatics,0.432
P0696,technique,8,형광·공초점 이미징,Fluorescence / Confocal Imaging,0.298
P0255,keyword,1,Hepatitis E virus,Hepatitis E virus,10.888
P0255,keyword,2,Virology,Virology,9.183
P0255,keyword,3,Remifentanil,Remifentanil,9.033
P0255,keyword,4,Hepatitis E,Hepatitis E,8.982
P0255,keyword,5,Porcine respiratory and reproductive syndrome virus,Porcine respiratory and reproductive syndrome virus,8.259
P0255,keyword,6,Porcine reproductive and respiratory syndrome virus,Porcine reproductive and respiratory syndrome virus,7.737
P0255,keyword,7,Midazolam,Midazolam,7.104
P0255,keyword,8,Virus,Virus,6.949
P0255,keyword,9,Propofol,Propofol,6.613
P0255,keyword,10,Porcine Reproductive and Respiratory Syndrome,Porcine Reproductive and Respiratory Syndrome,6.47
P0255,keyword,11,Bronchoscopy,Bronchoscopy,6.296
P0255,keyword,12,Virus Replication,Virus Replication,5.887
P0255,technique,1,ELISA,ELISA,2.468
P0255,technique,2,차세대 시퀀싱(NGS),Next-generation Sequencing,1.755
P0255,technique,3,qPCR,Real-time PCR,0.814
P0255,technique,4,유전자변형 마우스,Genetically Modified Mice,0.691
P0255,technique,5,RNA 치료제·siRNA,RNA Therapeutics,0.521
P0255,technique,6,웨스턴블롯,Western Blot,0.386
P0255,technique,7,나노입자·약물전달,Nanoparticles / Drug Delivery,0.26
P0255,technique,8,항체 개발,Antibody Engineering,0.211
P0018,keyword,1,Metabolic engineering,Metabolic engineering,8.385
P0018,keyword,2,Single-Domain Antibodies,Single-Domain Antibodies,6.167
P0018,keyword,3,"Gene Expression Regulation, Bacterial","Gene Expression Regulation, Bacterial",4.806
P0018,keyword,4,Lactococcus lactis,Lactococcus lactis,4.789
P0018,keyword,5,Escherichia coli,Escherichia coli,4.703
P0018,keyword,6,Protein biosynthesis,Protein biosynthesis,4.16
P0018,keyword,7,Polyhydroxybutyrates,Polyhydroxybutyrates,4.084
P0018,keyword,8,Probiotics,Probiotics,3.559
P0018,keyword,9,Synthetic biology,Synthetic biology,3.455
P0018,keyword,10,Angiotensin-Converting Enzyme 2,Angiotensin-Converting Enzyme 2,3.386
P0018,keyword,11,"Antibodies, Viral","Antibodies, Viral",3.314
P0018,keyword,12,"Spike Glycoprotein, Coronavirus","Spike Glycoprotein, Coronavirus",3.15
P0018,technique,1,생물정보·계산생물,Bioinformatics,1.201
P0018,technique,2,MRI·PET 영상,MRI / PET Imaging,0.375
P0018,technique,3,질량분석,Mass Spectrometry,0.255
P0408,keyword,1,"Arthritis, Rheumatoid","Arthritis, Rheumatoid",16.968
P0408,keyword,2,"Lupus Erythematosus, Systemic","Lupus Erythematosus, Systemic",16.266
P0408,keyword,3,Rheumatic Diseases,Rheumatic Diseases,14.275
P0408,keyword,4,Antirheumatic Agents,Antirheumatic Agents,13.181
P0408,keyword,5,Rheumatoid arthritis,Rheumatoid arthritis,13.099
P0408,keyword,6,Empagliflozin,Empagliflozin,10.773
P0408,keyword,7,"Spondylitis, Ankylosing","Spondylitis, Ankylosing",10.627
P0408,keyword,8,Ankylosing spondylitis,Ankylosing spondylitis,8.349
P0408,keyword,9,Antirheumatic drugs,Antirheumatic drugs,7.348
P0408,keyword,10,"Databases, Factual","Databases, Factual",6.446
P0408,keyword,11,Segmentation,Segmentation,6.435
P0408,keyword,12,Babesiosis,Babesiosis,6.192
P0408,technique,1,임상시험,Clinical Trials,2.384
P0408,technique,2,머신러닝·AI,Machine Learning / AI,2.31
P0408,technique,3,MRI·PET 영상,MRI / PET Imaging,2.166
P0408,technique,4,유전자변형 마우스,Genetically Modified Mice,1.205
P0408,technique,5,GWAS·유전역학,GWAS / Genetic Epidemiology,0.941
P0408,technique,6,유세포분석,Flow Cytometry,0.345
P0408,technique,7,생물정보·계산생물,Bioinformatics,0.239
P0288,keyword,1,"RNA, Long Noncoding","RNA, Long Noncoding",10.881
P0288,keyword,2,Breast Neoplasms,Breast Neoplasms,10.707
P0288,keyword,3,DNA Methylation,DNA Methylation,10.483
P0288,keyword,4,"Gene Expression Regulation, Neoplastic","Gene Expression Regulation, Neoplastic",10.314
P0288,keyword,5,Plasma Gases,Plasma Gases,7.133
P0288,keyword,6,Long non-coding RNA,Long non-coding RNA,7.106
P0288,keyword,7,MicroRNAs,MicroRNAs,6.966
P0288,keyword,8,Tamoxifen,Tamoxifen,6.486
P0288,keyword,9,Competing endogenous RNA,Competing endogenous RNA,6.483
P0288,keyword,10,Cell Proliferation,Cell Proliferation,6.367
P0288,keyword,11,Cancer research,Cancer research,6.239
P0288,keyword,12,MCF-7 Cells,MCF-7 Cells,6.142
P0288,technique,1,RNA-seq·전사체,RNA-seq / Transcriptomics,4.79
P0288,technique,2,RNA 치료제·siRNA,RNA Therapeutics,2.756
P0288,technique,3,후성유전 분석,Epigenomics (ChIP/ATAC-seq),2.626
P0288,technique,4,GWAS·유전역학,GWAS / Genetic Epidemiology,2.375
P0288,technique,5,qPCR,Real-time PCR,1.674
P0288,technique,6,분자도킹·시뮬레이션,Molecular Docking / Dynamics,0.872
P0288,technique,7,유전자변형 마우스,Genetically Modified Mice,0.861
P0288,technique,8,생물정보·계산생물,Bioinformatics,0.682
P0658,keyword,1,Propiconazole,Propiconazole,3.715
P0658,keyword,2,Cytokinin,Cytokinin,3.008
P0658,keyword,3,Scaling,Scaling,2.346
P0658,keyword,4,Triacontanol,Triacontanol,2.132
P0658,keyword,5,Interphase,Interphase,2.045
P0658,keyword,6,Oenothera biennis,Oenothera biennis,1.95
P0658,keyword,7,Chemical physics,Chemical physics,1.886
P0658,keyword,8,Fragility,Fragility,1.532
P0658,keyword,9,RNA polymerase II,RNA polymerase II,1.509
P0658,keyword,10,Brownian motion,Brownian motion,1.492
P0658,keyword,11,Chromatin,Chromatin,1.468
P0658,keyword,12,Statistical physics,Statistical physics,1.442
P0055,keyword,1,Proprotein Convertase 9,Proprotein Convertase 9,52.938
P0055,keyword,2,PCSK9 Inhibitors,PCSK9 Inhibitors,44.272
P0055,keyword,3,Kexin,Kexin,34.437
P0055,keyword,4,PCSK9,PCSK9,32.882
P0055,keyword,5,Proprotein convertase,Proprotein convertase,28.001
P0055,keyword,6,Subtilisin,Subtilisin,22.446
P0055,keyword,7,Molecular Structure,Molecular Structure,22.025
P0055,keyword,8,"Receptors, LDL","Receptors, LDL",18.672
P0055,keyword,9,Garcinia mangostana,Garcinia mangostana,15.521
P0055,keyword,10,Casearia,Casearia,14.542
P0055,keyword,11,Hep G2 Cells,Hep G2 Cells,13.919
P0055,keyword,12,Plant Roots,Plant Roots,13.874
P0055,technique,1,질량분석,Mass Spectrometry,3.559
P0055,technique,2,웨스턴블롯,Western Blot,1.566
P0055,technique,3,RNA-seq·전사체,RNA-seq / Transcriptomics,1.362
P0055,technique,4,항체 개발,Antibody Engineering,1.115
P0055,technique,5,임상시험,Clinical Trials,1.012
P0055,technique,6,초파리,Drosophila,0.738
P0055,technique,7,생물정보·계산생물,Bioinformatics,0.659
P0055,technique,8,전기생리,Electrophysiology,0.614
P0720,keyword,1,Cannabidiol,Cannabidiol,9.487
P0720,keyword,2,Polycaprolactone,Polycaprolactone,7.648
P0720,keyword,3,Nanospheres,Nanospheres,6.394
P0720,keyword,4,Drug Carriers,Drug Carriers,5.346
P0720,keyword,5,Chitosan,Chitosan,4.95
P0720,keyword,6,Heart Valve Prosthesis,Heart Valve Prosthesis,4.934
P0720,keyword,7,Heart Valve Prosthesis Implantation,Heart Valve Prosthesis Implantation,4.934
P0720,keyword,8,Polylactic Acid-Polyglycolic Acid Copolymer,Polylactic Acid-Polyglycolic Acid Copolymer,4.695
P0720,keyword,9,Low-Level Light Therapy,Low-Level Light Therapy,4.525
P0720,keyword,10,Pericarditis,Pericarditis,4.365
P0720,keyword,11,Nanofibers,Nanofibers,4.326
P0720,keyword,12,Phototherapy,Phototherapy,4.092
P0720,technique,1,하이드로젤·스캐폴드,Hydrogels / Scaffolds,8.892
P0720,technique,2,나노입자·약물전달,Nanoparticles / Drug Delivery,7.21
P0720,technique,3,머신러닝·AI,Machine Learning / AI,1.893
P0720,technique,4,조직공학·바이오프린팅,Tissue Engineering / Bioprinting,1.125
P0720,technique,5,RNA 치료제·siRNA,RNA Therapeutics,0.642
P0720,technique,6,분자도킹·시뮬레이션,Molecular Docking / Dynamics,0.592
P0720,technique,7,종양 이종이식 모델,Xenograft Models,0.39
P0720,technique,8,형광·공초점 이미징,Fluorescence / Confocal Imaging,0.258
P0721,keyword,1,Breast cancer,Breast cancer,4.207
P0721,keyword,2,Sentinel lymph node,Sentinel lymph node,3.855
P0721,keyword,3,Sentinel Lymph Node Biopsy,Sentinel Lymph Node Biopsy,3.572
P0721,keyword,4,Radioisotopes,Radioisotopes,3.098
P0721,keyword,5,Cathepsin D,Cathepsin D,2.963
P0721,keyword,6,Breast Neoplasms,Breast Neoplasms,2.871
P0721,keyword,7,Cannabidiol,Cannabidiol,2.857
P0721,keyword,8,Total synthesis,Total synthesis,2.569
P0721,keyword,9,Stereochemistry,Stereochemistry,2.463
P0721,keyword,10,Mastectomy,Mastectomy,2.377
P0721,keyword,11,Cocrystal,Cocrystal,2.354
P0721,keyword,12,Prodrugs,Prodrugs,2.263
P0721,technique,1,나노입자·약물전달,Nanoparticles / Drug Delivery,1.275
P0721,technique,2,종양 이종이식 모델,Xenograft Models,1.019
P0721,technique,3,X선 결정학·구조분석,X-ray Crystallography,0.843
P0721,technique,4,분자도킹·시뮬레이션,Molecular Docking / Dynamics,0.69
P0209,keyword,1,"Models, Molecular","Models, Molecular",64.545
P0209,keyword,2,Bacterial Proteins,Bacterial Proteins,61.988
P0209,keyword,3,Protein Conformation,Protein Conformation,46.916
P0209,keyword,4,Acinetobacter baumannii,Acinetobacter baumannii,45.547
P0209,keyword,5,Protein Domains,Protein Domains,32.453
P0209,keyword,6,Amino Acid Sequence,Amino Acid Sequence,31.318
P0209,keyword,7,Protein Multimerization,Protein Multimerization,30.3
P0209,keyword,8,Catalytic Domain,Catalytic Domain,29.642
P0209,keyword,9,Bacteriophages,Bacteriophages,27.248
P0209,keyword,10,Protein Binding,Protein Binding,24.825
P0209,keyword,11,Viral Proteins,Viral Proteins,22.112
P0209,keyword,12,Protein Interaction Domains and Motifs,Protein Interaction Domains and Motifs,20.945
P0209,technique,1,CRISPR 유전자편집,CRISPR Gene Editing,67.178
P0209,technique,2,X선 결정학·구조분석,X-ray Crystallography,61.891
P0209,technique,3,초파리,Drosophila,11.022
P0209,technique,4,생물정보·계산생물,Bioinformatics,7.32
P0209,technique,5,분자도킹·시뮬레이션,Molecular Docking / Dynamics,6.094
P0209,technique,6,전자현미경,Electron Microscopy,2.098
P0209,technique,7,나노입자·약물전달,Nanoparticles / Drug Delivery,1.719
P0209,technique,8,웨스턴블롯,Western Blot,0.094
P0329,keyword,1,Endometrial cancer,Endometrial cancer,9.16
P0329,keyword,2,Endometrial Neoplasms,Endometrial Neoplasms,4.912
P0329,keyword,3,"Carcinoma, Endometrioid","Carcinoma, Endometrioid",4.63
P0329,keyword,4,Refuse Disposal,Refuse Disposal,4.541
P0329,keyword,5,Immersion,Immersion,4.093
P0329,keyword,6,Atypical Squamous Cells of the Cervix,Atypical Squamous Cells of the Cervix,4.06
P0329,keyword,7,Consent Forms,Consent Forms,3.737
P0329,keyword,8,Uterine Cervical Neoplasms,Uterine Cervical Neoplasms,3.582
P0329,keyword,9,"Labor, Obstetric","Labor, Obstetric",3.576
P0329,keyword,10,Cancer,Cancer,3.555
P0329,keyword,11,"Delivery, Obstetric","Delivery, Obstetric",3.461
P0329,keyword,12,Lymphatic Metastasis,Lymphatic Metastasis,3.423
P0329,technique,1,RNA-seq·전사체,RNA-seq / Transcriptomics,2.003
P0329,technique,2,GWAS·유전역학,GWAS / Genetic Epidemiology,0.824
P0329,technique,3,임상시험,Clinical Trials,0.783
P0329,technique,4,면역조직화학,Immunohistochemistry,0.477
P0329,technique,5,생물정보·계산생물,Bioinformatics,0.458
P0329,technique,6,조직공학·바이오프린팅,Tissue Engineering / Bioprinting,0.167
P0329,technique,7,머신러닝·AI,Machine Learning / AI,0.094
P0437,keyword,1,"Injections, Epidural","Injections, Epidural",7.209
P0437,keyword,2,Patellofemoral joint,Patellofemoral joint,4.394
P0437,keyword,3,Steroids,Steroids,4.094
P0437,keyword,4,Zygapophyseal Joint,Zygapophyseal Joint,3.741
P0437,keyword,5,Hypoesthesia,Hypoesthesia,3.717
P0437,keyword,6,Radicular pain,Radicular pain,3.685
P0437,keyword,7,Radiculopathy,Radiculopathy,3.604
P0437,keyword,8,Anesthesia,Anesthesia,3.52
P0437,keyword,9,Postherpetic neuralgia,Postherpetic neuralgia,3.38
P0437,keyword,10,Chronic pain,Chronic pain,3.268
P0437,keyword,11,"Anesthetics, Local","Anesthetics, Local",3.256
P0437,keyword,12,Patella,Patella,3.072
P0437,technique,1,임상시험,Clinical Trials,0.784
P0579,keyword,1,Transducer,Transducer,4.086
P0579,keyword,2,Video laryngoscope,Video laryngoscope,3.985
P0579,keyword,3,Problem-based learning,Problem-based learning,3.617
P0579,keyword,4,"Education, Medical","Education, Medical",3.428
P0579,keyword,5,Problem Solving,Problem Solving,3.428
P0579,keyword,6,Attitude,Attitude,3.281
P0579,keyword,7,Anesthesia,Anesthesia,3.027
P0579,keyword,8,Arthrocentesis,Arthrocentesis,2.939
P0579,keyword,9,Students,Students,2.895
P0579,keyword,10,Compromise,Compromise,2.879
P0579,keyword,11,Harassment,Harassment,2.652
P0579,keyword,12,Plan (archaeology),Plan (archaeology),2.608
P0579,technique,1,제브라피시,Zebrafish,1.356
P0449,keyword,1,Genetic Counseling,Genetic Counseling,12.443
P0449,keyword,2,"Leukemia, Myeloid, Acute","Leukemia, Myeloid, Acute",7.689
P0449,keyword,3,Genetic Testing,Genetic Testing,7.22
P0449,keyword,4,BRCA2 Protein,BRCA2 Protein,7.119
P0449,keyword,5,Cytogenetics,Cytogenetics,6.573
P0449,keyword,6,Karyotyping,Karyotyping,6.363
P0449,keyword,7,Cytogenetic Analysis,Cytogenetic Analysis,6.284
P0449,keyword,8,Karyotype,Karyotype,6.269
P0449,keyword,9,SNP array,SNP array,6.251
P0449,keyword,10,BRCA1 Protein,BRCA1 Protein,6.002
P0449,keyword,11,Myeloid leukemia,Myeloid leukemia,5.747
P0449,keyword,12,Ovarian Neoplasms,Ovarian Neoplasms,5.586
P0449,technique,1,RNA-seq·전사체,RNA-seq / Transcriptomics,1.588
P0449,technique,2,GWAS·유전역학,GWAS / Genetic Epidemiology,1.022
P0449,technique,3,머신러닝·AI,Machine Learning / AI,0.784
P0449,technique,4,유세포분석,Flow Cytometry,0.668
P0449,technique,5,생물정보·계산생물,Bioinformatics,0.646
P0449,technique,6,면역조직화학,Immunohistochemistry,0.623
P0449,technique,7,웨스턴블롯,Western Blot,0.112
P0325,keyword,1,Cognition,Cognition,31.688
P0325,keyword,2,Dementia,Dementia,30.519
P0325,keyword,3,Cognitive training,Cognitive training,17.278
P0325,keyword,4,Neuropsychology,Neuropsychology,16.882
P0325,keyword,5,Neuropsychological Tests,Neuropsychological Tests,15.441
P0325,keyword,6,Psychology,Psychology,13.465
P0325,keyword,7,Alzheimer Disease,Alzheimer Disease,12.267
P0325,keyword,8,Cognitive Dysfunction,Cognitive Dysfunction,10.924
P0325,keyword,9,Pittsburgh compound B,Pittsburgh compound B,10.485
P0325,keyword,10,Cognitive decline,Cognitive decline,9.509
P0325,keyword,11,Cognitive Enhancement,Cognitive Enhancement,8.191
P0325,keyword,12,Cognitive impairment,Cognitive impairment,8.044
P0325,technique,1,MRI·PET 영상,MRI / PET Imaging,18.363
P0325,technique,2,임상시험,Clinical Trials,5.92
P0325,technique,3,머신러닝·AI,Machine Learning / AI,2.913
P0325,technique,4,생물정보·계산생물,Bioinformatics,0.764
P0258,keyword,1,Dog Diseases,Dog Diseases,18.014
P0258,keyword,2,Dogs,Dogs,11.934
P0258,keyword,3,J-PARC,J-PARC,6.581
P0258,keyword,4,Exploratory laparotomy,Exploratory laparotomy,5.607
P0258,keyword,5,Maltese,Maltese,5.197
P0258,keyword,6,Pseudomonas aeruginosa,Pseudomonas aeruginosa,5.112
P0258,keyword,7,Cats,Cats,4.402
P0258,keyword,8,Mitral valve,Mitral valve,4.193
P0258,keyword,9,Adjunct,Adjunct,4.107
P0258,keyword,10,Staphylococcus pseudintermedius,Staphylococcus pseudintermedius,3.978
P0258,keyword,11,Beagle,Beagle,3.907
P0258,keyword,12,Heart Valve Diseases,Heart Valve Diseases,3.578
P0258,technique,1,MRI·PET 영상,MRI / PET Imaging,2.936
P0258,technique,2,면역조직화학,Immunohistochemistry,0.551
P0258,technique,3,전자현미경,Electron Microscopy,0.331
P0258,technique,4,머신러닝·AI,Machine Learning / AI,0.047
P0207,keyword,1,Catalysis,Catalysis,13.364
P0207,keyword,2,Keto–enol tautomerism,Keto–enol tautomerism,10.489
P0207,keyword,3,Friedel–Crafts reaction,Friedel–Crafts reaction,7.856
P0207,keyword,4,Tandem,Tandem,7.285
P0207,keyword,5,Combinatorial chemistry,Combinatorial chemistry,6.779
P0207,keyword,6,Medicinal chemistry,Medicinal chemistry,5.871
P0207,keyword,7,Brucine,Brucine,5.431
P0207,keyword,8,Organic chemistry,Organic chemistry,5.411
P0207,keyword,9,Cycloisomerization,Cycloisomerization,4.193
P0207,keyword,10,Isomerization,Isomerization,4.113
P0207,keyword,11,Aryl,Aryl,3.966
P0207,keyword,12,Aldol reaction,Aldol reaction,3.947
P0207,technique,1,X선 결정학·구조분석,X-ray Crystallography,1.528
P0077,keyword,1,Prostatic Neoplasms,Prostatic Neoplasms,10.717
P0077,keyword,2,Lipocalin-2,Lipocalin-2,7.39
P0077,keyword,3,TRPC Cation Channels,TRPC Cation Channels,7.277
P0077,keyword,4,Prostate cancer,Prostate cancer,6.561
P0077,keyword,5,Paintings,Paintings,6.241
P0077,keyword,6,TRPC5,TRPC5,6.203
P0077,keyword,7,Caves,Caves,5.582
P0077,keyword,8,"Gene Expression Regulation, Neoplastic","Gene Expression Regulation, Neoplastic",5.321
P0077,keyword,9,Lipocalin,Lipocalin,5.24
P0077,keyword,10,Transient receptor potential channel,Transient receptor potential channel,5.236
P0077,keyword,11,TRPC,TRPC,5.232
P0077,keyword,12,"Osteotomy, Sagittal Split Ramus","Osteotomy, Sagittal Split Ramus",4.886
P0077,technique,1,유전자변형 마우스,Genetically Modified Mice,1.744
P0077,technique,2,RNA-seq·전사체,RNA-seq / Transcriptomics,1.734
P0077,technique,3,전기생리,Electrophysiology,1.703
P0077,technique,4,분자도킹·시뮬레이션,Molecular Docking / Dynamics,1.653
P0077,technique,5,종양 이종이식 모델,Xenograft Models,1.492
P0077,technique,6,웨스턴블롯,Western Blot,1.161
P0077,technique,7,X선 결정학·구조분석,X-ray Crystallography,0.982
P0077,technique,8,면역조직화학,Immunohistochemistry,0.858
P0466,keyword,1,Antineoplastic Agents,Antineoplastic Agents,3.986
P0466,keyword,2,Photodynamic therapy,Photodynamic therapy,3.718
P0466,keyword,3,Optical Imaging,Optical Imaging,3.649
P0466,keyword,4,Fluorescence,Fluorescence,3.492
P0466,keyword,5,"Antibiotics, Antineoplastic","Antibiotics, Antineoplastic",3.379
P0466,keyword,6,Fluorescent Dyes,Fluorescent Dyes,3.286
P0466,keyword,7,Prodrug,Prodrug,3.079
P0466,keyword,8,BODIPY,BODIPY,3.017
P0466,keyword,9,Triple Negative Breast Neoplasms,Triple Negative Breast Neoplasms,2.957
P0466,keyword,10,"Drug Screening Assays, Antitumor","Drug Screening Assays, Antitumor",2.778
P0466,keyword,11,Reactive Oxygen Species,Reactive Oxygen Species,2.767
P0466,keyword,12,Cell Survival,Cell Survival,2.763
P0466,technique,1,나노입자·약물전달,Nanoparticles / Drug Delivery,1.011
P0466,technique,2,종양 이종이식 모델,Xenograft Models,0.677
P0466,technique,3,형광·공초점 이미징,Fluorescence / Confocal Imaging,0.407
P0466,technique,4,후성유전 분석,Epigenomics (ChIP/ATAC-seq),0.245
P0466,technique,5,웨스턴블롯,Western Blot,0.234
P0466,technique,6,qPCR,Real-time PCR,0.227
P0466,technique,7,생물정보·계산생물,Bioinformatics,0.178
P0466,technique,8,머신러닝·AI,Machine Learning / AI,0.136
P0264,keyword,1,Overweight,Overweight,0.544
P0264,keyword,2,Management of obesity,Management of obesity,0.483
P0264,keyword,3,Weight management,Weight management,0.461
P0264,keyword,4,Leptin,Leptin,0.44
P0264,keyword,5,Weight Loss,Weight Loss,0.399
P0264,keyword,6,Obesity,Obesity,0.224
P0264,keyword,7,Adverse effect,Adverse effect,0.211
P0644,keyword,1,Radiofrequency Therapy,Radiofrequency Therapy,5.528
P0644,keyword,2,Alopecia,Alopecia,5.454
P0644,keyword,3,Cosmetic Techniques,Cosmetic Techniques,4.668
P0644,keyword,4,Dermatology,Dermatology,3.677
P0644,keyword,5,Neck,Neck,3.137
P0644,keyword,6,Discontinuation,Discontinuation,3.136
P0644,keyword,7,Hair,Hair,3.12
P0644,keyword,8,Melasma,Melasma,3.047
P0644,keyword,9,Skin Aging,Skin Aging,2.875
P0644,keyword,10,Low-Level Light Therapy,Low-Level Light Therapy,2.873
P0644,keyword,11,Elasticity,Elasticity,2.627
P0644,keyword,12,Tattooing,Tattooing,2.357
P0644,technique,1,RNA-seq·전사체,RNA-seq / Transcriptomics,0.568
P0235,keyword,1,Listeria monocytogenes,Listeria monocytogenes,38.54
P0235,keyword,2,Salmonella,Salmonella,35.467
P0235,keyword,3,Food Microbiology,Food Microbiology,28.397
P0235,keyword,4,"Colony Count, Microbial","Colony Count, Microbial",19.308
P0235,keyword,5,Food science,Food science,19.248
P0235,keyword,6,Light,Light,16.336
P0235,keyword,7,Riboflavin,Riboflavin,15.912
P0235,keyword,8,Escherichia coli O157,Escherichia coli O157,15.813
P0235,keyword,9,Food Safety,Food Safety,14.946
P0235,keyword,10,Salmonella enteritidis,Salmonella enteritidis,14.567
P0235,keyword,11,Biofilm,Biofilm,14.262
P0235,keyword,12,Food Preservation,Food Preservation,14.134
P0235,technique,1,전자현미경,Electron Microscopy,2.495
P0235,technique,2,RNA-seq·전사체,RNA-seq / Transcriptomics,2.4
P0235,technique,3,qPCR,Real-time PCR,2.344
P0235,technique,4,질량분석,Mass Spectrometry,0.918
P0235,technique,5,생물정보·계산생물,Bioinformatics,0.278
P0235,technique,6,나노입자·약물전달,Nanoparticles / Drug Delivery,0.041
P0400,keyword,1,Histone acetyltransferase,Histone acetyltransferase,5.172
P0400,keyword,2,Histone H4,Histone H4,4.191
P0400,keyword,3,Acetylation,Acetylation,3.102
P0400,keyword,4,Acetyltransferase,Acetyltransferase,3.015
P0400,keyword,5,"Hepatitis C, Chronic","Hepatitis C, Chronic",2.206
P0400,keyword,6,Hepacivirus,Hepacivirus,2.134
P0400,keyword,7,Transformation (genetics),Transformation (genetics),1.642
P0400,keyword,8,Histone,Histone,1.629
P0400,keyword,9,"Killer Cells, Natural","Killer Cells, Natural",1.537
P0400,keyword,10,Hepatitis C virus,Hepatitis C virus,1.47
P0400,keyword,11,CD49b,CD49b,1.39
P0400,keyword,12,Lymphocyte,Lymphocyte,1.317
P0400,technique,1,유세포분석,Flow Cytometry,0.525
P0400,technique,2,ELISA,ELISA,0.255
P0185,keyword,1,Starch,Starch,54.566
P0185,keyword,2,Amylopectin,Amylopectin,23.704
P0185,keyword,3,Food science,Food science,23.57
P0185,keyword,4,Glucan,Glucan,21.525
P0185,keyword,5,Crystallinity,Crystallinity,19.939
P0185,keyword,6,Hydrostatic Pressure,Hydrostatic Pressure,18.003
P0185,keyword,7,Glucans,Glucans,16.902
P0185,keyword,8,Viscosity,Viscosity,15.885
P0185,keyword,9,Enthalpy,Enthalpy,15.476
P0185,keyword,10,Corn starch,Corn starch,14.288
P0185,keyword,11,Amylose,Amylose,14.206
P0185,keyword,12,Retrogradation (starch),Retrogradation (starch),11.231
P0185,technique,1,X선 결정학·구조분석,X-ray Crystallography,4.111
P0185,technique,2,형광·공초점 이미징,Fluorescence / Confocal Imaging,0.804
P0185,technique,3,분자도킹·시뮬레이션,Molecular Docking / Dynamics,0.589
P0185,technique,4,전자현미경,Electron Microscopy,0.518
P0185,technique,5,질량분석,Mass Spectrometry,0.128
P0670,keyword,1,Solitary Fibrous Tumors,Solitary Fibrous Tumors,10.226
P0670,keyword,2,Myeloid Progenitor Cells,Myeloid Progenitor Cells,6.028
P0670,keyword,3,STAT6 Transcription Factor,STAT6 Transcription Factor,4.588
P0670,keyword,4,Myeloid-Lymphoid Leukemia Protein,Myeloid-Lymphoid Leukemia Protein,4.045
P0670,keyword,5,Myeloid leukemia,Myeloid leukemia,3.977
P0670,keyword,6,"Oncogene Proteins, Fusion","Oncogene Proteins, Fusion",3.757
P0670,keyword,7,"Gene Expression Regulation, Leukemic","Gene Expression Regulation, Leukemic",3.595
P0670,keyword,8,Myeloid,Myeloid,3.18
P0670,keyword,9,Mixed Function Oxygenases,Mixed Function Oxygenases,3.064
P0670,keyword,10,Expressed Sequence Tags,Expressed Sequence Tags,2.877
P0670,keyword,11,Leukemia,Leukemia,2.772
P0670,keyword,12,Cell biology,Cell biology,2.74
P0670,technique,1,RNA-seq·전사체,RNA-seq / Transcriptomics,2.203
P0670,technique,2,유전자변형 마우스,Genetically Modified Mice,1.271
P0670,technique,3,나노입자·약물전달,Nanoparticles / Drug Delivery,1.037
P0670,technique,4,제브라피시,Zebrafish,0.518
P0670,technique,5,웨스턴블롯,Western Blot,0.48
P0670,technique,6,생물정보·계산생물,Bioinformatics,0.406
P0670,technique,7,항체 개발,Antibody Engineering,0.359
P0670,technique,8,줄기세포·iPSC,Stem Cells / iPSC,0.231
P0694,keyword,1,Polypharmacy,Polypharmacy,8.277
P0694,keyword,2,Belongingness,Belongingness,5.689
P0694,keyword,3,Interprofessional education,Interprofessional education,5.197
P0694,keyword,4,Medication Adherence,Medication Adherence,5.176
P0694,keyword,5,Regimen,Regimen,4.939
P0694,keyword,6,Micronutrient,Micronutrient,4.581
P0694,keyword,7,Hiccups,Hiccups,4.514
P0694,keyword,8,Simulation training,Simulation training,4.396
P0694,keyword,9,"Students, Health Occupations","Students, Health Occupations",4.161
P0694,keyword,10,Medical prescription,Medical prescription,3.981
P0694,keyword,11,Medication Reconciliation,Medication Reconciliation,3.916
P0694,keyword,12,Interprofessional Relations,Interprofessional Relations,3.721
P0694,technique,1,임상시험,Clinical Trials,0.988
P0086,keyword,1,Jumonji Domain-Containing Histone Demethylases,Jumonji Domain-Containing Histone Demethylases,26.914
P0086,keyword,2,Histone Deacetylase 6,Histone Deacetylase 6,24.864
P0086,keyword,3,Demethylase,Demethylase,16.246
P0086,keyword,4,Histone Deacetylase Inhibitors,Histone Deacetylase Inhibitors,16.095
P0086,keyword,5,HDAC6,HDAC6,13.188
P0086,keyword,6,Histone,Histone,12.828
P0086,keyword,7,Glioblastoma,Glioblastoma,12.269
P0086,keyword,8,"Epigenesis, Genetic","Epigenesis, Genetic",10.811
P0086,keyword,9,Brain Neoplasms,Brain Neoplasms,10.24
P0086,keyword,10,"Drug Resistance, Neoplasm","Drug Resistance, Neoplasm",10.178
P0086,keyword,11,Benzene Derivatives,Benzene Derivatives,10.013
P0086,keyword,12,Histone deacetylase,Histone deacetylase,9.679
P0086,technique,1,초파리,Drosophila,3.738
P0086,technique,2,생물정보·계산생물,Bioinformatics,1.673
P0086,technique,3,RNA-seq·전사체,RNA-seq / Transcriptomics,0.929
P0086,technique,4,후성유전 분석,Epigenomics (ChIP/ATAC-seq),0.829
P0086,technique,5,질량분석,Mass Spectrometry,0.559
P0086,technique,6,종양 이종이식 모델,Xenograft Models,0.548
P0086,technique,7,분자도킹·시뮬레이션,Molecular Docking / Dynamics,0.425
P0086,technique,8,줄기세포·iPSC,Stem Cells / iPSC,0.405
P0021,keyword,1,Drug-Eluting Stents,Drug-Eluting Stents,28.311
P0021,keyword,2,Magnesium Hydroxide,Magnesium Hydroxide,26.251
P0021,keyword,3,PLGA,PLGA,21.309
P0021,keyword,4,Polylactic Acid-Polyglycolic Acid Copolymer,Polylactic Acid-Polyglycolic Acid Copolymer,20.613
P0021,keyword,5,Scaffold,Scaffold,16.461
P0021,keyword,6,Regeneration (biology),Regeneration (biology),15.721
P0021,keyword,7,Biomedical engineering,Biomedical engineering,15.645
P0021,keyword,8,Coating,Coating,14.011
P0021,keyword,9,Biodegradable polymer,Biodegradable polymer,13.994
P0021,keyword,10,Biocompatibility,Biocompatibility,13.686
P0021,keyword,11,Magnesium,Magnesium,12.984
P0021,keyword,12,Hyaluronic Acid,Hyaluronic Acid,12.928
P0021,technique,1,하이드로젤·스캐폴드,Hydrogels / Scaffolds,28.001
P0021,technique,2,엑소좀·세포외소포,Exosomes / EVs,25.683
P0021,technique,3,조직공학·바이오프린팅,Tissue Engineering / Bioprinting,18.022
P0021,technique,4,나노입자·약물전달,Nanoparticles / Drug Delivery,17.016
P0021,technique,5,줄기세포·iPSC,Stem Cells / iPSC,15.938
P0021,technique,6,전자현미경,Electron Microscopy,4.834
P0021,technique,7,X선 결정학·구조분석,X-ray Crystallography,1.329
P0021,technique,8,단백체,Proteomics,0.565
P0221,keyword,1,RGS Proteins,RGS Proteins,6.186
P0221,keyword,2,Dormancy,Dormancy,3.558
P0221,keyword,3,Vorinostat,Vorinostat,3.525
P0221,keyword,4,Cancer research,Cancer research,2.856
P0221,keyword,5,"Carcinoma, Non-Small-Cell Lung","Carcinoma, Non-Small-Cell Lung",2.739
P0221,keyword,6,Cancer cachexia,Cancer cachexia,2.568
P0221,keyword,7,Cancer,Cancer,2.488
P0221,keyword,8,Recurrence,Recurrence,2.235
P0221,keyword,9,Lung Neoplasms,Lung Neoplasms,2.216
P0221,keyword,10,"Mice, SCID","Mice, SCID",2.182
P0221,keyword,11,Cachexia,Cachexia,2.176
P0221,keyword,12,Histone deacetylase,Histone deacetylase,2.128
P0221,technique,1,종양 이종이식 모델,Xenograft Models,1.137
P0142,keyword,1,Phosphatidylserines,Phosphatidylserines,26.605
P0142,keyword,2,Blood-Brain Barrier,Blood-Brain Barrier,25.941
P0142,keyword,3,Erythrocytes,Erythrocytes,23.41
P0142,keyword,4,Phosphatidylserine,Phosphatidylserine,21.487
P0142,keyword,5,Disinfectants,Disinfectants,21.019
P0142,keyword,6,Endothelial Cells,Endothelial Cells,18.321
P0142,keyword,7,Blood–brain barrier,Blood–brain barrier,13.639
P0142,keyword,8,Thrombin,Thrombin,12.629
P0142,keyword,9,Autophagy,Autophagy,12.108
P0142,keyword,10,Methylglyoxal,Methylglyoxal,11.996
P0142,keyword,11,Thiazoles,Thiazoles,11.971
P0142,keyword,12,Carnosine,Carnosine,11.698
P0142,technique,1,나노입자·약물전달,Nanoparticles / Drug Delivery,7.984
P0142,technique,2,유세포분석,Flow Cytometry,1.147
P0142,technique,3,형광·공초점 이미징,Fluorescence / Confocal Imaging,0.85
P0142,technique,4,RNA 치료제·siRNA,RNA Therapeutics,0.756
P0142,technique,5,전자현미경,Electron Microscopy,0.503
P0142,technique,6,단백체,Proteomics,0.405
P0142,technique,7,생물정보·계산생물,Bioinformatics,0.4
P0142,technique,8,임상시험,Clinical Trials,0.357
P0447,keyword,1,Kidney Tubules,Kidney Tubules,6.957
P0447,keyword,2,Kidney,Kidney,6.75
P0447,keyword,3,Intercalated Cell,Intercalated Cell,6.32
P0447,keyword,4,Cilium,Cilium,5.671
P0447,keyword,5,Aquaporin 1,Aquaporin 1,5.396
P0447,keyword,6,Reperfusion Injury,Reperfusion Injury,5.321
P0447,keyword,7,Cilia,Cilia,4.677
P0447,keyword,8,Ammonia,Ammonia,3.561
P0447,keyword,9,Ultrastructure,Ultrastructure,3.367
P0447,keyword,10,"Kidney Tubules, Collecting","Kidney Tubules, Collecting",3.296
P0447,keyword,11,Tubulin,Tubulin,3.14
P0447,keyword,12,Autotomy,Autotomy,3.032
P0447,technique,1,전자현미경,Electron Microscopy,3.805
P0447,technique,2,형광·공초점 이미징,Fluorescence / Confocal Imaging,2.424
P0447,technique,3,면역조직화학,Immunohistochemistry,1.904
P0447,technique,4,웨스턴블롯,Western Blot,1.008
P0447,technique,5,유전자변형 마우스,Genetically Modified Mice,0.987
P0447,technique,6,생물정보·계산생물,Bioinformatics,0.097
P0447,technique,7,머신러닝·AI,Machine Learning / AI,0.012
P0447,technique,8,항체 개발,Antibody Engineering,0.007
P0617,keyword,1,Keratitis,Keratitis,3.604
P0617,keyword,2,Psoriatic arthritis,Psoriatic arthritis,2.505
P0617,keyword,3,Corneal inflammation,Corneal inflammation,2.177
P0617,keyword,4,Retroperitoneal hemorrhage,Retroperitoneal hemorrhage,2.157
P0617,keyword,5,Sarcopenia,Sarcopenia,2.146
P0617,keyword,6,Docosahexaenoic Acids,Docosahexaenoic Acids,2.018
P0617,keyword,7,Radiology,Radiology,1.737
P0617,keyword,8,Spine,Spine,1.721
P0617,keyword,9,Workflow,Workflow,1.563
P0617,keyword,10,Inflammatory arthritis,Inflammatory arthritis,1.473
P0617,keyword,11,Resource (disambiguation),Resource (disambiguation),1.429
P0617,keyword,12,Cannula,Cannula,1.424
P0617,technique,1,MRI·PET 영상,MRI / PET Imaging,1.297
P0617,technique,2,머신러닝·AI,Machine Learning / AI,0.6
P0617,technique,3,줄기세포·iPSC,Stem Cells / iPSC,0.255
P0617,technique,4,유세포분석,Flow Cytometry,0.198
P0438,keyword,1,Health Status Disparities,Health Status Disparities,29.051
P0438,keyword,2,Inequality,Inequality,15.157
P0438,keyword,3,Socioeconomic Factors,Socioeconomic Factors,13.914
P0438,keyword,4,Life Expectancy,Life Expectancy,10.336
P0438,keyword,5,Mortality,Mortality,9.854
P0438,keyword,6,Social Class,Social Class,9.433
P0438,keyword,7,Demography,Demography,9.021
P0438,keyword,8,Income,Income,8.812
P0438,keyword,9,Cause of Death,Cause of Death,7.211
P0438,keyword,10,Socioeconomic status,Socioeconomic status,6.868
P0438,keyword,11,Environmental health,Environmental health,6.791
P0438,keyword,12,Public health,Public health,6.704
P0438,technique,1,머신러닝·AI,Machine Learning / AI,0.008
P0236,keyword,1,Norovirus,Norovirus,67.439
P0236,keyword,2,Murine norovirus,Murine norovirus,35.045
P0236,keyword,3,Hepatitis A virus,Hepatitis A virus,32.655
P0236,keyword,4,Food Microbiology,Food Microbiology,25.151
P0236,keyword,5,Chlorine Compounds,Chlorine Compounds,21.524
P0236,keyword,6,Peracetic Acid,Peracetic Acid,19.31
P0236,keyword,7,Food Contamination,Food Contamination,18.744
P0236,keyword,8,Solanum tuberosum,Solanum tuberosum,16.302
P0236,keyword,9,Hepatitis E virus,Hepatitis E virus,14.031
P0236,keyword,10,Virology,Virology,13.319
P0236,keyword,11,Hepatitis E,Hepatitis E,12.899
P0236,keyword,12,Swine Diseases,Swine Diseases,12.385
P0236,technique,1,차세대 시퀀싱(NGS),Next-generation Sequencing,6.947
P0236,technique,2,qPCR,Real-time PCR,5.7
P0236,technique,3,면역조직화학,Immunohistochemistry,2.616
P0236,technique,4,ELISA,ELISA,1.046
P0236,technique,5,RNA 치료제·siRNA,RNA Therapeutics,0.654
P0236,technique,6,생물정보·계산생물,Bioinformatics,0.627
P0236,technique,7,유전자변형 마우스,Genetically Modified Mice,0.599
P0236,technique,8,나노입자·약물전달,Nanoparticles / Drug Delivery,0.125
P0489,keyword,1,Pseudomonas aeruginosa,Pseudomonas aeruginosa,37.272
P0489,keyword,2,Pseudomonas Phages,Pseudomonas Phages,29.277
P0489,keyword,3,Bacteriophages,Bacteriophages,19.249
P0489,keyword,4,Pilus,Pilus,15.653
P0489,keyword,5,Pseudomonas Infections,Pseudomonas Infections,14.594
P0489,keyword,6,"Fimbriae, Bacterial","Fimbriae, Bacterial",13.365
P0489,keyword,7,Bacteriophage,Bacteriophage,12.792
P0489,keyword,8,Microbiology,Microbiology,12.445
P0489,keyword,9,Pilin,Pilin,10.845
P0489,keyword,10,Virulence,Virulence,10.386
P0489,keyword,11,Anti-Bacterial Agents,Anti-Bacterial Agents,10.224
P0489,keyword,12,Fimbriae Proteins,Fimbriae Proteins,9.469
P0489,technique,1,초파리,Drosophila,16.773
P0489,technique,2,CRISPR 유전자편집,CRISPR Gene Editing,4.332
P0489,technique,3,분자도킹·시뮬레이션,Molecular Docking / Dynamics,1.98
P0489,technique,4,생물정보·계산생물,Bioinformatics,1.817
P0489,technique,5,머신러닝·AI,Machine Learning / AI,0.805
P0489,technique,6,차세대 시퀀싱(NGS),Next-generation Sequencing,0.706
P0489,technique,7,X선 결정학·구조분석,X-ray Crystallography,0.328
P0489,technique,8,qPCR,Real-time PCR,0.18
P0092,keyword,1,Pharmacists,Pharmacists,11.468
P0092,keyword,2,Pharmacist,Pharmacist,10.557
P0092,keyword,3,Intention,Intention,8.351
P0092,keyword,4,Personnel Turnover,Personnel Turnover,8.185
P0092,keyword,5,"Pharmacy Service, Hospital","Pharmacy Service, Hospital",7.756
P0092,keyword,6,Turnover,Turnover,7.189
P0092,keyword,7,Turnover intention,Turnover intention,7.06
P0092,keyword,8,Polypharmacy,Polypharmacy,7.021
P0092,keyword,9,Job satisfaction,Job satisfaction,6.94
P0092,keyword,10,Adverse Drug Reaction Reporting Systems,Adverse Drug Reaction Reporting Systems,6.929
P0092,keyword,11,Tenofovir alafenamide,Tenofovir alafenamide,5.596
P0092,keyword,12,Medical prescription,Medical prescription,5.365
P0092,technique,1,임상시험,Clinical Trials,2.846
P0704,keyword,1,"Aortic Aneurysm, Abdominal","Aortic Aneurysm, Abdominal",1.731
P0704,keyword,2,Insulin Secretagogues,Insulin Secretagogues,1.465
P0704,keyword,3,Dipeptidyl-Peptidase IV Inhibitors,Dipeptidyl-Peptidase IV Inhibitors,0.842
P0704,keyword,4,Hypoglycemic Agents,Hypoglycemic Agents,0.793
P0704,keyword,5,Abdominal aortic aneurysm,Abdominal aortic aneurysm,0.708
P0704,keyword,6,Metformin,Metformin,0.62
P0704,keyword,7,Risk assessment,Risk assessment,0.413
P0704,keyword,8,Aortic Aneurysm,Aortic Aneurysm,0.403
P0704,keyword,9,Disease Progression,Disease Progression,0.385
P0704,keyword,10,Aneurysm,Aneurysm,0.221
P0704,keyword,11,MEDLINE,MEDLINE,0.136
P0704,keyword,12,Diabetes Mellitus,Diabetes Mellitus,0.109
P0412,keyword,1,Tinnitus,Tinnitus,99.476
P0412,keyword,2,Audiology,Audiology,22.423
P0412,keyword,3,"Audiometry, Pure-Tone","Audiometry, Pure-Tone",21.923
P0412,keyword,4,Hearing loss,Hearing loss,20.828
P0412,keyword,5,Hyperacusis,Hyperacusis,20.267
P0412,keyword,6,Audiometry,Audiometry,17.596
P0412,keyword,7,"Hearing Loss, Sudden","Hearing Loss, Sudden",15.891
P0412,keyword,8,Loudness,Loudness,14.515
P0412,keyword,9,Transcranial Direct Current Stimulation,Transcranial Direct Current Stimulation,14.508
P0412,keyword,10,Facial Paralysis,Facial Paralysis,11.397
P0412,keyword,11,Auditory Threshold,Auditory Threshold,10.811
P0412,keyword,12,Bell Palsy,Bell Palsy,9.825
P0412,technique,1,MRI·PET 영상,MRI / PET Imaging,3.695
P0412,technique,2,머신러닝·AI,Machine Learning / AI,1.329
P0412,technique,3,임상시험,Clinical Trials,0.339
P0484,keyword,1,Tumor heterogeneity,Tumor heterogeneity,15.665
P0484,keyword,2,Oncology,Oncology,11.838
P0484,keyword,3,Colorectal cancer,Colorectal cancer,8.738
P0484,keyword,4,Quantile,Quantile,8.484
P0484,keyword,5,Cancer,Cancer,7.702
P0484,keyword,6,Lung cancer,Lung cancer,7.477
P0484,keyword,7,KRAS,KRAS,7.165
P0484,keyword,8,Table (database),Table (database),6.993
P0484,keyword,9,Primary tumor,Primary tumor,6.845
P0484,keyword,10,Genetic Heterogeneity,Genetic Heterogeneity,6.834
P0484,keyword,11,Lymph,Lymph,6.741
P0484,keyword,12,Cancer research,Cancer research,6.193
P0484,technique,1,RNA-seq·전사체,RNA-seq / Transcriptomics,8.664
P0484,technique,2,차세대 시퀀싱(NGS),Next-generation Sequencing,7.681
P0484,technique,3,생물정보·계산생물,Bioinformatics,3.975
P0484,technique,4,단일세포 분석,Single-cell Analysis,2.358
P0484,technique,5,항체 개발,Antibody Engineering,1.915
P0484,technique,6,애기장대·식물 모델,Arabidopsis,1.671
P0484,technique,7,머신러닝·AI,Machine Learning / AI,1.628
P0484,technique,8,GWAS·유전역학,GWAS / Genetic Epidemiology,1.188
P0319,keyword,1,Fibromuscular dysplasia,Fibromuscular dysplasia,6.853
P0319,keyword,2,Cardiology,Cardiology,4.837
P0319,keyword,3,Myocardial Infarction,Myocardial Infarction,4.712
P0319,keyword,4,Coronary angiography,Coronary angiography,4.621
P0319,keyword,5,Coronary Artery Disease,Coronary Artery Disease,4.388
P0319,keyword,6,"Angina, Stable","Angina, Stable",4.161
P0319,keyword,7,Blood pressure,Blood pressure,3.602
P0319,keyword,8,Myocardial Revascularization,Myocardial Revascularization,3.283
P0319,keyword,9,Postmenopause,Postmenopause,3.245
P0319,keyword,10,Myocardial Ischemia,Myocardial Ischemia,2.972
P0319,keyword,11,Coronary Stenosis,Coronary Stenosis,2.93
P0319,keyword,12,Microvesicles,Microvesicles,2.731
P0319,technique,1,엑소좀·세포외소포,Exosomes / EVs,4.853
P0319,technique,2,임상시험,Clinical Trials,0.321
P0181,keyword,1,Drought tolerance,Drought tolerance,33.605
P0181,keyword,2,Drought stress,Drought stress,30.328
P0181,keyword,3,Cultivar,Cultivar,24.051
P0181,keyword,4,Oryza,Oryza,22.335
P0181,keyword,5,Pollen Tube,Pollen Tube,20.555
P0181,keyword,6,Metabolite,Metabolite,16.715
P0181,keyword,7,"Gene Expression Regulation, Plant","Gene Expression Regulation, Plant",15.272
P0181,keyword,8,Pollen,Pollen,14.819
P0181,keyword,9,Plant Proteins,Plant Proteins,12.011
P0181,keyword,10,Oryza sativa,Oryza sativa,10.141
P0181,keyword,11,Isoflavonoid,Isoflavonoid,8.923
P0181,keyword,12,Gene,Gene,6.877
P0181,technique,1,RNA-seq·전사체,RNA-seq / Transcriptomics,23.4
P0181,technique,2,애기장대·식물 모델,Arabidopsis,7.233
P0181,technique,3,대사체·지질체,Metabolomics / Lipidomics,4.579
P0181,technique,4,CRISPR 유전자편집,CRISPR Gene Editing,2.697
P0181,technique,5,생물정보·계산생물,Bioinformatics,2.178
P0805,keyword,1,Base Composition,Base Composition,52.435
P0805,keyword,2,Bacterial Typing Techniques,Bacterial Typing Techniques,49.585
P0805,keyword,3,Seawater,Seawater,46.665
P0805,keyword,4,"RNA, Ribosomal, 16S","RNA, Ribosomal, 16S",44.207
P0805,keyword,5,"DNA, Bacterial","DNA, Bacterial",43.098
P0805,keyword,6,Phylogeny,Phylogeny,40.827
P0805,keyword,7,Fatty Acids,Fatty Acids,38.405
P0805,keyword,8,Phospholipids,Phospholipids,33.784
P0805,keyword,9,Flavobacteriaceae,Flavobacteriaceae,30.517
P0805,keyword,10,"Sequence Analysis, DNA","Sequence Analysis, DNA",28.904
P0805,keyword,11,Rhodobacteraceae,Rhodobacteraceae,28.712
P0805,keyword,12,16S ribosomal RNA,16S ribosomal RNA,25.753
P0805,technique,1,전자현미경,Electron Microscopy,4.34
P0805,technique,2,차세대 시퀀싱(NGS),Next-generation Sequencing,2.96
P0024,keyword,1,Liver Transplantation,Liver Transplantation,32.069
P0024,keyword,2,Living Donors,Living Donors,27.117
P0024,keyword,3,Transplantation,Transplantation,7.686
P0024,keyword,4,Hepatectomy,Hepatectomy,6.96
P0024,keyword,5,Graft Survival,Graft Survival,5.757
P0024,keyword,6,"Carcinoma, Hepatocellular","Carcinoma, Hepatocellular",5.542
P0024,keyword,7,Liver Neoplasms,Liver Neoplasms,5.032
P0024,keyword,8,Carbapenem-Resistant Enterobacteriaceae,Carbapenem-Resistant Enterobacteriaceae,4.925
P0024,keyword,9,Enterobacteriaceae Infections,Enterobacteriaceae Infections,4.713
P0024,keyword,10,Surgery,Surgery,4.645
P0024,keyword,11,"Neoplasm Recurrence, Local","Neoplasm Recurrence, Local",4.389
P0024,keyword,12,Platelet Count,Platelet Count,4.365
P0024,technique,1,임상시험,Clinical Trials,0.48
P0024,technique,2,유세포분석,Flow Cytometry,0.337
P0435,keyword,1,Polychlorinated Dibenzodioxins,Polychlorinated Dibenzodioxins,8.497
P0435,keyword,2,Estuary,Estuary,7.309
P0435,keyword,3,"Dibenzofurans, Polychlorinated","Dibenzofurans, Polychlorinated",6.675
P0435,keyword,4,Carps,Carps,5.197
P0435,keyword,5,Soil,Soil,4.962
P0435,keyword,6,Gas chromatography,Gas chromatography,4.286
P0435,keyword,7,Soil Pollutants,Soil Pollutants,4.159
P0435,keyword,8,Benzofurans,Benzofurans,4.092
P0435,keyword,9,Solid phase extraction,Solid phase extraction,3.461
P0435,keyword,10,Cystectomy,Cystectomy,3.359
P0435,keyword,11,Dibenzofurans,Dibenzofurans,3.302
P0435,keyword,12,Triple quadrupole mass spectrometer,Triple quadrupole mass spectrometer,3.251
P0435,technique,1,질량분석,Mass Spectrometry,6.708
P0435,technique,2,MRI·PET 영상,MRI / PET Imaging,0.378
P0435,technique,3,임상시험,Clinical Trials,0.208
P0816,keyword,1,"Myocytes, Cardiac","Myocytes, Cardiac",12.162
P0816,keyword,2,Microplastics,Microplastics,7.156
P0816,keyword,3,NADP,NADP,6.642
P0816,keyword,4,Aquaporin 3,Aquaporin 3,6.613
P0816,keyword,5,Limpet,Limpet,6.312
P0816,keyword,6,Cantilever,Cantilever,5.72
P0816,keyword,7,Cardiotoxicity,Cardiotoxicity,5.562
P0816,keyword,8,Habituation,Habituation,5.157
P0816,keyword,9,Contractility,Contractility,4.518
P0816,keyword,10,Testosterone,Testosterone,4.401
P0816,keyword,11,Intertidal zone,Intertidal zone,4.357
P0816,keyword,12,Biosensing Techniques,Biosensing Techniques,4.309
P0816,technique,1,줄기세포·iPSC,Stem Cells / iPSC,3.124
P0816,technique,2,나노입자·약물전달,Nanoparticles / Drug Delivery,1.989
P0816,technique,3,전기생리,Electrophysiology,1.185
P0816,technique,4,조직공학·바이오프린팅,Tissue Engineering / Bioprinting,0.913
P0816,technique,5,형광·공초점 이미징,Fluorescence / Confocal Imaging,0.643
P0816,technique,6,MRI·PET 영상,MRI / PET Imaging,0.357
P0816,technique,7,RNA 치료제·siRNA,RNA Therapeutics,0.239
P0816,technique,8,생물정보·계산생물,Bioinformatics,0.229
P0808,keyword,1,Cytochrome P-450 CYP2C9,Cytochrome P-450 CYP2C9,13.623
P0808,keyword,2,Pharmacokinetics,Pharmacokinetics,10.175
P0808,keyword,3,CYP2C9,CYP2C9,10.084
P0808,keyword,4,Pharmacogenomic Variants,Pharmacogenomic Variants,9.533
P0808,keyword,5,Cytochrome P-450 CYP2D6,Cytochrome P-450 CYP2D6,9.207
P0808,keyword,6,CYP2D6,CYP2D6,8.412
P0808,keyword,7,Genotype,Genotype,8.105
P0808,keyword,8,"Polymorphism, Genetic","Polymorphism, Genetic",7.99
P0808,keyword,9,Aryl Hydrocarbon Hydroxylases,Aryl Hydrocarbon Hydroxylases,7.643
P0808,keyword,10,CYP2C19,CYP2C19,7.484
P0808,keyword,11,Gliclazide,Gliclazide,7.456
P0808,keyword,12,Pharmacogenetics,Pharmacogenetics,7.187
P0808,technique,1,질량분석,Mass Spectrometry,1.823
P0808,technique,2,RNA-seq·전사체,RNA-seq / Transcriptomics,0.58
P0808,technique,3,생물정보·계산생물,Bioinformatics,0.271
P0346,keyword,1,Bisphosphonate-Associated Osteonecrosis of the Jaw,Bisphosphonate-Associated Osteonecrosis of the Jaw,50.72
P0346,keyword,2,Osseointegration,Osseointegration,48.391
P0346,keyword,3,Osteonecrosis of the jaw,Osteonecrosis of the jaw,40.557
P0346,keyword,4,Dentistry,Dentistry,32.776
P0346,keyword,5,Bone Density Conservation Agents,Bone Density Conservation Agents,29.301
P0346,keyword,6,Beagle,Beagle,28.039
P0346,keyword,7,Dental Implants,Dental Implants,26.607
P0346,keyword,8,Osteoporosis,Osteoporosis,22.808
P0346,keyword,9,Diphosphonates,Diphosphonates,21.704
P0346,keyword,10,Bisphosphonate,Bisphosphonate,21.47
P0346,keyword,11,Implant,Implant,19.534
P0346,keyword,12,Teriparatide,Teriparatide,19.445
P0346,technique,1,머신러닝·AI,Machine Learning / AI,7.681
P0346,technique,2,엑소좀·세포외소포,Exosomes / EVs,3.785
P0346,technique,3,조직공학·바이오프린팅,Tissue Engineering / Bioprinting,3.674
P0346,technique,4,MRI·PET 영상,MRI / PET Imaging,3.065
P0346,technique,5,줄기세포·iPSC,Stem Cells / iPSC,2.476
P0346,technique,6,전자현미경,Electron Microscopy,1.718
P0346,technique,7,임상시험,Clinical Trials,1.483
P0346,technique,8,나노입자·약물전달,Nanoparticles / Drug Delivery,1.071
P0652,keyword,1,Yeast,Yeast,9.922
P0652,keyword,2,Saccharomyces cerevisiae,Saccharomyces cerevisiae,9.705
P0652,keyword,3,Fermentation,Fermentation,7.516
P0652,keyword,4,Saccharomyces boulardii,Saccharomyces boulardii,7.252
P0652,keyword,5,Clostridium beijerinckii,Clostridium beijerinckii,6.956
P0652,keyword,6,Leghemoglobin,Leghemoglobin,4.665
P0652,keyword,7,Food Ingredients,Food Ingredients,3.741
P0652,keyword,8,Food science,Food science,3.683
P0652,keyword,9,Mannan,Mannan,3.585
P0652,keyword,10,Prebiotics,Prebiotics,3.568
P0652,keyword,11,Polysaccharide,Polysaccharide,3.489
P0652,keyword,12,Clostridium,Clostridium,3.419
P0652,technique,1,CRISPR 유전자편집,CRISPR Gene Editing,1.208
P0652,technique,2,생물정보·계산생물,Bioinformatics,0.771
P0652,technique,3,RNA-seq·전사체,RNA-seq / Transcriptomics,0.577
P0275,keyword,1,Histone-Lysine N-Methyltransferase,Histone-Lysine N-Methyltransferase,12.728
P0275,keyword,2,Drospirenone,Drospirenone,5.968
P0275,keyword,3,Terpene,Terpene,5.245
P0275,keyword,4,"Chromosomes, Insect","Chromosomes, Insect",4.331
P0275,keyword,5,Heterochromatin,Heterochromatin,4.156
P0275,keyword,6,Fat Body,Fat Body,4.144
P0275,keyword,7,Neuroglia,Neuroglia,4.068
P0275,keyword,8,Chromobox Protein Homolog 5,Chromobox Protein Homolog 5,3.928
P0275,keyword,9,Sotos syndrome,Sotos syndrome,3.902
P0275,keyword,10,Histone Methyltransferases,Histone Methyltransferases,3.466
P0275,keyword,11,Histone methyltransferase,Histone methyltransferase,3.294
P0275,keyword,12,Hormone therapy,Hormone therapy,2.839
P0275,technique,1,초파리,Drosophila,16.625
P0275,technique,2,면역조직화학,Immunohistochemistry,0.439
P0275,technique,3,분자도킹·시뮬레이션,Molecular Docking / Dynamics,0.289
P0275,technique,4,나노입자·약물전달,Nanoparticles / Drug Delivery,0.166
P0275,technique,5,전자현미경,Electron Microscopy,0.15
P0275,technique,6,생물정보·계산생물,Bioinformatics,0.141
P0275,technique,7,웨스턴블롯,Western Blot,0.125
P0275,technique,8,ELISA,ELISA,0.121
P0007,keyword,1,Theilovirus,Theilovirus,61.557
P0007,keyword,2,Demyelinating Diseases,Demyelinating Diseases,33.289
P0007,keyword,3,Demyelinating disease,Demyelinating disease,29.087
P0007,keyword,4,Cardiovirus Infections,Cardiovirus Infections,29.08
P0007,keyword,5,Polyglycolic Acid,Polyglycolic Acid,17.465
P0007,keyword,6,Stem cell,Stem cell,16.73
P0007,keyword,7,Mesenchymal stem cell,Mesenchymal stem cell,16.401
P0007,keyword,8,Polylactic Acid-Polyglycolic Acid Copolymer,Polylactic Acid-Polyglycolic Acid Copolymer,15.744
P0007,keyword,9,Cell biology,Cell biology,14.182
P0007,keyword,10,Fibrin,Fibrin,13.724
P0007,keyword,11,Immunology,Immunology,13.46
P0007,keyword,12,Cancer research,Cancer research,13.269
P0007,technique,1,줄기세포·iPSC,Stem Cells / iPSC,41.697
P0007,technique,2,조직공학·바이오프린팅,Tissue Engineering / Bioprinting,24.389
P0007,technique,3,나노입자·약물전달,Nanoparticles / Drug Delivery,21.929
P0007,technique,4,하이드로젤·스캐폴드,Hydrogels / Scaffolds,10.885
P0007,technique,5,엑소좀·세포외소포,Exosomes / EVs,10.011
P0007,technique,6,머신러닝·AI,Machine Learning / AI,7.117
P0007,technique,7,전자현미경,Electron Microscopy,6.346
P0007,technique,8,유전자변형 마우스,Genetically Modified Mice,6.063
P0771,keyword,1,Cell Hypoxia,Cell Hypoxia,12.928
P0771,keyword,2,Heterochromatin,Heterochromatin,10.431
P0771,keyword,3,"Hypoxia-Inducible Factor 1, alpha Subunit","Hypoxia-Inducible Factor 1, alpha Subunit",9.903
P0771,keyword,4,Histones,Histones,9.892
P0771,keyword,5,Histone,Histone,9.229
P0771,keyword,6,Histone methylation,Histone methylation,8.504
P0771,keyword,7,H3K4me3,H3K4me3,7.664
P0771,keyword,8,Senescence,Senescence,7.137
P0771,keyword,9,Chromatin,Chromatin,6.3
P0771,keyword,10,Aqueous Humor,Aqueous Humor,6.266
P0771,keyword,11,Hypoxia (environmental),Hypoxia (environmental),5.838
P0771,keyword,12,Adipocytes,Adipocytes,5.434
P0771,technique,1,머신러닝·AI,Machine Learning / AI,2.298
P0771,technique,2,나노입자·약물전달,Nanoparticles / Drug Delivery,2.284
P0771,technique,3,후성유전 분석,Epigenomics (ChIP/ATAC-seq),1.751
P0771,technique,4,웨스턴블롯,Western Blot,1.016
P0771,technique,5,RNA-seq·전사체,RNA-seq / Transcriptomics,0.69
P0771,technique,6,RNA 치료제·siRNA,RNA Therapeutics,0.423
P0771,technique,7,유전자변형 마우스,Genetically Modified Mice,0.374
P0771,technique,8,전자현미경,Electron Microscopy,0.29
P0750,keyword,1,Quantum dot,Quantum dot,17.72
P0750,keyword,2,Quantum yield,Quantum yield,10.158
P0750,keyword,3,Photoluminescence,Photoluminescence,9.573
P0750,keyword,4,Nanocrystal,Nanocrystal,7.813
P0750,keyword,5,Pregnancy Tests,Pregnancy Tests,7.74
P0750,keyword,6,Catechol,Catechol,7.47
P0750,keyword,7,Nanotechnology,Nanotechnology,7.462
P0750,keyword,8,Perovskite (structure),Perovskite (structure),7.032
P0750,keyword,9,Luminescence,Luminescence,6.89
P0750,keyword,10,Halide,Halide,6.758
P0750,keyword,11,Nanomaterials,Nanomaterials,6.476
P0750,keyword,12,Chemical engineering,Chemical engineering,5.448
P0750,technique,1,나노입자·약물전달,Nanoparticles / Drug Delivery,8.14
P0750,technique,2,전자현미경,Electron Microscopy,2.663
P0750,technique,3,X선 결정학·구조분석,X-ray Crystallography,0.31
P0750,technique,4,머신러닝·AI,Machine Learning / AI,0.214
P0250,keyword,1,Glioblastoma,Glioblastoma,9.099
P0250,keyword,2,Pharmacogenomics,Pharmacogenomics,5.019
P0250,keyword,3,Proteogenomics,Proteogenomics,4.469
P0250,keyword,4,Brain Neoplasms,Brain Neoplasms,3.769
P0250,keyword,5,Blockade,Blockade,3.388
P0250,keyword,6,Immune checkpoint,Immune checkpoint,2.577
P0250,keyword,7,Profiling (computer programming),Profiling (computer programming),2.435
P0250,keyword,8,Precision Medicine,Precision Medicine,2.315
P0250,keyword,9,Gynecologic cancer,Gynecologic cancer,2.287
P0250,keyword,10,Glioma,Glioma,2.272
P0250,keyword,11,Medulloblastoma,Medulloblastoma,2.092
P0250,keyword,12,Cancer research,Cancer research,2.02
P0250,technique,1,RNA-seq·전사체,RNA-seq / Transcriptomics,2.938
P0250,technique,2,생물정보·계산생물,Bioinformatics,2.296
P0250,technique,3,단백체,Proteomics,1.952
P0250,technique,4,차세대 시퀀싱(NGS),Next-generation Sequencing,1.257
P0250,technique,5,종양 이종이식 모델,Xenograft Models,1.022
P0250,technique,6,항체 개발,Antibody Engineering,0.702
P0250,technique,7,MRI·PET 영상,MRI / PET Imaging,0.145
P0788,keyword,1,Streptolysins,Streptolysins,8.185
P0788,keyword,2,Cytolysin,Cytolysin,4.895
P0788,keyword,3,Nanocages,Nanocages,4.604
P0788,keyword,4,Endosomes,Endosomes,3.448
P0788,keyword,5,Cytosol,Cytosol,3.159
P0788,keyword,6,Doxorubicin,Doxorubicin,2.479
P0788,keyword,7,Polyethylene Glycols,Polyethylene Glycols,2.289
P0788,keyword,8,Cholesterol,Cholesterol,2.2
P0788,keyword,9,Cyclic voltammetry,Cyclic voltammetry,2.134
P0788,keyword,10,Biomolecule,Biomolecule,2.046
P0788,keyword,11,Dielectric spectroscopy,Dielectric spectroscopy,1.984
P0788,keyword,12,Monomer,Monomer,1.918
P0788,technique,1,나노입자·약물전달,Nanoparticles / Drug Delivery,3.098
P0788,technique,2,엑소좀·세포외소포,Exosomes / EVs,1.045
P0110,keyword,1,Germinal Center,Germinal Center,0.448
P0110,keyword,2,"Toxicity Tests, Chronic","Toxicity Tests, Chronic",0.407
P0110,keyword,3,Eleutherococcus,Eleutherococcus,0.375
P0110,keyword,4,"Toxicity Tests, Acute","Toxicity Tests, Acute",0.353
P0110,keyword,5,No-Observed-Adverse-Effect Level,No-Observed-Adverse-Effect Level,0.304
P0110,keyword,6,Splenocyte,Splenocyte,0.284
P0110,keyword,7,MADS Domain Proteins,MADS Domain Proteins,0.278
P0110,keyword,8,BCL6,BCL6,0.268
P0110,keyword,9,Thymocytes,Thymocytes,0.256
P0110,keyword,10,Myogenic regulatory factors,Myogenic regulatory factors,0.252
P0110,keyword,11,Humoral immunity,Humoral immunity,0.25
P0110,keyword,12,Eating,Eating,0.246
P0097,keyword,1,Silicone Oils,Silicone Oils,19.137
P0097,keyword,2,Syringes,Syringes,18.425
P0097,keyword,3,Protein Aggregates,Protein Aggregates,16.024
P0097,keyword,4,"Calorimetry, Differential Scanning","Calorimetry, Differential Scanning",13.568
P0097,keyword,5,Drug Stability,Drug Stability,11.563
P0097,keyword,6,Dynamic light scattering,Dynamic light scattering,10.192
P0097,keyword,7,Circular dichroism,Circular dichroism,9.757
P0097,keyword,8,Schizophrenia (object-oriented programming),Schizophrenia (object-oriented programming),9.643
P0097,keyword,9,Differential scanning calorimetry,Differential scanning calorimetry,8.995
P0097,keyword,10,Clozapine,Clozapine,8.513
P0097,keyword,11,Buffers,Buffers,8.292
P0097,keyword,12,Etanercept,Etanercept,8.036
P0097,technique,1,나노입자·약물전달,Nanoparticles / Drug Delivery,4.93
P0097,technique,2,RNA 치료제·siRNA,RNA Therapeutics,1.97
P0097,technique,3,머신러닝·AI,Machine Learning / AI,1.964
P0097,technique,4,임상시험,Clinical Trials,1.263
P0097,technique,5,X선 결정학·구조분석,X-ray Crystallography,0.894
P0097,technique,6,질량분석,Mass Spectrometry,0.543
P0097,technique,7,하이드로젤·스캐폴드,Hydrogels / Scaffolds,0.491
P0097,technique,8,형광·공초점 이미징,Fluorescence / Confocal Imaging,0.256
P0695,keyword,1,Xanthene,Xanthene,7.188
P0695,keyword,2,Fluorine Radioisotopes,Fluorine Radioisotopes,5.916
P0695,keyword,3,Fluorescence,Fluorescence,5.851
P0695,keyword,4,Linker,Linker,5.692
P0695,keyword,5,Nitroreductase,Nitroreductase,5.219
P0695,keyword,6,Xanthenes,Xanthenes,4.483
P0695,keyword,7,Aminopeptidase,Aminopeptidase,4.417
P0695,keyword,8,Tripeptide,Tripeptide,3.841
P0695,keyword,9,Immunoconjugates,Immunoconjugates,3.715
P0695,keyword,10,Acetazolamide,Acetazolamide,3.647
P0695,keyword,11,Leucyl Aminopeptidase,Leucyl Aminopeptidase,3.438
P0695,keyword,12,Fluorophore,Fluorophore,3.193
P0695,technique,1,MRI·PET 영상,MRI / PET Imaging,2.939
P0695,technique,2,생물정보·계산생물,Bioinformatics,0.907
P0695,technique,3,X선 결정학·구조분석,X-ray Crystallography,0.721
P0695,technique,4,유세포분석,Flow Cytometry,0.493
P0695,technique,5,머신러닝·AI,Machine Learning / AI,0.392
P0076,keyword,1,Synaptic Vesicles,Synaptic Vesicles,19.517
P0076,keyword,2,Synaptic vesicle,Synaptic vesicle,15.849
P0076,keyword,3,Sodium Cholate,Sodium Cholate,13.368
P0076,keyword,4,Synapses,Synapses,13.232
P0076,keyword,5,Presynaptic Terminals,Presynaptic Terminals,13.212
P0076,keyword,6,Dendritic Spines,Dendritic Spines,12.766
P0076,keyword,7,Endocytosis,Endocytosis,12.045
P0076,keyword,8,Endocytic cycle,Endocytic cycle,10.511
P0076,keyword,9,Dendritic spine,Dendritic spine,9.921
P0076,keyword,10,Sorting Nexins,Sorting Nexins,8.167
P0076,keyword,11,Neurons,Neurons,8.078
P0076,keyword,12,Synapsins,Synapsins,7.97
P0076,technique,1,형광·공초점 이미징,Fluorescence / Confocal Imaging,3.113
P0076,technique,2,전기생리,Electrophysiology,3.074
P0076,technique,3,면역조직화학,Immunohistochemistry,2.492
P0076,technique,4,유전자변형 마우스,Genetically Modified Mice,2.452
P0076,technique,5,RNA 치료제·siRNA,RNA Therapeutics,2.38
P0076,technique,6,머신러닝·AI,Machine Learning / AI,1.776
P0076,technique,7,RNA-seq·전사체,RNA-seq / Transcriptomics,0.634
P0076,technique,8,전자현미경,Electron Microscopy,0.239
P0415,keyword,1,Pneumolysin,Pneumolysin,6.298
P0415,keyword,2,Streptococcus pneumoniae,Streptococcus pneumoniae,6.083
P0415,keyword,3,Haemophilus influenzae,Haemophilus influenzae,4.904
P0415,keyword,4,Deubiquitinating Enzyme CYLD,Deubiquitinating Enzyme CYLD,4.637
P0415,keyword,5,Pneumococcal Infections,Pneumococcal Infections,3.958
P0415,keyword,6,"Pneumonia, Pneumococcal","Pneumonia, Pneumococcal",3.923
P0415,keyword,7,Pneumococcal pneumonia,Pneumococcal pneumonia,3.874
P0415,keyword,8,Streptolysins,Streptolysins,3.272
P0415,keyword,9,Otitis Media,Otitis Media,3.168
P0415,keyword,10,Haemophilus Infections,Haemophilus Infections,2.838
P0415,keyword,11,Respiratory Mucosa,Respiratory Mucosa,2.668
P0415,keyword,12,Pentraxins,Pentraxins,2.547
P0415,technique,1,유전자변형 마우스,Genetically Modified Mice,2.498
P0415,technique,2,RNA 치료제·siRNA,RNA Therapeutics,1.378
P0415,technique,3,웨스턴블롯,Western Blot,0.245
P0415,technique,4,후성유전 분석,Epigenomics (ChIP/ATAC-seq),0.228
P0028,keyword,1,Chemoimmunotherapy,Chemoimmunotherapy,63.702
P0028,keyword,2,Cancer research,Cancer research,43.576
P0028,keyword,3,Oncology,Oncology,37.824
P0028,keyword,4,Cancer,Cancer,37.435
P0028,keyword,5,Evasion (ethics),Evasion (ethics),33.371
P0028,keyword,6,Lung cancer,Lung cancer,28.801
P0028,keyword,7,Immune system,Immune system,28.51
P0028,keyword,8,Tumor microenvironment,Tumor microenvironment,28.355
P0028,keyword,9,Lymph,Lymph,26.588
P0028,keyword,10,First line,First line,23.709
P0028,keyword,11,Multiple Myeloma,Multiple Myeloma,23.282
P0028,keyword,12,Mutation,Mutation,22.416
P0028,technique,1,차세대 시퀀싱(NGS),Next-generation Sequencing,39.185
P0028,technique,2,단일세포 분석,Single-cell Analysis,36.641
P0028,technique,3,RNA-seq·전사체,RNA-seq / Transcriptomics,32.078
P0028,technique,4,생물정보·계산생물,Bioinformatics,20.112
P0028,technique,5,GWAS·유전역학,GWAS / Genetic Epidemiology,10.321
P0028,technique,6,항체 개발,Antibody Engineering,3.144
P0028,technique,7,면역조직화학,Immunohistochemistry,2.916
P0028,technique,8,미세유체·장기칩,Microfluidics / Organ-on-a-chip,2.375
P0544,keyword,1,Fatty Liver,Fatty Liver,7.502
P0544,keyword,2,Non-alcoholic Fatty Liver Disease,Non-alcoholic Fatty Liver Disease,5.917
P0544,keyword,3,Hedgehog,Hedgehog,5.393
P0544,keyword,4,Liver Regeneration,Liver Regeneration,4.919
P0544,keyword,5,Mechanosensitive channels,Mechanosensitive channels,4.756
P0544,keyword,6,Hedgehog Proteins,Hedgehog Proteins,4.498
P0544,keyword,7,"Mechanotransduction, Cellular","Mechanotransduction, Cellular",4.45
P0544,keyword,8,Mechanotransduction,Mechanotransduction,4.227
P0544,keyword,9,Liver Cirrhosis,Liver Cirrhosis,4.201
P0544,keyword,10,Hepatic Stellate Cells,Hepatic Stellate Cells,4.096
P0544,keyword,11,Hedgehog signaling pathway,Hedgehog signaling pathway,4.06
P0544,keyword,12,Methyltransferases,Methyltransferases,3.839
P0544,technique,1,유전자변형 마우스,Genetically Modified Mice,1.346
P0544,technique,2,줄기세포·iPSC,Stem Cells / iPSC,1.209
P0544,technique,3,생물정보·계산생물,Bioinformatics,1.175
P0544,technique,4,qPCR,Real-time PCR,0.938
P0544,technique,5,조직공학·바이오프린팅,Tissue Engineering / Bioprinting,0.925
P0544,technique,6,RNA-seq·전사체,RNA-seq / Transcriptomics,0.762
P0544,technique,7,면역조직화학,Immunohistochemistry,0.079
P0586,keyword,1,Thoracostomy,Thoracostomy,6.233
P0586,keyword,2,Fasciitis,Fasciitis,3.884
P0586,keyword,3,Extracorporeal membrane oxygenation,Extracorporeal membrane oxygenation,3.62
P0586,keyword,4,Thoracic wall,Thoracic wall,2.834
P0586,keyword,5,Hemodialysis access,Hemodialysis access,2.608
P0586,keyword,6,Enchondroma,Enchondroma,2.378
P0586,keyword,7,Chest tube,Chest tube,2.372
P0586,keyword,8,Surgery,Surgery,2.27
P0586,keyword,9,Chondroma,Chondroma,1.967
P0586,keyword,10,Pneumothorax,Pneumothorax,1.683
P0586,keyword,11,Arteriovenous fistula,Arteriovenous fistula,1.667
P0586,keyword,12,Hemodialysis,Hemodialysis,1.589
P0377,keyword,1,Pylorus,Pylorus,0.203
P0377,keyword,2,Duodenal bulb,Duodenal bulb,0.178
P0377,keyword,3,Melena,Melena,0.167
P0377,keyword,4,Stomach,Stomach,0.051
P0377,keyword,5,General surgery,General surgery,0.032
P0377,keyword,6,Gastroenterology,Gastroenterology,0.026
P0377,keyword,7,Surgery,Surgery,0.019
P0314,keyword,1,Blood sugar,Blood sugar,0.706
P0314,keyword,2,Glycemic index,Glycemic index,0.677
P0314,keyword,3,Glycemic,Glycemic,0.612
P0314,keyword,4,Sucrose,Sucrose,0.58
P0314,keyword,5,Xylobiose,Xylobiose,0.522
P0314,keyword,6,Sugar,Sugar,0.384
P0314,keyword,7,Defecation,Defecation,0.244
P0314,keyword,8,Postprandial,Postprandial,0.242
P0314,keyword,9,Glycemic load,Glycemic load,0.199
P0314,keyword,10,Constipation,Constipation,0.198
P0314,keyword,11,Food science,Food science,0.16
P0314,keyword,12,Diabetes Mellitus,Diabetes Mellitus,0.122
P0358,keyword,1,Free Tissue Flaps,Free Tissue Flaps,21.659
P0358,keyword,2,Plastic Surgery Procedures,Plastic Surgery Procedures,20.416
P0358,keyword,3,Perforator Flap,Perforator Flap,14.026
P0358,keyword,4,Perforator flaps,Perforator flaps,9.64
P0358,keyword,5,Soft Tissue Injuries,Soft Tissue Injuries,9.047
P0358,keyword,6,Surgery,Surgery,8.826
P0358,keyword,7,DIEP flap,DIEP flap,7.4
P0358,keyword,8,Blepharoplasty,Blepharoplasty,6.995
P0358,keyword,9,Early warning score,Early warning score,6.711
P0358,keyword,10,"Anastomosis, Surgical","Anastomosis, Surgical",6.242
P0358,keyword,11,Lower Extremity,Lower Extremity,5.988
P0358,keyword,12,Rhytidoplasty,Rhytidoplasty,5.834
P0358,technique,1,조직공학·바이오프린팅,Tissue Engineering / Bioprinting,1.228
P0358,technique,2,면역조직화학,Immunohistochemistry,0.566
P0358,technique,3,임상시험,Clinical Trials,0.515
P0218,keyword,1,Pharmacy,Pharmacy,3.771
P0218,keyword,2,Community pharmacy,Community pharmacy,3.468
P0218,keyword,3,Medical prescription,Medical prescription,3.05
P0218,keyword,4,Trimetazidine,Trimetazidine,2.581
P0218,keyword,5,Pharmacies,Pharmacies,2.453
P0218,keyword,6,Class (philosophy),Class (philosophy),2.321
P0218,keyword,7,"Education, Pharmacy","Education, Pharmacy",2.297
P0218,keyword,8,"Students, Pharmacy","Students, Pharmacy",2.297
P0218,keyword,9,Metformin,Metformin,2.114
P0218,keyword,10,Chronic pain,Chronic pain,2.059
P0218,keyword,11,Extended release,Extended release,1.615
P0218,keyword,12,Adverse Drug Reaction Reporting Systems,Adverse Drug Reaction Reporting Systems,1.459
P0218,technique,1,머신러닝·AI,Machine Learning / AI,0.152
P0273,keyword,1,Thyroid Neoplasms,Thyroid Neoplasms,2.374
P0273,keyword,2,Thyroid cancer,Thyroid cancer,1.849
P0273,keyword,3,Circulating Tumor DNA,Circulating Tumor DNA,1.574
P0273,keyword,4,Thyroidectomy,Thyroidectomy,1.28
P0273,keyword,5,"Carcinoma, Neuroendocrine","Carcinoma, Neuroendocrine",1.241
P0273,keyword,6,"Carcinoma, Pancreatic Ductal","Carcinoma, Pancreatic Ductal",1.125
P0273,keyword,7,Otorhinolaryngology,Otorhinolaryngology,1.116
P0273,keyword,8,Head and neck surgery,Head and neck surgery,1.084
P0273,keyword,9,Risk,Risk,1.046
P0273,keyword,10,CA-19-9 Antigen,CA-19-9 Antigen,0.973
P0273,keyword,11,Tertiary referral centre,Tertiary referral centre,0.928
P0273,keyword,12,Medullary thyroid cancer,Medullary thyroid cancer,0.854
P0812,keyword,1,Thorax,Thorax,0.457
P0812,keyword,2,Respiration Disorders,Respiration Disorders,0.437
P0812,keyword,3,Nutrition Surveys,Nutrition Surveys,0.384
P0812,keyword,4,Social Class,Social Class,0.354
P0812,keyword,5,"Radiography, Thoracic","Radiography, Thoracic",0.348
P0812,keyword,6,"Tuberculosis, Pulmonary","Tuberculosis, Pulmonary",0.326
P0812,keyword,7,Spirometry,Spirometry,0.321
P0812,keyword,8,Smoking,Smoking,0.232
P0812,keyword,9,Sex Factors,Sex Factors,0.183
P0812,keyword,10,National Health and Nutrition Examination Survey,National Health and Nutrition Examination Survey,0.182
P0812,keyword,11,Medical history,Medical history,0.165
P0812,keyword,12,Age Factors,Age Factors,0.146
P0531,keyword,1,Friends,Friends,9.869
P0531,keyword,2,Laparoscopy,Laparoscopy,9.444
P0531,keyword,3,Uterine Myomectomy,Uterine Myomectomy,8.678
P0531,keyword,4,Random variate,Random variate,6.597
P0531,keyword,5,Uterine artery,Uterine artery,5.587
P0531,keyword,6,Underage Drinking,Underage Drinking,5.516
P0531,keyword,7,Uterine Neoplasms,Uterine Neoplasms,5.27
P0531,keyword,8,"Blood Loss, Surgical","Blood Loss, Surgical",5.015
P0531,keyword,9,Leiomyoma,Leiomyoma,4.87
P0531,keyword,10,Psychology,Psychology,4.565
P0531,keyword,11,Addiction,Addiction,4.495
P0531,keyword,12,Work–life balance,Work–life balance,4.063
P0531,technique,1,머신러닝·AI,Machine Learning / AI,1.38
P0279,keyword,1,Emulsion,Emulsion,45.953
P0279,keyword,2,Food science,Food science,32.806
P0279,keyword,3,Supercooling,Supercooling,28.445
P0279,keyword,4,Emulsions,Emulsions,23.171
P0279,keyword,5,Rheology,Rheology,15.028
P0279,keyword,6,Vicia faba,Vicia faba,14.036
P0279,keyword,7,Congelation,Congelation,13.758
P0279,keyword,8,Cold storage,Cold storage,13.093
P0279,keyword,9,Particle Size,Particle Size,12.765
P0279,keyword,10,Pisum sativum,Pisum sativum,10.961
P0279,keyword,11,Chemical engineering,Chemical engineering,10.939
P0279,keyword,12,Soybean Proteins,Soybean Proteins,10.67
P0279,technique,1,나노입자·약물전달,Nanoparticles / Drug Delivery,6.379
P0279,technique,2,전자현미경,Electron Microscopy,3.757
P0279,technique,3,머신러닝·AI,Machine Learning / AI,2.529
P0279,technique,4,질량분석,Mass Spectrometry,0.547
P0279,technique,5,생물정보·계산생물,Bioinformatics,0.417
P0279,technique,6,X선 결정학·구조분석,X-ray Crystallography,0.314
P0797,keyword,1,Kojic acid,Kojic acid,20.466
P0797,keyword,2,Monophenol Monooxygenase,Monophenol Monooxygenase,18.129
P0797,keyword,3,Agaricales,Agaricales,16.01
P0797,keyword,4,Tyrosinase,Tyrosinase,15.802
P0797,keyword,5,Melanins,Melanins,14.257
P0797,keyword,6,Sodium-Glucose Transporter 2 Inhibitors,Sodium-Glucose Transporter 2 Inhibitors,10.781
P0797,keyword,7,Medical prescription,Medical prescription,8.779
P0797,keyword,8,Enzyme Inhibitors,Enzyme Inhibitors,8.185
P0797,keyword,9,Pyrones,Pyrones,7.322
P0797,keyword,10,Melanin,Melanin,6.248
P0797,keyword,11,Itraconazole,Itraconazole,6.012
P0797,keyword,12,Fluconazole,Fluconazole,5.785
P0797,technique,1,분자도킹·시뮬레이션,Molecular Docking / Dynamics,7.847
P0797,technique,2,제브라피시,Zebrafish,3.799
P0797,technique,3,생물정보·계산생물,Bioinformatics,0.592
P0797,technique,4,웨스턴블롯,Western Blot,0.131
P0635,keyword,1,Acrocephalosyndactylia,Acrocephalosyndactylia,9.048
P0635,keyword,2,Epilepsy,Epilepsy,6.287
P0635,keyword,3,Aphasia,Aphasia,5.219
P0635,keyword,4,X Chromosome Inactivation,X Chromosome Inactivation,5.196
P0635,keyword,5,Epileptogenesis,Epileptogenesis,5.171
P0635,keyword,6,"RNA, Long Noncoding","RNA, Long Noncoding",5.027
P0635,keyword,7,"Receptor, Fibroblast Growth Factor, Type 2","Receptor, Fibroblast Growth Factor, Type 2",4.929
P0635,keyword,8,Polysomnography,Polysomnography,4.918
P0635,keyword,9,Cleidocranial Dysplasia,Cleidocranial Dysplasia,4.797
P0635,keyword,10,Continuous positive airway pressure,Continuous positive airway pressure,4.571
P0635,keyword,11,Sleep Bruxism,Sleep Bruxism,4.375
P0635,keyword,12,NIMA-Interacting Peptidylprolyl Isomerase,NIMA-Interacting Peptidylprolyl Isomerase,4.308
P0635,technique,1,유전자변형 마우스,Genetically Modified Mice,1.452
P0635,technique,2,MRI·PET 영상,MRI / PET Imaging,0.821
P0635,technique,3,RNA-seq·전사체,RNA-seq / Transcriptomics,0.751
P0635,technique,4,머신러닝·AI,Machine Learning / AI,0.576
P0635,technique,5,임상시험,Clinical Trials,0.394
P0635,technique,6,생물정보·계산생물,Bioinformatics,0.183
P0409,keyword,1,"Pulmonary Disease, Chronic Obstructive","Pulmonary Disease, Chronic Obstructive",45.351
P0409,keyword,2,COPD,COPD,38.747
P0409,keyword,3,Forced Expiratory Volume,Forced Expiratory Volume,18.092
P0409,keyword,4,Spirometry,Spirometry,15.627
P0409,keyword,5,Exacerbation,Exacerbation,13.353
P0409,keyword,6,Vital capacity,Vital capacity,12.255
P0409,keyword,7,"Administration, Inhalation","Administration, Inhalation",11.396
P0409,keyword,8,Air Pollution,Air Pollution,11.321
P0409,keyword,9,Bronchiectasis,Bronchiectasis,11.266
P0409,keyword,10,Smokers,Smokers,11.223
P0409,keyword,11,Traffic-Related Pollution,Traffic-Related Pollution,10.946
P0409,keyword,12,Lung,Lung,10.796
P0409,technique,1,GWAS·유전역학,GWAS / Genetic Epidemiology,1.907
P0409,technique,2,MRI·PET 영상,MRI / PET Imaging,1.664
P0409,technique,3,임상시험,Clinical Trials,0.951
P0409,technique,4,유전자변형 마우스,Genetically Modified Mice,0.494
P0409,technique,5,머신러닝·AI,Machine Learning / AI,0.475
P0409,technique,6,면역조직화학,Immunohistochemistry,0.285
P0354,keyword,1,Thyroidectomy,Thyroidectomy,8.005
P0354,keyword,2,Thyroid Neoplasms,Thyroid Neoplasms,7.668
P0354,keyword,3,Breast cancer,Breast cancer,6.008
P0354,keyword,4,Margins of Excision,Margins of Excision,5.991
P0354,keyword,5,Robotic Surgical Procedures,Robotic Surgical Procedures,4.789
P0354,keyword,6,Breast Neoplasms,Breast Neoplasms,4.74
P0354,keyword,7,Tamoxifen,Tamoxifen,3.88
P0354,keyword,8,Propensity Score,Propensity Score,3.667
P0354,keyword,9,Graves Disease,Graves Disease,3.275
P0354,keyword,10,Cancer,Cancer,3.234
P0354,keyword,11,"Neoplasm Recurrence, Local","Neoplasm Recurrence, Local",3.148
P0354,keyword,12,Metastatic breast cancer,Metastatic breast cancer,2.884
P0354,technique,1,엑소좀·세포외소포,Exosomes / EVs,2.313
P0354,technique,2,면역조직화학,Immunohistochemistry,0.724
P0354,technique,3,유전자변형 마우스,Genetically Modified Mice,0.447
P0354,technique,4,머신러닝·AI,Machine Learning / AI,0.385
P0354,technique,5,생물정보·계산생물,Bioinformatics,0.363
P0354,technique,6,임상시험,Clinical Trials,0.359
P0354,technique,7,MRI·PET 영상,MRI / PET Imaging,0.19
P0807,keyword,1,Glucagon-like peptide 1 receptor,Glucagon-like peptide 1 receptor,1.866
P0807,keyword,2,Semiconductors,Semiconductors,1.393
P0807,keyword,3,Taxane,Taxane,1.345
P0807,keyword,4,Meta-analysis,Meta-analysis,0.854
P0807,keyword,5,Association (psychology),Association (psychology),0.764
P0807,keyword,6,Type 2 diabetes,Type 2 diabetes,0.732
P0807,keyword,7,Oncology,Oncology,0.7
P0807,keyword,8,Diabetes Mellitus,Diabetes Mellitus,0.622
P0807,keyword,9,Cell permeability,Cell permeability,0.502
P0807,keyword,10,Retrospective cohort study,Retrospective cohort study,0.49
P0807,keyword,11,Mucus,Mucus,0.475
P0807,keyword,12,COPD,COPD,0.474
P0493,keyword,1,Dephosphorylation,Dephosphorylation,31.16
P0493,keyword,2,Protein phosphatase 2,Protein phosphatase 2,26.287
P0493,keyword,3,Adiponectin,Adiponectin,23.34
P0493,keyword,4,AMPK,AMPK,16.931
P0493,keyword,5,Phosphatase,Phosphatase,15.405
P0493,keyword,6,Protein kinase B,Protein kinase B,12.8
P0493,keyword,7,Cancer research,Cancer research,11.47
P0493,keyword,8,Cell biology,Cell biology,10.401
P0493,keyword,9,Phosphorylation,Phosphorylation,9.46
P0493,keyword,10,Ciliopathy,Ciliopathy,6.15
P0493,keyword,11,Myeloid-Derived Suppressor Cells,Myeloid-Derived Suppressor Cells,6.033
P0493,keyword,12,Keratinocytes,Keratinocytes,5.884
P0493,technique,1,유전자변형 마우스,Genetically Modified Mice,3.086
P0493,technique,2,RNA 치료제·siRNA,RNA Therapeutics,2.019
P0493,technique,3,RNA-seq·전사체,RNA-seq / Transcriptomics,1.219
P0493,technique,4,웨스턴블롯,Western Blot,1.029
P0493,technique,5,생물정보·계산생물,Bioinformatics,0.818
P0493,technique,6,제브라피시,Zebrafish,0.674
P0493,technique,7,면역조직화학,Immunohistochemistry,0.637
P0493,technique,8,유세포분석,Flow Cytometry,0.611
P0621,keyword,1,Blunt,Blunt,4.704
P0621,keyword,2,Surgery,Surgery,4.034
P0621,keyword,3,Cardiac Rupture,Cardiac Rupture,3.934
P0621,keyword,4,Stab,Stab,3.616
P0621,keyword,5,Cardiac tamponade,Cardiac tamponade,3.441
P0621,keyword,6,Blunt trauma,Blunt trauma,2.992
P0621,keyword,7,Stab wound,Stab wound,2.794
P0621,keyword,8,Tamponade,Tamponade,2.606
P0621,keyword,9,Trauma center,Trauma center,2.598
P0621,keyword,10,Pseudoaneurysm,Pseudoaneurysm,2.563
P0621,keyword,11,Hemothorax,Hemothorax,2.512
P0621,keyword,12,Sternum,Sternum,2.475
P0047,keyword,1,Lysogenic cycle,Lysogenic cycle,5.384
P0047,keyword,2,Prophage,Prophage,5.366
P0047,keyword,3,Streptococcus bovis,Streptococcus bovis,4.396
P0047,keyword,4,Lysogen,Lysogen,4.238
P0047,keyword,5,Temperateness,Temperateness,4.185
P0047,keyword,6,Streptococcus Phages,Streptococcus Phages,4.093
P0047,keyword,7,Ruminants,Ruminants,3.576
P0047,keyword,8,Bacteriophage,Bacteriophage,2.663
P0047,keyword,9,Prophages,Prophages,2.585
P0047,keyword,10,Bacteriophages,Bacteriophages,2.555
P0047,keyword,11,Siphoviridae,Siphoviridae,2.131
P0047,keyword,12,Host Specificity,Host Specificity,2.042
P0506,keyword,1,Flutamide,Flutamide,8.426
P0506,keyword,2,Epididymis,Epididymis,8.351
P0506,keyword,3,Oocytes,Oocytes,6.998
P0506,keyword,4,Cholesterol Side-Chain Cleavage Enzyme,Cholesterol Side-Chain Cleavage Enzyme,6.696
P0506,keyword,5,Oocyte activation,Oocyte activation,6.557
P0506,keyword,6,Estradiol benzoate,Estradiol benzoate,6.478
P0506,keyword,7,Blastocyst,Blastocyst,6.24
P0506,keyword,8,Oocyte,Oocyte,6.175
P0506,keyword,9,Nandrolone,Nandrolone,5.811
P0506,keyword,10,Endocrinology,Endocrinology,5.596
P0506,keyword,11,Gene isoform,Gene isoform,4.861
P0506,keyword,12,Aromatase,Aromatase,4.766
P0506,technique,1,줄기세포·iPSC,Stem Cells / iPSC,0.645
P0506,technique,2,유전자변형 마우스,Genetically Modified Mice,0.633
P0506,technique,3,면역조직화학,Immunohistochemistry,0.612
P0506,technique,4,전기생리,Electrophysiology,0.492
P0506,technique,5,qPCR,Real-time PCR,0.453
P0506,technique,6,생물정보·계산생물,Bioinformatics,0.054
P0146,keyword,1,Palladium,Palladium,0.505
P0146,keyword,2,Catalysis,Catalysis,0.196
P0146,keyword,3,Combinatorial chemistry,Combinatorial chemistry,0.111
P0146,keyword,4,Medicinal chemistry,Medicinal chemistry,0.073
P0146,keyword,5,Organic chemistry,Organic chemistry,0.066
P0146,keyword,6,Stereochemistry,Stereochemistry,0.044
P0523,keyword,1,BAP1,BAP1,1.946
P0523,keyword,2,Myoepithelioma,Myoepithelioma,1.737
P0523,keyword,3,Clear cell renal cell carcinoma,Clear cell renal cell carcinoma,1.586
P0523,keyword,4,Chromophobe cell,Chromophobe cell,1.382
P0523,keyword,5,Preoperative Period,Preoperative Period,1.366
P0523,keyword,6,Tissue microarray,Tissue microarray,1.27
P0523,keyword,7,Renal cell carcinoma,Renal cell carcinoma,1.052
P0523,keyword,8,Postoperative Period,Postoperative Period,1.04
P0523,keyword,9,Neutrophil to lymphocyte ratio,Neutrophil to lymphocyte ratio,1.003
P0523,keyword,10,Perineural invasion,Perineural invasion,0.907
P0523,keyword,11,Lymphocytes,Lymphocytes,0.892
P0523,keyword,12,Neutrophils,Neutrophils,0.848
P0523,technique,1,면역조직화학,Immunohistochemistry,1.029
P0523,technique,2,RNA-seq·전사체,RNA-seq / Transcriptomics,0.219
P0440,keyword,1,Dermatology,Dermatology,8.581
P0440,keyword,2,Rosacea,Rosacea,5.291
P0440,keyword,3,Giemsa stain,Giemsa stain,3.101
P0440,keyword,4,Cathelicidin,Cathelicidin,2.944
P0440,keyword,5,Patch test,Patch test,2.755
P0440,keyword,6,"Dermatitis, Allergic Contact","Dermatitis, Allergic Contact",2.694
P0440,keyword,7,Dermatofibroma,Dermatofibroma,2.535
P0440,keyword,8,Patch Tests,Patch Tests,2.227
P0440,keyword,9,Dermatofibrosarcoma protuberans,Dermatofibrosarcoma protuberans,2.162
P0440,keyword,10,Dermis,Dermis,2.1
P0440,keyword,11,Allergens,Allergens,1.738
P0440,keyword,12,Mast cell,Mast cell,1.685
P0440,technique,1,면역조직화학,Immunohistochemistry,1.488
P0440,technique,2,제브라피시,Zebrafish,0.197
P0769,keyword,1,Adipocytes,Adipocytes,7.447
P0769,keyword,2,Natural Killer T-Cells,Natural Killer T-Cells,7.209
P0769,keyword,3,Adipose Tissue,Adipose Tissue,6.062
P0769,keyword,4,Mitophagy,Mitophagy,5.324
P0769,keyword,5,Protein Serine-Threonine Kinases,Protein Serine-Threonine Kinases,5.159
P0769,keyword,6,Adipose tissue macrophages,Adipose tissue macrophages,5.147
P0769,keyword,7,Obesity,Obesity,5.134
P0769,keyword,8,Adipocyte,Adipocyte,4.933
P0769,keyword,9,Steatohepatitis,Steatohepatitis,4.861
P0769,keyword,10,Fatty Liver,Fatty Liver,3.883
P0769,keyword,11,"Antigens, CD1d","Antigens, CD1d",3.756
P0769,keyword,12,TANK-binding kinase 1,TANK-binding kinase 1,3.518
P0769,technique,1,유전자변형 마우스,Genetically Modified Mice,3.71
P0769,technique,2,생물정보·계산생물,Bioinformatics,0.538
P0769,technique,3,임상시험,Clinical Trials,0.272
P0769,technique,4,머신러닝·AI,Machine Learning / AI,0.074
P0777,keyword,1,Genome editing,Genome editing,9.038
P0777,keyword,2,DNA Cleavage,DNA Cleavage,3.685
P0777,keyword,3,Clustered Regularly Interspaced Short Palindromic Repeats,Clustered Regularly Interspaced Short Palindromic Repeats,3.532
P0777,keyword,4,"DNA Breaks, Double-Stranded","DNA Breaks, Double-Stranded",3.002
P0777,keyword,5,Dependovirus,Dependovirus,2.754
P0777,keyword,6,Base (topology),Base (topology),2.529
P0777,keyword,7,Fear,Fear,2.439
P0777,keyword,8,"RNA, Guide, Kinetoplastida","RNA, Guide, Kinetoplastida",2.257
P0777,keyword,9,Base pair,Base pair,2.237
P0777,keyword,10,DNA Transposable Elements,DNA Transposable Elements,2.114
P0777,keyword,11,Transposase,Transposase,1.993
P0777,keyword,12,DNA End-Joining Repair,DNA End-Joining Repair,1.961
P0777,technique,1,CRISPR 유전자편집,CRISPR Gene Editing,13.719
P0777,technique,2,생물정보·계산생물,Bioinformatics,2.757
P0777,technique,3,전기생리,Electrophysiology,1.134
P0777,technique,4,유전자변형 마우스,Genetically Modified Mice,0.247
P0362,keyword,1,Lenalidomide,Lenalidomide,0.687
P0362,keyword,2,Interim analysis,Interim analysis,0.506
P0362,keyword,3,Interim,Interim,0.383
P0362,keyword,4,Diffuse large B-cell lymphoma,Diffuse large B-cell lymphoma,0.333
P0362,keyword,5,Lymphoma,Lymphoma,0.297
P0362,keyword,6,Refractory (planetary science),Refractory (planetary science),0.29
P0362,keyword,7,"Lymphohistiocytosis, Hemophagocytic","Lymphohistiocytosis, Hemophagocytic",0.198
P0362,keyword,8,Peripheral Blood Stem Cell Transplantation,Peripheral Blood Stem Cell Transplantation,0.18
P0362,keyword,9,Hemophagocytosis,Hemophagocytosis,0.17
P0362,keyword,10,Epstein-Barr Virus Infections,Epstein-Barr Virus Infections,0.163
P0362,keyword,11,"Herpesvirus 4, Human","Herpesvirus 4, Human",0.147
P0362,keyword,12,Hemophagocytic lymphohistiocytosis,Hemophagocytic lymphohistiocytosis,0.129
P0793,keyword,1,"Receptor, trkA","Receptor, trkA",1.034
P0793,keyword,2,NFAT,NFAT,0.691
P0793,keyword,3,Nerve Growth Factor,Nerve Growth Factor,0.666
P0793,keyword,4,Glycogen Synthase Kinase 3,Glycogen Synthase Kinase 3,0.62
P0793,keyword,5,NFATC Transcription Factors,NFATC Transcription Factors,0.614
P0793,keyword,6,"Active Transport, Cell Nucleus","Active Transport, Cell Nucleus",0.553
P0793,keyword,7,Glycogen Synthase Kinase 3 beta,Glycogen Synthase Kinase 3 beta,0.542
P0793,keyword,8,"Animals, Newborn","Animals, Newborn",0.451
P0793,keyword,9,"Genes, Reporter","Genes, Reporter",0.44
P0793,keyword,10,Phosphatidylinositol 3-Kinases,Phosphatidylinositol 3-Kinases,0.383
P0793,keyword,11,Cell nucleus,Cell nucleus,0.372
P0793,keyword,12,Proto-Oncogene Proteins c-akt,Proto-Oncogene Proteins c-akt,0.338
P0673,keyword,1,Macroautophagy,Macroautophagy,36.176
P0673,keyword,2,Autophagy,Autophagy,34.831
P0673,keyword,3,Peroxisomes,Peroxisomes,30.504
P0673,keyword,4,Cilia,Cilia,20.975
P0673,keyword,5,Ciliogenesis,Ciliogenesis,20.175
P0673,keyword,6,Peroxisome,Peroxisome,16.556
P0673,keyword,7,Cell biology,Cell biology,14.85
P0673,keyword,8,Cilium,Cilium,13.089
P0673,keyword,9,Autophagy-Related Protein 5,Autophagy-Related Protein 5,12.171
P0673,keyword,10,alpha-MSH,alpha-MSH,12.113
P0673,keyword,11,Mitochondrial Dynamics,Mitochondrial Dynamics,11.949
P0673,keyword,12,HeLa Cells,HeLa Cells,11.635
P0673,technique,1,유전자변형 마우스,Genetically Modified Mice,4.217
P0673,technique,2,RNA 치료제·siRNA,RNA Therapeutics,2.873
P0673,technique,3,제브라피시,Zebrafish,1.773
P0673,technique,4,RNA-seq·전사체,RNA-seq / Transcriptomics,1.728
P0673,technique,5,종양 이종이식 모델,Xenograft Models,0.898
P0673,technique,6,생물정보·계산생물,Bioinformatics,0.665
P0673,technique,7,면역조직화학,Immunohistochemistry,0.645
P0673,technique,8,GWAS·유전역학,GWAS / Genetic Epidemiology,0.527
P0105,keyword,1,Sodium-Glucose Transporter 2 Inhibitors,Sodium-Glucose Transporter 2 Inhibitors,9.605
P0105,keyword,2,Network Meta-Analysis,Network Meta-Analysis,7.521
P0105,keyword,3,"Diabetes Mellitus, Type 2","Diabetes Mellitus, Type 2",6.559
P0105,keyword,4,Glucagon-Like Peptide-1 Receptor,Glucagon-Like Peptide-1 Receptor,5.901
P0105,keyword,5,Misinformation,Misinformation,5.639
P0105,keyword,6,"Dermatitis, Atopic","Dermatitis, Atopic",5.26
P0105,keyword,7,Workplace,Workplace,5.18
P0105,keyword,8,Vascular Stiffness,Vascular Stiffness,4.861
P0105,keyword,9,Cardiovascular Diseases,Cardiovascular Diseases,4.845
P0105,keyword,10,Attitude,Attitude,4.676
P0105,keyword,11,Pharmacy,Pharmacy,4.619
P0105,keyword,12,Medication Therapy Management,Medication Therapy Management,4.606
P0105,technique,1,임상시험,Clinical Trials,1.962
P0105,technique,2,나노입자·약물전달,Nanoparticles / Drug Delivery,0.491
P0407,keyword,1,Urinary system,Urinary system,6.435
P0407,keyword,2,Urinary Tract Infections,Urinary Tract Infections,4.941
P0407,keyword,3,Vesicoureteral reflux,Vesicoureteral reflux,4.864
P0407,keyword,4,Vesico-Ureteral Reflux,Vesico-Ureteral Reflux,3.798
P0407,keyword,5,Pediatrics,Pediatrics,3.646
P0407,keyword,6,Pyelonephritis,Pyelonephritis,3.622
P0407,keyword,7,Air Pollution,Air Pollution,3.009
P0407,keyword,8,Bacteriuria,Bacteriuria,2.992
P0407,keyword,9,Ambivalence,Ambivalence,2.842
P0407,keyword,10,Antibiotic Prophylaxis,Antibiotic Prophylaxis,2.839
P0407,keyword,11,Blood Sedimentation,Blood Sedimentation,2.771
P0407,keyword,12,Clickstream,Clickstream,2.709
P0407,technique,1,임상시험,Clinical Trials,0.344
P0407,technique,2,머신러닝·AI,Machine Learning / AI,0.2
P0065,keyword,1,Selenomonas,Selenomonas,17.513
P0065,keyword,2,"Transformation, Bacterial","Transformation, Bacterial",6.167
P0065,keyword,3,Vitamin A,Vitamin A,5.403
P0065,keyword,4,Vibrio vulnificus,Vibrio vulnificus,5.335
P0065,keyword,5,"Transformation, Genetic","Transformation, Genetic",5.254
P0065,keyword,6,"Gene Expression Regulation, Bacterial","Gene Expression Regulation, Bacterial",4.846
P0065,keyword,7,Shuttle vector,Shuttle vector,3.89
P0065,keyword,8,Intestines,Intestines,3.584
P0065,keyword,9,Bacterial Proteins,Bacterial Proteins,3.446
P0065,keyword,10,Succinic acid,Succinic acid,3.443
P0065,keyword,11,Metabolic Networks and Pathways,Metabolic Networks and Pathways,3.414
P0065,keyword,12,Host Microbial Interactions,Host Microbial Interactions,3.336
P0065,technique,1,생물정보·계산생물,Bioinformatics,1.336
P0065,technique,2,X선 결정학·구조분석,X-ray Crystallography,0.521
P0065,technique,3,RNA-seq·전사체,RNA-seq / Transcriptomics,0.39
P0248,keyword,1,GATA2 Transcription Factor,GATA2 Transcription Factor,0.271
P0248,keyword,2,Smad6 Protein,Smad6 Protein,0.271
P0248,keyword,3,"Bone Morphogenetic Protein Receptors, Type I","Bone Morphogenetic Protein Receptors, Type I",0.271
P0248,keyword,4,Bone Morphogenetic Protein 6,Bone Morphogenetic Protein 6,0.256
P0248,keyword,5,Erythropoiesis,Erythropoiesis,0.195
P0248,keyword,6,Bone morphogenetic protein 7,Bone morphogenetic protein 7,0.192
P0248,keyword,7,Bone Morphogenetic Protein 4,Bone Morphogenetic Protein 4,0.189
P0248,keyword,8,"Antigens, CD34","Antigens, CD34",0.173
P0248,keyword,9,Testbed,Testbed,0.165
P0248,keyword,10,Kruppel-Like Transcription Factors,Kruppel-Like Transcription Factors,0.157
P0248,keyword,11,Fetal Blood,Fetal Blood,0.146
P0248,keyword,12,Hematopoietic Stem Cells,Hematopoietic Stem Cells,0.141
P0780,keyword,1,"Adipocytes, Brown","Adipocytes, Brown",15.5
P0780,keyword,2,Adipogenesis,Adipogenesis,12.572
P0780,keyword,3,3T3-L1 Cells,3T3-L1 Cells,9.926
P0780,keyword,4,Adipocytes,Adipocytes,8.385
P0780,keyword,5,PPAR gamma,PPAR gamma,7.733
P0780,keyword,6,Bifidobacterium longum,Bifidobacterium longum,7.416
P0780,keyword,7,Cyclic AMP-Dependent Protein Kinases,Cyclic AMP-Dependent Protein Kinases,6.622
P0780,keyword,8,Cell Differentiation,Cell Differentiation,6.61
P0780,keyword,9,Phenanthrenes,Phenanthrenes,6.323
P0780,keyword,10,PRDM16,PRDM16,6.144
P0780,keyword,11,Bifidobacterium bifidum,Bifidobacterium bifidum,5.321
P0780,keyword,12,Glucagon-Like Peptide-1 Receptor,Glucagon-Like Peptide-1 Receptor,5.254
P0780,technique,1,줄기세포·iPSC,Stem Cells / iPSC,3.96
P0780,technique,2,하이드로젤·스캐폴드,Hydrogels / Scaffolds,1.086
P0780,technique,3,RNA-seq·전사체,RNA-seq / Transcriptomics,0.955
P0780,technique,4,웨스턴블롯,Western Blot,0.747
P0780,technique,5,차세대 시퀀싱(NGS),Next-generation Sequencing,0.507
P0780,technique,6,생물정보·계산생물,Bioinformatics,0.478
P0780,technique,7,유전자변형 마우스,Genetically Modified Mice,0.21
P0780,technique,8,면역조직화학,Immunohistochemistry,0.02
P0757,keyword,1,Cilia,Cilia,17.584
P0757,keyword,2,Hedgehog Proteins,Hedgehog Proteins,15.223
P0757,keyword,3,Cilium,Cilium,13.874
P0757,keyword,4,Ciliogenesis,Ciliogenesis,10.916
P0757,keyword,5,Hedgehog signaling pathway,Hedgehog signaling pathway,9.206
P0757,keyword,6,Hedgehog,Hedgehog,8.453
P0757,keyword,7,Signal transduction,Signal transduction,7.171
P0757,keyword,8,Embryonic Development,Embryonic Development,6.851
P0757,keyword,9,Smoothened Receptor,Smoothened Receptor,6.449
P0757,keyword,10,Centrioles,Centrioles,6.227
P0757,keyword,11,Low Density Lipoprotein Receptor-Related Protein-6,Low Density Lipoprotein Receptor-Related Protein-6,6.156
P0757,keyword,12,Morphogenesis,Morphogenesis,5.862
P0757,technique,1,유전자변형 마우스,Genetically Modified Mice,3.532
P0757,technique,2,종양 이종이식 모델,Xenograft Models,2.17
P0757,technique,3,형광·공초점 이미징,Fluorescence / Confocal Imaging,1.706
P0757,technique,4,초파리,Drosophila,1.632
P0757,technique,5,웨스턴블롯,Western Blot,0.722
P0757,technique,6,제브라피시,Zebrafish,0.706
P0757,technique,7,전자현미경,Electron Microscopy,0.609
P0757,technique,8,단백체,Proteomics,0.528
P0388,keyword,1,Cancer-Associated Fibroblasts,Cancer-Associated Fibroblasts,16.597
P0388,keyword,2,Zinc Finger E-box-Binding Homeobox 1,Zinc Finger E-box-Binding Homeobox 1,11.701
P0388,keyword,3,Cancer research,Cancer research,10.923
P0388,keyword,4,Lung cancer,Lung cancer,10.875
P0388,keyword,5,Tumor microenvironment,Tumor microenvironment,10.794
P0388,keyword,6,Lung Neoplasms,Lung Neoplasms,9.209
P0388,keyword,7,Metastasis,Metastasis,9.139
P0388,keyword,8,microRNA,microRNA,8.433
P0388,keyword,9,Epithelial–mesenchymal transition,Epithelial–mesenchymal transition,8.23
P0388,keyword,10,Adenocarcinoma,Adenocarcinoma,8.104
P0388,keyword,11,Cancer,Cancer,8.084
P0388,keyword,12,"Gene Expression Regulation, Neoplastic","Gene Expression Regulation, Neoplastic",7.671
P0388,technique,1,생물정보·계산생물,Bioinformatics,1.048
P0388,technique,2,RNA-seq·전사체,RNA-seq / Transcriptomics,1.02
P0388,technique,3,오가노이드,Organoids,0.938
P0388,technique,4,유세포분석,Flow Cytometry,0.761
P0388,technique,5,면역조직화학,Immunohistochemistry,0.718
P0388,technique,6,RNA 치료제·siRNA,RNA Therapeutics,0.71
P0388,technique,7,미세유체·장기칩,Microfluidics / Organ-on-a-chip,0.633
P0388,technique,8,유전자변형 마우스,Genetically Modified Mice,0.389
P0416,keyword,1,Stroke,Stroke,22.118
P0416,keyword,2,Thrombectomy,Thrombectomy,21.571
P0416,keyword,3,Ischemic Stroke,Ischemic Stroke,18.336
P0416,keyword,4,Stroke (engine),Stroke (engine),16.334
P0416,keyword,5,Endovascular Procedures,Endovascular Procedures,16.155
P0416,keyword,6,Oral Hygiene,Oral Hygiene,14.131
P0416,keyword,7,Toothbrushing,Toothbrushing,11.433
P0416,keyword,8,Triglycerides,Triglycerides,11.308
P0416,keyword,9,Modified Rankin Scale,Modified Rankin Scale,9.658
P0416,keyword,10,Oral health,Oral health,9.073
P0416,keyword,11,Blood pressure,Blood pressure,9.06
P0416,keyword,12,Antihypertensive Agents,Antihypertensive Agents,8.85
P0416,technique,1,임상시험,Clinical Trials,3.564
P0416,technique,2,MRI·PET 영상,MRI / PET Imaging,1.598
P0416,technique,3,머신러닝·AI,Machine Learning / AI,0.498
P0416,technique,4,생물정보·계산생물,Bioinformatics,0.465
P0416,technique,5,GWAS·유전역학,GWAS / Genetic Epidemiology,0.456
P0069,keyword,1,Förster resonance energy transfer,Förster resonance energy transfer,13.079
P0069,keyword,2,Fluorescence Resonance Energy Transfer,Fluorescence Resonance Energy Transfer,11.707
P0069,keyword,3,RHOA,RHOA,8.745
P0069,keyword,4,Biosensing Techniques,Biosensing Techniques,8.721
P0069,keyword,5,beta-Arrestins,beta-Arrestins,8.269
P0069,keyword,6,"Receptors, Dopamine D2","Receptors, Dopamine D2",7.76
P0069,keyword,7,"Receptors, Serotonin","Receptors, Serotonin",7.625
P0069,keyword,8,G protein-coupled receptor,G protein-coupled receptor,7.604
P0069,keyword,9,Immunological Synapses,Immunological Synapses,6.497
P0069,keyword,10,Focal Adhesions,Focal Adhesions,6.482
P0069,keyword,11,Cell biology,Cell biology,6.412
P0069,keyword,12,Signal transduction,Signal transduction,6.342
P0069,technique,1,CAR-T·입양세포치료,CAR-T / Adoptive Cell Therapy,10.296
P0069,technique,2,광유전학,Optogenetics,8.664
P0069,technique,3,생물정보·계산생물,Bioinformatics,1.993
P0069,technique,4,형광·공초점 이미징,Fluorescence / Confocal Imaging,1.875
P0069,technique,5,분자도킹·시뮬레이션,Molecular Docking / Dynamics,0.778
P0069,technique,6,유전자변형 마우스,Genetically Modified Mice,0.657
P0069,technique,7,머신러닝·AI,Machine Learning / AI,0.446
P0069,technique,8,RNA 치료제·siRNA,RNA Therapeutics,0.22
P0679,keyword,1,Henipavirus,Henipavirus,9.829
P0679,keyword,2,Henipavirus Infections,Henipavirus Infections,9.829
P0679,keyword,3,Immune Evasion,Immune Evasion,8.763
P0679,keyword,4,Severe Dengue,Severe Dengue,7.005
P0679,keyword,5,Viral Zoonoses,Viral Zoonoses,6.553
P0679,keyword,6,Chiroptera,Chiroptera,6.553
P0679,keyword,7,Hendra Virus,Hendra Virus,6.553
P0679,keyword,8,Nipah Virus,Nipah Virus,6.553
P0679,keyword,9,"Immunity, Innate","Immunity, Innate",6.191
P0679,keyword,10,Sarcoplasmic Reticulum Calcium-Transporting ATPases,Sarcoplasmic Reticulum Calcium-Transporting ATPases,5.892
P0679,keyword,11,Coronavirus Infections,Coronavirus Infections,4.77
P0679,keyword,12,Autophagy-Related Proteins,Autophagy-Related Proteins,4.768
P0679,technique,1,유전자변형 마우스,Genetically Modified Mice,1.467
P0370,keyword,1,Segmentation,Segmentation,8.216
P0370,keyword,2,Monkeypox virus,Monkeypox virus,6.95
P0370,keyword,3,Epigenomics,Epigenomics,6.533
P0370,keyword,4,Mpox (monkeypox),Mpox (monkeypox),6.216
P0370,keyword,5,"Mpox, Monkeypox","Mpox, Monkeypox",6.216
P0370,keyword,6,Annotation,Annotation,6.189
P0370,keyword,7,Skin lesion,Skin lesion,5.852
P0370,keyword,8,Sliding window protocol,Sliding window protocol,5.573
P0370,keyword,9,Abstraction,Abstraction,5.497
P0370,keyword,10,Anomaly detection,Anomaly detection,5.314
P0370,keyword,11,Informatics,Informatics,5.036
P0370,keyword,12,Situated,Situated,4.79
P0370,technique,1,머신러닝·AI,Machine Learning / AI,4.514
P0370,technique,2,생물정보·계산생물,Bioinformatics,2.227
P0366,keyword,1,Hip Prosthesis,Hip Prosthesis,41.361
P0366,keyword,2,Prosthesis Failure,Prosthesis Failure,38.812
P0366,keyword,3,Knee Prosthesis,Knee Prosthesis,38.342
P0366,keyword,4,"Arthroplasty, Replacement, Hip","Arthroplasty, Replacement, Hip",37.544
P0366,keyword,5,Prosthesis Design,Prosthesis Design,30.059
P0366,keyword,6,"Arthroplasty, Replacement, Knee","Arthroplasty, Replacement, Knee",29.164
P0366,keyword,7,Osteolysis,Osteolysis,18.477
P0366,keyword,8,Survivorship curve,Survivorship curve,17.283
P0366,keyword,9,Total hip arthroplasty,Total hip arthroplasty,13.035
P0366,keyword,10,Reoperation,Reoperation,12.448
P0366,keyword,11,Knee Joint,Knee Joint,11.764
P0366,keyword,12,Ceramics,Ceramics,10.458
P0366,technique,1,임상시험,Clinical Trials,1.208
P0366,technique,2,qPCR,Real-time PCR,0.635
P0366,technique,3,MRI·PET 영상,MRI / PET Imaging,0.242
P0366,technique,4,나노입자·약물전달,Nanoparticles / Drug Delivery,0.221
P0366,technique,5,머신러닝·AI,Machine Learning / AI,0.163
P0463,keyword,1,African Swine Fever,African Swine Fever,8.06
P0463,keyword,2,African swine fever virus,African swine fever virus,7.83
P0463,keyword,3,Puromycin,Puromycin,7.005
P0463,keyword,4,Drug discovery,Drug discovery,5.231
P0463,keyword,5,PubChem,PubChem,4.82
P0463,keyword,6,chEMBL,chEMBL,4.206
P0463,keyword,7,Acetyltransferases,Acetyltransferases,4.131
P0463,keyword,8,Docking (animal),Docking (animal),4.114
P0463,keyword,9,DrugBank,DrugBank,3.943
P0463,keyword,10,Cell-Penetrating Peptides,Cell-Penetrating Peptides,3.884
P0463,keyword,11,Viral Proteins,Viral Proteins,3.716
P0463,keyword,12,Antiviral Agents,Antiviral Agents,3.596
P0463,technique,1,분자도킹·시뮬레이션,Molecular Docking / Dynamics,8.213
P0463,technique,2,머신러닝·AI,Machine Learning / AI,3.248
P0463,technique,3,생물정보·계산생물,Bioinformatics,1.27
P0463,technique,4,전자현미경,Electron Microscopy,0.102
P0463,technique,5,RNA-seq·전사체,RNA-seq / Transcriptomics,0.091
P0463,technique,6,X선 결정학·구조분석,X-ray Crystallography,0.046
P0744,keyword,1,Fear,Fear,27.395
P0744,keyword,2,Engram,Engram,22.903
P0744,keyword,3,Memory,Memory,20.283
P0744,keyword,4,"Conditioning, Classical","Conditioning, Classical",17.893
P0744,keyword,5,Fear conditioning,Fear conditioning,15.559
P0744,keyword,6,Insular Cortex,Insular Cortex,14.241
P0744,keyword,7,Amygdala,Amygdala,13.214
P0744,keyword,8,Basolateral Nuclear Complex,Basolateral Nuclear Complex,12.334
P0744,keyword,9,Entorhinal Cortex,Entorhinal Cortex,10.201
P0744,keyword,10,Memory formation,Memory formation,10.152
P0744,keyword,11,Learning,Learning,9.586
P0744,keyword,12,Neuroscience,Neuroscience,9.084
P0744,technique,1,광유전학,Optogenetics,14.135
P0744,technique,2,유전자변형 마우스,Genetically Modified Mice,2.729
P0744,technique,3,전기생리,Electrophysiology,0.463
P0744,technique,4,머신러닝·AI,Machine Learning / AI,0.15
P0744,technique,5,웨스턴블롯,Western Blot,0.117
P0744,technique,6,면역조직화학,Immunohistochemistry,0.105
P0043,keyword,1,Clothing,Clothing,15.639
P0043,keyword,2,"Abnormalities, Drug-Induced","Abnormalities, Drug-Induced",13.789
P0043,keyword,3,Drug Labeling,Drug Labeling,12.847
P0043,keyword,4,Kidney transplantation,Kidney transplantation,10.227
P0043,keyword,5,Tacrolimus,Tacrolimus,10.074
P0043,keyword,6,CYP3A5,CYP3A5,8.919
P0043,keyword,7,Immunosuppressive Agents,Immunosuppressive Agents,8.835
P0043,keyword,8,Semiconductors,Semiconductors,8.567
P0043,keyword,9,Pregnancy Complications,Pregnancy Complications,8.53
P0043,keyword,10,Empagliflozin,Empagliflozin,8.006
P0043,keyword,11,Dyslipidemias,Dyslipidemias,7.909
P0043,keyword,12,Fibric Acids,Fibric Acids,7.801
P0043,technique,1,임상시험,Clinical Trials,6.23
P0043,technique,2,생물정보·계산생물,Bioinformatics,2.437
P0043,technique,3,머신러닝·AI,Machine Learning / AI,2.383
P0043,technique,4,차세대 시퀀싱(NGS),Next-generation Sequencing,1.566
P0043,technique,5,GWAS·유전역학,GWAS / Genetic Epidemiology,1.247
P0043,technique,6,RNA-seq·전사체,RNA-seq / Transcriptomics,0.869
P0570,keyword,1,Lobular carcinoma,Lobular carcinoma,3.56
P0570,keyword,2,Signet ring cell,Signet ring cell,3.212
P0570,keyword,3,Connexin,Connexin,2.997
P0570,keyword,4,Gating,Gating,2.986
P0570,keyword,5,Connexins,Connexins,2.928
P0570,keyword,6,Signet ring cell carcinoma,Signet ring cell carcinoma,2.709
P0570,keyword,7,Invasive lobular carcinoma,Invasive lobular carcinoma,2.674
P0570,keyword,8,Metastatic carcinoma,Metastatic carcinoma,2.322
P0570,keyword,9,Ion Channel Gating,Ion Channel Gating,2.317
P0570,keyword,10,Gap junction,Gap junction,1.938
P0570,keyword,11,Gap Junction beta-1 Protein,Gap Junction beta-1 Protein,1.889
P0570,keyword,12,Metastatic breast cancer,Metastatic breast cancer,1.802
P0570,technique,1,면역조직화학,Immunohistochemistry,0.915
P0570,technique,2,전기생리,Electrophysiology,0.614
P0570,technique,3,분자도킹·시뮬레이션,Molecular Docking / Dynamics,0.473
P0570,technique,4,웨스턴블롯,Western Blot,0.122
P0570,technique,5,X선 결정학·구조분석,X-ray Crystallography,0.085
P0268,keyword,1,Dog Diseases,Dog Diseases,21.622
P0268,keyword,2,Mediastinal Neoplasms,Mediastinal Neoplasms,9.076
P0268,keyword,3,Dogs,Dogs,9.013
P0268,keyword,4,Pseudomonas Infections,Pseudomonas Infections,6.637
P0268,keyword,5,"Calicivirus, Feline","Calicivirus, Feline",6.156
P0268,keyword,6,Pruritus,Pruritus,6.059
P0268,keyword,7,"Lymphoma, T-Cell","Lymphoma, T-Cell",6.007
P0268,keyword,8,Cat Diseases,Cat Diseases,5.795
P0268,keyword,9,Cryotherapy,Cryotherapy,5.696
P0268,keyword,10,Erythema multiforme,Erythema multiforme,5.582
P0268,keyword,11,Lomustine,Lomustine,5.457
P0268,keyword,12,Otitis Externa,Otitis Externa,5.201
P0282,keyword,1,Food science,Food science,3.857
P0282,keyword,2,Pomace,Pomace,3.467
P0282,keyword,3,Carotenoid,Carotenoid,3.219
P0282,keyword,4,Zeaxanthin,Zeaxanthin,3.101
P0282,keyword,5,Lutein,Lutein,3.012
P0282,keyword,6,Allium,Allium,2.877
P0282,keyword,7,Violaxanthin,Violaxanthin,2.806
P0282,keyword,8,Neoxanthin,Neoxanthin,2.461
P0282,keyword,9,Anthocyanin,Anthocyanin,2.254
P0282,keyword,10,Circular economy,Circular economy,2.158
P0282,keyword,11,Valorisation,Valorisation,2.157
P0282,keyword,12,Organosulfur compounds,Organosulfur compounds,2.043
P0244,keyword,1,Solanum lycopersicum,Solanum lycopersicum,7.016
P0244,keyword,2,Volatile Organic Compounds,Volatile Organic Compounds,5.009
P0244,keyword,3,Solid Phase Microextraction,Solid Phase Microextraction,3.928
P0244,keyword,4,Aroma,Aroma,3.401
P0244,keyword,5,Fruit,Fruit,2.862
P0244,keyword,6,Odorants,Odorants,2.571
P0244,keyword,7,Exhalation,Exhalation,2.344
P0244,keyword,8,Catechol Oxidase,Catechol Oxidase,2.183
P0244,keyword,9,Polyphenol oxidase,Polyphenol oxidase,2.048
P0244,keyword,10,Cultivar,Cultivar,1.793
P0244,keyword,11,Metal toxicity,Metal toxicity,1.705
P0244,keyword,12,Point of delivery,Point of delivery,1.677
P0244,technique,1,대사체·지질체,Metabolomics / Lipidomics,3.868
P0244,technique,2,질량분석,Mass Spectrometry,2.655
P0244,technique,3,생물정보·계산생물,Bioinformatics,0.535
P0502,keyword,1,Lactic acid,Lactic acid,4.225
P0502,keyword,2,Fermentation,Fermentation,4.052
P0502,keyword,3,Formazan,Formazan,3.573
P0502,keyword,4,Food science,Food science,3.52
P0502,keyword,5,Acetic acid bacteria,Acetic acid bacteria,3.294
P0502,keyword,6,Bacteria,Bacteria,2.958
P0502,keyword,7,Flesh,Flesh,2.878
P0502,keyword,8,Antioxidant,Antioxidant,2.625
P0502,keyword,9,Polyphenol,Polyphenol,2.242
P0502,keyword,10,Pediococcus acidilactici,Pediococcus acidilactici,2.12
P0502,keyword,11,Plasma Gases,Plasma Gases,1.933
P0502,keyword,12,Yeast,Yeast,1.919
P0502,technique,1,대사체·지질체,Metabolomics / Lipidomics,1.831
P0260,keyword,1,Uterus,Uterus,12.57
P0260,keyword,2,Oocytes,Oocytes,12.302
P0260,keyword,3,Vitrification,Vitrification,11.434
P0260,keyword,4,Autophagy,Autophagy,9.515
P0260,keyword,5,Embryo Implantation,Embryo Implantation,8.802
P0260,keyword,6,Oocyte,Oocyte,7.937
P0260,keyword,7,Blastocyst,Blastocyst,7.609
P0260,keyword,8,Cell biology,Cell biology,6.979
P0260,keyword,9,Endosomal Sorting Complexes Required for Transport,Endosomal Sorting Complexes Required for Transport,6.951
P0260,keyword,10,Andrology,Andrology,6.854
P0260,keyword,11,Cryopreservation,Cryopreservation,6.506
P0260,keyword,12,Tsg101 Protein,Tsg101 Protein,6.159
P0260,technique,1,유전자변형 마우스,Genetically Modified Mice,4.735
P0260,technique,2,대사체·지질체,Metabolomics / Lipidomics,3.446
P0260,technique,3,형광·공초점 이미징,Fluorescence / Confocal Imaging,1.174
P0260,technique,4,RNA-seq·전사체,RNA-seq / Transcriptomics,0.883
P0260,technique,5,웨스턴블롯,Western Blot,0.827
P0260,technique,6,유세포분석,Flow Cytometry,0.808
P0260,technique,7,전자현미경,Electron Microscopy,0.776
P0260,technique,8,단백체,Proteomics,0.677
P0686,keyword,1,Antioxidant,Antioxidant,10.854
P0686,keyword,2,Plant Oils,Plant Oils,10.803
P0686,keyword,3,Antioxidants,Antioxidants,9.755
P0686,keyword,4,Colitis-Associated Neoplasms,Colitis-Associated Neoplasms,7.756
P0686,keyword,5,Ginseng,Ginseng,7.615
P0686,keyword,6,Plant Extracts,Plant Extracts,7.36
P0686,keyword,7,Anti-Inflammatory Agents,Anti-Inflammatory Agents,7.219
P0686,keyword,8,Cannabis,Cannabis,6.55
P0686,keyword,9,Curcuma,Curcuma,6.373
P0686,keyword,10,Phytosterols,Phytosterols,6.372
P0686,keyword,11,Catalase,Catalase,6.347
P0686,keyword,12,Colitis,Colitis,6.144
P0686,technique,1,분자도킹·시뮬레이션,Molecular Docking / Dynamics,2.9
P0686,technique,2,질량분석,Mass Spectrometry,1.28
P0686,technique,3,생물정보·계산생물,Bioinformatics,0.379
P0686,technique,4,웨스턴블롯,Western Blot,0.376
P0686,technique,5,대사체·지질체,Metabolomics / Lipidomics,0.358
P0038,keyword,1,Enantioselective synthesis,Enantioselective synthesis,46.531
P0038,keyword,2,Cinchona,Cinchona,27.111
P0038,keyword,3,Alkylation,Alkylation,21.271
P0038,keyword,4,Catalysis,Catalysis,18.885
P0038,keyword,5,Cinchona Alkaloids,Cinchona Alkaloids,16.899
P0038,keyword,6,Bifunctional,Bifunctional,11.819
P0038,keyword,7,Michael reaction,Michael reaction,10.2
P0038,keyword,8,Combinatorial chemistry,Combinatorial chemistry,9.025
P0038,keyword,9,Stereoisomerism,Stereoisomerism,8.635
P0038,keyword,10,Organocatalysis,Organocatalysis,8.257
P0038,keyword,11,Phase (matter),Phase (matter),7.547
P0038,keyword,12,Organic chemistry,Organic chemistry,7.373
P0038,technique,1,X선 결정학·구조분석,X-ray Crystallography,2.538
P0038,technique,2,분자도킹·시뮬레이션,Molecular Docking / Dynamics,1.192
P0038,technique,3,제브라피시,Zebrafish,0.47
P0038,technique,4,생물정보·계산생물,Bioinformatics,0.217
P0038,technique,5,나노입자·약물전달,Nanoparticles / Drug Delivery,0.12
P0031,keyword,1,"Prostatic Neoplasms, Castration-Resistant","Prostatic Neoplasms, Castration-Resistant",4.495
P0031,keyword,2,Clear cell renal cell carcinoma,Clear cell renal cell carcinoma,2.526
P0031,keyword,3,Tertiary care,Tertiary care,2.495
P0031,keyword,4,Renal cell carcinoma,Renal cell carcinoma,2.314
P0031,keyword,5,Prostate cancer,Prostate cancer,1.714
P0031,keyword,6,Cancer research,Cancer research,1.671
P0031,keyword,7,Metastasis,Metastasis,1.616
P0031,keyword,8,Urinary Bladder Neoplasms,Urinary Bladder Neoplasms,1.6
P0031,keyword,9,Orthoreovirus,Orthoreovirus,1.539
P0031,keyword,10,Lymph node,Lymph node,1.448
P0031,keyword,11,Heat Shock Transcription Factors,Heat Shock Transcription Factors,1.424
P0031,keyword,12,Whipple Procedure,Whipple Procedure,1.408
P0031,technique,1,종양 이종이식 모델,Xenograft Models,0.754
P0031,technique,2,후성유전 분석,Epigenomics (ChIP/ATAC-seq),0.424
P0031,technique,3,면역조직화학,Immunohistochemistry,0.205
P0031,technique,4,조직공학·바이오프린팅,Tissue Engineering / Bioprinting,0.129
P0730,keyword,1,Molecular Structure,Molecular Structure,22.555
P0730,keyword,2,Cordycepin,Cordycepin,20.676
P0730,keyword,3,Mushroom,Mushroom,20.595
P0730,keyword,4,Phytochemical,Phytochemical,19.415
P0730,keyword,5,Moraceae,Moraceae,19.311
P0730,keyword,6,Glycoside Hydrolase Inhibitors,Glycoside Hydrolase Inhibitors,18.755
P0730,keyword,7,Plant Extracts,Plant Extracts,18.566
P0730,keyword,8,Cordyceps,Cordyceps,18.301
P0730,keyword,9,Epigenome,Epigenome,15.847
P0730,keyword,10,Cordyceps militaris,Cordyceps militaris,15.701
P0730,keyword,11,Hericium erinaceus,Hericium erinaceus,14.739
P0730,keyword,12,Sesquiterpenes,Sesquiterpenes,14.413
P0730,technique,1,GWAS·유전역학,GWAS / Genetic Epidemiology,9.808
P0730,technique,2,분자도킹·시뮬레이션,Molecular Docking / Dynamics,9.029
P0730,technique,3,대사체·지질체,Metabolomics / Lipidomics,6.358
P0730,technique,4,질량분석,Mass Spectrometry,5.502
P0730,technique,5,생물정보·계산생물,Bioinformatics,3.137
P0730,technique,6,X선 결정학·구조분석,X-ray Crystallography,2.074
P0730,technique,7,차세대 시퀀싱(NGS),Next-generation Sequencing,1.483
P0730,technique,8,웨스턴블롯,Western Blot,1.041
P0522,keyword,1,Stroke Rehabilitation,Stroke Rehabilitation,5.071
P0522,keyword,2,Parkinson Disease,Parkinson Disease,3.024
P0522,keyword,3,Exercise Therapy,Exercise Therapy,3.017
P0522,keyword,4,Physical medicine and rehabilitation,Physical medicine and rehabilitation,2.9
P0522,keyword,5,Dyslipidemias,Dyslipidemias,2.656
P0522,keyword,6,Balance (ability),Balance (ability),2.625
P0522,keyword,7,Gait,Gait,2.493
P0522,keyword,8,Hydroxymethylglutaryl-CoA Reductase Inhibitors,Hydroxymethylglutaryl-CoA Reductase Inhibitors,2.382
P0522,keyword,9,Hemiplegia,Hemiplegia,2.356
P0522,keyword,10,Thoracic outlet syndrome,Thoracic outlet syndrome,2.306
P0522,keyword,11,Spasticity,Spasticity,2.223
P0522,keyword,12,Sagittal plane,Sagittal plane,2.176
P0522,technique,1,MRI·PET 영상,MRI / PET Imaging,0.662
P0522,technique,2,임상시험,Clinical Trials,0.187
P0522,technique,3,면역조직화학,Immunohistochemistry,0.133
P0359,keyword,1,"Carcinoma, Transitional Cell","Carcinoma, Transitional Cell",8.767
P0359,keyword,2,Urinary Bladder Neoplasms,Urinary Bladder Neoplasms,7.541
P0359,keyword,3,Urinary Bladder,Urinary Bladder,4.992
P0359,keyword,4,Carcinoma in situ,Carcinoma in situ,3.852
P0359,keyword,5,"Biomarkers, Tumor","Biomarkers, Tumor",3.111
P0359,keyword,6,Duodenum,Duodenum,2.873
P0359,keyword,7,Mucins,Mucins,2.832
P0359,keyword,8,Aortography,Aortography,2.742
P0359,keyword,9,Duodenitis,Duodenitis,2.729
P0359,keyword,10,Stroma,Stroma,2.379
P0359,keyword,11,Cystoprostatectomy,Cystoprostatectomy,2.32
P0359,keyword,12,Biopsy,Biopsy,2.309
P0359,technique,1,면역조직화학,Immunohistochemistry,3.074
P0359,technique,2,MRI·PET 영상,MRI / PET Imaging,1.424
P0359,technique,3,RNA-seq·전사체,RNA-seq / Transcriptomics,0.566
P0359,technique,4,임상시험,Clinical Trials,0.305
P0359,technique,5,항체 개발,Antibody Engineering,0.301
P0359,technique,6,생물정보·계산생물,Bioinformatics,0.188
P0093,keyword,1,Amino Acyl-tRNA Synthetases,Amino Acyl-tRNA Synthetases,12.309
P0093,keyword,2,Leucine-tRNA Ligase,Leucine-tRNA Ligase,9.466
P0093,keyword,3,Mechanistic Target of Rapamycin Complex 1,Mechanistic Target of Rapamycin Complex 1,5.51
P0093,keyword,4,Transfer RNA,Transfer RNA,4.805
P0093,keyword,5,mTORC1,mTORC1,4.514
P0093,keyword,6,Leucine,Leucine,3.919
P0093,keyword,7,Triptycene,Triptycene,3.586
P0093,keyword,8,"RNA, Transfer","RNA, Transfer",3.448
P0093,keyword,9,Monomeric GTP-Binding Proteins,Monomeric GTP-Binding Proteins,3.384
P0093,keyword,10,"Receptors, Transforming Growth Factor beta","Receptors, Transforming Growth Factor beta",3.279
P0093,keyword,11,Translation (biology),Translation (biology),2.974
P0093,keyword,12,Isoleucine-tRNA Ligase,Isoleucine-tRNA Ligase,2.973
P0093,technique,1,생물정보·계산생물,Bioinformatics,0.707
P0093,technique,2,X선 결정학·구조분석,X-ray Crystallography,0.505
P0188,keyword,1,Soil Pollutants,Soil Pollutants,17.063
P0188,keyword,2,Arsenic,Arsenic,12.052
P0188,keyword,3,"Water Pollutants, Chemical","Water Pollutants, Chemical",11.198
P0188,keyword,4,Microalgae,Microalgae,10.933
P0188,keyword,5,Groundwater,Groundwater,10.887
P0188,keyword,6,Soil,Soil,10.833
P0188,keyword,7,Environmental chemistry,Environmental chemistry,10.49
P0188,keyword,8,Mining,Mining,9.425
P0188,keyword,9,Biomass,Biomass,8.941
P0188,keyword,10,Biofuels,Biofuels,8.866
P0188,keyword,11,Contamination,Contamination,7.702
P0188,keyword,12,Sewage,Sewage,7.51
P0188,technique,1,생물정보·계산생물,Bioinformatics,3.561
P0188,technique,2,RNA-seq·전사체,RNA-seq / Transcriptomics,3.448
P0188,technique,3,대사체·지질체,Metabolomics / Lipidomics,3.267
P0188,technique,4,차세대 시퀀싱(NGS),Next-generation Sequencing,1.671
P0188,technique,5,GWAS·유전역학,GWAS / Genetic Epidemiology,0.664
P0188,technique,6,단백체,Proteomics,0.525
P0188,technique,7,머신러닝·AI,Machine Learning / AI,0.058
P0491,keyword,1,Pharmacy,Pharmacy,18.926
P0491,keyword,2,Pharmacist,Pharmacist,11.84
P0491,keyword,3,Medical prescription,Medical prescription,7.706
P0491,keyword,4,Family medicine,Family medicine,7.281
P0491,keyword,5,Community pharmacy,Community pharmacy,7.279
P0491,keyword,6,Perception,Perception,7.144
P0491,keyword,7,Drug Costs,Drug Costs,5.916
P0491,keyword,8,Professional-Patient Relations,Professional-Patient Relations,4.914
P0491,keyword,9,Proton-pump inhibitor,Proton-pump inhibitor,4.899
P0491,keyword,10,Pill,Pill,4.504
P0491,keyword,11,Mythology,Mythology,4.292
P0491,keyword,12,Dapagliflozin,Dapagliflozin,4.044
P0491,technique,1,임상시험,Clinical Trials,0.532
P0132,keyword,1,Taste,Taste,10.813
P0132,keyword,2,Enteroendocrine Cells,Enteroendocrine Cells,10.802
P0132,keyword,3,Enteroendocrine cell,Enteroendocrine cell,6.081
P0132,keyword,4,Taste Perception,Taste Perception,5.389
P0132,keyword,5,Midgut,Midgut,5.308
P0132,keyword,6,Sensory system,Sensory system,4.877
P0132,keyword,7,Sensilla,Sensilla,4.847
P0132,keyword,8,Larva,Larva,4.151
P0132,keyword,9,Sensory Receptor Cells,Sensory Receptor Cells,3.893
P0132,keyword,10,"Receptors, Cell Surface","Receptors, Cell Surface",3.65
P0132,keyword,11,Taste receptor,Taste receptor,3.613
P0132,keyword,12,Feeding Behavior,Feeding Behavior,3.448
P0132,technique,1,초파리,Drosophila,24.145
P0132,technique,2,칼슘 이미징,Calcium Imaging,2.055
P0132,technique,3,예쁜꼬마선충,C. elegans,1.318
P0132,technique,4,RNA-seq·전사체,RNA-seq / Transcriptomics,1.143
P0132,technique,5,전기생리,Electrophysiology,1.086
P0132,technique,6,머신러닝·AI,Machine Learning / AI,0.307
P0132,technique,7,RNA 치료제·siRNA,RNA Therapeutics,0.146
P0132,technique,8,면역조직화학,Immunohistochemistry,0.145
P0595,keyword,1,Corona radiata (embryology),Corona radiata (embryology),3.388
P0595,keyword,2,Cerebral Infarction,Cerebral Infarction,2.528
P0595,keyword,3,Lacunar infarction,Lacunar infarction,2.338
P0595,keyword,4,Infarction,Infarction,2.298
P0595,keyword,5,Lacunar stroke,Lacunar stroke,1.952
P0595,keyword,6,Stroke (engine),Stroke (engine),1.753
P0595,keyword,7,Hyperthermia,Hyperthermia,1.329
P0595,keyword,8,Rhabdomyolysis,Rhabdomyolysis,1.321
P0595,keyword,9,Internal Capsule,Internal Capsule,1.299
P0595,keyword,10,Lesion,Lesion,1.113
P0595,keyword,11,Paresis,Paresis,1.111
P0595,keyword,12,"Nerve Fibers, Myelinated","Nerve Fibers, Myelinated",0.96
P0595,technique,1,MRI·PET 영상,MRI / PET Imaging,2.299
P0631,keyword,1,Urinary Bladder Neoplasms,Urinary Bladder Neoplasms,12.378
P0631,keyword,2,BCG Vaccine,BCG Vaccine,9.721
P0631,keyword,3,Non-Muscle Invasive Bladder Neoplasms,Non-Muscle Invasive Bladder Neoplasms,6.95
P0631,keyword,4,Bladder cancer,Bladder cancer,6.253
P0631,keyword,5,alpha-Defensins,alpha-Defensins,5.197
P0631,keyword,6,Peyer's Patches,Peyer's Patches,4.813
P0631,keyword,7,Prostate cancer,Prostate cancer,4.305
P0631,keyword,8,Zingiber officinale,Zingiber officinale,4.251
P0631,keyword,9,Urology,Urology,3.917
P0631,keyword,10,Bombyx,Bombyx,3.814
P0631,keyword,11,Surgery,Surgery,3.795
P0631,keyword,12,Cystectomy,Cystectomy,3.751
P0631,technique,1,종양 이종이식 모델,Xenograft Models,1.474
P0631,technique,2,CRISPR 유전자편집,CRISPR Gene Editing,1.223
P0631,technique,3,임상시험,Clinical Trials,0.721
P0631,technique,4,분자도킹·시뮬레이션,Molecular Docking / Dynamics,0.657
P0631,technique,5,RNA 치료제·siRNA,RNA Therapeutics,0.626
P0631,technique,6,면역조직화학,Immunohistochemistry,0.49
P0631,technique,7,웨스턴블롯,Western Blot,0.447
P0631,technique,8,생물정보·계산생물,Bioinformatics,0.327
P0637,keyword,1,Peritoneal Neoplasms,Peritoneal Neoplasms,3.461
P0637,keyword,2,Rectal Neoplasms,Rectal Neoplasms,2.953
P0637,keyword,3,Hyperthermic intraperitoneal chemotherapy,Hyperthermic intraperitoneal chemotherapy,2.64
P0637,keyword,4,Colonic Neoplasms,Colonic Neoplasms,1.989
P0637,keyword,5,Cytoreductive surgery,Cytoreductive surgery,1.973
P0637,keyword,6,Proto-Oncogene Proteins p21(ras),Proto-Oncogene Proteins p21(ras),1.951
P0637,keyword,7,Colorectal Neoplasms,Colorectal Neoplasms,1.804
P0637,keyword,8,Carcinosis,Carcinosis,1.482
P0637,keyword,9,KRAS,KRAS,1.37
P0637,keyword,10,Colorectal cancer,Colorectal cancer,1.198
P0637,keyword,11,Peritoneum,Peritoneum,1.045
P0637,keyword,12,Appendix,Appendix,1.015
P0590,keyword,1,Alopecia,Alopecia,32.833
P0590,keyword,2,Hair,Hair,14.514
P0590,keyword,3,Hair Follicle,Hair Follicle,14.246
P0590,keyword,4,Dermatology,Dermatology,13.272
P0590,keyword,5,Scalp,Scalp,9.057
P0590,keyword,6,Spin wave,Spin wave,8.87
P0590,keyword,7,Hair loss,Hair loss,8.536
P0590,keyword,8,Condensed matter physics,Condensed matter physics,7.903
P0590,keyword,9,Magnon,Magnon,7.275
P0590,keyword,10,Radiofrequency Therapy,Radiofrequency Therapy,6.91
P0590,keyword,11,Antiferromagnetism,Antiferromagnetism,6.811
P0590,keyword,12,Photography,Photography,6.55
P0590,technique,1,엑소좀·세포외소포,Exosomes / EVs,3.376
P0590,technique,2,RNA-seq·전사체,RNA-seq / Transcriptomics,2.968
P0590,technique,3,임상시험,Clinical Trials,2.273
P0590,technique,4,차세대 시퀀싱(NGS),Next-generation Sequencing,2.164
P0590,technique,5,면역조직화학,Immunohistochemistry,0.944
P0590,technique,6,머신러닝·AI,Machine Learning / AI,0.623
P0590,technique,7,전자현미경,Electron Microscopy,0.411
P0590,technique,8,X선 결정학·구조분석,X-ray Crystallography,0.258
P0629,keyword,1,Anti-Neutrophil Cytoplasmic Antibody-Associated Vasculitis,Anti-Neutrophil Cytoplasmic Antibody-Associated Vasculitis,12.937
P0629,keyword,2,Microscopic polyangiitis,Microscopic polyangiitis,9.766
P0629,keyword,3,Granulomatosis with polyangiitis,Granulomatosis with polyangiitis,9.144
P0629,keyword,4,Spondylarthritis,Spondylarthritis,6.266
P0629,keyword,5,Anti-neutrophil cytoplasmic antibody,Anti-neutrophil cytoplasmic antibody,6.186
P0629,keyword,6,Vasculitis,Vasculitis,6.071
P0629,keyword,7,Cystatin C,Cystatin C,5.89
P0629,keyword,8,"Antibodies, Antineutrophil Cytoplasmic","Antibodies, Antineutrophil Cytoplasmic",5.813
P0629,keyword,9,"Kidney Failure, Chronic","Kidney Failure, Chronic",4.678
P0629,keyword,10,Amyloidosis,Amyloidosis,3.642
P0629,keyword,11,Gastrointestinal Diseases,Gastrointestinal Diseases,3.559
P0629,keyword,12,Serum Amyloid A Protein,Serum Amyloid A Protein,3.398
P0333,keyword,1,Histocompatibility Testing,Histocompatibility Testing,16.983
P0333,keyword,2,Exons,Exons,13.842
P0333,keyword,3,Alleles,Alleles,13.68
P0333,keyword,4,HLA-DP beta-Chains,HLA-DP beta-Chains,9.657
P0333,keyword,5,HLA-C Antigens,HLA-C Antigens,9.115
P0333,keyword,6,Codon,Codon,7.881
P0333,keyword,7,HLA-DRB1 Chains,HLA-DRB1 Chains,7.076
P0333,keyword,8,"Codon, Nonsense","Codon, Nonsense",6.455
P0333,keyword,9,Kidney transplantation,Kidney transplantation,6.245
P0333,keyword,10,"Sequence Analysis, DNA","Sequence Analysis, DNA",5.786
P0333,keyword,11,Base Sequence,Base Sequence,5.755
P0333,keyword,12,Laboratories,Laboratories,5.609
P0333,technique,1,차세대 시퀀싱(NGS),Next-generation Sequencing,9.631
P0333,technique,2,나노입자·약물전달,Nanoparticles / Drug Delivery,2.387
P0333,technique,3,qPCR,Real-time PCR,1.385
P0333,technique,4,생물정보·계산생물,Bioinformatics,1.202
P0333,technique,5,머신러닝·AI,Machine Learning / AI,0.772
P0333,technique,6,분자도킹·시뮬레이션,Molecular Docking / Dynamics,0.746
P0333,technique,7,웨스턴블롯,Western Blot,0.317
P0333,technique,8,면역조직화학,Immunohistochemistry,0.275
P0191,keyword,1,Connectome,Connectome,3.741
P0191,keyword,2,Circadian Clocks,Circadian Clocks,3.151
P0191,keyword,3,Biological Clocks,Biological Clocks,2.606
P0191,keyword,4,Suprachiasmatic nucleus,Suprachiasmatic nucleus,2.326
P0191,keyword,5,Biological clock,Biological clock,1.609
P0191,keyword,6,Action Potentials,Action Potentials,1.534
P0191,keyword,7,Master clock,Master clock,1.364
P0191,keyword,8,Circadian Rhythm,Circadian Rhythm,1.329
P0191,keyword,9,Circadian clock,Circadian clock,1.195
P0191,keyword,10,Neuroscience,Neuroscience,0.313
P0191,keyword,11,Clock signal,Clock signal,0.223
P0191,keyword,12,Physics,Physics,0.154
P0085,keyword,1,Heart-Assist Devices,Heart-Assist Devices,5.219
P0085,keyword,2,Needles,Needles,4.392
P0085,keyword,3,Counterpulsation,Counterpulsation,3.932
P0085,keyword,4,Circulatory system,Circulatory system,3.402
P0085,keyword,5,"Injections, Intradermal","Injections, Intradermal",2.971
P0085,keyword,6,Microinjections,Microinjections,2.627
P0085,keyword,7,Polyanhydrides,Polyanhydrides,2.189
P0085,keyword,8,Diphtheria Toxoid,Diphtheria Toxoid,1.958
P0085,keyword,9,Rubella vaccine,Rubella vaccine,1.939
P0085,keyword,10,COVID-19,COVID-19,1.845
P0085,keyword,11,Heart Failure,Heart Failure,1.818
P0085,keyword,12,SARS-CoV-2,SARS-CoV-2,1.804
P0085,technique,1,나노입자·약물전달,Nanoparticles / Drug Delivery,0.677
P0085,technique,2,머신러닝·AI,Machine Learning / AI,0.527
P0682,keyword,1,Aspergillus nidulans,Aspergillus nidulans,91.293
P0682,keyword,2,"Spores, Fungal","Spores, Fungal",61.769
P0682,keyword,3,Fungal Proteins,Fungal Proteins,60.872
P0682,keyword,4,"Gene Expression Regulation, Fungal","Gene Expression Regulation, Fungal",53.409
P0682,keyword,5,Aspergillus flavus,Aspergillus flavus,38.956
P0682,keyword,6,Conidium,Conidium,36.745
P0682,keyword,7,Aspergillus,Aspergillus,33.444
P0682,keyword,8,Sterigmatocystin,Sterigmatocystin,26.44
P0682,keyword,9,Aflatoxins,Aflatoxins,25.761
P0682,keyword,10,Aflatoxin B1,Aflatoxin B1,24.791
P0682,keyword,11,Conidiation,Conidiation,22.732
P0682,keyword,12,Aspergillus fumigatus,Aspergillus fumigatus,17.398
P0682,technique,1,RNA-seq·전사체,RNA-seq / Transcriptomics,4.972
P0682,technique,2,생물정보·계산생물,Bioinformatics,3.1
P0682,technique,3,단백체,Proteomics,1.752
P0682,technique,4,질량분석,Mass Spectrometry,0.443
P0682,technique,5,머신러닝·AI,Machine Learning / AI,0.105
P0509,keyword,1,Melatonin,Melatonin,3.717
P0509,keyword,2,"Colitis, Ulcerative","Colitis, Ulcerative",3.577
P0509,keyword,3,"Receptors, Melatonin","Receptors, Melatonin",2.728
P0509,keyword,4,Pancreatitis-Associated Proteins,Pancreatitis-Associated Proteins,2.308
P0509,keyword,5,Bacillota,Bacillota,2.183
P0509,keyword,6,Goblet Cells,Goblet Cells,2.183
P0509,keyword,7,Dysbiosis,Dysbiosis,2.128
P0509,keyword,8,Ulcerative colitis,Ulcerative colitis,1.889
P0509,keyword,9,Dextran Sulfate,Dextran Sulfate,1.615
P0509,keyword,10,Occupational Diseases,Occupational Diseases,1.605
P0509,keyword,11,Firmicutes,Firmicutes,1.58
P0509,keyword,12,Bacteroidetes,Bacteroidetes,1.55
P0460,keyword,1,Systems pharmacology,Systems pharmacology,0.662
P0460,keyword,2,Hyperplasia,Hyperplasia,0.397
P0460,keyword,3,Cell cycle checkpoint,Cell cycle checkpoint,0.227
P0460,keyword,4,Prostate,Prostate,0.146
P0193,keyword,1,Xanthomonas oryzae,Xanthomonas oryzae,6.786
P0193,keyword,2,Xanthomonas oryzae pv. oryzae,Xanthomonas oryzae pv. oryzae,3.761
P0193,keyword,3,Auxin,Auxin,3.121
P0193,keyword,4,Plant hormone,Plant hormone,2.515
P0193,keyword,5,Blight,Blight,2.152
P0193,keyword,6,Virulence,Virulence,1.995
P0193,keyword,7,Xanthomonas,Xanthomonas,1.903
P0193,keyword,8,Salt (chemistry),Salt (chemistry),1.504
P0193,keyword,9,Pseudomonas,Pseudomonas,1.247
P0193,keyword,10,Bacteria,Bacteria,0.982
P0193,keyword,11,Escherichia coli,Escherichia coli,0.938
P0193,keyword,12,Secretion,Secretion,0.797
P0543,keyword,1,Acinetobacter Infections,Acinetobacter Infections,8.5
P0543,keyword,2,Acinetobacter baumannii,Acinetobacter baumannii,8.268
P0543,keyword,3,Virulence Factors,Virulence Factors,6.155
P0543,keyword,4,Bacterial Outer Membrane Proteins,Bacterial Outer Membrane Proteins,4.44
P0543,keyword,5,Anti-Bacterial Agents,Anti-Bacterial Agents,3.611
P0543,keyword,6,"Drug Resistance, Multiple, Bacterial","Drug Resistance, Multiple, Bacterial",3.599
P0543,keyword,7,Biofilms,Biofilms,3.509
P0543,keyword,8,Carbapenems,Carbapenems,3.385
P0543,keyword,9,Virulence,Virulence,3.13
P0543,keyword,10,Anti-Infective Agents,Anti-Infective Agents,2.774
P0543,keyword,11,"Genome, Bacterial","Genome, Bacterial",2.511
P0543,keyword,12,Quorum Sensing,Quorum Sensing,2.504
P0539,keyword,1,Sirtuin 1,Sirtuin 1,0.959
P0539,keyword,2,"Antigens, Neoplasm","Antigens, Neoplasm",0.893
P0539,keyword,3,Tumor Suppressor Protein p53,Tumor Suppressor Protein p53,0.683
P0539,keyword,4,"Adaptor Proteins, Signal Transducing","Adaptor Proteins, Signal Transducing",0.647
P0539,keyword,5,Melanoma,Melanoma,0.628
P0539,keyword,6,Macrophage Migration-Inhibitory Factors,Macrophage Migration-Inhibitory Factors,0.445
P0539,keyword,7,Intramolecular Oxidoreductases,Intramolecular Oxidoreductases,0.377
P0539,keyword,8,Cell Proliferation,Cell Proliferation,0.37
P0539,keyword,9,Tumor suppressor gene,Tumor suppressor gene,0.36
P0539,keyword,10,"Gene Expression Regulation, Neoplastic","Gene Expression Regulation, Neoplastic",0.34
P0539,keyword,11,Macrophage migration inhibitory factor,Macrophage migration inhibitory factor,0.317
P0539,keyword,12,M2 Macrophage,M2 Macrophage,0.286
P0627,keyword,1,Intracranial Aneurysm,Intracranial Aneurysm,8.164
P0627,keyword,2,Aneurysm,Aneurysm,6.239
P0627,keyword,3,Posterior Cerebral Artery,Posterior Cerebral Artery,5.347
P0627,keyword,4,Microsurgery,Microsurgery,4.519
P0627,keyword,5,Cerebral Angiography,Cerebral Angiography,4.324
P0627,keyword,6,Posterior communicating artery,Posterior communicating artery,4.31
P0627,keyword,7,Cerebral Revascularization,Cerebral Revascularization,4.266
P0627,keyword,8,"Embolization, Therapeutic","Embolization, Therapeutic",4.096
P0627,keyword,9,"Carotid Artery, Internal","Carotid Artery, Internal",4.026
P0627,keyword,10,Surgery,Surgery,3.983
P0627,keyword,11,Fluid Shifts,Fluid Shifts,3.677
P0627,keyword,12,Angiography,Angiography,3.655
P0627,technique,1,MRI·PET 영상,MRI / PET Imaging,1.436
P0627,technique,2,임상시험,Clinical Trials,0.876
P0627,technique,3,머신러닝·AI,Machine Learning / AI,0.875
P0161,keyword,1,Deinococcus,Deinococcus,28.255
P0161,keyword,2,Deinococcus radiodurans,Deinococcus radiodurans,20.108
P0161,keyword,3,Transposition (logic),Transposition (logic),12.503
P0161,keyword,4,Debris flow,Debris flow,10.367
P0161,keyword,5,Phylogeny,Phylogeny,7.087
P0161,keyword,6,Transposable element,Transposable element,6.838
P0161,keyword,7,"DNA, Bacterial","DNA, Bacterial",6.488
P0161,keyword,8,"RNA, Ribosomal, 16S","RNA, Ribosomal, 16S",6.424
P0161,keyword,9,Landslide,Landslide,5.903
P0161,keyword,10,Phytoene desaturase,Phytoene desaturase,5.878
P0161,keyword,11,DNA Gyrase,DNA Gyrase,5.495
P0161,keyword,12,Hydrogen Peroxide,Hydrogen Peroxide,5.48
P0161,technique,1,생물정보·계산생물,Bioinformatics,1.2
P0161,technique,2,X선 결정학·구조분석,X-ray Crystallography,0.14
P0006,keyword,1,Rh-Hr Blood-Group System,Rh-Hr Blood-Group System,47.633
P0006,keyword,2,ABO blood group system,ABO blood group system,41.77
P0006,keyword,3,"Killer Cells, Natural","Killer Cells, Natural",38.744
P0006,keyword,4,ABO Blood-Group System,ABO Blood-Group System,31.956
P0006,keyword,5,Blood transfusion,Blood transfusion,22.668
P0006,keyword,6,Blood Group Antigens,Blood Group Antigens,18.762
P0006,keyword,7,Alleles,Alleles,18.363
P0006,keyword,8,Genotyping,Genotyping,18.087
P0006,keyword,9,"Decision Support Systems, Clinical","Decision Support Systems, Clinical",15.509
P0006,keyword,10,Genotype,Genotype,14.188
P0006,keyword,11,Feeder Cells,Feeder Cells,13.35
P0006,keyword,12,"Cytotoxicity, Immunologic","Cytotoxicity, Immunologic",13.052
P0006,technique,1,CAR-T·입양세포치료,CAR-T / Adoptive Cell Therapy,18.713
P0006,technique,2,유세포분석,Flow Cytometry,13.24
P0006,technique,3,항체 개발,Antibody Engineering,5.099
P0006,technique,4,qPCR,Real-time PCR,3.88
P0006,technique,5,미세유체·장기칩,Microfluidics / Organ-on-a-chip,2.27
P0006,technique,6,종양 이종이식 모델,Xenograft Models,2.196
P0006,technique,7,머신러닝·AI,Machine Learning / AI,2.096
P0006,technique,8,차세대 시퀀싱(NGS),Next-generation Sequencing,1.934
P0453,keyword,1,"Diabetes Mellitus, Type 2","Diabetes Mellitus, Type 2",7.46
P0453,keyword,2,Polycystic ovary,Polycystic ovary,6.207
P0453,keyword,3,Metabolic Syndrome,Metabolic Syndrome,5.016
P0453,keyword,4,Cardiovascular Diseases,Cardiovascular Diseases,4.911
P0453,keyword,5,Polycystic Ovary Syndrome,Polycystic Ovary Syndrome,4.664
P0453,keyword,6,Diabetes Mellitus,Diabetes Mellitus,4.617
P0453,keyword,7,Body mass index,Body mass index,4.463
P0453,keyword,8,Obesity,Obesity,4.426
P0453,keyword,9,tRNA Methyltransferases,tRNA Methyltransferases,4.128
P0453,keyword,10,Insulin Resistance,Insulin Resistance,3.998
P0453,keyword,11,Hyperandrogenism,Hyperandrogenism,3.887
P0453,keyword,12,Glycated Hemoglobin,Glycated Hemoglobin,3.063
P0453,technique,1,생물정보·계산생물,Bioinformatics,0.4
P0453,technique,2,MRI·PET 영상,MRI / PET Imaging,0.264
P0453,technique,3,임상시험,Clinical Trials,0.248
P0465,keyword,1,Esterification,Esterification,5.992
P0465,keyword,2,Esters,Esters,4.969
P0465,keyword,3,Antioxidant,Antioxidant,4.645
P0465,keyword,4,Autoxidation,Autoxidation,4.566
P0465,keyword,5,Antioxidants,Antioxidants,4.282
P0465,keyword,6,Resveratrol,Resveratrol,4.198
P0465,keyword,7,Quercetin,Quercetin,4.004
P0465,keyword,8,Lipid oxidation,Lipid oxidation,3.628
P0465,keyword,9,Bioavailability,Bioavailability,3.341
P0465,keyword,10,Food science,Food science,3.007
P0465,keyword,11,Maillard reaction,Maillard reaction,2.972
P0465,keyword,12,Myrtaceae,Myrtaceae,2.663
P0465,technique,1,질량분석,Mass Spectrometry,1.857
P0537,keyword,1,Plant Immunity,Plant Immunity,16.695
P0537,keyword,2,SNARE Proteins,SNARE Proteins,12.332
P0537,keyword,3,R-SNARE Proteins,R-SNARE Proteins,9.926
P0537,keyword,4,Exocytosis,Exocytosis,9.095
P0537,keyword,5,"Gene Expression Regulation, Plant","Gene Expression Regulation, Plant",7.309
P0537,keyword,6,Qa-SNARE Proteins,Qa-SNARE Proteins,7.172
P0537,keyword,7,Phosphopyruvate Hydratase,Phosphopyruvate Hydratase,6.253
P0537,keyword,8,Plants,Plants,5.62
P0537,keyword,9,Secretory Vesicles,Secretory Vesicles,4.938
P0537,keyword,10,SNARE complex,SNARE complex,4.681
P0537,keyword,11,Abiotic component,Abiotic component,4.362
P0537,keyword,12,ATG8,ATG8,4.001
P0537,technique,1,애기장대·식물 모델,Arabidopsis,21.519
P0537,technique,2,생물정보·계산생물,Bioinformatics,0.342
P0639,keyword,1,Pyometra,Pyometra,7.026
P0639,keyword,2,Bacteremia,Bacteremia,5.619
P0639,keyword,3,Vaginal Discharge,Vaginal Discharge,5.582
P0639,keyword,4,Staphylococcal Infections,Staphylococcal Infections,4.655
P0639,keyword,5,Methicillin-Resistant Staphylococcus aureus,Methicillin-Resistant Staphylococcus aureus,4.075
P0639,keyword,6,Fitness Centers,Fitness Centers,3.932
P0639,keyword,7,"Shock, Septic","Shock, Septic",3.745
P0639,keyword,8,COVID-19,COVID-19,3.392
P0639,keyword,9,Clinical Laboratory Techniques,Clinical Laboratory Techniques,3.335
P0639,keyword,10,SARS-CoV-2,SARS-CoV-2,3.327
P0639,keyword,11,"Pneumonia, Viral","Pneumonia, Viral",3.271
P0639,keyword,12,Betacoronavirus,Betacoronavirus,2.868
P0639,technique,1,임상시험,Clinical Trials,0.774
P0711,keyword,1,"Mammary Glands, Human","Mammary Glands, Human",9.596
P0711,keyword,2,Mammary gland,Mammary gland,7.14
P0711,keyword,3,Apoptosis,Apoptosis,6.441
P0711,keyword,4,Angiogenesis Inhibitors,Angiogenesis Inhibitors,5.631
P0711,keyword,5,Autophagy,Autophagy,5.254
P0711,keyword,6,"Neovascularization, Pathologic","Neovascularization, Pathologic",4.771
P0711,keyword,7,Oxazoles,Oxazoles,4.525
P0711,keyword,8,Dogs,Dogs,4.38
P0711,keyword,9,Vascular Remodeling,Vascular Remodeling,4.224
P0711,keyword,10,Genistein,Genistein,4.187
P0711,keyword,11,Cancer research,Cancer research,3.938
P0711,keyword,12,Angiogenesis,Angiogenesis,3.716
P0711,technique,1,종양 이종이식 모델,Xenograft Models,3.526
P0711,technique,2,웨스턴블롯,Western Blot,0.824
P0711,technique,3,유세포분석,Flow Cytometry,0.816
P0711,technique,4,전자현미경,Electron Microscopy,0.468
P0711,technique,5,면역조직화학,Immunohistochemistry,0.313
P0711,technique,6,RNA 치료제·siRNA,RNA Therapeutics,0.261
P0711,technique,7,나노입자·약물전달,Nanoparticles / Drug Delivery,0.107
P0801,keyword,1,Oocytes,Oocytes,7.442
P0801,keyword,2,Cyclin B2,Cyclin B2,5.13
P0801,keyword,3,Cyclin B1,Cyclin B1,4.562
P0801,keyword,4,Oocyte,Oocyte,4.414
P0801,keyword,5,Ovarian follicle,Ovarian follicle,4.085
P0801,keyword,6,Cyclins,Cyclins,3.613
P0801,keyword,7,Cyclin-dependent kinase 1,Cyclin-dependent kinase 1,3.393
P0801,keyword,8,Eukaryotic Cells,Eukaryotic Cells,3.371
P0801,keyword,9,Five prime untranslated region,Five prime untranslated region,2.794
P0801,keyword,10,Translation (biology),Translation (biology),2.781
P0801,keyword,11,Maturation-Promoting Factor,Maturation-Promoting Factor,2.768
P0801,keyword,12,3' Untranslated Regions,3' Untranslated Regions,2.701
P0801,technique,1,나노입자·약물전달,Nanoparticles / Drug Delivery,0.515
P0801,technique,2,MRI·PET 영상,MRI / PET Imaging,0.276
P0492,keyword,1,Claisen condensation,Claisen condensation,4.061
P0492,keyword,2,Immunoconjugates,Immunoconjugates,3.715
P0492,keyword,3,Microphthalmia-Associated Transcription Factor,Microphthalmia-Associated Transcription Factor,2.753
P0492,keyword,4,Claisen rearrangement,Claisen rearrangement,2.598
P0492,keyword,5,Decarboxylation,Decarboxylation,2.343
P0492,keyword,6,Melanins,Melanins,2.303
P0492,keyword,7,Aryl,Aryl,2.288
P0492,keyword,8,Structure-Activity Relationship,Structure-Activity Relationship,2.264
P0492,keyword,9,Drug Design,Drug Design,2.148
P0492,keyword,10,Pharmaceutical Preparations,Pharmaceutical Preparations,2.097
P0492,keyword,11,Hsp90,Hsp90,2.06
P0492,keyword,12,Streptomyces,Streptomyces,2.036
P0492,technique,1,유전자변형 마우스,Genetically Modified Mice,0.418
P0492,technique,2,생물정보·계산생물,Bioinformatics,0.405
P0492,technique,3,분자도킹·시뮬레이션,Molecular Docking / Dynamics,0.364
P0492,technique,4,X선 결정학·구조분석,X-ray Crystallography,0.315
P0492,technique,5,웨스턴블롯,Western Blot,0.263
P0158,keyword,1,Rotator Cuff Injuries,Rotator Cuff Injuries,3.828
P0158,keyword,2,Rotator cuff,Rotator cuff,3.657
P0158,keyword,3,Low-Level Light Therapy,Low-Level Light Therapy,1.27
P0158,keyword,4,Wound Healing,Wound Healing,1.128
P0158,keyword,5,"Collagen Type I, alpha 1 Chain","Collagen Type I, alpha 1 Chain",0.998
P0158,keyword,6,Suture Anchors,Suture Anchors,0.872
P0158,keyword,7,Collagen Type II,Collagen Type II,0.809
P0158,keyword,8,Muscular Atrophy,Muscular Atrophy,0.803
P0158,keyword,9,Shoulder Joint,Shoulder Joint,0.765
P0158,keyword,10,Muscle atrophy,Muscle atrophy,0.732
P0158,keyword,11,Arthroscopy,Arthroscopy,0.731
P0158,keyword,12,Low level laser therapy,Low level laser therapy,0.704
P0158,technique,1,MRI·PET 영상,MRI / PET Imaging,0.359
P0158,technique,2,면역조직화학,Immunohistochemistry,0.312
P0158,technique,3,RNA-seq·전사체,RNA-seq / Transcriptomics,0.298
P0090,keyword,1,Phospholipase D,Phospholipase D,75.207
P0090,keyword,2,Wnt signaling pathway,Wnt signaling pathway,33.793
P0090,keyword,3,Feedback loop,Feedback loop,32.345
P0090,keyword,4,Loop (graph theory),Loop (graph theory),25.187
P0090,keyword,5,Morinda,Morinda,23.519
P0090,keyword,6,Hypogonadism,Hypogonadism,19.118
P0090,keyword,7,Signal transduction,Signal transduction,16.359
P0090,keyword,8,Catenin,Catenin,16.055
P0090,keyword,9,Phospholipase C,Phospholipase C,14.947
P0090,keyword,10,E2F1,E2F1,12.698
P0090,keyword,11,Positive feedback,Positive feedback,12.595
P0090,keyword,12,Phospholipase,Phospholipase,11.568
P0090,technique,1,유전자변형 마우스,Genetically Modified Mice,4.577
P0090,technique,2,웨스턴블롯,Western Blot,3.137
P0090,technique,3,후성유전 분석,Epigenomics (ChIP/ATAC-seq),1.856
P0090,technique,4,RNA 치료제·siRNA,RNA Therapeutics,1.654
P0090,technique,5,면역조직화학,Immunohistochemistry,1.649
P0090,technique,6,유세포분석,Flow Cytometry,1.222
P0090,technique,7,종양 이종이식 모델,Xenograft Models,0.893
P0090,technique,8,qPCR,Real-time PCR,0.756
P0334,keyword,1,Suicidal Ideation,Suicidal Ideation,9.057
P0334,keyword,2,Rhinitis,Rhinitis,6.031
P0334,keyword,3,Osteitis,Osteitis,5.291
P0334,keyword,4,Depression,Depression,5.223
P0334,keyword,5,Sinusitis,Sinusitis,5.107
P0334,keyword,6,Single Parent,Single Parent,3.955
P0334,keyword,7,Mood,Mood,3.884
P0334,keyword,8,Eosinophilia,Eosinophilia,3.634
P0334,keyword,9,Mental Health,Mental Health,3.524
P0334,keyword,10,Periostin,Periostin,3.398
P0334,keyword,11,Depressive mood,Depressive mood,3.284
P0334,keyword,12,Nasal Mucosa,Nasal Mucosa,3.242
P0334,technique,1,유전자변형 마우스,Genetically Modified Mice,2.022
P0334,technique,2,RNA 치료제·siRNA,RNA Therapeutics,0.783
P0334,technique,3,나노입자·약물전달,Nanoparticles / Drug Delivery,0.469
P0334,technique,4,임상시험,Clinical Trials,0.361
P0334,technique,5,생물정보·계산생물,Bioinformatics,0.045
P0540,keyword,1,Endothelial Cells,Endothelial Cells,7.554
P0540,keyword,2,Lysine-tRNA Ligase,Lysine-tRNA Ligase,6.372
P0540,keyword,3,Cattle,Cattle,5.804
P0540,keyword,4,Phytoalexins,Phytoalexins,5.733
P0540,keyword,5,"Stress, Mechanical","Stress, Mechanical",5.666
P0540,keyword,6,Atherosclerosis,Atherosclerosis,5.473
P0540,keyword,7,Cell Adhesion,Cell Adhesion,5.396
P0540,keyword,8,Enos,Enos,4.785
P0540,keyword,9,Stilbenes,Stilbenes,3.967
P0540,keyword,10,Autophagy,Autophagy,3.833
P0540,keyword,11,Nitric Oxide Synthase Type III,Nitric Oxide Synthase Type III,3.764
P0540,keyword,12,Cell biology,Cell biology,3.656
P0540,technique,1,유전자변형 마우스,Genetically Modified Mice,0.983
P0540,technique,2,유세포분석,Flow Cytometry,0.459
P0540,technique,3,RNA 치료제·siRNA,RNA Therapeutics,0.351
P0540,technique,4,조직공학·바이오프린팅,Tissue Engineering / Bioprinting,0.322
P0540,technique,5,X선 결정학·구조분석,X-ray Crystallography,0.28
P0540,technique,6,면역조직화학,Immunohistochemistry,0.16
P0540,technique,7,전자현미경,Electron Microscopy,0.143
P0540,technique,8,생물정보·계산생물,Bioinformatics,0.03
P0019,keyword,1,Multiple Myeloma,Multiple Myeloma,4.709
P0019,keyword,2,"Leukemia, Myeloid, Acute","Leukemia, Myeloid, Acute",4.182
P0019,keyword,3,Hematopoietic Stem Cell Transplantation,Hematopoietic Stem Cell Transplantation,4.001
P0019,keyword,4,Fluorodeoxyglucose F18,Fluorodeoxyglucose F18,3.274
P0019,keyword,5,Myeloid leukemia,Myeloid leukemia,2.792
P0019,keyword,6,International Prognostic Scoring System,International Prognostic Scoring System,2.654
P0019,keyword,7,Central Nervous System Neoplasms,Central Nervous System Neoplasms,2.609
P0019,keyword,8,Decitabine,Decitabine,2.486
P0019,keyword,9,Oncology,Oncology,2.447
P0019,keyword,10,Adrenal insufficiency,Adrenal insufficiency,2.403
P0019,keyword,11,Minimal residual disease,Minimal residual disease,2.188
P0019,keyword,12,Primary central nervous system lymphoma,Primary central nervous system lymphoma,2.115
P0019,technique,1,MRI·PET 영상,MRI / PET Imaging,2.502
P0019,technique,2,항체 개발,Antibody Engineering,0.599
P0019,technique,3,차세대 시퀀싱(NGS),Next-generation Sequencing,0.564
P0019,technique,4,임상시험,Clinical Trials,0.295
P0019,technique,5,생물정보·계산생물,Bioinformatics,0.201
P0751,keyword,1,Stromal Interaction Molecule 1,Stromal Interaction Molecule 1,15.252
P0751,keyword,2,ORAI1 Protein,ORAI1 Protein,13.079
P0751,keyword,3,Stromal Interaction Molecule 2,Stromal Interaction Molecule 2,10.854
P0751,keyword,4,Septins,Septins,10.361
P0751,keyword,5,Calcium Signaling,Calcium Signaling,9.803
P0751,keyword,6,STIM1,STIM1,9.728
P0751,keyword,7,ORAI1,ORAI1,9.07
P0751,keyword,8,Coronavirus 3C Proteases,Coronavirus 3C Proteases,8.756
P0751,keyword,9,Actomyosin,Actomyosin,7.048
P0751,keyword,10,Cell biology,Cell biology,5.401
P0751,keyword,11,Neoplasm Proteins,Neoplasm Proteins,5.199
P0751,keyword,12,Immune Evasion,Immune Evasion,5.0
P0751,technique,1,애기장대·식물 모델,Arabidopsis,0.825
P0751,technique,2,종양 이종이식 모델,Xenograft Models,0.808
P0751,technique,3,생물정보·계산생물,Bioinformatics,0.725
P0751,technique,4,줄기세포·iPSC,Stem Cells / iPSC,0.612
P0751,technique,5,전기생리,Electrophysiology,0.536
P0751,technique,6,하이드로젤·스캐폴드,Hydrogels / Scaffolds,0.415
P0751,technique,7,미세유체·장기칩,Microfluidics / Organ-on-a-chip,0.392
P0751,technique,8,면역조직화학,Immunohistochemistry,0.026
P0782,keyword,1,Mesothelioma,Mesothelioma,18.377
P0782,keyword,2,"Mesothelioma, Malignant","Mesothelioma, Malignant",14.365
P0782,keyword,3,Necroptosis,Necroptosis,11.222
P0782,keyword,4,Apoptosis,Apoptosis,9.195
P0782,keyword,5,"Membrane Potential, Mitochondrial","Membrane Potential, Mitochondrial",7.713
P0782,keyword,6,Prostatic Neoplasms,Prostatic Neoplasms,7.17
P0782,keyword,7,Annexin,Annexin,6.108
P0782,keyword,8,Proto-Oncogene Proteins c-akt,Proto-Oncogene Proteins c-akt,6.094
P0782,keyword,9,Vaccinium vitis-idaea,Vaccinium vitis-idaea,5.838
P0782,keyword,10,Clofarabine,Clofarabine,5.731
P0782,keyword,11,Reactive Oxygen Species,Reactive Oxygen Species,5.722
P0782,keyword,12,Cancer research,Cancer research,5.685
P0782,technique,1,RNA 치료제·siRNA,RNA Therapeutics,1.552
P0782,technique,2,면역조직화학,Immunohistochemistry,1.229
P0782,technique,3,웨스턴블롯,Western Blot,1.09
P0782,technique,4,유세포분석,Flow Cytometry,0.208
P0782,technique,5,RNA-seq·전사체,RNA-seq / Transcriptomics,0.133
P0782,technique,6,항체 개발,Antibody Engineering,0.1
P0558,keyword,1,Animal science,Animal science,8.599
P0558,keyword,2,Animal feed,Animal feed,8.582
P0558,keyword,3,Weaning,Weaning,8.512
P0558,keyword,4,Animal Nutritional Physiological Phenomena,Animal Nutritional Physiological Phenomena,6.938
P0558,keyword,5,Broiler,Broiler,6.874
P0558,keyword,6,Diet,Diet,6.028
P0558,keyword,7,Dietary Supplements,Dietary Supplements,5.454
P0558,keyword,8,Food science,Food science,5.011
P0558,keyword,9,Chickens,Chickens,4.714
P0558,keyword,10,Feed conversion ratio,Feed conversion ratio,4.216
P0558,keyword,11,Feces,Feces,4.208
P0558,keyword,12,Amidohydrolases,Amidohydrolases,4.131
P0558,technique,1,대사체·지질체,Metabolomics / Lipidomics,1.48
P0558,technique,2,생물정보·계산생물,Bioinformatics,0.11
P0351,keyword,1,Robotic Surgical Procedures,Robotic Surgical Procedures,22.375
P0351,keyword,2,Colectomy,Colectomy,20.691
P0351,keyword,3,Colonic Neoplasms,Colonic Neoplasms,15.256
P0351,keyword,4,Colorectal surgery,Colorectal surgery,14.83
P0351,keyword,5,Laparoscopy,Laparoscopy,12.799
P0351,keyword,6,Robotic surgery,Robotic surgery,10.377
P0351,keyword,7,Colorectal cancer,Colorectal cancer,10.072
P0351,keyword,8,Mesocolon,Mesocolon,9.954
P0351,keyword,9,Operative Time,Operative Time,8.792
P0351,keyword,10,Length of Stay,Length of Stay,6.84
P0351,keyword,11,Cancer-Associated Fibroblasts,Cancer-Associated Fibroblasts,6.552
P0351,keyword,12,Cachexia,Cachexia,6.55
P0351,technique,1,엑소좀·세포외소포,Exosomes / EVs,5.485
P0351,technique,2,MRI·PET 영상,MRI / PET Imaging,0.465
P0516,keyword,1,Ventricular tachycardia,Ventricular tachycardia,4.621
P0516,keyword,2,Cardiology,Cardiology,4.576
P0516,keyword,3,Atrioventricular block,Atrioventricular block,4.331
P0516,keyword,4,Cardiomyopathies,Cardiomyopathies,3.967
P0516,keyword,5,Implantable cardioverter-defibrillator,Implantable cardioverter-defibrillator,3.855
P0516,keyword,6,Ventricular Fibrillation,Ventricular Fibrillation,3.272
P0516,keyword,7,Sinus rhythm,Sinus rhythm,3.152
P0516,keyword,8,Atrial fibrillation,Atrial fibrillation,2.775
P0516,keyword,9,Cardiomyopathy,Cardiomyopathy,2.707
P0516,keyword,10,Normal Sinus Rhythm,Normal Sinus Rhythm,2.548
P0516,keyword,11,Stroke Volume,Stroke Volume,2.539
P0516,keyword,12,Ejection fraction,Ejection fraction,2.49
P0516,technique,1,MRI·PET 영상,MRI / PET Imaging,0.363
P0516,technique,2,머신러닝·AI,Machine Learning / AI,0.066
P0740,keyword,1,Ribosomes,Ribosomes,14.088
P0740,keyword,2,Circadian Rhythm,Circadian Rhythm,9.892
P0740,keyword,3,Ribosome,Ribosome,9.223
P0740,keyword,4,Proteostasis,Proteostasis,9.135
P0740,keyword,5,Protein biosynthesis,Protein biosynthesis,8.644
P0740,keyword,6,Translation (biology),Translation (biology),8.158
P0740,keyword,7,Proto-Oncogene Proteins c-abl,Proto-Oncogene Proteins c-abl,7.756
P0740,keyword,8,Sleep,Sleep,7.567
P0740,keyword,9,Myeloid leukemia,Myeloid leukemia,7.078
P0740,keyword,10,Neurons,Neurons,7.002
P0740,keyword,11,Ataxin-2,Ataxin-2,6.795
P0740,keyword,12,C9orf72,C9orf72,6.515
P0740,technique,1,초파리,Drosophila,19.225
P0740,technique,2,유세포분석,Flow Cytometry,1.912
P0740,technique,3,RNA-seq·전사체,RNA-seq / Transcriptomics,0.819
P0740,technique,4,생물정보·계산생물,Bioinformatics,0.759
P0740,technique,5,후성유전 분석,Epigenomics (ChIP/ATAC-seq),0.368
P0740,technique,6,RNA 치료제·siRNA,RNA Therapeutics,0.348
P0520,keyword,1,Neurodegenerative Diseases,Neurodegenerative Diseases,2.837
P0520,keyword,2,Astrocytes,Astrocytes,2.682
P0520,keyword,3,Homeostasis,Homeostasis,1.837
P0520,keyword,4,Central nervous system,Central nervous system,1.809
P0520,keyword,5,Autophagy,Autophagy,1.669
P0520,keyword,6,Regulator,Regulator,1.109
P0520,keyword,7,Biogenesis,Biogenesis,1.038
P0520,keyword,8,Mitochondrial biogenesis,Mitochondrial biogenesis,0.988
P0520,keyword,9,"Education, Medical, Undergraduate","Education, Medical, Undergraduate",0.969
P0520,keyword,10,Group Processes,Group Processes,0.733
P0520,keyword,11,Neuroscience,Neuroscience,0.632
P0520,keyword,12,Educational Measurement,Educational Measurement,0.577
P0010,keyword,1,Metabolic engineering,Metabolic engineering,27.763
P0010,keyword,2,Pseudomonas putida,Pseudomonas putida,18.69
P0010,keyword,3,Synthetic biology,Synthetic biology,12.858
P0010,keyword,4,Vibrio,Vibrio,12.57
P0010,keyword,5,Directed Molecular Evolution,Directed Molecular Evolution,12.529
P0010,keyword,6,Escherichia coli,Escherichia coli,12.404
P0010,keyword,7,Seaweed,Seaweed,10.763
P0010,keyword,8,Escherichia coli Proteins,Escherichia coli Proteins,9.347
P0010,keyword,9,Alginates,Alginates,8.049
P0010,keyword,10,Industrial Microbiology,Industrial Microbiology,8.024
P0010,keyword,11,Polysaccharide-Lyases,Polysaccharide-Lyases,7.832
P0010,keyword,12,Biorefinery,Biorefinery,7.611
P0010,technique,1,RNA-seq·전사체,RNA-seq / Transcriptomics,4.236
P0010,technique,2,CRISPR 유전자편집,CRISPR Gene Editing,3.797
P0010,technique,3,생물정보·계산생물,Bioinformatics,3.432
P0010,technique,4,머신러닝·AI,Machine Learning / AI,0.718
P0610,keyword,1,Endogenous retrovirus,Endogenous retrovirus,3.762
P0610,keyword,2,Posterior reversible encephalopathy syndrome,Posterior reversible encephalopathy syndrome,3.593
P0610,keyword,3,Stent,Stent,3.034
P0610,keyword,4,Eclampsia,Eclampsia,2.739
P0610,keyword,5,Intraventricular hemorrhage,Intraventricular hemorrhage,2.469
P0610,keyword,6,Carotid endarterectomy,Carotid endarterectomy,2.242
P0610,keyword,7,Aneurysm,Aneurysm,2.165
P0610,keyword,8,Retrovirus,Retrovirus,1.857
P0610,keyword,9,Carotid stenting,Carotid stenting,1.696
P0610,keyword,10,Cervical radiculopathy,Cervical radiculopathy,1.648
P0610,keyword,11,Complication,Complication,1.634
P0610,keyword,12,Basal ganglia,Basal ganglia,1.582
P0610,technique,1,생물정보·계산생물,Bioinformatics,0.331
P0610,technique,2,차세대 시퀀싱(NGS),Next-generation Sequencing,0.325
P0600,keyword,1,Atrial fibrillation,Atrial fibrillation,8.148
P0600,keyword,2,Apixaban,Apixaban,5.29
P0600,keyword,3,Dabigatran,Dabigatran,5.088
P0600,keyword,4,Rivaroxaban,Rivaroxaban,4.701
P0600,keyword,5,Stroke,Stroke,4.277
P0600,keyword,6,Cardiology,Cardiology,3.587
P0600,keyword,7,Warfarin,Warfarin,3.192
P0600,keyword,8,Pyridones,Pyridones,2.318
P0600,keyword,9,Coronary Artery Disease,Coronary Artery Disease,2.219
P0600,keyword,10,Ischemic Stroke,Ischemic Stroke,2.012
P0600,keyword,11,Drug Utilization,Drug Utilization,1.982
P0600,keyword,12,Edoxaban,Edoxaban,1.817
P0600,technique,1,머신러닝·AI,Machine Learning / AI,0.267
P0266,keyword,1,Virus Internalization,Virus Internalization,13.242
P0266,keyword,2,Antiviral Agents,Antiviral Agents,12.299
P0266,keyword,3,Hong Kong,Hong Kong,11.72
P0266,keyword,4,Virus Replication,Virus Replication,11.686
P0266,keyword,5,Virology,Virology,11.471
P0266,keyword,6,Equartevirus,Equartevirus,10.707
P0266,keyword,7,Classical Swine Fever Virus,Classical Swine Fever Virus,10.392
P0266,keyword,8,Feline Infectious Peritonitis,Feline Infectious Peritonitis,10.334
P0266,keyword,9,Dengue Virus,Dengue Virus,10.256
P0266,keyword,10,Dengue,Dengue,9.623
P0266,keyword,11,Arterivirus Infections,Arterivirus Infections,8.858
P0266,keyword,12,SARS-CoV-2,SARS-CoV-2,8.343
P0266,technique,1,분자도킹·시뮬레이션,Molecular Docking / Dynamics,2.368
P0266,technique,2,qPCR,Real-time PCR,2.068
P0266,technique,3,유세포분석,Flow Cytometry,0.971
P0266,technique,4,GWAS·유전역학,GWAS / Genetic Epidemiology,0.945
P0266,technique,5,차세대 시퀀싱(NGS),Next-generation Sequencing,0.829
P0266,technique,6,생물정보·계산생물,Bioinformatics,0.69
P0716,keyword,1,Sirtuins,Sirtuins,21.481
P0716,keyword,2,p21-Activated Kinases,p21-Activated Kinases,15.105
P0716,keyword,3,Cannabidiol,Cannabidiol,11.429
P0716,keyword,4,Sirtuin,Sirtuin,9.891
P0716,keyword,5,Physical Endurance,Physical Endurance,9.802
P0716,keyword,6,"Physical Conditioning, Animal","Physical Conditioning, Animal",8.577
P0716,keyword,7,"Muscle, Skeletal","Muscle, Skeletal",8.401
P0716,keyword,8,SIRT6,SIRT6,8.356
P0716,keyword,9,Insulin Resistance,Insulin Resistance,7.542
P0716,keyword,10,Plumbaginaceae,Plumbaginaceae,6.192
P0716,keyword,11,Organelle Biogenesis,Organelle Biogenesis,6.09
P0716,keyword,12,Phosphorylation,Phosphorylation,5.738
P0716,technique,1,유전자변형 마우스,Genetically Modified Mice,5.754
P0716,technique,2,생물정보·계산생물,Bioinformatics,0.556
P0716,technique,3,웨스턴블롯,Western Blot,0.314
P0716,technique,4,나노입자·약물전달,Nanoparticles / Drug Delivery,0.161
P0029,keyword,1,"Leukemia, Myeloid, Acute","Leukemia, Myeloid, Acute",19.541
P0029,keyword,2,Myeloid leukemia,Myeloid leukemia,13.668
P0029,keyword,3,Hematopoietic Stem Cell Transplantation,Hematopoietic Stem Cell Transplantation,11.774
P0029,keyword,4,Leukemia,Leukemia,7.096
P0029,keyword,5,"Transplantation, Homologous","Transplantation, Homologous",5.583
P0029,keyword,6,Oncology,Oncology,5.583
P0029,keyword,7,Myeloid,Myeloid,5.374
P0029,keyword,8,Waldenstrom Macroglobulinemia,Waldenstrom Macroglobulinemia,5.341
P0029,keyword,9,Salvage therapy,Salvage therapy,5.269
P0029,keyword,10,"Drug Resistance, Neoplasm","Drug Resistance, Neoplasm",5.264
P0029,keyword,11,Myelodysplastic Syndromes,Myelodysplastic Syndromes,5.029
P0029,keyword,12,Induction chemotherapy,Induction chemotherapy,4.721
P0029,technique,1,CAR-T·입양세포치료,CAR-T / Adoptive Cell Therapy,4.802
P0029,technique,2,차세대 시퀀싱(NGS),Next-generation Sequencing,3.335
P0029,technique,3,생물정보·계산생물,Bioinformatics,2.411
P0029,technique,4,단일세포 분석,Single-cell Analysis,1.952
P0029,technique,5,RNA-seq·전사체,RNA-seq / Transcriptomics,1.718
P0029,technique,6,항체 개발,Antibody Engineering,1.221
P0029,technique,7,임상시험,Clinical Trials,0.777
P0029,technique,8,대사체·지질체,Metabolomics / Lipidomics,0.433
P0088,keyword,1,Neurodevelopmental Disorders,Neurodevelopmental Disorders,6.394
P0088,keyword,2,Mental Disorders,Mental Disorders,4.994
P0088,keyword,3,Neurodegenerative Diseases,Neurodegenerative Diseases,3.981
P0088,keyword,4,Probiotics,Probiotics,3.503
P0088,keyword,5,Correlative,Correlative,2.693
P0088,keyword,6,Battery (electricity),Battery (electricity),2.323
P0088,keyword,7,Auricle,Auricle,2.285
P0088,keyword,8,Ear Cartilage,Ear Cartilage,2.129
P0088,keyword,9,Intracranial pressure,Intracranial pressure,2.124
P0088,keyword,10,Intracranial Hypertension,Intracranial Hypertension,2.072
P0088,keyword,11,Gastrointestinal Microbiome,Gastrointestinal Microbiome,2.071
P0088,keyword,12,Point-of-Care Testing,Point-of-Care Testing,1.875
P0088,technique,1,머신러닝·AI,Machine Learning / AI,0.976
P0088,technique,2,MRI·PET 영상,MRI / PET Imaging,0.329
P0278,keyword,1,Enrofloxacin,Enrofloxacin,3.295
P0278,keyword,2,Amusement,Amusement,3.257
P0278,keyword,3,Aspartame,Aspartame,2.601
P0278,keyword,4,Artificial Sweetener,Artificial Sweetener,2.595
P0278,keyword,5,Sucralose,Sucralose,2.487
P0278,keyword,6,Maximum Residue Limit,Maximum Residue Limit,2.161
P0278,keyword,7,Microchip Analytical Procedures,Microchip Analytical Procedures,2.064
P0278,keyword,8,Food science,Food science,1.838
P0278,keyword,9,Drug Residues,Drug Residues,1.719
P0278,keyword,10,Putrefaction,Putrefaction,1.608
P0278,keyword,11,Food Contamination,Food Contamination,1.566
P0278,keyword,12,Detection limit,Detection limit,1.512
P0434,keyword,1,Echocardiography,Echocardiography,16.283
P0434,keyword,2,Cardiology,Cardiology,15.988
P0434,keyword,3,Ventricular Remodeling,Ventricular Remodeling,12.357
P0434,keyword,4,Chlorthalidone,Chlorthalidone,12.171
P0434,keyword,5,Mitral valve stenosis,Mitral valve stenosis,11.838
P0434,keyword,6,Blood pressure,Blood pressure,10.537
P0434,keyword,7,"Ventricular Dysfunction, Left","Ventricular Dysfunction, Left",9.653
P0434,keyword,8,"Ventricular Function, Left","Ventricular Function, Left",9.007
P0434,keyword,9,Valsartan,Valsartan,8.472
P0434,keyword,10,Heart Failure,Heart Failure,8.255
P0434,keyword,11,Diastole,Diastole,8.08
P0434,keyword,12,Heart Ventricles,Heart Ventricles,7.611
P0434,technique,1,예쁜꼬마선충,C. elegans,3.822
P0434,technique,2,임상시험,Clinical Trials,2.052
P0434,technique,3,MRI·PET 영상,MRI / PET Imaging,0.809
P0434,technique,4,머신러닝·AI,Machine Learning / AI,0.585
P0454,keyword,1,Epilepsy,Epilepsy,10.925
P0454,keyword,2,Restless Legs Syndrome,Restless Legs Syndrome,9.594
P0454,keyword,3,Anticonvulsants,Anticonvulsants,7.744
P0454,keyword,4,Electroencephalography,Electroencephalography,7.391
P0454,keyword,5,"Epilepsy, Temporal Lobe","Epilepsy, Temporal Lobe",5.805
P0454,keyword,6,Levetiracetam,Levetiracetam,4.984
P0454,keyword,7,Clustering Algorithms,Clustering Algorithms,4.365
P0454,keyword,8,Refractory period,Refractory period,4.208
P0454,keyword,9,Temporal Lobe,Temporal Lobe,3.837
P0454,keyword,10,Valproic Acid,Valproic Acid,3.209
P0454,keyword,11,Drug Resistant Epilepsy,Drug Resistant Epilepsy,3.142
P0454,keyword,12,Drug-Related Side Effects and Adverse Reactions,Drug-Related Side Effects and Adverse Reactions,2.802
P0454,technique,1,머신러닝·AI,Machine Learning / AI,1.487
P0454,technique,2,MRI·PET 영상,MRI / PET Imaging,0.568
P0765,keyword,1,TEA Domain Transcription Factors,TEA Domain Transcription Factors,7.038
P0765,keyword,2,Proto-Oncogene Protein c-ets-2,Proto-Oncogene Protein c-ets-2,6.855
P0765,keyword,3,Oncogene,Oncogene,6.572
P0765,keyword,4,Carcinogenesis,Carcinogenesis,6.557
P0765,keyword,5,Cancer research,Cancer research,6.061
P0765,keyword,6,Metastasis,Metastasis,5.508
P0765,keyword,7,Mammary tumor,Mammary tumor,5.149
P0765,keyword,8,Ubiquitin-Specific Proteases,Ubiquitin-Specific Proteases,4.825
P0765,keyword,9,Breast cancer,Breast cancer,4.779
P0765,keyword,10,MALAT1,MALAT1,4.676
P0765,keyword,11,Deubiquitinating enzyme,Deubiquitinating enzyme,4.405
P0765,keyword,12,Transcription Factors,Transcription Factors,4.288
P0765,technique,1,분자도킹·시뮬레이션,Molecular Docking / Dynamics,2.343
P0765,technique,2,생물정보·계산생물,Bioinformatics,1.813
P0765,technique,3,유전자변형 마우스,Genetically Modified Mice,1.382
P0765,technique,4,RNA-seq·전사체,RNA-seq / Transcriptomics,0.813
P0765,technique,5,RNA 치료제·siRNA,RNA Therapeutics,0.225
P0765,technique,6,웨스턴블롯,Western Blot,0.162
P0616,keyword,1,Imatinib,Imatinib,12.543
P0616,keyword,2,Myeloid leukemia,Myeloid leukemia,12.506
P0616,keyword,3,Imatinib Mesylate,Imatinib Mesylate,11.259
P0616,keyword,4,Nilotinib,Nilotinib,10.714
P0616,keyword,5,Discontinuation,Discontinuation,8.052
P0616,keyword,6,Dasatinib,Dasatinib,6.781
P0616,keyword,7,"Hospitals, Animal","Hospitals, Animal",5.56
P0616,keyword,8,"Portasystemic Shunt, Transjugular Intrahepatic","Portasystemic Shunt, Transjugular Intrahepatic",5.56
P0616,keyword,9,Tyrosine-kinase inhibitor,Tyrosine-kinase inhibitor,5.547
P0616,keyword,10,Oncology,Oncology,5.26
P0616,keyword,11,Laparoscopy,Laparoscopy,4.867
P0616,keyword,12,Intraperitoneal chemotherapy,Intraperitoneal chemotherapy,4.535
P0616,technique,1,임상시험,Clinical Trials,1.399
P0616,technique,2,차세대 시퀀싱(NGS),Next-generation Sequencing,0.126
P0616,technique,3,생물정보·계산생물,Bioinformatics,0.049
P0814,keyword,1,Allium,Allium,4.607
P0814,keyword,2,Onions,Onions,4.159
P0814,keyword,3,Pentatricopeptide repeat,Pentatricopeptide repeat,3.877
P0814,keyword,4,White,White,3.721
P0814,keyword,5,"Genes, Plant","Genes, Plant",3.461
P0814,keyword,6,Pigmentation,Pigmentation,3.136
P0814,keyword,7,Retroelements,Retroelements,3.027
P0814,keyword,8,Locus (genetics),Locus (genetics),2.987
P0814,keyword,9,Male fertility,Male fertility,2.748
P0814,keyword,10,High Resolution Melt,High Resolution Melt,2.638
P0814,keyword,11,Bulb,Bulb,2.628
P0814,keyword,12,Chromosome Mapping,Chromosome Mapping,2.495
P0800,keyword,1,Corynebacterium,Corynebacterium,1.389
P0800,keyword,2,DNA-Directed RNA Polymerases,DNA-Directed RNA Polymerases,0.817
P0800,keyword,3,Operon,Operon,0.553
P0800,keyword,4,RNA polymerase,RNA polymerase,0.409
P0800,keyword,5,Molecular Sequence Data,Molecular Sequence Data,0.327
P0800,keyword,6,Polymerase,Polymerase,0.266
P0800,keyword,7,"Cloning, Molecular","Cloning, Molecular",0.264
P0800,keyword,8,Chloramphenicol acetyltransferase,Chloramphenicol acetyltransferase,0.258
P0800,keyword,9,Sigma factor,Sigma factor,0.248
P0800,keyword,10,Escherichia coli,Escherichia coli,0.221
P0800,keyword,11,Protein subunit,Protein subunit,0.218
P0800,keyword,12,Recombinant Proteins,Recombinant Proteins,0.195
P0813,keyword,1,Pancreatic ductal adenocarcinoma,Pancreatic ductal adenocarcinoma,17.326
P0813,keyword,2,Biomarker,Biomarker,14.528
P0813,keyword,3,"Biomarkers, Tumor","Biomarkers, Tumor",13.62
P0813,keyword,4,Proteome,Proteome,13.456
P0813,keyword,5,Pancreatic cancer,Pancreatic cancer,13.127
P0813,keyword,6,"Depressive Disorder, Major","Depressive Disorder, Major",11.21
P0813,keyword,7,Bipolar Disorder,Bipolar Disorder,10.617
P0813,keyword,8,"Carcinoma, Hepatocellular","Carcinoma, Hepatocellular",10.52
P0813,keyword,9,Major Depressive Disorder,Major Depressive Disorder,10.361
P0813,keyword,10,Oncology,Oncology,9.191
P0813,keyword,11,alpha-Fetoproteins,alpha-Fetoproteins,8.883
P0813,keyword,12,Hepatocellular carcinoma,Hepatocellular carcinoma,8.821
P0813,technique,1,단백체,Proteomics,35.707
P0813,technique,2,질량분석,Mass Spectrometry,27.519
P0813,technique,3,생물정보·계산생물,Bioinformatics,7.8
P0813,technique,4,머신러닝·AI,Machine Learning / AI,2.585
P0813,technique,5,면역조직화학,Immunohistochemistry,1.51
P0813,technique,6,유전자변형 마우스,Genetically Modified Mice,1.354
P0813,technique,7,웨스턴블롯,Western Blot,1.117
P0813,technique,8,X선 결정학·구조분석,X-ray Crystallography,0.873
P0144,keyword,1,Delirium,Delirium,6.854
P0144,keyword,2,Cancer pain,Cancer pain,5.942
P0144,keyword,3,Central Nervous System Agents,Central Nervous System Agents,5.528
P0144,keyword,4,Organ Transplantation,Organ Transplantation,5.24
P0144,keyword,5,Morphine,Morphine,5.027
P0144,keyword,6,"Analgesia, Patient-Controlled","Analgesia, Patient-Controlled",4.793
P0144,keyword,7,Transplant Recipients,Transplant Recipients,4.718
P0144,keyword,8,Sodium-Glucose Transporter 2 Inhibitors,Sodium-Glucose Transporter 2 Inhibitors,4.561
P0144,keyword,9,ST Elevation Myocardial Infarction,ST Elevation Myocardial Infarction,4.046
P0144,keyword,10,Percutaneous coronary intervention,Percutaneous coronary intervention,3.626
P0144,keyword,11,"Analgesics, Opioid","Analgesics, Opioid",3.6
P0144,keyword,12,Pain management,Pain management,3.559
P0144,technique,1,임상시험,Clinical Trials,1.507
P0752,keyword,1,Blood Glucose Self-Monitoring,Blood Glucose Self-Monitoring,9.238
P0752,keyword,2,"Pancreas, Artificial","Pancreas, Artificial",5.56
P0752,keyword,3,Reinforcement learning,Reinforcement learning,5.41
P0752,keyword,4,"Diabetes Mellitus, Type 1","Diabetes Mellitus, Type 1",5.403
P0752,keyword,5,Interpretability,Interpretability,4.675
P0752,keyword,6,Continuous glucose monitoring,Continuous glucose monitoring,4.067
P0752,keyword,7,Blood Glucose,Blood Glucose,3.951
P0752,keyword,8,Personalization,Personalization,3.527
P0752,keyword,9,Insulin Infusion Systems,Insulin Infusion Systems,3.315
P0752,keyword,10,Spectrogram,Spectrogram,3.076
P0752,keyword,11,Reinforcement,Reinforcement,2.593
P0752,keyword,12,RGB color model,RGB color model,2.58
P0752,technique,1,머신러닝·AI,Machine Learning / AI,4.37
P0752,technique,2,분자도킹·시뮬레이션,Molecular Docking / Dynamics,0.825
P0497,keyword,1,Pyruvaldehyde,Pyruvaldehyde,17.446
P0497,keyword,2,Methylglyoxal,Methylglyoxal,12.957
P0497,keyword,3,Candida albicans,Candida albicans,10.346
P0497,keyword,4,Lactobacillus plantarum,Lactobacillus plantarum,9.222
P0497,keyword,5,Fungal Proteins,Fungal Proteins,8.862
P0497,keyword,6,Lactiplantibacillus plantarum,Lactiplantibacillus plantarum,7.757
P0497,keyword,7,Fructose-Bisphosphate Aldolase,Fructose-Bisphosphate Aldolase,7.756
P0497,keyword,8,Diketopiperazines,Diketopiperazines,7.292
P0497,keyword,9,Proline,Proline,7.015
P0497,keyword,10,Glyceraldehyde-3-Phosphate Dehydrogenases,Glyceraldehyde-3-Phosphate Dehydrogenases,6.923
P0497,keyword,11,"Peptides, Cyclic","Peptides, Cyclic",6.77
P0497,keyword,12,Hyphae,Hyphae,6.328
P0497,technique,1,X선 결정학·구조분석,X-ray Crystallography,1.466
P0533,keyword,1,Migraine,Migraine,21.156
P0533,keyword,2,Migraine Disorders,Migraine Disorders,20.357
P0533,keyword,3,Cluster headache,Cluster headache,15.706
P0533,keyword,4,Calcitonin Gene-Related Peptide,Calcitonin Gene-Related Peptide,12.53
P0533,keyword,5,Nimodipine,Nimodipine,11.073
P0533,keyword,6,Reversible cerebral vasoconstriction syndrome,Reversible cerebral vasoconstriction syndrome,10.245
P0533,keyword,7,Vasoconstriction,Vasoconstriction,9.125
P0533,keyword,8,"Vasospasm, Intracranial","Vasospasm, Intracranial",8.923
P0533,keyword,9,Chronic Migraine,Chronic Migraine,8.584
P0533,keyword,10,Calcitonin Gene-Related Peptide Receptor Antagonists,Calcitonin Gene-Related Peptide Receptor Antagonists,7.867
P0533,keyword,11,Transcranial Doppler,Transcranial Doppler,6.433
P0533,keyword,12,Prescription Drug Overuse,Prescription Drug Overuse,5.56
P0533,technique,1,MRI·PET 영상,MRI / PET Imaging,3.562
P0533,technique,2,항체 개발,Antibody Engineering,3.058
P0533,technique,3,임상시험,Clinical Trials,1.961
P0533,technique,4,머신러닝·AI,Machine Learning / AI,0.858
P0302,keyword,1,Rolling circle replication,Rolling circle replication,9.205
P0302,keyword,2,Biosensing Techniques,Biosensing Techniques,8.205
P0302,keyword,3,Nucleic Acid Amplification Techniques,Nucleic Acid Amplification Techniques,7.881
P0302,keyword,4,Sepharose,Sepharose,6.958
P0302,keyword,5,Throughput,Throughput,6.101
P0302,keyword,6,Multiplexing,Multiplexing,4.921
P0302,keyword,7,Nanotechnology,Nanotechnology,4.555
P0302,keyword,8,Blood Grouping and Crossmatching,Blood Grouping and Crossmatching,3.335
P0302,keyword,9,Biocompatible Materials,Biocompatible Materials,3.105
P0302,keyword,10,User Friendly,User Friendly,3.027
P0302,keyword,11,Digital polymerase chain reaction,Digital polymerase chain reaction,2.986
P0302,keyword,12,"DNA, Mitochondrial","DNA, Mitochondrial",2.874
P0302,technique,1,미세유체·장기칩,Microfluidics / Organ-on-a-chip,25.098
P0302,technique,2,엑소좀·세포외소포,Exosomes / EVs,10.505
P0302,technique,3,단일세포 분석,Single-cell Analysis,6.336
P0302,technique,4,RNA-seq·전사체,RNA-seq / Transcriptomics,1.371
P0302,technique,5,나노입자·약물전달,Nanoparticles / Drug Delivery,1.304
P0302,technique,6,종양 이종이식 모델,Xenograft Models,0.73
P0302,technique,7,머신러닝·AI,Machine Learning / AI,0.427
P0384,keyword,1,Helicobacter pylori,Helicobacter pylori,17.124
P0384,keyword,2,Capsule endoscopy,Capsule endoscopy,17.022
P0384,keyword,3,Helicobacter Infections,Helicobacter Infections,14.658
P0384,keyword,4,Gastroenterology,Gastroenterology,11.901
P0384,keyword,5,Palatine Tonsil,Palatine Tonsil,7.4
P0384,keyword,6,Colonoscopy,Colonoscopy,7.065
P0384,keyword,7,Endoscopy,Endoscopy,6.287
P0384,keyword,8,Antithrombotic,Antithrombotic,6.221
P0384,keyword,9,Colitis,Colitis,6.198
P0384,keyword,10,Inflammatory bowel disease,Inflammatory bowel disease,5.729
P0384,keyword,11,Mesenchymal Stem Cell Transplantation,Mesenchymal Stem Cell Transplantation,5.65
P0384,keyword,12,Follicular lymphoma,Follicular lymphoma,5.595
P0384,technique,1,전자현미경,Electron Microscopy,3.569
P0384,technique,2,줄기세포·iPSC,Stem Cells / iPSC,3.117
P0384,technique,3,임상시험,Clinical Trials,2.917
P0384,technique,4,MRI·PET 영상,MRI / PET Imaging,1.609
P0384,technique,5,면역조직화학,Immunohistochemistry,0.607
P0768,keyword,1,Thyroid Nodule,Thyroid Nodule,13.187
P0768,keyword,2,Ultrasonography,Ultrasonography,11.145
P0768,keyword,3,Thyroid,Thyroid,7.972
P0768,keyword,4,Thyroid Neoplasms,Thyroid Neoplasms,7.323
P0768,keyword,5,Thyroid nodules,Thyroid nodules,6.269
P0768,keyword,6,Thyroidectomy,Thyroidectomy,6.019
P0768,keyword,7,Radiology,Radiology,5.787
P0768,keyword,8,"Biopsy, Fine-Needle","Biopsy, Fine-Needle",5.662
P0768,keyword,9,"Carcinoma, Papillary","Carcinoma, Papillary",5.578
P0768,keyword,10,Thyroid Gland,Thyroid Gland,4.975
P0768,keyword,11,Vascularity,Vascularity,4.768
P0768,keyword,12,Duodenal Neoplasms,Duodenal Neoplasms,4.202
P0768,technique,1,면역조직화학,Immunohistochemistry,1.851
P0768,technique,2,MRI·PET 영상,MRI / PET Imaging,1.549
P0768,technique,3,생물정보·계산생물,Bioinformatics,0.867
P0768,technique,4,차세대 시퀀싱(NGS),Next-generation Sequencing,0.298
P0768,technique,5,머신러닝·AI,Machine Learning / AI,0.067
P0557,keyword,1,"Gene Expression Regulation, Plant","Gene Expression Regulation, Plant",19.474
P0557,keyword,2,Oryza,Oryza,11.738
P0557,keyword,3,"Plants, Genetically Modified","Plants, Genetically Modified",10.992
P0557,keyword,4,Plant Proteins,Plant Proteins,10.21
P0557,keyword,5,"Transcription Factors, General","Transcription Factors, General",9.829
P0557,keyword,6,"RNA, Long Noncoding","RNA, Long Noncoding",9.088
P0557,keyword,7,Mediator Complex,Mediator Complex,8.994
P0557,keyword,8,Droughts,Droughts,7.978
P0557,keyword,9,Bimolecular fluorescence complementation,Bimolecular fluorescence complementation,7.188
P0557,keyword,10,Abscisic Acid,Abscisic Acid,7.065
P0557,keyword,11,Mediator,Mediator,6.83
P0557,keyword,12,Basic-Leucine Zipper Transcription Factors,Basic-Leucine Zipper Transcription Factors,6.394
P0557,technique,1,애기장대·식물 모델,Arabidopsis,20.801
P0557,technique,2,차세대 시퀀싱(NGS),Next-generation Sequencing,1.468
P0557,technique,3,후성유전 분석,Epigenomics (ChIP/ATAC-seq),1.436
P0557,technique,4,RNA-seq·전사체,RNA-seq / Transcriptomics,1.156
P0557,technique,5,생물정보·계산생물,Bioinformatics,0.893
P0557,technique,6,CRISPR 유전자편집,CRISPR Gene Editing,0.625
P0240,keyword,1,Citrullus,Citrullus,12.37
P0240,keyword,2,Tobamovirus,Tobamovirus,9.885
P0240,keyword,3,Bulked segregant analysis,Bulked segregant analysis,6.409
P0240,keyword,4,Citrullus lanatus,Citrullus lanatus,6.4
P0240,keyword,5,Sterility,Sterility,5.753
P0240,keyword,6,Genetic marker,Genetic marker,5.606
P0240,keyword,7,Cucumber mosaic virus,Cucumber mosaic virus,5.484
P0240,keyword,8,Single-nucleotide polymorphism,Single-nucleotide polymorphism,4.496
P0240,keyword,9,Genetics,Genetics,4.402
P0240,keyword,10,Quantitative trait locus,Quantitative trait locus,4.237
P0240,keyword,11,Germplasm,Germplasm,3.843
P0240,keyword,12,Candidate gene,Candidate gene,3.59
P0240,technique,1,RNA-seq·전사체,RNA-seq / Transcriptomics,2.22
P0240,technique,2,생물정보·계산생물,Bioinformatics,0.787
P0240,technique,3,차세대 시퀀싱(NGS),Next-generation Sequencing,0.233
P0192,keyword,1,Agaricales,Agaricales,5.702
P0192,keyword,2,MDA-MB-231 Cells,MDA-MB-231 Cells,5.457
P0192,keyword,3,microRNA,microRNA,4.915
P0192,keyword,4,Macrophage,Macrophage,4.649
P0192,keyword,5,src-Family Kinases,src-Family Kinases,4.488
P0192,keyword,6,Steroids,Steroids,4.062
P0192,keyword,7,Cancer research,Cancer research,3.961
P0192,keyword,8,Spheroid,Spheroid,3.772
P0192,keyword,9,Cell biology,Cell biology,3.748
P0192,keyword,10,Tumor microenvironment,Tumor microenvironment,3.495
P0192,keyword,11,Antineoplastic Agents,Antineoplastic Agents,3.427
P0192,keyword,12,Granulocyte-Macrophage Colony-Stimulating Factor,Granulocyte-Macrophage Colony-Stimulating Factor,3.146
P0192,technique,1,하이드로젤·스캐폴드,Hydrogels / Scaffolds,4.432
P0192,technique,2,CRISPR 유전자편집,CRISPR Gene Editing,3.263
P0192,technique,3,조직공학·바이오프린팅,Tissue Engineering / Bioprinting,1.881
P0192,technique,4,엑소좀·세포외소포,Exosomes / EVs,1.706
P0192,technique,5,생물정보·계산생물,Bioinformatics,0.869
P0192,technique,6,RNA 치료제·siRNA,RNA Therapeutics,0.529
P0192,technique,7,줄기세포·iPSC,Stem Cells / iPSC,0.48
P0192,technique,8,웨스턴블롯,Western Blot,0.447
P0166,keyword,1,Perovskite (structure),Perovskite (structure),21.086
P0166,keyword,2,Halide,Halide,10.076
P0166,keyword,3,Photocatalysis,Photocatalysis,7.201
P0166,keyword,4,Optoelectronics,Optoelectronics,7.145
P0166,keyword,5,Chemical engineering,Chemical engineering,6.681
P0166,keyword,6,Water splitting,Water splitting,5.979
P0166,keyword,7,Photocurrent,Photocurrent,5.134
P0166,keyword,8,Photovoltaic system,Photovoltaic system,5.008
P0166,keyword,9,Energy conversion efficiency,Energy conversion efficiency,4.737
P0166,keyword,10,Nanotechnology,Nanotechnology,4.648
P0166,keyword,11,Coal Ash,Coal Ash,4.594
P0166,keyword,12,Photovoltaics,Photovoltaics,4.307
P0166,technique,1,X선 결정학·구조분석,X-ray Crystallography,2.513
P0166,technique,2,나노입자·약물전달,Nanoparticles / Drug Delivery,1.633
P0166,technique,3,전자현미경,Electron Microscopy,0.304
P0504,keyword,1,Cadaver,Cadaver,12.498
P0504,keyword,2,Plastination,Plastination,5.862
P0504,keyword,3,Dermal Fillers,Dermal Fillers,5.057
P0504,keyword,4,Ophthalmic artery,Ophthalmic artery,5.057
P0504,keyword,5,"Surgery, Oral","Surgery, Oral",4.914
P0504,keyword,6,Anatomy,Anatomy,4.413
P0504,keyword,7,Orbit,Orbit,4.048
P0504,keyword,8,"Models, Anatomic","Models, Anatomic",3.994
P0504,keyword,9,Dissection,Dissection,3.742
P0504,keyword,10,Nose,Nose,3.722
P0504,keyword,11,Augmented Reality,Augmented Reality,3.714
P0504,keyword,12,Cosmetic Techniques,Cosmetic Techniques,3.547
P0504,technique,1,줄기세포·iPSC,Stem Cells / iPSC,0.187
P0455,keyword,1,Limb Salvage,Limb Salvage,7.152
P0455,keyword,2,Urinary Diversion,Urinary Diversion,5.495
P0455,keyword,3,Osteosarcoma,Osteosarcoma,5.476
P0455,keyword,4,Blood transfusion,Blood transfusion,4.669
P0455,keyword,5,Bone Neoplasms,Bone Neoplasms,4.488
P0455,keyword,6,"Blood Loss, Surgical","Blood Loss, Surgical",3.742
P0455,keyword,7,Valgus,Valgus,3.581
P0455,keyword,8,Urinary Bladder Neoplasms,Urinary Bladder Neoplasms,3.419
P0455,keyword,9,Ankle,Ankle,3.229
P0455,keyword,10,Diabetic Foot,Diabetic Foot,3.038
P0455,keyword,11,"Anastomosis, Surgical","Anastomosis, Surgical",2.926
P0455,keyword,12,Cystectomy,Cystectomy,2.807
P0455,technique,1,MRI·PET 영상,MRI / PET Imaging,0.392
P0157,keyword,1,Deubiquitinating Enzymes,Deubiquitinating Enzymes,13.099
P0157,keyword,2,Deubiquitinating enzyme,Deubiquitinating enzyme,12.887
P0157,keyword,3,Ubiquitination,Ubiquitination,9.431
P0157,keyword,4,Embryonic stem cell,Embryonic stem cell,7.599
P0157,keyword,5,Ubiquitin,Ubiquitin,7.479
P0157,keyword,6,Ubiquitin-Specific Proteases,Ubiquitin-Specific Proteases,7.115
P0157,keyword,7,Osimertinib,Osimertinib,6.322
P0157,keyword,8,AXL receptor tyrosine kinase,AXL receptor tyrosine kinase,6.266
P0157,keyword,9,Protein Kinase Inhibitors,Protein Kinase Inhibitors,6.177
P0157,keyword,10,Cell biology,Cell biology,5.548
P0157,keyword,11,Cell Differentiation,Cell Differentiation,4.438
P0157,keyword,12,Stem cell,Stem cell,4.292
P0157,technique,1,줄기세포·iPSC,Stem Cells / iPSC,10.049
P0157,technique,2,CRISPR 유전자편집,CRISPR Gene Editing,9.411
P0157,technique,3,종양 이종이식 모델,Xenograft Models,4.109
P0157,technique,4,단일세포 분석,Single-cell Analysis,2.766
P0157,technique,5,오가노이드,Organoids,1.625
P0157,technique,6,RNA-seq·전사체,RNA-seq / Transcriptomics,1.228
P0157,technique,7,생물정보·계산생물,Bioinformatics,1.052
P0157,technique,8,유세포분석,Flow Cytometry,0.648
P0311,keyword,1,Bessel function,Bessel function,140.61
P0311,keyword,2,Inverse scattering problem,Inverse scattering problem,45.462
P0311,keyword,3,Inverse problem,Inverse problem,44.628
P0311,keyword,4,Scattering,Scattering,34.857
P0311,keyword,5,Subspace topology,Subspace topology,28.366
P0311,keyword,6,Mathematical analysis,Mathematical analysis,27.803
P0311,keyword,7,Sampling (signal processing),Sampling (signal processing),27.415
P0311,keyword,8,Microwave imaging,Microwave imaging,26.76
P0311,keyword,9,Algorithm,Algorithm,26.142
P0311,keyword,10,Orthogonality,Orthogonality,25.819
P0311,keyword,11,Inverse,Inverse,25.129
P0311,keyword,12,Multiple signal classification,Multiple signal classification,19.833
P0311,technique,1,머신러닝·AI,Machine Learning / AI,4.376
P0660,keyword,1,Interactivity,Interactivity,3.726
P0660,keyword,2,Risk perception,Risk perception,3.231
P0660,keyword,3,Social Media,Social Media,3.124
P0660,keyword,4,Social dynamics,Social dynamics,2.523
P0660,keyword,5,Dynamics (music),Dynamics (music),2.425
P0660,keyword,6,Newspaper,Newspaper,2.2
P0660,keyword,7,The Internet,The Internet,1.752
P0660,keyword,8,Altruism (biology),Altruism (biology),1.668
P0660,keyword,9,Mass Media,Mass Media,1.516
P0660,keyword,10,Social constructionism,Social constructionism,1.366
P0660,keyword,11,Elevator,Elevator,1.332
P0660,keyword,12,Perception,Perception,1.328
P0660,technique,1,머신러닝·AI,Machine Learning / AI,0.107
P0060,keyword,1,Autophagy,Autophagy,40.316
P0060,keyword,2,Degron,Degron,32.206
P0060,keyword,3,Proteolysis,Proteolysis,29.602
P0060,keyword,4,Sequestosome-1 Protein,Sequestosome-1 Protein,22.848
P0060,keyword,5,Proteasome Endopeptidase Complex,Proteasome Endopeptidase Complex,21.453
P0060,keyword,6,Ubiquitin,Ubiquitin,20.824
P0060,keyword,7,Macroautophagy,Macroautophagy,18.668
P0060,keyword,8,Sequestosome 1,Sequestosome 1,17.55
P0060,keyword,9,Endoplasmic Reticulum Chaperone BiP,Endoplasmic Reticulum Chaperone BiP,16.597
P0060,keyword,10,Arginine,Arginine,14.748
P0060,keyword,11,Degrons,Degrons,14.155
P0060,keyword,12,Lysosomes,Lysosomes,13.532
P0060,technique,1,유전자변형 마우스,Genetically Modified Mice,5.162
P0060,technique,2,종양 이종이식 모델,Xenograft Models,2.866
P0060,technique,3,생물정보·계산생물,Bioinformatics,1.997
P0060,technique,4,항체 개발,Antibody Engineering,1.478
P0060,technique,5,줄기세포·iPSC,Stem Cells / iPSC,1.301
P0060,technique,6,형광·공초점 이미징,Fluorescence / Confocal Imaging,1.077
P0060,technique,7,제브라피시,Zebrafish,1.06
P0060,technique,8,웨스턴블롯,Western Blot,0.759
P0135,keyword,1,Osteoarthritis,Osteoarthritis,34.756
P0135,keyword,2,Chondrocytes,Chondrocytes,22.148
P0135,keyword,3,Cartilage,Cartilage,16.53
P0135,keyword,4,"Cartilage, Articular","Cartilage, Articular",14.701
P0135,keyword,5,Bromodomain Containing Proteins,Bromodomain Containing Proteins,12.719
P0135,keyword,6,MMP3,MMP3,7.98
P0135,keyword,7,Ferrocyanides,Ferrocyanides,7.836
P0135,keyword,8,Transcription Factors,Transcription Factors,7.603
P0135,keyword,9,Ocimum basilicum,Ocimum basilicum,6.95
P0135,keyword,10,Prussian blue,Prussian blue,6.154
P0135,keyword,11,GATA4 Transcription Factor,GATA4 Transcription Factor,5.991
P0135,keyword,12,Tagetes,Tagetes,5.788
P0135,technique,1,유전자변형 마우스,Genetically Modified Mice,3.661
P0135,technique,2,나노입자·약물전달,Nanoparticles / Drug Delivery,1.718
P0135,technique,3,RNA-seq·전사체,RNA-seq / Transcriptomics,1.311
P0135,technique,4,웨스턴블롯,Western Blot,0.555
P0135,technique,5,qPCR,Real-time PCR,0.487
P0135,technique,6,유세포분석,Flow Cytometry,0.412
P0135,technique,7,면역조직화학,Immunohistochemistry,0.359
P0135,technique,8,생물정보·계산생물,Bioinformatics,0.325
P0536,keyword,1,"Gene Expression Regulation, Neoplastic","Gene Expression Regulation, Neoplastic",7.635
P0536,keyword,2,"Epigenesis, Genetic","Epigenesis, Genetic",7.461
P0536,keyword,3,Byte,Byte,7.43
P0536,keyword,4,Gene,Gene,7.297
P0536,keyword,5,DNA Methylation,DNA Methylation,6.733
P0536,keyword,6,STAT5 Transcription Factor,STAT5 Transcription Factor,6.195
P0536,keyword,7,Feature selection,Feature selection,6.012
P0536,keyword,8,Dashboard Systems,Dashboard Systems,5.861
P0536,keyword,9,Epigenomics,Epigenomics,5.817
P0536,keyword,10,"Mammary Glands, Animal","Mammary Glands, Animal",5.736
P0536,keyword,11,Epigenetics,Epigenetics,5.53
P0536,keyword,12,Lopinavir,Lopinavir,5.512
P0536,technique,1,RNA-seq·전사체,RNA-seq / Transcriptomics,15.528
P0536,technique,2,생물정보·계산생물,Bioinformatics,7.277
P0536,technique,3,후성유전 분석,Epigenomics (ChIP/ATAC-seq),5.95
P0536,technique,4,차세대 시퀀싱(NGS),Next-generation Sequencing,5.784
P0536,technique,5,머신러닝·AI,Machine Learning / AI,3.034
P0536,technique,6,GWAS·유전역학,GWAS / Genetic Epidemiology,1.897
P0536,technique,7,유전자변형 마우스,Genetically Modified Mice,1.871
P0536,technique,8,단백체,Proteomics,1.453
P0187,keyword,1,Agaricales,Agaricales,14.909
P0187,keyword,2,Lichen,Lichen,11.821
P0187,keyword,3,Mushroom,Mushroom,8.792
P0187,keyword,4,Lanostane,Lanostane,7.559
P0187,keyword,5,"Fruiting Bodies, Fungal","Fruiting Bodies, Fungal",6.778
P0187,keyword,6,Molecular Structure,Molecular Structure,5.35
P0187,keyword,7,Food Handling,Food Handling,5.279
P0187,keyword,8,Stereochemistry,Stereochemistry,4.943
P0187,keyword,9,Poisons,Poisons,4.925
P0187,keyword,10,Triterpenes,Triterpenes,4.751
P0187,keyword,11,Anti-Inflammatory Agents,Anti-Inflammatory Agents,4.476
P0187,keyword,12,Mushroom Poisoning,Mushroom Poisoning,4.413
P0187,technique,1,분자도킹·시뮬레이션,Molecular Docking / Dynamics,2.142
P0187,technique,2,질량분석,Mass Spectrometry,1.049
P0033,keyword,1,YAP-Signaling Proteins,YAP-Signaling Proteins,14.339
P0033,keyword,2,Transcriptional Coactivator with PDZ-Binding Motif Proteins,Transcriptional Coactivator with PDZ-Binding Motif Proteins,12.841
P0033,keyword,3,"Adaptor Proteins, Signal Transducing","Adaptor Proteins, Signal Transducing",8.819
P0033,keyword,4,Hippo Signaling Pathway,Hippo Signaling Pathway,7.993
P0033,keyword,5,Hepatic stellate cell,Hepatic stellate cell,7.41
P0033,keyword,6,Liver,Liver,7.327
P0033,keyword,7,Fatty Liver,Fatty Liver,7.243
P0033,keyword,8,Hepatocyte,Hepatocyte,6.579
P0033,keyword,9,Liver Cirrhosis,Liver Cirrhosis,5.874
P0033,keyword,10,Hepatocytes,Hepatocytes,5.8
P0033,keyword,11,Mitogens,Mitogens,5.675
P0033,keyword,12,Signal transduction,Signal transduction,5.654
P0033,technique,1,유전자변형 마우스,Genetically Modified Mice,1.007
P0033,technique,2,생물정보·계산생물,Bioinformatics,0.494
P0033,technique,3,RNA 치료제·siRNA,RNA Therapeutics,0.409
P0033,technique,4,질량분석,Mass Spectrometry,0.373
P0033,technique,5,나노입자·약물전달,Nanoparticles / Drug Delivery,0.026
P0677,keyword,1,RHOA,RHOA,41.782
P0677,keyword,2,Vulnerability (computing),Vulnerability (computing),40.532
P0677,keyword,3,Lung cancer,Lung cancer,24.026
P0677,keyword,4,Fibroblast growth factor receptor 1,Fibroblast growth factor receptor 1,21.128
P0677,keyword,5,Carcinogenesis,Carcinogenesis,20.422
P0677,keyword,6,Cancer research,Cancer research,18.075
P0677,keyword,7,Small Cell Lung Carcinoma,Small Cell Lung Carcinoma,15.458
P0677,keyword,8,Cell,Cell,9.23
P0677,keyword,9,Cancer,Cancer,8.954
P0677,keyword,10,Cell growth,Cell growth,8.207
P0677,keyword,11,Signal transduction,Signal transduction,7.583
P0677,keyword,12,Cell biology,Cell biology,7.217
P0677,technique,1,생물정보·계산생물,Bioinformatics,4.316
P0677,technique,2,면역조직화학,Immunohistochemistry,2.358
P0677,technique,3,RNA-seq·전사체,RNA-seq / Transcriptomics,1.626
P0677,technique,4,CRISPR 유전자편집,CRISPR Gene Editing,1.159
P0677,technique,5,유전자변형 마우스,Genetically Modified Mice,0.972
P0677,technique,6,제브라피시,Zebrafish,0.932
P0677,technique,7,후성유전 분석,Epigenomics (ChIP/ATAC-seq),0.876
P0677,technique,8,유세포분석,Flow Cytometry,0.592
P0220,keyword,1,Twist-Related Protein 1,Twist-Related Protein 1,20.264
P0220,keyword,2,"Carcinoma, Hepatocellular","Carcinoma, Hepatocellular",13.287
P0220,keyword,3,Emetine,Emetine,13.173
P0220,keyword,4,Liver Neoplasms,Liver Neoplasms,13.141
P0220,keyword,5,Dual-specificity phosphatase,Dual-specificity phosphatase,11.677
P0220,keyword,6,NF-kappa B,NF-kappa B,11.624
P0220,keyword,7,Epithelial-Mesenchymal Transition,Epithelial-Mesenchymal Transition,11.085
P0220,keyword,8,RAW 264.7 Cells,RAW 264.7 Cells,10.562
P0220,keyword,9,Anti-Inflammatory Agents,Anti-Inflammatory Agents,10.289
P0220,keyword,10,Methanol,Methanol,10.148
P0220,keyword,11,Macrophages,Macrophages,10.019
P0220,keyword,12,Phosphorylation,Phosphorylation,9.361
P0220,technique,1,단백체,Proteomics,0.811
P0220,technique,2,생물정보·계산생물,Bioinformatics,0.766
P0220,technique,3,웨스턴블롯,Western Blot,0.65
P0220,technique,4,RNA 치료제·siRNA,RNA Therapeutics,0.439
P0220,technique,5,대사체·지질체,Metabolomics / Lipidomics,0.317
P0220,technique,6,질량분석,Mass Spectrometry,0.264
P0220,technique,7,초파리,Drosophila,0.2
P0220,technique,8,유세포분석,Flow Cytometry,0.154
P0153,keyword,1,Amyotrophic Lateral Sclerosis,Amyotrophic Lateral Sclerosis,30.599
P0153,keyword,2,Paraproteinemias,Paraproteinemias,7.292
P0153,keyword,3,Dystonic Disorders,Dystonic Disorders,4.093
P0153,keyword,4,Dystonia,Dystonia,3.574
P0153,keyword,5,Mesenchymal Stem Cell Transplantation,Mesenchymal Stem Cell Transplantation,3.531
P0153,keyword,6,Monoclonal Gammopathy of Undetermined Significance,Monoclonal Gammopathy of Undetermined Significance,3.12
P0153,keyword,7,Sodium-Potassium-Exchanging ATPase,Sodium-Potassium-Exchanging ATPase,3.062
P0153,keyword,8,Monoclonal gammopathy,Monoclonal gammopathy,3.009
P0153,keyword,9,Polyradiculoneuropathy,Polyradiculoneuropathy,2.935
P0153,keyword,10,Parkinsonian Disorders,Parkinsonian Disorders,2.806
P0153,keyword,11,Stress granule,Stress granule,2.71
P0153,keyword,12,Mutation,Mutation,2.649
P0153,technique,1,줄기세포·iPSC,Stem Cells / iPSC,2.905
P0153,technique,2,제브라피시,Zebrafish,1.604
P0153,technique,3,MRI·PET 영상,MRI / PET Imaging,1.273
P0153,technique,4,칼슘 이미징,Calcium Imaging,1.064
P0153,technique,5,분자도킹·시뮬레이션,Molecular Docking / Dynamics,1.03
P0153,technique,6,임상시험,Clinical Trials,0.703
P0153,technique,7,차세대 시퀀싱(NGS),Next-generation Sequencing,0.478
P0153,technique,8,생물정보·계산생물,Bioinformatics,0.138
P0356,keyword,1,Splenectomy,Splenectomy,7.813
P0356,keyword,2,Splenic Diseases,Splenic Diseases,6.553
P0356,keyword,3,Pancreaticoduodenectomy,Pancreaticoduodenectomy,6.388
P0356,keyword,4,Laparoscopy,Laparoscopy,5.647
P0356,keyword,5,Robotic Surgical Procedures,Robotic Surgical Procedures,5.375
P0356,keyword,6,Cholecystectomy,Cholecystectomy,4.895
P0356,keyword,7,Laparoscopic cholecystectomy,Laparoscopic cholecystectomy,4.657
P0356,keyword,8,Operative Time,Operative Time,3.888
P0356,keyword,9,"Blood Loss, Surgical","Blood Loss, Surgical",3.742
P0356,keyword,10,Common bile duct,Common bile duct,3.523
P0356,keyword,11,Da Vinci Surgical System,Da Vinci Surgical System,2.958
P0356,keyword,12,Pancreatic fistula,Pancreatic fistula,2.755
P0356,technique,1,면역조직화학,Immunohistochemistry,0.214
P0632,keyword,1,Cardiopulmonary Resuscitation,Cardiopulmonary Resuscitation,4.975
P0632,keyword,2,Extracorporeal cardiopulmonary resuscitation,Extracorporeal cardiopulmonary resuscitation,4.495
P0632,keyword,3,Product liability,Product liability,3.496
P0632,keyword,4,Intensive Care Units,Intensive Care Units,3.22
P0632,keyword,5,Resuscitation,Resuscitation,2.447
P0632,keyword,6,Product certification,Product certification,2.352
P0632,keyword,7,"Catheterization, Peripheral","Catheterization, Peripheral",2.335
P0632,keyword,8,Automotive industry,Automotive industry,2.16
P0632,keyword,9,Central Venous Catheters,Central Venous Catheters,2.089
P0632,keyword,10,Intensive care unit,Intensive care unit,2.05
P0632,keyword,11,Automotive electronics,Automotive electronics,1.881
P0632,keyword,12,Central line,Central line,1.853
P0231,keyword,1,Food Contamination,Food Contamination,53.879
P0231,keyword,2,Aflatoxin,Aflatoxin,47.456
P0231,keyword,3,Mycotoxin,Mycotoxin,46.094
P0231,keyword,4,Mycotoxins,Mycotoxins,41.739
P0231,keyword,5,Aflatoxins,Aflatoxins,32.662
P0231,keyword,6,Aspergillus flavus,Aspergillus flavus,28.305
P0231,keyword,7,Zearalenone,Zearalenone,24.397
P0231,keyword,8,Trichothecenes,Trichothecenes,22.664
P0231,keyword,9,Food science,Food science,15.443
P0231,keyword,10,Dietary Exposure,Dietary Exposure,15.394
P0231,keyword,11,Solid phase extraction,Solid phase extraction,14.594
P0231,keyword,12,Edible Grain,Edible Grain,13.59
P0231,technique,1,질량분석,Mass Spectrometry,13.075
P0231,technique,2,RNA-seq·전사체,RNA-seq / Transcriptomics,1.539
P0231,technique,3,생물정보·계산생물,Bioinformatics,1.152
P0231,technique,4,나노입자·약물전달,Nanoparticles / Drug Delivery,1.148
P0231,technique,5,ELISA,ELISA,0.772
P0231,technique,6,머신러닝·AI,Machine Learning / AI,0.739
P0231,technique,7,항체 개발,Antibody Engineering,0.465
P0231,technique,8,차세대 시퀀싱(NGS),Next-generation Sequencing,0.243
P0414,keyword,1,Breast cancer,Breast cancer,16.306
P0414,keyword,2,Breast Neoplasms,Breast Neoplasms,15.971
P0414,keyword,3,"Mastectomy, Segmental","Mastectomy, Segmental",7.544
P0414,keyword,4,Cancer,Cancer,7.48
P0414,keyword,5,Oncology,Oncology,6.712
P0414,keyword,6,Mastectomy,Mastectomy,6.421
P0414,keyword,7,Estrogen,Estrogen,5.329
P0414,keyword,8,Estrogens,Estrogens,4.925
P0414,keyword,9,Phenolsulfonphthalein,Phenolsulfonphthalein,4.633
P0414,keyword,10,Tamoxifen,Tamoxifen,4.612
P0414,keyword,11,Estrogen receptor,Estrogen receptor,4.446
P0414,keyword,12,Aromatase Inhibitors,Aromatase Inhibitors,4.144
P0414,technique,1,MRI·PET 영상,MRI / PET Imaging,2.058
P0414,technique,2,임상시험,Clinical Trials,1.236
P0414,technique,3,차세대 시퀀싱(NGS),Next-generation Sequencing,1.232
P0414,technique,4,면역조직화학,Immunohistochemistry,0.764
P0414,technique,5,엑소좀·세포외소포,Exosomes / EVs,0.585
P0414,technique,6,생물정보·계산생물,Bioinformatics,0.555
P0527,keyword,1,Non-alcoholic Fatty Liver Disease,Non-alcoholic Fatty Liver Disease,31.231
P0527,keyword,2,Fatty Liver,Fatty Liver,24.811
P0527,keyword,3,Hazard ratio,Hazard ratio,19.24
P0527,keyword,4,Cardiovascular Diseases,Cardiovascular Diseases,16.093
P0527,keyword,5,Insulin Resistance,Insulin Resistance,15.627
P0527,keyword,6,Confidence interval,Confidence interval,14.403
P0527,keyword,7,Proportional hazards model,Proportional hazards model,13.72
P0527,keyword,8,Cause of Death,Cause of Death,12.772
P0527,keyword,9,Sarcopenia,Sarcopenia,12.222
P0527,keyword,10,Body mass index,Body mass index,11.842
P0527,keyword,11,Triglycerides,Triglycerides,10.997
P0527,keyword,12,Intellectual Disability,Intellectual Disability,10.818
P0527,technique,1,GWAS·유전역학,GWAS / Genetic Epidemiology,2.049
P0527,technique,2,MRI·PET 영상,MRI / PET Imaging,0.279
P0527,technique,3,웨스턴블롯,Western Blot,0.153
P0527,technique,4,머신러닝·AI,Machine Learning / AI,0.078
P0527,technique,5,면역조직화학,Immunohistochemistry,0.066
P0498,keyword,1,Melanins,Melanins,15.568
P0498,keyword,2,Melanocytes,Melanocytes,15.242
P0498,keyword,3,Microphthalmia-Associated Transcription Factor,Microphthalmia-Associated Transcription Factor,12.184
P0498,keyword,4,Monophenol Monooxygenase,Monophenol Monooxygenase,10.25
P0498,keyword,5,Melanin,Melanin,10.139
P0498,keyword,6,Tyrosinase,Tyrosinase,10.131
P0498,keyword,7,Skin,Skin,9.283
P0498,keyword,8,HaCaT,HaCaT,8.489
P0498,keyword,9,Medicago sativa,Medicago sativa,8.213
P0498,keyword,10,Cyclohexylamines,Cyclohexylamines,7.423
P0498,keyword,11,Keratinocytes,Keratinocytes,6.585
P0498,keyword,12,Human skin,Human skin,6.412
P0498,technique,1,웨스턴블롯,Western Blot,3.145
P0498,technique,2,ELISA,ELISA,0.857
P0498,technique,3,RNA 치료제·siRNA,RNA Therapeutics,0.736
P0498,technique,4,질량분석,Mass Spectrometry,0.098
P0200,keyword,1,Cross-Over Studies,Cross-Over Studies,23.718
P0200,keyword,2,Bioequivalence,Bioequivalence,23.423
P0200,keyword,3,Healthy Volunteers,Healthy Volunteers,21.763
P0200,keyword,4,Pharmacokinetics,Pharmacokinetics,20.314
P0200,keyword,5,Crossover study,Crossover study,16.725
P0200,keyword,6,Area Under Curve,Area Under Curve,14.47
P0200,keyword,7,Therapeutic Equivalency,Therapeutic Equivalency,14.112
P0200,keyword,8,Cmax,Cmax,11.825
P0200,keyword,9,"Drugs, Chinese Herbal","Drugs, Chinese Herbal",9.749
P0200,keyword,10,Hypoglycemic Agents,Hypoglycemic Agents,9.653
P0200,keyword,11,Sulfonylurea Compounds,Sulfonylurea Compounds,7.473
P0200,keyword,12,Pharmacology,Pharmacology,7.274
P0200,technique,1,질량분석,Mass Spectrometry,10.042
P0200,technique,2,임상시험,Clinical Trials,3.923
P0200,technique,3,면역조직화학,Immunohistochemistry,1.367
P0200,technique,4,웨스턴블롯,Western Blot,0.747
P0200,technique,5,머신러닝·AI,Machine Learning / AI,0.688
P0200,technique,6,MRI·PET 영상,MRI / PET Imaging,0.645
P0200,technique,7,생물정보·계산생물,Bioinformatics,0.514
P0200,technique,8,GWAS·유전역학,GWAS / Genetic Epidemiology,0.292
P0099,keyword,1,Persons with Disabilities,Persons with Disabilities,52.582
P0099,keyword,2,Health Expenditures,Health Expenditures,36.828
P0099,keyword,3,Disabled Persons,Disabled Persons,31.932
P0099,keyword,4,Hospitalization,Hospitalization,19.57
P0099,keyword,5,Vision Disorders,Vision Disorders,19.518
P0099,keyword,6,Salaries and Fringe Benefits,Salaries and Fringe Benefits,18.29
P0099,keyword,7,Health Services Accessibility,Health Services Accessibility,18.083
P0099,keyword,8,Income,Income,17.936
P0099,keyword,9,Suicide,Suicide,15.863
P0099,keyword,10,Employment,Employment,15.615
P0099,keyword,11,Drug Costs,Drug Costs,14.576
P0099,keyword,12,Body mass index,Body mass index,14.228
P0099,technique,1,임상시험,Clinical Trials,3.377
P0099,technique,2,생물정보·계산생물,Bioinformatics,0.122
P0678,keyword,1,Biochar,Biochar,9.413
P0678,keyword,2,Husk,Husk,8.167
P0678,keyword,3,Meta-Analysis as Topic,Meta-Analysis as Topic,7.816
P0678,keyword,4,False positive paradox,False positive paradox,3.891
P0678,keyword,5,Software,Software,3.804
P0678,keyword,6,Exponential growth,Exponential growth,3.1
P0678,keyword,7,Ligilactobacillus salivarius,Ligilactobacillus salivarius,3.087
P0678,keyword,8,Lactobacillus salivarius,Lactobacillus salivarius,3.063
P0678,keyword,9,Oryza,Oryza,3.033
P0678,keyword,10,"Genome, Bacterial","Genome, Bacterial",2.983
P0678,keyword,11,False positives and false negatives,False positives and false negatives,2.973
P0678,keyword,12,Pyrolysis,Pyrolysis,2.859
P0678,technique,1,조직공학·바이오프린팅,Tissue Engineering / Bioprinting,3.496
P0678,technique,2,하이드로젤·스캐폴드,Hydrogels / Scaffolds,3.194
P0678,technique,3,RNA-seq·전사체,RNA-seq / Transcriptomics,3.13
P0678,technique,4,생물정보·계산생물,Bioinformatics,2.794
P0678,technique,5,분자도킹·시뮬레이션,Molecular Docking / Dynamics,1.057
P0678,technique,6,차세대 시퀀싱(NGS),Next-generation Sequencing,0.648
P0678,technique,7,항체 개발,Antibody Engineering,0.131
P0678,technique,8,머신러닝·AI,Machine Learning / AI,0.055
P0541,keyword,1,Periodontal Diseases,Periodontal Diseases,5.115
P0541,keyword,2,Prostatic acid phosphatase,Prostatic acid phosphatase,4.232
P0541,keyword,3,Systematic evolution of ligands by exponential enrichment,Systematic evolution of ligands by exponential enrichment,3.994
P0541,keyword,4,Aptamer,Aptamer,3.889
P0541,keyword,5,Periodontitis,Periodontitis,2.913
P0541,keyword,6,Gingivitis,Gingivitis,2.525
P0541,keyword,7,Mesenchymal Stem Cell Transplantation,Mesenchymal Stem Cell Transplantation,1.995
P0541,keyword,8,Regeneration,Regeneration,1.895
P0541,keyword,9,Prostate cancer,Prostate cancer,1.627
P0541,keyword,10,Periodontal fiber,Periodontal fiber,1.627
P0541,keyword,11,Dental alveolus,Dental alveolus,1.555
P0541,keyword,12,SELEX Aptamer Technique,SELEX Aptamer Technique,1.196
P0541,technique,1,줄기세포·iPSC,Stem Cells / iPSC,2.344
P0541,technique,2,생물정보·계산생물,Bioinformatics,0.635
P0541,technique,3,나노입자·약물전달,Nanoparticles / Drug Delivery,0.405
P0541,technique,4,ELISA,ELISA,0.127
P0541,technique,5,MRI·PET 영상,MRI / PET Imaging,0.12
P0541,technique,6,면역조직화학,Immunohistochemistry,0.087
P0648,keyword,1,Liquid metal,Liquid metal,18.063
P0648,keyword,2,Gallium,Gallium,13.484
P0648,keyword,3,Microfiber,Microfiber,9.259
P0648,keyword,4,Electrolyte,Electrolyte,6.626
P0648,keyword,5,Composite number,Composite number,6.502
P0648,keyword,6,Wetting,Wetting,6.372
P0648,keyword,7,Nanotechnology,Nanotechnology,6.155
P0648,keyword,8,Agarose,Agarose,6.04
P0648,keyword,9,Composite material,Composite material,5.941
P0648,keyword,10,Eutectic system,Eutectic system,5.378
P0648,keyword,11,Electrode,Electrode,5.31
P0648,keyword,12,Conductivity,Conductivity,5.157
P0648,technique,1,하이드로젤·스캐폴드,Hydrogels / Scaffolds,4.477
P0648,technique,2,미세유체·장기칩,Microfluidics / Organ-on-a-chip,4.229
P0648,technique,3,나노입자·약물전달,Nanoparticles / Drug Delivery,3.436
P0648,technique,4,엑소좀·세포외소포,Exosomes / EVs,1.283
P0648,technique,5,X선 결정학·구조분석,X-ray Crystallography,0.026
P0620,keyword,1,Crohn Disease,Crohn Disease,8.777
P0620,keyword,2,Irritable Bowel Syndrome,Irritable Bowel Syndrome,6.517
P0620,keyword,3,"Intestine, Small","Intestine, Small",6.115
P0620,keyword,4,Ulcerative colitis,Ulcerative colitis,5.756
P0620,keyword,5,Gastroenterology,Gastroenterology,5.742
P0620,keyword,6,"Colitis, Ulcerative","Colitis, Ulcerative",5.696
P0620,keyword,7,Proflavine,Proflavine,5.56
P0620,keyword,8,Neuroendocrine tumors,Neuroendocrine tumors,5.44
P0620,keyword,9,Adenoma,Adenoma,5.362
P0620,keyword,10,"Esophagitis, Peptic","Esophagitis, Peptic",5.35
P0620,keyword,11,Duodenal Neoplasms,Duodenal Neoplasms,4.541
P0620,keyword,12,Inflammatory bowel disease,Inflammatory bowel disease,4.454
P0620,technique,1,임상시험,Clinical Trials,0.391
P0620,technique,2,MRI·PET 영상,MRI / PET Imaging,0.347
P0620,technique,3,머신러닝·AI,Machine Learning / AI,0.038
P0741,keyword,1,Bilirubin,Bilirubin,37.256
P0741,keyword,2,Glycocalyx,Glycocalyx,17.709
P0741,keyword,3,Tumor microenvironment,Tumor microenvironment,14.544
P0741,keyword,4,Nanotechnology,Nanotechnology,12.597
P0741,keyword,5,Colitis,Colitis,11.234
P0741,keyword,6,Neoplasms,Neoplasms,11.042
P0741,keyword,7,Cancer research,Cancer research,11.04
P0741,keyword,8,Cancer Vaccines,Cancer Vaccines,11.032
P0741,keyword,9,Polymers,Polymers,10.607
P0741,keyword,10,Immunotherapy,Immunotherapy,9.849
P0741,keyword,11,Reactive Oxygen Species,Reactive Oxygen Species,9.508
P0741,keyword,12,Doxorubicin,Doxorubicin,9.057
P0741,technique,1,나노입자·약물전달,Nanoparticles / Drug Delivery,56.399
P0741,technique,2,MRI·PET 영상,MRI / PET Imaging,10.228
P0741,technique,3,RNA 치료제·siRNA,RNA Therapeutics,4.222
P0741,technique,4,종양 이종이식 모델,Xenograft Models,4.115
P0741,technique,5,형광·공초점 이미징,Fluorescence / Confocal Imaging,2.617
P0741,technique,6,줄기세포·iPSC,Stem Cells / iPSC,2.124
P0741,technique,7,항체 개발,Antibody Engineering,1.888
P0741,technique,8,ELISA,ELISA,1.398
P0534,keyword,1,Status Epilepticus,Status Epilepticus,12.889
P0534,keyword,2,Encephalopathy,Encephalopathy,8.181
P0534,keyword,3,Electroencephalography,Electroencephalography,8.108
P0534,keyword,4,Epilepsy,Epilepsy,7.35
P0534,keyword,5,Myoclonus,Myoclonus,6.433
P0534,keyword,6,Hashimoto Disease,Hashimoto Disease,5.816
P0534,keyword,7,Encephalitis,Encephalitis,5.098
P0534,keyword,8,Pediatrics,Pediatrics,4.913
P0534,keyword,9,Brain Diseases,Brain Diseases,4.706
P0534,keyword,10,Ictal,Ictal,4.282
P0534,keyword,11,Aphasia,Aphasia,4.183
P0534,keyword,12,Megestrol acetate,Megestrol acetate,3.987
P0534,technique,1,MRI·PET 영상,MRI / PET Imaging,2.075
P0534,technique,2,머신러닝·AI,Machine Learning / AI,0.408
P0375,keyword,1,Tinnitus,Tinnitus,23.25
P0375,keyword,2,Hyperacusis,Hyperacusis,9.214
P0375,keyword,3,Hearing loss,Hearing loss,5.962
P0375,keyword,4,Audiometry,Audiometry,5.702
P0375,keyword,5,"Audiometry, Evoked Response","Audiometry, Evoked Response",5.676
P0375,keyword,6,Audiology,Audiology,5.628
P0375,keyword,7,"Audiometry, Pure-Tone","Audiometry, Pure-Tone",4.118
P0375,keyword,8,Electrocochleography,Electrocochleography,3.707
P0375,keyword,9,Psychological Distress,Psychological Distress,3.383
P0375,keyword,10,Transcranial Direct Current Stimulation,Transcranial Direct Current Stimulation,2.966
P0375,keyword,11,Loudness,Loudness,2.9
P0375,keyword,12,"Hearing Loss, Sudden","Hearing Loss, Sudden",2.592
P0375,technique,1,머신러닝·AI,Machine Learning / AI,0.477
P0464,keyword,1,Beta-Lactamase Inhibitors,Beta-Lactamase Inhibitors,4.925
P0464,keyword,2,Tripartite Motif Proteins,Tripartite Motif Proteins,3.953
P0464,keyword,3,Antimicrobial Peptides,Antimicrobial Peptides,3.27
P0464,keyword,4,Proton-Translocating ATPases,Proton-Translocating ATPases,3.053
P0464,keyword,5,Antimicrobial Cationic Peptides,Antimicrobial Cationic Peptides,2.885
P0464,keyword,6,beta-Lactams,beta-Lactams,2.647
P0464,keyword,7,DNA Repair,DNA Repair,2.407
P0464,keyword,8,beta-Lactamases,beta-Lactamases,2.341
P0464,keyword,9,Anti-Bacterial Agents,Anti-Bacterial Agents,2.329
P0464,keyword,10,"Drug Resistance, Microbial","Drug Resistance, Microbial",2.275
P0464,keyword,11,Nucleotide excision repair,Nucleotide excision repair,2.239
P0464,keyword,12,PARP1,PARP1,2.227
P0464,technique,1,X선 결정학·구조분석,X-ray Crystallography,1.954
P0464,technique,2,엑소좀·세포외소포,Exosomes / EVs,0.69
P0464,technique,3,RNA 치료제·siRNA,RNA Therapeutics,0.655
P0464,technique,4,ELISA,ELISA,0.646
P0464,technique,5,qPCR,Real-time PCR,0.582
P0464,technique,6,나노입자·약물전달,Nanoparticles / Drug Delivery,0.49
P0464,technique,7,유세포분석,Flow Cytometry,0.399
P0464,technique,8,생물정보·계산생물,Bioinformatics,0.171
P0690,keyword,1,Plant Extracts,Plant Extracts,10.136
P0690,keyword,2,Withania,Withania,8.756
P0690,keyword,3,"Cartilage, Articular","Cartilage, Articular",6.833
P0690,keyword,4,Photoaging,Photoaging,6.434
P0690,keyword,5,Osteoarthritis,Osteoarthritis,6.085
P0690,keyword,6,Salmon,Salmon,5.991
P0690,keyword,7,Hairless,Hairless,5.941
P0690,keyword,8,Chrysanthemum,Chrysanthemum,5.835
P0690,keyword,9,Nasal cartilages,Nasal cartilages,5.835
P0690,keyword,10,Skin Aging,Skin Aging,5.753
P0690,keyword,11,"Receptor, Adenosine A1","Receptor, Adenosine A1",5.582
P0690,keyword,12,Laurus,Laurus,5.582
P0690,technique,1,웨스턴블롯,Western Blot,0.64
P0690,technique,2,종양 이종이식 모델,Xenograft Models,0.391
P0690,technique,3,면역조직화학,Immunohistochemistry,0.318
P0690,technique,4,질량분석,Mass Spectrometry,0.315
P0690,technique,5,RNA-seq·전사체,RNA-seq / Transcriptomics,0.188
P0690,technique,6,머신러닝·AI,Machine Learning / AI,0.152
P0690,technique,7,생물정보·계산생물,Bioinformatics,0.137
P0293,keyword,1,Latent Dirichlet allocation,Latent Dirichlet allocation,1.26
P0293,keyword,2,Topic model,Topic model,1.121
P0293,keyword,3,Hyperspectral imaging,Hyperspectral imaging,0.965
P0293,keyword,4,Metadata,Metadata,0.706
P0293,keyword,5,Cellulose,Cellulose,0.585
P0293,keyword,6,Citation analysis,Citation analysis,0.582
P0293,keyword,7,Sodium hydroxide,Sodium hydroxide,0.498
P0293,keyword,8,Hemicellulose,Hemicellulose,0.449
P0293,keyword,9,Lignocellulosic biomass,Lignocellulosic biomass,0.435
P0293,keyword,10,Bibliometrics,Bibliometrics,0.388
P0293,keyword,11,Visualization,Visualization,0.371
P0293,keyword,12,Citation,Citation,0.361
P0441,keyword,1,Neuroinflammatory Diseases,Neuroinflammatory Diseases,7.772
P0441,keyword,2,X-Box Binding Protein 1,X-Box Binding Protein 1,6.55
P0441,keyword,3,Benzaldehydes,Benzaldehydes,5.991
P0441,keyword,4,Endoribonucleases,Endoribonucleases,5.45
P0441,keyword,5,Caveolin 2,Caveolin 2,4.886
P0441,keyword,6,SOXB1 Transcription Factors,SOXB1 Transcription Factors,4.789
P0441,keyword,7,Brain Neoplasms,Brain Neoplasms,4.443
P0441,keyword,8,Aging,Aging,4.274
P0441,keyword,9,Catechols,Catechols,4.223
P0441,keyword,10,Glioblastoma,Glioblastoma,4.179
P0441,keyword,11,Necrosis,Necrosis,3.978
P0441,keyword,12,Signal transduction,Signal transduction,3.513
P0441,technique,1,RNA 치료제·siRNA,RNA Therapeutics,1.963
P0441,technique,2,나노입자·약물전달,Nanoparticles / Drug Delivery,1.428
P0441,technique,3,생물정보·계산생물,Bioinformatics,0.594
P0441,technique,4,웨스턴블롯,Western Blot,0.459
P0441,technique,5,분자도킹·시뮬레이션,Molecular Docking / Dynamics,0.456
P0674,keyword,1,SUMO protein,SUMO protein,23.084
P0674,keyword,2,Sumoylation,Sumoylation,17.109
P0674,keyword,3,Saccharomyces cerevisiae Proteins,Saccharomyces cerevisiae Proteins,11.762
P0674,keyword,4,Saccharomyces cerevisiae,Saccharomyces cerevisiae,11.042
P0674,keyword,5,Histones,Histones,9.261
P0674,keyword,6,"Gene Expression Regulation, Fungal","Gene Expression Regulation, Fungal",8.275
P0674,keyword,7,Histone code,Histone code,7.863
P0674,keyword,8,Pterygium,Pterygium,6.91
P0674,keyword,9,Histone,Histone,6.309
P0674,keyword,10,Crosstalk,Crosstalk,5.884
P0674,keyword,11,Ubiquitin-Conjugating Enzyme UBC9,Ubiquitin-Conjugating Enzyme UBC9,5.761
P0674,keyword,12,Ubiquitin-Conjugating Enzymes,Ubiquitin-Conjugating Enzymes,5.702
P0674,technique,1,생물정보·계산생물,Bioinformatics,1.74
P0674,technique,2,제브라피시,Zebrafish,1.666
P0227,keyword,1,Rumen,Rumen,61.105
P0227,keyword,2,Ciliophora,Ciliophora,20.551
P0227,keyword,3,Ciliate,Ciliate,17.423
P0227,keyword,4,Microbiome,Microbiome,12.066
P0227,keyword,5,Gastrointestinal Microbiome,Gastrointestinal Microbiome,12.029
P0227,keyword,6,Propionate,Propionate,11.578
P0227,keyword,7,Fermentation,Fermentation,10.783
P0227,keyword,8,Metagenomics,Metagenomics,10.492
P0227,keyword,9,Hanwoo,Hanwoo,10.319
P0227,keyword,10,Bacteria,Bacteria,10.009
P0227,keyword,11,"RNA, Ribosomal, 16S","RNA, Ribosomal, 16S",9.74
P0227,keyword,12,Methanogenesis,Methanogenesis,9.197
P0227,technique,1,단백체,Proteomics,1.317
P0227,technique,2,생물정보·계산생물,Bioinformatics,0.971
P0227,technique,3,머신러닝·AI,Machine Learning / AI,0.514
P0227,technique,4,RNA-seq·전사체,RNA-seq / Transcriptomics,0.494
P0699,keyword,1,Apoptosis,Apoptosis,34.032
P0699,keyword,2,"Membrane Potential, Mitochondrial","Membrane Potential, Mitochondrial",23.877
P0699,keyword,3,Chalcones,Chalcones,22.925
P0699,keyword,4,Reactive Oxygen Species,Reactive Oxygen Species,21.16
P0699,keyword,5,Oxaliplatin,Oxaliplatin,20.938
P0699,keyword,6,Proto-Oncogene Proteins c-met,Proto-Oncogene Proteins c-met,20.541
P0699,keyword,7,p38 Mitogen-Activated Protein Kinases,p38 Mitogen-Activated Protein Kinases,19.217
P0699,keyword,8,Esophageal Squamous Cell Carcinoma,Esophageal Squamous Cell Carcinoma,19.081
P0699,keyword,9,Cancer research,Cancer research,18.568
P0699,keyword,10,Ornithine Decarboxylase,Ornithine Decarboxylase,18.316
P0699,keyword,11,Cell Proliferation,Cell Proliferation,17.864
P0699,keyword,12,Gefitinib,Gefitinib,16.69
P0699,technique,1,분자도킹·시뮬레이션,Molecular Docking / Dynamics,7.351
P0699,technique,2,웨스턴블롯,Western Blot,3.265
P0699,technique,3,종양 이종이식 모델,Xenograft Models,2.517
P0699,technique,4,유세포분석,Flow Cytometry,2.026
P0699,technique,5,나노입자·약물전달,Nanoparticles / Drug Delivery,1.179
P0699,technique,6,유전자변형 마우스,Genetically Modified Mice,1.075
P0699,technique,7,생물정보·계산생물,Bioinformatics,0.638
P0699,technique,8,면역조직화학,Immunohistochemistry,0.613
P0304,keyword,1,Corynebacterium glutamicum,Corynebacterium glutamicum,2.353
P0304,keyword,2,Hydroxy Acids,Hydroxy Acids,1.945
P0304,keyword,3,Phenylpyruvic Acids,Phenylpyruvic Acids,1.945
P0304,keyword,4,Keto Acids,Keto Acids,1.945
P0304,keyword,5,Hemiterpenes,Hemiterpenes,1.843
P0304,keyword,6,Lactate Dehydrogenases,Lactate Dehydrogenases,1.645
P0304,keyword,7,Bioproduction,Bioproduction,1.621
P0304,keyword,8,Biocatalysis,Biocatalysis,1.547
P0304,keyword,9,Lactates,Lactates,1.427
P0304,keyword,10,Pediococcus acidilactici,Pediococcus acidilactici,1.427
P0304,keyword,11,Lactobacillales,Lactobacillales,1.401
P0304,keyword,12,Alcohol Oxidoreductases,Alcohol Oxidoreductases,1.355
P0725,keyword,1,Kelch-Like ECH-Associated Protein 1,Kelch-Like ECH-Associated Protein 1,16.396
P0725,keyword,2,NF-E2-Related Factor 2,NF-E2-Related Factor 2,12.503
P0725,keyword,3,KEAP1,KEAP1,6.689
P0725,keyword,4,Benzene Derivatives,Benzene Derivatives,6.399
P0725,keyword,5,Naphthalenes,Naphthalenes,6.082
P0725,keyword,6,Benzene,Benzene,5.895
P0725,keyword,7,Small Molecule Libraries,Small Molecule Libraries,5.569
P0725,keyword,8,Structure-Activity Relationship,Structure-Activity Relationship,5.107
P0725,keyword,9,Protein Binding,Protein Binding,4.842
P0725,keyword,10,Molecular Structure,Molecular Structure,3.769
P0725,keyword,11,Tyrosine Kinase Inhibitors,Tyrosine Kinase Inhibitors,3.692
P0725,keyword,12,Naphthalene,Naphthalene,3.58
P0725,technique,1,조직공학·바이오프린팅,Tissue Engineering / Bioprinting,2.218
P0725,technique,2,미세유체·장기칩,Microfluidics / Organ-on-a-chip,2.028
P0725,technique,3,하이드로젤·스캐폴드,Hydrogels / Scaffolds,1.569
P0725,technique,4,나노입자·약물전달,Nanoparticles / Drug Delivery,0.565
P0725,technique,5,생물정보·계산생물,Bioinformatics,0.385
P0725,technique,6,X선 결정학·구조분석,X-ray Crystallography,0.369
P0725,technique,7,웨스턴블롯,Western Blot,0.311
P0204,keyword,1,Pharmacokinetics,Pharmacokinetics,20.155
P0204,keyword,2,Protein precipitation,Protein precipitation,16.722
P0204,keyword,3,"Chromatography, High Pressure Liquid","Chromatography, High Pressure Liquid",15.833
P0204,keyword,4,Bioanalysis,Bioanalysis,13.659
P0204,keyword,5,Drug Implants,Drug Implants,11.774
P0204,keyword,6,Formic acid,Formic acid,9.273
P0204,keyword,7,"Administration, Oral","Administration, Oral",8.853
P0204,keyword,8,Vitreous Body,Vitreous Body,8.722
P0204,keyword,9,Chromatography,Chromatography,8.563
P0204,keyword,10,Acetonitrile,Acetonitrile,7.573
P0204,keyword,11,High-performance liquid chromatography,High-performance liquid chromatography,7.214
P0204,keyword,12,"Chromatography, Liquid","Chromatography, Liquid",6.973
P0204,technique,1,질량분석,Mass Spectrometry,23.027
P0204,technique,2,나노입자·약물전달,Nanoparticles / Drug Delivery,1.189
P0204,technique,3,임상시험,Clinical Trials,0.636
P0204,technique,4,qPCR,Real-time PCR,0.334
P0204,technique,5,단백체,Proteomics,0.255
P0204,technique,6,웨스턴블롯,Western Blot,0.243
P0204,technique,7,생물정보·계산생물,Bioinformatics,0.16
P0687,keyword,1,ABTS,ABTS,26.702
P0687,keyword,2,TBARS,TBARS,25.726
P0687,keyword,3,Ethanol,Ethanol,22.954
P0687,keyword,4,Food science,Food science,22.288
P0687,keyword,5,DPPH,DPPH,21.628
P0687,keyword,6,Tyrosinase,Tyrosinase,17.88
P0687,keyword,7,Antioxidant,Antioxidant,17.664
P0687,keyword,8,Hyaluronidase,Hyaluronidase,16.646
P0687,keyword,9,Elastase,Elastase,15.337
P0687,keyword,10,Thiobarbituric acid,Thiobarbituric acid,12.826
P0687,keyword,11,Traditional medicine,Traditional medicine,11.558
P0687,keyword,12,Xanthine Oxidase,Xanthine Oxidase,10.893
P0687,technique,1,웨스턴블롯,Western Blot,0.884
P0687,technique,2,X선 결정학·구조분석,X-ray Crystallography,0.009
P0404,keyword,1,Glycogen Synthase Kinase 3 beta,Glycogen Synthase Kinase 3 beta,4.908
P0404,keyword,2,TNF Receptor-Associated Factor 6,TNF Receptor-Associated Factor 6,3.572
P0404,keyword,3,Ubiquitination,Ubiquitination,3.448
P0404,keyword,4,TNF Receptor-Associated Factor 2,TNF Receptor-Associated Factor 2,2.877
P0404,keyword,5,GSK-3,GSK-3,2.786
P0404,keyword,6,Toll-Like Receptor 3,Toll-Like Receptor 3,2.76
P0404,keyword,7,RING Finger Domains,RING Finger Domains,2.611
P0404,keyword,8,RANK Ligand,RANK Ligand,2.473
P0404,keyword,9,Interferon Regulatory Factor-8,Interferon Regulatory Factor-8,2.317
P0404,keyword,10,TRIF,TRIF,2.277
P0404,keyword,11,RANKL,RANKL,2.251
P0404,keyword,12,TLR3,TLR3,2.248
P0404,technique,1,유전자변형 마우스,Genetically Modified Mice,1.734
P0404,technique,2,웨스턴블롯,Western Blot,0.584
P0404,technique,3,RNA 치료제·siRNA,RNA Therapeutics,0.472
P0404,technique,4,RNA-seq·전사체,RNA-seq / Transcriptomics,0.226
P0013,keyword,1,Multiple Myeloma,Multiple Myeloma,119.259
P0013,keyword,2,Lenalidomide,Lenalidomide,37.465
P0013,keyword,3,Bortezomib,Bortezomib,35.577
P0013,keyword,4,Hematopoietic Stem Cell Transplantation,Hematopoietic Stem Cell Transplantation,30.75
P0013,keyword,5,Thalidomide,Thalidomide,29.426
P0013,keyword,6,Antineoplastic Combined Chemotherapy Protocols,Antineoplastic Combined Chemotherapy Protocols,25.667
P0013,keyword,7,Autologous stem-cell transplantation,Autologous stem-cell transplantation,24.626
P0013,keyword,8,Dexamethasone,Dexamethasone,22.612
P0013,keyword,9,Immunotherapy,Immunotherapy,22.234
P0013,keyword,10,Daratumumab,Daratumumab,21.683
P0013,keyword,11,Dendritic Cells,Dendritic Cells,21.64
P0013,keyword,12,Melphalan,Melphalan,21.178
P0013,technique,1,CAR-T·입양세포치료,CAR-T / Adoptive Cell Therapy,19.131
P0013,technique,2,항체 개발,Antibody Engineering,11.737
P0013,technique,3,MRI·PET 영상,MRI / PET Imaging,7.891
P0013,technique,4,임상시험,Clinical Trials,3.08
P0013,technique,5,유세포분석,Flow Cytometry,2.394
P0013,technique,6,나노입자·약물전달,Nanoparticles / Drug Delivery,1.448
P0013,technique,7,생물정보·계산생물,Bioinformatics,0.833
P0013,technique,8,ELISA,ELISA,0.773
P0703,keyword,1,Silicone Oils,Silicone Oils,16.775
P0703,keyword,2,Syringes,Syringes,16.256
P0703,keyword,3,Drug Stability,Drug Stability,11.43
P0703,keyword,4,"Immunoglobulins, Intravenous","Immunoglobulins, Intravenous",10.799
P0703,keyword,5,Protein Aggregates,Protein Aggregates,9.576
P0703,keyword,6,"Calorimetry, Differential Scanning","Calorimetry, Differential Scanning",8.616
P0703,keyword,7,Particle Size,Particle Size,7.424
P0703,keyword,8,Differential scanning calorimetry,Differential scanning calorimetry,6.765
P0703,keyword,9,Buffers,Buffers,5.953
P0703,keyword,10,Drug Packaging,Drug Packaging,5.815
P0703,keyword,11,Plastics,Plastics,5.622
P0703,keyword,12,Arginine,Arginine,5.556
P0703,technique,1,나노입자·약물전달,Nanoparticles / Drug Delivery,2.616
P0703,technique,2,항체 개발,Antibody Engineering,2.411
P0703,technique,3,미세유체·장기칩,Microfluidics / Organ-on-a-chip,1.182
P0703,technique,4,RNA 치료제·siRNA,RNA Therapeutics,0.821
P0703,technique,5,X선 결정학·구조분석,X-ray Crystallography,0.802
P0626,keyword,1,Shift work,Shift work,6.003
P0626,keyword,2,"Faculty, Medical","Faculty, Medical",3.315
P0626,keyword,3,Teaching,Teaching,3.315
P0626,keyword,4,Punctuality,Punctuality,3.241
P0626,keyword,5,"Students, Medical","Students, Medical",3.175
P0626,keyword,6,Emergencies,Emergencies,2.93
P0626,keyword,7,Working hours,Working hours,2.914
P0626,keyword,8,Fluoroscopy,Fluoroscopy,2.836
P0626,keyword,9,Return to Work,Return to Work,2.671
P0626,keyword,10,Basal Cell Carcinoma,Basal Cell Carcinoma,2.367
P0626,keyword,11,Radiation exposure,Radiation exposure,2.273
P0626,keyword,12,Work shift,Work shift,2.238
P0626,technique,1,머신러닝·AI,Machine Learning / AI,0.598
P0626,technique,2,MRI·PET 영상,MRI / PET Imaging,0.52
P0131,keyword,1,Predation,Predation,42.867
P0131,keyword,2,Aposematism,Aposematism,27.373
P0131,keyword,3,Crypsis,Crypsis,26.02
P0131,keyword,4,Plumage,Plumage,25.983
P0131,keyword,5,Predatory Behavior,Predatory Behavior,24.396
P0131,keyword,6,Ephemeral key,Ephemeral key,24.329
P0131,keyword,7,Camouflage,Camouflage,23.126
P0131,keyword,8,Predator,Predator,20.951
P0131,keyword,9,Diel vertical migration,Diel vertical migration,18.761
P0131,keyword,10,Amphibian,Amphibian,15.517
P0131,keyword,11,Pigmentation,Pigmentation,13.942
P0131,keyword,12,Urbanization,Urbanization,13.812
P0131,technique,1,초파리,Drosophila,1.173
P0131,technique,2,머신러닝·AI,Machine Learning / AI,0.577
P0331,keyword,1,Osteonecrosis of the jaw,Osteonecrosis of the jaw,10.355
P0331,keyword,2,Dentistry,Dentistry,8.218
P0331,keyword,3,Temporomandibular joint,Temporomandibular joint,4.592
P0331,keyword,4,Orthognathic surgery,Orthognathic surgery,4.41
P0331,keyword,5,Hedonism,Hedonism,4.306
P0331,keyword,6,Nihilism,Nihilism,4.201
P0331,keyword,7,Osseointegration,Osseointegration,4.144
P0331,keyword,8,Bisphosphonate,Bisphosphonate,3.42
P0331,keyword,9,Denosumab,Denosumab,3.398
P0331,keyword,10,Orthognathic Surgical Procedures,Orthognathic Surgical Procedures,3.349
P0331,keyword,11,Maxilla,Maxilla,3.348
P0331,keyword,12,Implant,Implant,3.334
P0331,technique,1,MRI·PET 영상,MRI / PET Imaging,0.954
P0331,technique,2,머신러닝·AI,Machine Learning / AI,0.765
P0331,technique,3,ELISA,ELISA,0.366
P0331,technique,4,항체 개발,Antibody Engineering,0.237
P0331,technique,5,임상시험,Clinical Trials,0.228
P0331,technique,6,웨스턴블롯,Western Blot,0.186
P0685,keyword,1,Cellulose,Cellulose,29.075
P0685,keyword,2,Amination,Amination,22.767
P0685,keyword,3,Isocyanate,Isocyanate,20.154
P0685,keyword,4,Food science,Food science,14.366
P0685,keyword,5,Lignin,Lignin,14.261
P0685,keyword,6,Edible Seaweeds,Edible Seaweeds,13.463
P0685,keyword,7,Probiotics,Probiotics,13.084
P0685,keyword,8,Probiotic,Probiotic,12.49
P0685,keyword,9,Isocyanates,Isocyanates,12.177
P0685,keyword,10,Rhodophyta,Rhodophyta,11.916
P0685,keyword,11,Fermentation,Fermentation,11.758
P0685,keyword,12,Metabolome,Metabolome,10.647
P0685,technique,1,대사체·지질체,Metabolomics / Lipidomics,6.526
P0685,technique,2,하이드로젤·스캐폴드,Hydrogels / Scaffolds,5.849
P0685,technique,3,전자현미경,Electron Microscopy,3.571
P0685,technique,4,분자도킹·시뮬레이션,Molecular Docking / Dynamics,2.897
P0685,technique,5,X선 결정학·구조분석,X-ray Crystallography,2.227
P0685,technique,6,나노입자·약물전달,Nanoparticles / Drug Delivery,1.64
P0685,technique,7,임상시험,Clinical Trials,0.328
P0685,technique,8,질량분석,Mass Spectrometry,0.263
P0485,keyword,1,Ovarian Neoplasms,Ovarian Neoplasms,10.993
P0485,keyword,2,Biliary tract cancer,Biliary tract cancer,6.631
P0485,keyword,3,Atezolizumab,Atezolizumab,6.33
P0485,keyword,4,Gene Regulatory Networks,Gene Regulatory Networks,5.897
P0485,keyword,5,Circulating Tumor DNA,Circulating Tumor DNA,5.811
P0485,keyword,6,Bevacizumab,Bevacizumab,5.232
P0485,keyword,7,Early Growth Response Protein 1,Early Growth Response Protein 1,5.08
P0485,keyword,8,G-Quadruplexes,G-Quadruplexes,4.886
P0485,keyword,9,Concordance,Concordance,4.729
P0485,keyword,10,Ovarian cancer,Ovarian cancer,4.181
P0485,keyword,11,Liquid Biopsy,Liquid Biopsy,4.143
P0485,keyword,12,Ovarian carcinoma,Ovarian carcinoma,4.075
P0485,technique,1,RNA-seq·전사체,RNA-seq / Transcriptomics,4.776
P0485,technique,2,생물정보·계산생물,Bioinformatics,3.144
P0485,technique,3,차세대 시퀀싱(NGS),Next-generation Sequencing,2.633
P0485,technique,4,CAR-T·입양세포치료,CAR-T / Adoptive Cell Therapy,1.726
P0485,technique,5,종양 이종이식 모델,Xenograft Models,1.262
P0485,technique,6,예쁜꼬마선충,C. elegans,1.255
P0485,technique,7,항체 개발,Antibody Engineering,1.252
P0485,technique,8,줄기세포·iPSC,Stem Cells / iPSC,1.221
P0271,keyword,1,Interventricular septum,Interventricular septum,0.91
P0271,keyword,2,Hyperphosphatemia,Hyperphosphatemia,0.81
P0271,keyword,3,Secondary hyperparathyroidism,Secondary hyperparathyroidism,0.703
P0271,keyword,4,Airway obstruction,Airway obstruction,0.662
P0271,keyword,5,Larynx,Larynx,0.577
P0271,keyword,6,Calcification,Calcification,0.45
P0271,keyword,7,Airway,Airway,0.362
P0271,keyword,8,Kidney disease,Kidney disease,0.311
P0271,keyword,9,Radiation therapy,Radiation therapy,0.254
P0271,keyword,10,Lymphoma,Lymphoma,0.252
P0271,keyword,11,Lesion,Lesion,0.234
P0271,keyword,12,Heart Failure,Heart Failure,0.218
P0211,keyword,1,Stem Cell Factor,Stem Cell Factor,14.826
P0211,keyword,2,"Myocytes, Smooth Muscle","Myocytes, Smooth Muscle",12.3
P0211,keyword,3,Endothelial Cells,Endothelial Cells,11.081
P0211,keyword,4,Marfan Syndrome,Marfan Syndrome,11.081
P0211,keyword,5,Retinal Neovascularization,Retinal Neovascularization,10.198
P0211,keyword,6,Retinal Vessels,Retinal Vessels,10.085
P0211,keyword,7,"Muscle, Smooth, Vascular","Muscle, Smooth, Vascular",9.733
P0211,keyword,8,Intravitreal Injections,Intravitreal Injections,9.101
P0211,keyword,9,Fibroblast Growth Factors,Fibroblast Growth Factors,9.021
P0211,keyword,10,Proto-Oncogene Proteins c-kit,Proto-Oncogene Proteins c-kit,8.78
P0211,keyword,11,Neovascularization,Neovascularization,7.643
P0211,keyword,12,Human Umbilical Vein Endothelial Cells,Human Umbilical Vein Endothelial Cells,7.604
P0211,technique,1,줄기세포·iPSC,Stem Cells / iPSC,3.383
P0211,technique,2,유전자변형 마우스,Genetically Modified Mice,1.706
P0211,technique,3,웨스턴블롯,Western Blot,1.619
P0211,technique,4,면역조직화학,Immunohistochemistry,1.543
P0211,technique,5,항체 개발,Antibody Engineering,1.291
P0211,technique,6,ELISA,ELISA,1.262
P0211,technique,7,RNA-seq·전사체,RNA-seq / Transcriptomics,1.211
P0211,technique,8,나노입자·약물전달,Nanoparticles / Drug Delivery,1.079
P0611,keyword,1,Adenoid cystic carcinoma,Adenoid cystic carcinoma,3.107
P0611,keyword,2,Radiation therapy,Radiation therapy,1.455
P0611,keyword,3,Differential diagnosis,Differential diagnosis,1.202
P0611,keyword,4,Lacrimal gland,Lacrimal gland,1.157
P0611,keyword,5,Digestive tract,Digestive tract,1.07
P0611,keyword,6,Sebaceous carcinoma,Sebaceous carcinoma,0.951
P0611,keyword,7,Malignancy,Malignancy,0.942
P0611,keyword,8,Carcinoma,Carcinoma,0.814
P0611,keyword,9,Chemoradiotherapy,Chemoradiotherapy,0.734
P0611,keyword,10,Eyelid,Eyelid,0.705
P0611,keyword,11,Neck dissection,Neck dissection,0.67
P0611,keyword,12,Head and neck,Head and neck,0.631
P0352,keyword,1,Carpal tunnel syndrome,Carpal tunnel syndrome,13.077
P0352,keyword,2,Radius Fractures,Radius Fractures,12.826
P0352,keyword,3,Hand Strength,Hand Strength,12.257
P0352,keyword,4,Wrist Injuries,Wrist Injuries,12.019
P0352,keyword,5,Grip strength,Grip strength,11.023
P0352,keyword,6,Disability Evaluation,Disability Evaluation,10.646
P0352,keyword,7,Dash,Dash,10.576
P0352,keyword,8,"Range of Motion, Articular","Range of Motion, Articular",10.134
P0352,keyword,9,Triangular Fibrocartilage,Triangular Fibrocartilage,8.715
P0352,keyword,10,Pain Measurement,Pain Measurement,8.35
P0352,keyword,11,Nonunion,Nonunion,8.111
P0352,keyword,12,Surgery,Surgery,7.732
P0352,technique,1,임상시험,Clinical Trials,3.051
P0352,technique,2,MRI·PET 영상,MRI / PET Imaging,1.718
P0563,keyword,1,Cytochrome P-450 CYP2D6,Cytochrome P-450 CYP2D6,25.662
P0563,keyword,2,CYP2D6,CYP2D6,19.058
P0563,keyword,3,Tolperisone,Tolperisone,16.1
P0563,keyword,4,Physiologically based pharmacokinetic modelling,Physiologically based pharmacokinetic modelling,14.13
P0563,keyword,5,Pharmacokinetics,Pharmacokinetics,11.551
P0563,keyword,6,Cytochrome P-450 CYP2C9,Cytochrome P-450 CYP2C9,11.386
P0563,keyword,7,Genotype,Genotype,11.372
P0563,keyword,8,"Polymorphism, Genetic","Polymorphism, Genetic",10.626
P0563,keyword,9,Cytochrome P-450 CYP2C19,Cytochrome P-450 CYP2C19,10.373
P0563,keyword,10,CYP2C19,CYP2C19,9.712
P0563,keyword,11,CYP2C9,CYP2C9,8.979
P0563,keyword,12,Zolpidem,Zolpidem,8.912
P0563,technique,1,질량분석,Mass Spectrometry,3.339
P0563,technique,2,생물정보·계산생물,Bioinformatics,0.108
P0662,keyword,1,Triboelectric effect,Triboelectric effect,35.952
P0662,keyword,2,Nanogenerator,Nanogenerator,27.627
P0662,keyword,3,Piezoelectricity,Piezoelectricity,19.946
P0662,keyword,4,Nanofiber,Nanofiber,18.893
P0662,keyword,5,Poling,Poling,12.602
P0662,keyword,6,Ferroelectricity,Ferroelectricity,12.529
P0662,keyword,7,Piezoresponse force microscopy,Piezoresponse force microscopy,11.567
P0662,keyword,8,Polyvinylidene fluoride,Polyvinylidene fluoride,10.261
P0662,keyword,9,Contact electrification,Contact electrification,6.874
P0662,keyword,10,Core (optical fiber),Core (optical fiber),6.47
P0662,keyword,11,Nanorod,Nanorod,6.222
P0662,keyword,12,Composite material,Composite material,5.85
P0662,technique,1,나노입자·약물전달,Nanoparticles / Drug Delivery,1.775
P0662,technique,2,X선 결정학·구조분석,X-ray Crystallography,0.64
P0530,keyword,1,Transposases,Transposases,2.494
P0530,keyword,2,Non-alcoholic Fatty Liver Disease,Non-alcoholic Fatty Liver Disease,1.955
P0530,keyword,3,Chromatin,Chromatin,1.592
P0530,keyword,4,Cerium,Cerium,1.334
P0530,keyword,5,Deliverable,Deliverable,1.281
P0530,keyword,6,Epigenome,Epigenome,1.169
P0530,keyword,7,Lymphopoiesis,Lymphopoiesis,1.126
P0530,keyword,8,Fatty Liver,Fatty Liver,1.064
P0530,keyword,9,Nonalcoholic fatty liver disease,Nonalcoholic fatty liver disease,1.063
P0530,keyword,10,Inflammatory Bowel Diseases,Inflammatory Bowel Diseases,1.05
P0530,keyword,11,"Sequence Analysis, DNA","Sequence Analysis, DNA",0.912
P0530,keyword,12,Iron,Iron,0.765
P0530,technique,1,생물정보·계산생물,Bioinformatics,0.368
P0257,keyword,1,Influenza in Birds,Influenza in Birds,79.372
P0257,keyword,2,Influenza A virus subtype H5N1,Influenza A virus subtype H5N1,66.537
P0257,keyword,3,Poultry Diseases,Poultry Diseases,61.549
P0257,keyword,4,Chickens,Chickens,48.881
P0257,keyword,5,Infectious bronchitis virus,Infectious bronchitis virus,43.755
P0257,keyword,6,Newcastle disease,Newcastle disease,36.815
P0257,keyword,7,Virology,Virology,36.079
P0257,keyword,8,Influenza A virus,Influenza A virus,35.904
P0257,keyword,9,Viral Vaccines,Viral Vaccines,33.099
P0257,keyword,10,"Animals, Wild","Animals, Wild",32.848
P0257,keyword,11,Newcastle disease virus,Newcastle disease virus,30.959
P0257,keyword,12,Virus,Virus,30.311
P0257,technique,1,차세대 시퀀싱(NGS),Next-generation Sequencing,4.8
P0257,technique,2,ELISA,ELISA,3.056
P0257,technique,3,qPCR,Real-time PCR,2.856
P0257,technique,4,RNA-seq·전사체,RNA-seq / Transcriptomics,2.051
P0257,technique,5,유전자변형 마우스,Genetically Modified Mice,1.487
P0257,technique,6,나노입자·약물전달,Nanoparticles / Drug Delivery,1.225
P0257,technique,7,전자현미경,Electron Microscopy,0.882
P0257,technique,8,생물정보·계산생물,Bioinformatics,0.558
P0173,keyword,1,Soil Microbiology,Soil Microbiology,88.56
P0173,keyword,2,Base Composition,Base Composition,75.087
P0173,keyword,3,Bacterial Typing Techniques,Bacterial Typing Techniques,69.091
P0173,keyword,4,Phylogeny,Phylogeny,60.66
P0173,keyword,5,"RNA, Ribosomal, 16S","RNA, Ribosomal, 16S",59.212
P0173,keyword,6,Photoaging,Photoaging,59.006
P0173,keyword,7,Nucleic Acid Hybridization,Nucleic Acid Hybridization,56.732
P0173,keyword,8,"DNA, Bacterial","DNA, Bacterial",50.766
P0173,keyword,9,Skin Aging,Skin Aging,49.731
P0173,keyword,10,Fatty Acids,Fatty Acids,47.785
P0173,keyword,11,Rhizosphere,Rhizosphere,46.388
P0173,keyword,12,Ultraviolet Rays,Ultraviolet Rays,43.341
P0173,technique,1,나노입자·약물전달,Nanoparticles / Drug Delivery,6.631
P0173,technique,2,웨스턴블롯,Western Blot,4.393
P0173,technique,3,분자도킹·시뮬레이션,Molecular Docking / Dynamics,3.643
P0173,technique,4,줄기세포·iPSC,Stem Cells / iPSC,2.778
P0173,technique,5,대사체·지질체,Metabolomics / Lipidomics,2.413
P0173,technique,6,전자현미경,Electron Microscopy,1.69
P0173,technique,7,생물정보·계산생물,Bioinformatics,1.121
P0173,technique,8,유세포분석,Flow Cytometry,0.923
P0605,keyword,1,Coronavirus Infections,Coronavirus Infections,4.223
P0605,keyword,2,Middle East respiratory syndrome coronavirus,Middle East respiratory syndrome coronavirus,3.979
P0605,keyword,3,Stenotrophomonas maltophilia,Stenotrophomonas maltophilia,3.369
P0605,keyword,4,Betacoronavirus,Betacoronavirus,3.085
P0605,keyword,5,COVID-19,COVID-19,2.423
P0605,keyword,6,Benzamidines,Benzamidines,2.384
P0605,keyword,7,Bacteremia,Bacteremia,2.336
P0605,keyword,8,SARS-CoV-2,SARS-CoV-2,2.244
P0605,keyword,9,Airborne transmission,Airborne transmission,2.23
P0605,keyword,10,"Pneumonia, Viral","Pneumonia, Viral",2.21
P0605,keyword,11,Poisson regression,Poisson regression,2.177
P0605,keyword,12,Per capita,Per capita,2.127
P0605,technique,1,qPCR,Real-time PCR,0.46
P0718,keyword,1,Cannabidiol,Cannabidiol,3.319
P0718,keyword,2,Yarn,Yarn,2.81
P0718,keyword,3,Benzenesulfonamides,Benzenesulfonamides,2.625
P0718,keyword,4,Cannabis sativa,Cannabis sativa,2.026
P0718,keyword,5,Cannabis,Cannabis,2.002
P0718,keyword,6,Protoplast,Protoplast,1.869
P0718,keyword,7,Dogs,Dogs,1.658
P0718,keyword,8,Physical Endurance,Physical Endurance,1.542
P0718,keyword,9,Skewness,Skewness,1.53
P0718,keyword,10,Dipeptidyl-Peptidase IV Inhibitors,Dipeptidyl-Peptidase IV Inhibitors,1.525
P0718,keyword,11,Cytochrome P-450 CYP3A,Cytochrome P-450 CYP3A,1.477
P0718,keyword,12,Pyrimidines,Pyrimidines,1.464
P0718,technique,1,질량분석,Mass Spectrometry,0.623
P0718,technique,2,생물정보·계산생물,Bioinformatics,0.166
P0683,keyword,1,Fermentation,Fermentation,18.475
P0683,keyword,2,Wine,Wine,12.913
P0683,keyword,3,Saccharomyces cerevisiae,Saccharomyces cerevisiae,10.098
P0683,keyword,4,Yeast,Yeast,9.656
P0683,keyword,5,Food science,Food science,9.435
P0683,keyword,6,Bread,Bread,9.279
P0683,keyword,7,Flour,Flour,9.279
P0683,keyword,8,Saccharomycetales,Saccharomycetales,8.85
P0683,keyword,9,Torulaspora,Torulaspora,8.191
P0683,keyword,10,Flavor,Flavor,8.07
P0683,keyword,11,Sweetness,Sweetness,6.409
P0683,keyword,12,Food Handling,Food Handling,6.239
P0683,technique,1,질량분석,Mass Spectrometry,2.802
P0505,keyword,1,Neuregulin-1,Neuregulin-1,24.136
P0505,keyword,2,Neuregulin 1,Neuregulin 1,23.047
P0505,keyword,3,Excitatory Amino Acid Transporter 3,Excitatory Amino Acid Transporter 3,12.244
P0505,keyword,4,Neuregulin,Neuregulin,11.21
P0505,keyword,5,"Receptor, ErbB-4","Receptor, ErbB-4",10.056
P0505,keyword,6,Hippocampus,Hippocampus,9.491
P0505,keyword,7,Valproic Acid,Valproic Acid,7.836
P0505,keyword,8,ERBB4,ERBB4,7.575
P0505,keyword,9,Acetylcysteine,Acetylcysteine,7.259
P0505,keyword,10,SH-SY5Y,SH-SY5Y,6.983
P0505,keyword,11,"Behavior, Animal","Behavior, Animal",6.777
P0505,keyword,12,Impulsive Behavior,Impulsive Behavior,6.553
P0505,technique,1,유전자변형 마우스,Genetically Modified Mice,1.588
P0505,technique,2,RNA-seq·전사체,RNA-seq / Transcriptomics,0.767
P0505,technique,3,전기생리,Electrophysiology,0.546
P0505,technique,4,웨스턴블롯,Western Blot,0.489
P0505,technique,5,면역조직화학,Immunohistochemistry,0.482
P0505,technique,6,RNA 치료제·siRNA,RNA Therapeutics,0.134
P0806,keyword,1,Thymoquinone,Thymoquinone,11.974
P0806,keyword,2,STAT3 Transcription Factor,STAT3 Transcription Factor,9.109
P0806,keyword,3,Reactive Oxygen Species,Reactive Oxygen Species,9.046
P0806,keyword,4,Apoptosis,Apoptosis,8.688
P0806,keyword,5,Survivin,Survivin,8.593
P0806,keyword,6,Signal transduction,Signal transduction,8.481
P0806,keyword,7,Cancer research,Cancer research,7.97
P0806,keyword,8,Domperidone,Domperidone,7.967
P0806,keyword,9,"Receptors, Prostaglandin E, EP4 Subtype","Receptors, Prostaglandin E, EP4 Subtype",7.909
P0806,keyword,10,STAT3,STAT3,7.708
P0806,keyword,11,Janus Kinase 2,Janus Kinase 2,7.532
P0806,keyword,12,Benzoquinones,Benzoquinones,6.12
P0806,technique,1,웨스턴블롯,Western Blot,1.772
P0806,technique,2,나노입자·약물전달,Nanoparticles / Drug Delivery,1.393
P0806,technique,3,종양 이종이식 모델,Xenograft Models,1.347
P0806,technique,4,유전자변형 마우스,Genetically Modified Mice,0.699
P0806,technique,5,생물정보·계산생물,Bioinformatics,0.695
P0806,technique,6,분자도킹·시뮬레이션,Molecular Docking / Dynamics,0.55
P0806,technique,7,유세포분석,Flow Cytometry,0.108
P0806,technique,8,면역조직화학,Immunohistochemistry,0.037
P0317,keyword,1,Mesothelial Cell,Mesothelial Cell,25.895
P0317,keyword,2,Hyperuricemia,Hyperuricemia,18.583
P0317,keyword,3,Uric Acid,Uric Acid,18.243
P0317,keyword,4,Kidney disease,Kidney disease,13.37
P0317,keyword,5,Oxidative Stress,Oxidative Stress,12.127
P0317,keyword,6,Mesothelium,Mesothelium,11.31
P0317,keyword,7,Kidney,Kidney,11.289
P0317,keyword,8,Peritoneal Dialysis,Peritoneal Dialysis,11.148
P0317,keyword,9,Renal Dialysis,Renal Dialysis,8.987
P0317,keyword,10,Epithelial–mesenchymal transition,Epithelial–mesenchymal transition,8.561
P0317,keyword,11,"Renal Insufficiency, Chronic","Renal Insufficiency, Chronic",8.329
P0317,keyword,12,Fibrosis,Fibrosis,6.674
P0317,technique,1,웨스턴블롯,Western Blot,0.74
P0317,technique,2,qPCR,Real-time PCR,0.535
P0317,technique,3,임상시험,Clinical Trials,0.428
P0317,technique,4,생물정보·계산생물,Bioinformatics,0.391
P0317,technique,5,유전자변형 마우스,Genetically Modified Mice,0.295
P0317,technique,6,RNA 치료제·siRNA,RNA Therapeutics,0.246
P0317,technique,7,전자현미경,Electron Microscopy,0.218
P0380,keyword,1,Skull Base,Skull Base,2.183
P0380,keyword,2,Plastic Surgery Procedures,Plastic Surgery Procedures,1.896
P0380,keyword,3,Dual Anti-Platelet Therapy,Dual Anti-Platelet Therapy,1.856
P0380,keyword,4,Frontal sinus,Frontal sinus,1.705
P0380,keyword,5,Carotid Stenosis,Carotid Stenosis,1.502
P0380,keyword,6,Burden of disease,Burden of disease,1.491
P0380,keyword,7,Nasal Cavity,Nasal Cavity,1.414
P0380,keyword,8,Stroke,Stroke,1.386
P0380,keyword,9,"Herpesvirus 3, Human","Herpesvirus 3, Human",1.385
P0380,keyword,10,Galea,Galea,1.373
P0380,keyword,11,Surgical Flaps,Surgical Flaps,1.363
P0380,keyword,12,Neck pain,Neck pain,1.339
P0380,technique,1,임상시험,Clinical Trials,0.502
P0380,technique,2,MRI·PET 영상,MRI / PET Imaging,0.299
P0458,keyword,1,Health Personnel,Health Personnel,3.876
P0458,keyword,2,Occupational Exposure,Occupational Exposure,3.279
P0458,keyword,3,Organs at Risk,Organs at Risk,2.78
P0458,keyword,4,Radiation exposure,Radiation exposure,2.72
P0458,keyword,5,Radiation Dosage,Radiation Dosage,1.99
P0458,keyword,6,Thermoluminescent Dosimetry,Thermoluminescent Dosimetry,1.853
P0458,keyword,7,Occupational Injuries,Occupational Injuries,1.719
P0458,keyword,8,Radiation Protection,Radiation Protection,1.62
P0458,keyword,9,Pesticides,Pesticides,1.427
P0458,keyword,10,Occupational safety and health,Occupational safety and health,1.418
P0458,keyword,11,Medical radiation,Medical radiation,1.224
P0458,keyword,12,Suicide,Suicide,1.211
P0756,keyword,1,Nanosheet,Nanosheet,0.752
P0756,keyword,2,Ammonia,Ammonia,0.472
P0756,keyword,3,Electrocatalyst,Electrocatalyst,0.466
P0756,keyword,4,Nitrate,Nitrate,0.336
P0756,keyword,5,Range (aeronautics),Range (aeronautics),0.247
P0756,keyword,6,Reduction (mathematics),Reduction (mathematics),0.219
P0486,keyword,1,Propiophenones,Propiophenones,9.731
P0486,keyword,2,Xanthohumol,Xanthohumol,7.099
P0486,keyword,3,Kelch-Like ECH-Associated Protein 1,Kelch-Like ECH-Associated Protein 1,6.995
P0486,keyword,4,Colitis-Associated Neoplasms,Colitis-Associated Neoplasms,6.91
P0486,keyword,5,Helicobacter pylori,Helicobacter pylori,6.366
P0486,keyword,6,Bombyx mori,Bombyx mori,6.072
P0486,keyword,7,Propolis,Propolis,5.492
P0486,keyword,8,Signal transduction,Signal transduction,5.113
P0486,keyword,9,Cinnamomum aromaticum,Cinnamomum aromaticum,5.057
P0486,keyword,10,NF-kappa B,NF-kappa B,5.037
P0486,keyword,11,Helicobacter Infections,Helicobacter Infections,4.892
P0486,keyword,12,KEAP1,KEAP1,4.863
P0486,technique,1,X선 결정학·구조분석,X-ray Crystallography,0.846
P0486,technique,2,유전자변형 마우스,Genetically Modified Mice,0.733
P0486,technique,3,RNA-seq·전사체,RNA-seq / Transcriptomics,0.712
P0486,technique,4,차세대 시퀀싱(NGS),Next-generation Sequencing,0.503
P0486,technique,5,질량분석,Mass Spectrometry,0.386
P0486,technique,6,생물정보·계산생물,Bioinformatics,0.37
P0486,technique,7,웨스턴블롯,Western Blot,0.292
P0486,technique,8,RNA 치료제·siRNA,RNA Therapeutics,0.212
P0569,keyword,1,Gefitinib,Gefitinib,6.484
P0569,keyword,2,Neoplasms,Neoplasms,4.919
P0569,keyword,3,Triple-negative breast cancer,Triple-negative breast cancer,4.582
P0569,keyword,4,Ribosomal Proteins,Ribosomal Proteins,4.553
P0569,keyword,5,Cancer research,Cancer research,4.433
P0569,keyword,6,Signal transduction,Signal transduction,4.426
P0569,keyword,7,EGFR inhibitors,EGFR inhibitors,4.42
P0569,keyword,8,Ribosomal protein s6,Ribosomal protein s6,4.286
P0569,keyword,9,"Drug Resistance, Neoplasm","Drug Resistance, Neoplasm",4.107
P0569,keyword,10,Ribosomal protein,Ribosomal protein,3.446
P0569,keyword,11,Epidermal growth factor receptor,Epidermal growth factor receptor,3.119
P0569,keyword,12,Antineoplastic Agents,Antineoplastic Agents,2.959
P0569,technique,1,RNA 치료제·siRNA,RNA Therapeutics,1.006
P0569,technique,2,질량분석,Mass Spectrometry,0.953
P0569,technique,3,항체 개발,Antibody Engineering,0.177
P0569,technique,4,웨스턴블롯,Western Blot,0.127
P0074,keyword,1,Conformable matrix,Conformable matrix,20.953
P0074,keyword,2,Extracellular Fluid,Extracellular Fluid,6.725
P0074,keyword,3,Wearable Electronic Devices,Wearable Electronic Devices,6.125
P0074,keyword,4,Transistor,Transistor,5.081
P0074,keyword,5,"Monitoring, Physiologic","Monitoring, Physiologic",4.248
P0074,keyword,6,Biosensing Techniques,Biosensing Techniques,4.091
P0074,keyword,7,Continuous glucose monitoring,Continuous glucose monitoring,3.931
P0074,keyword,8,Nanotechnology,Nanotechnology,3.493
P0074,keyword,9,Continuous monitoring,Continuous monitoring,3.341
P0074,keyword,10,Needles,Needles,3.329
P0074,keyword,11,Drug Monitoring,Drug Monitoring,3.329
P0074,keyword,12,Elastomer,Elastomer,3.322
P0074,technique,1,광유전학,Optogenetics,3.046
P0074,technique,2,전기생리,Electrophysiology,2.341
P0074,technique,3,나노입자·약물전달,Nanoparticles / Drug Delivery,0.235
P0390,keyword,1,Amino Acid Oxidoreductases,Amino Acid Oxidoreductases,7.756
P0390,keyword,2,Intracranial Aneurysm,Intracranial Aneurysm,6.865
P0390,keyword,3,Chitinase-3-Like Protein 1,Chitinase-3-Like Protein 1,6.725
P0390,keyword,4,Acute pancreatitis,Acute pancreatitis,6.705
P0390,keyword,5,Pancreatitis,Pancreatitis,6.397
P0390,keyword,6,"Tuberculosis, Multidrug-Resistant","Tuberculosis, Multidrug-Resistant",6.125
P0390,keyword,7,Hypertriglyceridemia,Hypertriglyceridemia,6.096
P0390,keyword,8,Diabetic Cardiomyopathies,Diabetic Cardiomyopathies,5.56
P0390,keyword,9,"Tuberculosis, Pulmonary","Tuberculosis, Pulmonary",5.529
P0390,keyword,10,Multiple Organ Failure,Multiple Organ Failure,4.927
P0390,keyword,11,CA-125 Antigen,CA-125 Antigen,4.793
P0390,keyword,12,Subthalamic nucleus,Subthalamic nucleus,4.774
P0390,technique,1,GWAS·유전역학,GWAS / Genetic Epidemiology,2.219
P0390,technique,2,유전자변형 마우스,Genetically Modified Mice,1.354
P0390,technique,3,MRI·PET 영상,MRI / PET Imaging,0.559
P0390,technique,4,머신러닝·AI,Machine Learning / AI,0.503
P0390,technique,5,임상시험,Clinical Trials,0.407
P0390,technique,6,생물정보·계산생물,Bioinformatics,0.158
P0168,keyword,1,"Enhancer Elements, Genetic","Enhancer Elements, Genetic",8.401
P0168,keyword,2,"Embryo, Nonmammalian","Embryo, Nonmammalian",6.087
P0168,keyword,3,Enhancer,Enhancer,5.795
P0168,keyword,4,"Gene Expression Regulation, Developmental","Gene Expression Regulation, Developmental",5.549
P0168,keyword,5,Ectoderm,Ectoderm,4.642
P0168,keyword,6,Gastrulation,Gastrulation,3.974
P0168,keyword,7,Homeodomain Proteins,Homeodomain Proteins,3.556
P0168,keyword,8,Transcription Factors,Transcription Factors,3.504
P0168,keyword,9,Enhancer RNAs,Enhancer RNAs,3.438
P0168,keyword,10,RNA polymerase II,RNA polymerase II,3.134
P0168,keyword,11,Binding Sites,Binding Sites,2.916
P0168,keyword,12,"Promoter Regions, Genetic","Promoter Regions, Genetic",2.726
P0168,technique,1,초파리,Drosophila,9.904
P0168,technique,2,생물정보·계산생물,Bioinformatics,0.528
P0168,technique,3,후성유전 분석,Epigenomics (ChIP/ATAC-seq),0.356
P0168,technique,4,줄기세포·iPSC,Stem Cells / iPSC,0.287
P0168,technique,5,유전자변형 마우스,Genetically Modified Mice,0.111
P0168,technique,6,항체 개발,Antibody Engineering,0.04
P0507,keyword,1,Usability,Usability,0.605
P0507,keyword,2,Pressure injury,Pressure injury,0.516
P0507,keyword,3,Cohen's kappa,Cohen's kappa,0.456
P0507,keyword,4,Kappa,Kappa,0.449
P0507,keyword,5,Clinical Practice,Clinical Practice,0.289
P0507,keyword,6,Stage (stratigraphy),Stage (stratigraphy),0.245
P0182,keyword,1,Antioxidant,Antioxidant,24.196
P0182,keyword,2,Plant Extracts,Plant Extracts,21.57
P0182,keyword,3,Pinus densiflora,Pinus densiflora,19.635
P0182,keyword,4,Antioxidant capacity,Antioxidant capacity,19.358
P0182,keyword,5,Food science,Food science,16.883
P0182,keyword,6,Bark (sound),Bark (sound),16.505
P0182,keyword,7,Antioxidants,Antioxidants,16.465
P0182,keyword,8,Phenols,Phenols,14.84
P0182,keyword,9,Isoflavones,Isoflavones,12.854
P0182,keyword,10,Digestion,Digestion,12.534
P0182,keyword,11,Pinus,Pinus,12.445
P0182,keyword,12,Oxidative Stress,Oxidative Stress,11.85
P0182,technique,1,질량분석,Mass Spectrometry,3.553
P0182,technique,2,조직공학·바이오프린팅,Tissue Engineering / Bioprinting,1.422
P0182,technique,3,머신러닝·AI,Machine Learning / AI,1.023
P0182,technique,4,웨스턴블롯,Western Blot,0.834
P0182,technique,5,유세포분석,Flow Cytometry,0.81
P0182,technique,6,분자도킹·시뮬레이션,Molecular Docking / Dynamics,0.79
P0182,technique,7,나노입자·약물전달,Nanoparticles / Drug Delivery,0.556
P0182,technique,8,MRI·PET 영상,MRI / PET Imaging,0.45
P0784,keyword,1,Blood Glucose Self-Monitoring,Blood Glucose Self-Monitoring,0.725
P0784,keyword,2,Mean squared error,Mean squared error,0.7
P0784,keyword,3,Autoregressive integrated moving average,Autoregressive integrated moving average,0.58
P0784,keyword,4,Mean absolute percentage error,Mean absolute percentage error,0.428
P0784,keyword,5,Glucose,Glucose,0.301
P0784,keyword,6,Time series,Time series,0.249
P0784,keyword,7,Algorithms,Algorithms,0.246
P0784,keyword,8,Blood Glucose,Blood Glucose,0.231
P0784,keyword,9,Series (stratigraphy),Series (stratigraphy),0.203
P0784,keyword,10,Multivariate statistics,Multivariate statistics,0.198
P0784,keyword,11,Algorithm,Algorithm,0.143
P0784,keyword,12,Statistics,Statistics,0.109
P0784,technique,1,머신러닝·AI,Machine Learning / AI,0.334
P0295,keyword,1,Bacillus amyloliquefaciens,Bacillus amyloliquefaciens,9.742
P0295,keyword,2,Streptomyces,Streptomyces,9.568
P0295,keyword,3,Derivatization,Derivatization,8.684
P0295,keyword,4,Aquatic Organisms,Aquatic Organisms,7.656
P0295,keyword,5,"Peptides, Cyclic","Peptides, Cyclic",7.522
P0295,keyword,6,Amycolatopsis,Amycolatopsis,7.349
P0295,keyword,7,Lipopeptides,Lipopeptides,7.08
P0295,keyword,8,Microbial Sensitivity Tests,Microbial Sensitivity Tests,6.942
P0295,keyword,9,Molecular Structure,Molecular Structure,5.614
P0295,keyword,10,Magnetic Resonance Spectroscopy,Magnetic Resonance Spectroscopy,5.441
P0295,keyword,11,Saponins,Saponins,5.157
P0295,keyword,12,Multigene Family,Multigene Family,5.151
P0295,technique,1,질량분석,Mass Spectrometry,4.513
P0295,technique,2,대사체·지질체,Metabolomics / Lipidomics,3.181
P0295,technique,3,분자도킹·시뮬레이션,Molecular Docking / Dynamics,1.348
P0295,technique,4,생물정보·계산생물,Bioinformatics,0.84
P0295,technique,5,X선 결정학·구조분석,X-ray Crystallography,0.651
P0009,keyword,1,"Killer Cells, Natural","Killer Cells, Natural",9.645
P0009,keyword,2,Feeder Cells,Feeder Cells,4.786
P0009,keyword,3,Photoresist,Photoresist,3.703
P0009,keyword,4,Adoptive cell transfer,Adoptive cell transfer,3.308
P0009,keyword,5,Cell therapy,Cell therapy,3.288
P0009,keyword,6,Cell Culture Techniques,Cell Culture Techniques,2.744
P0009,keyword,7,"Cytotoxicity, Immunologic","Cytotoxicity, Immunologic",2.444
P0009,keyword,8,Cell,Cell,2.398
P0009,keyword,9,Lymphokine-activated killer cell,Lymphokine-activated killer cell,2.366
P0009,keyword,10,Cytotoxicity,Cytotoxicity,2.229
P0009,keyword,11,Immunotherapy,Immunotherapy,2.204
P0009,keyword,12,Nanotopography,Nanotopography,2.105
P0009,technique,1,CAR-T·입양세포치료,CAR-T / Adoptive Cell Therapy,6.319
P0009,technique,2,나노입자·약물전달,Nanoparticles / Drug Delivery,2.035
P0009,technique,3,유세포분석,Flow Cytometry,1.189
P0225,keyword,1,Broiler,Broiler,82.292
P0225,keyword,2,Chickens,Chickens,53.46
P0225,keyword,3,Animal feed,Animal feed,49.275
P0225,keyword,4,Animal science,Animal science,40.269
P0225,keyword,5,Animal Nutritional Physiological Phenomena,Animal Nutritional Physiological Phenomena,36.949
P0225,keyword,6,Diet,Diet,36.61
P0225,keyword,7,Dietary Supplements,Dietary Supplements,25.017
P0225,keyword,8,Feed conversion ratio,Feed conversion ratio,23.46
P0225,keyword,9,Laying,Laying,22.013
P0225,keyword,10,Heat stress,Heat stress,21.501
P0225,keyword,11,Random Allocation,Random Allocation,17.753
P0225,keyword,12,Ovum,Ovum,17.573
P0225,technique,1,RNA-seq·전사체,RNA-seq / Transcriptomics,6.824
P0225,technique,2,생물정보·계산생물,Bioinformatics,0.075
P0050,keyword,1,Chondroitin Sulfates,Chondroitin Sulfates,9.969
P0050,keyword,2,Drug Liberation,Drug Liberation,9.872
P0050,keyword,3,Doxorubicin,Doxorubicin,9.858
P0050,keyword,4,Drug Carriers,Drug Carriers,8.379
P0050,keyword,5,Hyaluronan Receptors,Hyaluronan Receptors,6.659
P0050,keyword,6,Enzyme replacement therapy,Enzyme replacement therapy,6.483
P0050,keyword,7,Photochemotherapy,Photochemotherapy,6.198
P0050,keyword,8,Photodynamic therapy,Photodynamic therapy,6.149
P0050,keyword,9,Huntingtin Protein,Huntingtin Protein,5.835
P0050,keyword,10,"Hemostasis, Endoscopic","Hemostasis, Endoscopic",5.788
P0050,keyword,11,Polyethylene Glycols,Polyethylene Glycols,5.639
P0050,keyword,12,Particle Size,Particle Size,5.632
P0050,technique,1,나노입자·약물전달,Nanoparticles / Drug Delivery,19.369
P0050,technique,2,CRISPR 유전자편집,CRISPR Gene Editing,6.128
P0050,technique,3,하이드로젤·스캐폴드,Hydrogels / Scaffolds,6.055
P0050,technique,4,종양 이종이식 모델,Xenograft Models,4.498
P0050,technique,5,줄기세포·iPSC,Stem Cells / iPSC,2.836
P0050,technique,6,X선 결정학·구조분석,X-ray Crystallography,1.716
P0050,technique,7,질량분석,Mass Spectrometry,1.595
P0050,technique,8,임상시험,Clinical Trials,0.929
P0054,keyword,1,Detonator,Detonator,4.587
P0054,keyword,2,Rock blasting,Rock blasting,3.132
P0054,keyword,3,Multiplier (economics),Multiplier (economics),2.485
P0054,keyword,4,Proof of concept,Proof of concept,1.679
P0054,keyword,5,Pharynx,Pharynx,1.563
P0054,keyword,6,Preadolescence,Preadolescence,1.366
P0054,keyword,7,Modular design,Modular design,1.313
P0054,keyword,8,Bremsstrahlung,Bremsstrahlung,1.259
P0054,keyword,9,Zero (linguistics),Zero (linguistics),1.071
P0054,keyword,10,Explosive material,Explosive material,1.024
P0054,keyword,11,Vibration,Vibration,0.914
P0054,keyword,12,Deoxycholic Acid,Deoxycholic Acid,0.887
P0731,keyword,1,Chitinase-3-Like Protein 1,Chitinase-3-Like Protein 1,15.273
P0731,keyword,2,"Lupus Erythematosus, Systemic","Lupus Erythematosus, Systemic",12.309
P0731,keyword,3,"Mice, Inbred MRL lpr","Mice, Inbred MRL lpr",11.141
P0731,keyword,4,Dendritic Cells,Dendritic Cells,10.832
P0731,keyword,5,NF-kappa B,NF-kappa B,9.841
P0731,keyword,6,Signal transduction,Signal transduction,9.701
P0731,keyword,7,Inflammation,Inflammation,9.596
P0731,keyword,8,Cancer research,Cancer research,9.593
P0731,keyword,9,Cytokine-induced killer cell,Cytokine-induced killer cell,9.271
P0731,keyword,10,Immunology,Immunology,8.742
P0731,keyword,11,Cytokines,Cytokines,8.624
P0731,keyword,12,Cytokine-Induced Killer Cells,Cytokine-Induced Killer Cells,8.536
P0731,technique,1,유전자변형 마우스,Genetically Modified Mice,11.959
P0731,technique,2,줄기세포·iPSC,Stem Cells / iPSC,7.531
P0731,technique,3,분자도킹·시뮬레이션,Molecular Docking / Dynamics,6.275
P0731,technique,4,종양 이종이식 모델,Xenograft Models,4.757
P0731,technique,5,CAR-T·입양세포치료,CAR-T / Adoptive Cell Therapy,4.524
P0731,technique,6,웨스턴블롯,Western Blot,2.291
P0731,technique,7,유세포분석,Flow Cytometry,2.205
P0731,technique,8,RNA 치료제·siRNA,RNA Therapeutics,2.026
P0318,keyword,1,Parkinsonian Disorders,Parkinsonian Disorders,3.175
P0318,keyword,2,Dopamine Plasma Membrane Transport Proteins,Dopamine Plasma Membrane Transport Proteins,2.536
P0318,keyword,3,Tropanes,Tropanes,2.47
P0318,keyword,4,Parkinsonism,Parkinsonism,2.24
P0318,keyword,5,Diagnostic odds ratio,Diagnostic odds ratio,2.164
P0318,keyword,6,"Tomography, Emission-Computed, Single-Photon","Tomography, Emission-Computed, Single-Photon",2.055
P0318,keyword,7,Parkinson Disease,Parkinson Disease,2.046
P0318,keyword,8,Likelihood ratios in diagnostic testing,Likelihood ratios in diagnostic testing,1.476
P0318,keyword,9,Radiopharmaceuticals,Radiopharmaceuticals,1.404
P0318,keyword,10,Fluorodeoxyglucose F18,Fluorodeoxyglucose F18,1.143
P0318,keyword,11,PKM2,PKM2,1.075
P0318,keyword,12,Salivary gland,Salivary gland,1.013
P0318,technique,1,MRI·PET 영상,MRI / PET Imaging,2.073
P0149,keyword,1,Solubility,Solubility,62.403
P0149,keyword,2,Biological Availability,Biological Availability,52.886
P0149,keyword,3,Bioavailability,Bioavailability,50.352
P0149,keyword,4,Dissolution,Dissolution,41.127
P0149,keyword,5,Drug Carriers,Drug Carriers,36.08
P0149,keyword,6,Emulsions,Emulsions,32.538
P0149,keyword,7,"Administration, Oral","Administration, Oral",30.196
P0149,keyword,8,Particle Size,Particle Size,28.687
P0149,keyword,9,Tablets,Tablets,23.06
P0149,keyword,10,Chromatography,Chromatography,21.012
P0149,keyword,11,2-Hydroxypropyl-beta-cyclodextrin,2-Hydroxypropyl-beta-cyclodextrin,20.75
P0149,keyword,12,Dosage form,Dosage form,20.651
P0149,technique,1,나노입자·약물전달,Nanoparticles / Drug Delivery,49.554
P0149,technique,2,하이드로젤·스캐폴드,Hydrogels / Scaffolds,9.44
P0149,technique,3,전자현미경,Electron Microscopy,8.315
P0149,technique,4,X선 결정학·구조분석,X-ray Crystallography,6.754
P0149,technique,5,종양 이종이식 모델,Xenograft Models,4.997
P0149,technique,6,질량분석,Mass Spectrometry,1.098
P0149,technique,7,항체 개발,Antibody Engineering,0.495
P0149,technique,8,형광·공초점 이미징,Fluorescence / Confocal Imaging,0.404
P0787,keyword,1,Adoptive cell transfer,Adoptive cell transfer,3.596
P0787,keyword,2,"Tumor Necrosis Factor Receptor Superfamily, Member 9","Tumor Necrosis Factor Receptor Superfamily, Member 9",3.248
P0787,keyword,3,CD8-Positive T-Lymphocytes,CD8-Positive T-Lymphocytes,3.218
P0787,keyword,4,HeLa,HeLa,3.09
P0787,keyword,5,"Receptors, CCR8","Receptors, CCR8",2.942
P0787,keyword,6,"Receptors, Histamine H4","Receptors, Histamine H4",2.631
P0787,keyword,7,CD8,CD8,2.512
P0787,keyword,8,"Receptors, CCR4","Receptors, CCR4",2.45
P0787,keyword,9,Whole-Body Irradiation,Whole-Body Irradiation,2.326
P0787,keyword,10,Interleukin-18 Receptor alpha Subunit,Interleukin-18 Receptor alpha Subunit,2.321
P0787,keyword,11,T cell,T cell,2.217
P0787,keyword,12,Interleukin-2,Interleukin-2,2.206
P0787,technique,1,CAR-T·입양세포치료,CAR-T / Adoptive Cell Therapy,5.988
P0787,technique,2,유전자변형 마우스,Genetically Modified Mice,1.157
P0787,technique,3,항체 개발,Antibody Engineering,1.102
P0503,keyword,1,Multifactor Dimensionality Reduction,Multifactor Dimensionality Reduction,18.261
P0503,keyword,2,"Epistasis, Genetic","Epistasis, Genetic",13.42
P0503,keyword,3,"Polymorphism, Single Nucleotide","Polymorphism, Single Nucleotide",12.563
P0503,keyword,4,Single-nucleotide polymorphism,Single-nucleotide polymorphism,8.483
P0503,keyword,5,Genetic association,Genetic association,7.191
P0503,keyword,6,Feature selection,Feature selection,6.015
P0503,keyword,7,Dimensionality reduction,Dimensionality reduction,5.996
P0503,keyword,8,Genotype,Genotype,5.69
P0503,keyword,9,Markov blanket,Markov blanket,5.475
P0503,keyword,10,Bipolar Disorder,Bipolar Disorder,5.247
P0503,keyword,11,Metabolic Syndrome,Metabolic Syndrome,5.211
P0503,keyword,12,Genetic Association Studies,Genetic Association Studies,4.991
P0503,technique,1,GWAS·유전역학,GWAS / Genetic Epidemiology,14.106
P0503,technique,2,생물정보·계산생물,Bioinformatics,4.41
P0503,technique,3,머신러닝·AI,Machine Learning / AI,4.139
P0503,technique,4,애기장대·식물 모델,Arabidopsis,1.426
P0503,technique,5,임상시험,Clinical Trials,0.1
P0668,keyword,1,"Radiography, Panoramic","Radiography, Panoramic",10.95
P0668,keyword,2,Odontogenic Cysts,Odontogenic Cysts,6.266
P0668,keyword,3,"Radiographic Image Interpretation, Computer-Assisted","Radiographic Image Interpretation, Computer-Assisted",5.613
P0668,keyword,4,Lacunarity,Lacunarity,5.168
P0668,keyword,5,Signal-To-Noise Ratio,Signal-To-Noise Ratio,4.367
P0668,keyword,6,Radiography,Radiography,4.25
P0668,keyword,7,Magnification,Magnification,4.088
P0668,keyword,8,Mandible,Mandible,3.831
P0668,keyword,9,Panoramic radiograph,Panoramic radiograph,3.11
P0668,keyword,10,Cone-Beam Computed Tomography,Cone-Beam Computed Tomography,2.971
P0668,keyword,11,Diagnostic Errors,Diagnostic Errors,2.802
P0668,keyword,12,Odontogenic,Odontogenic,2.443
P0668,technique,1,MRI·PET 영상,MRI / PET Imaging,0.638
P0205,keyword,1,Psychology,Psychology,20.519
P0205,keyword,2,Drug Approval,Drug Approval,17.341
P0205,keyword,3,"Education, Pharmacy","Education, Pharmacy",16.586
P0205,keyword,4,Meta-analysis,Meta-analysis,15.656
P0205,keyword,5,Pharmacists,Pharmacists,15.256
P0205,keyword,6,Terrorism,Terrorism,15.177
P0205,keyword,7,Business,Business,14.59
P0205,keyword,8,"Drugs, Generic","Drugs, Generic",13.227
P0205,keyword,9,Pharmacy,Pharmacy,13.03
P0205,keyword,10,European union,European union,12.825
P0205,keyword,11,Network Meta-Analysis as Topic,Network Meta-Analysis as Topic,12.475
P0205,keyword,12,COVID-19,COVID-19,12.321
P0205,technique,1,임상시험,Clinical Trials,29.97
P0205,technique,2,머신러닝·AI,Machine Learning / AI,6.703
P0205,technique,3,질량분석,Mass Spectrometry,2.298
P0205,technique,4,줄기세포·iPSC,Stem Cells / iPSC,1.815
P0205,technique,5,생물정보·계산생물,Bioinformatics,1.551
P0205,technique,6,하이드로젤·스캐폴드,Hydrogels / Scaffolds,1.549
P0205,technique,7,MRI·PET 영상,MRI / PET Imaging,1.076
P0205,technique,8,CRISPR 유전자편집,CRISPR Gene Editing,1.07
P0532,keyword,1,Ischemic Stroke,Ischemic Stroke,52.418
P0532,keyword,2,Stroke (engine),Stroke (engine),45.919
P0532,keyword,3,Stroke,Stroke,42.533
P0532,keyword,4,Registries,Registries,21.778
P0532,keyword,5,Brain Ischemia,Brain Ischemia,19.74
P0532,keyword,6,Modified Rankin Scale,Modified Rankin Scale,16.765
P0532,keyword,7,Thrombolysis,Thrombolysis,15.908
P0532,keyword,8,Atrial fibrillation,Atrial fibrillation,15.66
P0532,keyword,9,Thrombolytic Therapy,Thrombolytic Therapy,13.136
P0532,keyword,10,Endovascular Procedures,Endovascular Procedures,13.085
P0532,keyword,11,Cardiology,Cardiology,12.172
P0532,keyword,12,Thrombectomy,Thrombectomy,11.489
P0532,technique,1,MRI·PET 영상,MRI / PET Imaging,7.544
P0532,technique,2,임상시험,Clinical Trials,3.921
P0532,technique,3,머신러닝·AI,Machine Learning / AI,1.314
P0532,technique,4,단백체,Proteomics,0.651
P0532,technique,5,생물정보·계산생물,Bioinformatics,0.245
P0713,keyword,1,Salmonella,Salmonella,9.77
P0713,keyword,2,African Swine Fever,African Swine Fever,9.123
P0713,keyword,3,Edema Disease of Swine,Edema Disease of Swine,8.673
P0713,keyword,4,Abattoirs,Abattoirs,8.558
P0713,keyword,5,African swine fever virus,African swine fever virus,8.338
P0713,keyword,6,Salmonella Vaccines,Salmonella Vaccines,8.244
P0713,keyword,7,Swine,Swine,8.203
P0713,keyword,8,Vibrio vulnificus,Vibrio vulnificus,7.854
P0713,keyword,9,Vaccine efficacy,Vaccine efficacy,7.552
P0713,keyword,10,Meta-analysis,Meta-analysis,7.293
P0713,keyword,11,Vaccine Development,Vaccine Development,7.292
P0713,keyword,12,Viral Vaccines,Viral Vaccines,6.052
P0080,keyword,1,Infectivity,Infectivity,0.61
P0080,keyword,2,Sars virus,Sars virus,0.379
P0080,keyword,3,Severe acute respiratory syndrome coronavirus 2 (SARS-CoV-2),Severe acute respiratory syndrome coronavirus 2 (SARS-CoV-2),0.29
P0080,keyword,4,2019-20 coronavirus outbreak,2019-20 coronavirus outbreak,0.238
P0080,keyword,5,Coronavirus disease 2019 (COVID-19),Coronavirus disease 2019 (COVID-19),0.222
P0080,keyword,6,Virology,Virology,0.117
P0080,keyword,7,Virus,Virus,0.035
P0080,keyword,8,Infectious disease (medical specialty),Infectious disease (medical specialty),0.023
P0510,keyword,1,Aerobic exercise,Aerobic exercise,0.137
P0510,keyword,2,Aerobic capacity,Aerobic capacity,0.116
P0510,keyword,3,Anaerobic exercise,Anaerobic exercise,0.096
P0510,keyword,4,Insulin Resistance,Insulin Resistance,0.087
P0510,keyword,5,Type 2 diabetes,Type 2 diabetes,0.085
P0510,keyword,6,VO2 max,VO2 max,0.083
P0510,keyword,7,Glycemic,Glycemic,0.076
P0510,keyword,8,Overweight,Overweight,0.074
P0510,keyword,9,Body mass index,Body mass index,0.074
P0510,keyword,10,Resistance Training,Resistance Training,0.074
P0510,keyword,11,Waist,Waist,0.067
P0510,keyword,12,Abdominal obesity,Abdominal obesity,0.066
P0056,keyword,1,Pluripotent Stem Cells,Pluripotent Stem Cells,36.335
P0056,keyword,2,Embryonic stem cell,Embryonic stem cell,29.926
P0056,keyword,3,DNA damage,DNA damage,19.871
P0056,keyword,4,Cell biology,Cell biology,18.704
P0056,keyword,5,Epiblast,Epiblast,17.815
P0056,keyword,6,Mitosis,Mitosis,15.203
P0056,keyword,7,Cellular Reprogramming,Cellular Reprogramming,14.289
P0056,keyword,8,Stem cell,Stem cell,13.98
P0056,keyword,9,Druggability,Druggability,12.932
P0056,keyword,10,Distal Myopathies,Distal Myopathies,12.099
P0056,keyword,11,Genome editing,Genome editing,11.662
P0056,keyword,12,Ferroptosis,Ferroptosis,10.791
P0056,technique,1,줄기세포·iPSC,Stem Cells / iPSC,40.884
P0056,technique,2,CRISPR 유전자편집,CRISPR Gene Editing,10.683
P0056,technique,3,생물정보·계산생물,Bioinformatics,7.805
P0056,technique,4,RNA-seq·전사체,RNA-seq / Transcriptomics,7.727
P0056,technique,5,분자도킹·시뮬레이션,Molecular Docking / Dynamics,5.401
P0056,technique,6,종양 이종이식 모델,Xenograft Models,3.955
P0056,technique,7,오가노이드,Organoids,1.513
P0056,technique,8,머신러닝·AI,Machine Learning / AI,1.382
P0102,keyword,1,GATA3 Transcription Factor,GATA3 Transcription Factor,6.007
P0102,keyword,2,Vitis,Vitis,5.529
P0102,keyword,3,Circular dichroism,Circular dichroism,5.493
P0102,keyword,4,"Models, Molecular","Models, Molecular",4.464
P0102,keyword,5,"Protein Structure, Tertiary","Protein Structure, Tertiary",4.334
P0102,keyword,6,Binding Sites,Binding Sites,4.204
P0102,keyword,7,Chloroplasts,Chloroplasts,4.2
P0102,keyword,8,Stilbenes,Stilbenes,4.062
P0102,keyword,9,Micelles,Micelles,3.89
P0102,keyword,10,Magnetic Resonance Spectroscopy,Magnetic Resonance Spectroscopy,3.868
P0102,keyword,11,Binding site,Binding site,3.772
P0102,keyword,12,Protein Binding,Protein Binding,3.71
P0102,technique,1,X선 결정학·구조분석,X-ray Crystallography,11.184
P0102,technique,2,분자도킹·시뮬레이션,Molecular Docking / Dynamics,4.378
P0102,technique,3,애기장대·식물 모델,Arabidopsis,4.282
P0102,technique,4,질량분석,Mass Spectrometry,2.459
P0102,technique,5,생물정보·계산생물,Bioinformatics,1.279
P0102,technique,6,머신러닝·AI,Machine Learning / AI,0.624
P0102,technique,7,ELISA,ELISA,0.588
P0102,technique,8,나노입자·약물전달,Nanoparticles / Drug Delivery,0.28
P0095,keyword,1,Extracorporeal membrane oxygenation,Extracorporeal membrane oxygenation,22.633
P0095,keyword,2,Pharmacokinetics,Pharmacokinetics,16.43
P0095,keyword,3,NONMEM,NONMEM,12.166
P0095,keyword,4,Dosing,Dosing,11.694
P0095,keyword,5,Ticagrelor,Ticagrelor,11.354
P0095,keyword,6,Population pharmacokinetics,Population pharmacokinetics,10.268
P0095,keyword,7,Volume of distribution,Volume of distribution,10.219
P0095,keyword,8,Critical Illness,Critical Illness,8.272
P0095,keyword,9,Pembrolizumab,Pembrolizumab,8.075
P0095,keyword,10,Anticonvulsants,Anticonvulsants,7.73
P0095,keyword,11,Regimen,Regimen,7.565
P0095,keyword,12,Meropenem,Meropenem,7.327
P0095,technique,1,임상시험,Clinical Trials,5.584
P0095,technique,2,질량분석,Mass Spectrometry,3.485
P0095,technique,3,형광·공초점 이미징,Fluorescence / Confocal Imaging,0.871
P0095,technique,4,나노입자·약물전달,Nanoparticles / Drug Delivery,0.314
P0095,technique,5,생물정보·계산생물,Bioinformatics,0.241
P0655,keyword,1,Contact lens,Contact lens,12.827
P0655,keyword,2,Nanocomposites,Nanocomposites,9.791
P0655,keyword,3,Plasmon,Plasmon,9.061
P0655,keyword,4,Cystinosis,Cystinosis,8.756
P0655,keyword,5,Silver,Silver,8.046
P0655,keyword,6,Timolol,Timolol,7.832
P0655,keyword,7,Acrylic Resins,Acrylic Resins,7.572
P0655,keyword,8,Contact Lenses,Contact Lenses,6.613
P0655,keyword,9,Lens (geology),Lens (geology),6.495
P0655,keyword,10,Cystine,Cystine,5.696
P0655,keyword,11,Gold,Gold,5.285
P0655,keyword,12,Nanotechnology,Nanotechnology,4.886
P0655,technique,1,나노입자·약물전달,Nanoparticles / Drug Delivery,11.919
P0655,technique,2,하이드로젤·스캐폴드,Hydrogels / Scaffolds,7.928
P0655,technique,3,미세유체·장기칩,Microfluidics / Organ-on-a-chip,3.003
P0442,keyword,1,"Carcinoma, Transitional Cell","Carcinoma, Transitional Cell",3.633
P0442,keyword,2,Cystectomy,Cystectomy,3.448
P0442,keyword,3,Urinary Bladder Neoplasms,Urinary Bladder Neoplasms,3.415
P0442,keyword,4,"Biomarkers, Tumor","Biomarkers, Tumor",2.321
P0442,keyword,5,Bladder cancer,Bladder cancer,2.096
P0442,keyword,6,B7-H1 Antigen,B7-H1 Antigen,2.087
P0442,keyword,7,Urinary Bladder,Urinary Bladder,2.05
P0442,keyword,8,Ganglioglioma,Ganglioglioma,1.861
P0442,keyword,9,Irritable Bowel Syndrome,Irritable Bowel Syndrome,1.796
P0442,keyword,10,ATRX,ATRX,1.701
P0442,keyword,11,PD-L1,PD-L1,1.635
P0442,keyword,12,Ganglioneuroma,Ganglioneuroma,1.571
P0442,technique,1,면역조직화학,Immunohistochemistry,1.473
P0442,technique,2,머신러닝·AI,Machine Learning / AI,0.484
P0442,technique,3,MRI·PET 영상,MRI / PET Imaging,0.425
P0446,keyword,1,Blood pressure,Blood pressure,25.492
P0446,keyword,2,Ambulatory blood pressure,Ambulatory blood pressure,15.479
P0446,keyword,3,Chlorthalidone,Chlorthalidone,13.938
P0446,keyword,4,Hypertension,Hypertension,13.308
P0446,keyword,5,Antihypertensive Agents,Antihypertensive Agents,12.687
P0446,keyword,6,Echocardiography,Echocardiography,12.181
P0446,keyword,7,Essential hypertension,Essential hypertension,11.523
P0446,keyword,8,Ventricular Remodeling,Ventricular Remodeling,10.377
P0446,keyword,9,Cardiology,Cardiology,10.239
P0446,keyword,10,Amlodipine,Amlodipine,10.157
P0446,keyword,11,Valsartan,Valsartan,10.058
P0446,keyword,12,Ambulatory,Ambulatory,9.511
P0446,technique,1,임상시험,Clinical Trials,4.893
P0446,technique,2,MRI·PET 영상,MRI / PET Imaging,0.388
P0012,keyword,1,Corrosion,Corrosion,37.286
P0012,keyword,2,Chemical engineering,Chemical engineering,33.714
P0012,keyword,3,Monte Carlo method,Monte Carlo method,33.495
P0012,keyword,4,Nanotechnology,Nanotechnology,32.57
P0012,keyword,5,Electrochemistry,Electrochemistry,29.001
P0012,keyword,6,Supercapacitor,Supercapacitor,28.214
P0012,keyword,7,Food Packaging,Food Packaging,26.897
P0012,keyword,8,Adipate,Adipate,25.683
P0012,keyword,9,Fourier transform infrared spectroscopy,Fourier transform infrared spectroscopy,23.564
P0012,keyword,10,Adsorption,Adsorption,23.149
P0012,keyword,11,Carbon fibers,Carbon fibers,23.012
P0012,keyword,12,Mesoporous silica,Mesoporous silica,21.902
P0012,technique,1,나노입자·약물전달,Nanoparticles / Drug Delivery,35.203
P0012,technique,2,전자현미경,Electron Microscopy,15.194
P0012,technique,3,하이드로젤·스캐폴드,Hydrogels / Scaffolds,14.693
P0012,technique,4,X선 결정학·구조분석,X-ray Crystallography,7.685
P0012,technique,5,조직공학·바이오프린팅,Tissue Engineering / Bioprinting,2.949
P0012,technique,6,머신러닝·AI,Machine Learning / AI,1.935
P0012,technique,7,형광·공초점 이미징,Fluorescence / Confocal Imaging,0.947
P0012,technique,8,질량분석,Mass Spectrometry,0.608
P0606,keyword,1,MEN1,MEN1,3.039
P0606,keyword,2,Calcitonin,Calcitonin,2.285
P0606,keyword,3,Breast cancer,Breast cancer,2.228
P0606,keyword,4,RET proto-oncogene,RET proto-oncogene,2.217
P0606,keyword,5,Medullary cavity,Medullary cavity,2.187
P0606,keyword,6,Medullary carcinoma,Medullary carcinoma,2.103
P0606,keyword,7,Multiple endocrine neoplasia,Multiple endocrine neoplasia,1.992
P0606,keyword,8,National Health and Nutrition Examination Survey,National Health and Nutrition Examination Survey,1.872
P0606,keyword,9,Thyroid carcinoma,Thyroid carcinoma,1.828
P0606,keyword,10,Germline,Germline,1.674
P0606,keyword,11,Thyroid,Thyroid,1.616
P0606,keyword,12,Germline mutation,Germline mutation,1.488
P0391,keyword,1,Anisakis,Anisakis,3.486
P0391,keyword,2,Moulting,Moulting,2.493
P0391,keyword,3,Asthma,Asthma,2.063
P0391,keyword,4,Immunogenicity,Immunogenicity,1.975
P0391,keyword,5,Eosinophilia,Eosinophilia,1.704
P0391,keyword,6,SCORAD,SCORAD,0.836
P0391,keyword,7,Exhaled nitric oxide,Exhaled nitric oxide,0.79
P0391,keyword,8,Birth Weight,Birth Weight,0.776
P0391,keyword,9,Larva,Larva,0.755
P0391,keyword,10,Experiential learning,Experiential learning,0.738
P0391,keyword,11,Patient Participation,Patient Participation,0.731
P0391,keyword,12,Pediatrics,Pediatrics,0.699
P0545,keyword,1,Genetically engineered,Genetically engineered,0.648
P0545,keyword,2,Signaling proteins,Signaling proteins,0.398
P0545,keyword,3,Genetically modified organism,Genetically modified organism,0.267
P0545,keyword,4,Signal transduction,Signal transduction,0.132
P0281,keyword,1,Food science,Food science,71.375
P0281,keyword,2,Myofibril,Myofibril,48.11
P0281,keyword,3,Emulsion,Emulsion,46.63
P0281,keyword,4,Meat Products,Meat Products,38.112
P0281,keyword,5,Chewiness,Chewiness,36.083
P0281,keyword,6,Loin,Loin,31.183
P0281,keyword,7,Food Handling,Food Handling,27.119
P0281,keyword,8,Insect,Insect,25.67
P0281,keyword,9,Edible Insects,Edible Insects,23.759
P0281,keyword,10,Lightness,Lightness,23.493
P0281,keyword,11,Ducks,Ducks,21.565
P0281,keyword,12,TBARS,TBARS,19.712
P0281,technique,1,질량분석,Mass Spectrometry,2.351
P0281,technique,2,제브라피시,Zebrafish,1.562
P0281,technique,3,머신러닝·AI,Machine Learning / AI,0.409
P0281,technique,4,X선 결정학·구조분석,X-ray Crystallography,0.398
P0281,technique,5,나노입자·약물전달,Nanoparticles / Drug Delivery,0.396
P0195,keyword,1,Snail Family Transcription Factors,Snail Family Transcription Factors,8.318
P0195,keyword,2,Cadherins,Cadherins,6.958
P0195,keyword,3,Epithelial-Mesenchymal Transition,Epithelial-Mesenchymal Transition,5.114
P0195,keyword,4,Cancer cell,Cancer cell,4.917
P0195,keyword,5,Doxorubicin,Doxorubicin,4.453
P0195,keyword,6,Cadherin,Cadherin,4.229
P0195,keyword,7,Polysialic acid,Polysialic acid,4.154
P0195,keyword,8,Sialic Acids,Sialic Acids,3.899
P0195,keyword,9,Cell Movement,Cell Movement,3.899
P0195,keyword,10,Twist-Related Protein 1,Twist-Related Protein 1,3.826
P0195,keyword,11,Cancer research,Cancer research,3.748
P0195,keyword,12,MCF-7 Cells,MCF-7 Cells,3.568
P0195,technique,1,나노입자·약물전달,Nanoparticles / Drug Delivery,7.772
P0195,technique,2,종양 이종이식 모델,Xenograft Models,2.269
P0195,technique,3,대사체·지질체,Metabolomics / Lipidomics,1.159
P0195,technique,4,RNA-seq·전사체,RNA-seq / Transcriptomics,0.906
P0195,technique,5,유전자변형 마우스,Genetically Modified Mice,0.413
P0195,technique,6,생물정보·계산생물,Bioinformatics,0.402
P0613,keyword,1,Lacrimal Duct Obstruction,Lacrimal Duct Obstruction,4.156
P0613,keyword,2,Nasolacrimal Duct,Nasolacrimal Duct,3.666
P0613,keyword,3,Flutter,Flutter,2.395
P0613,keyword,4,Ramsay Hunt syndrome,Ramsay Hunt syndrome,2.13
P0613,keyword,5,Mental Status and Dementia Tests,Mental Status and Dementia Tests,2.124
P0613,keyword,6,Tears,Tears,1.967
P0613,keyword,7,Meningoencephalitis,Meningoencephalitis,1.955
P0613,keyword,8,Nystagmus,Nystagmus,1.893
P0613,keyword,9,Retinal degeneration,Retinal degeneration,1.721
P0613,keyword,10,"Tomography, Optical Coherence","Tomography, Optical Coherence",1.667
P0613,keyword,11,Vestibular system,Vestibular system,1.618
P0613,keyword,12,Nerve fiber layer,Nerve fiber layer,1.495
P0613,technique,1,단백체,Proteomics,1.447
P0613,technique,2,질량분석,Mass Spectrometry,0.882
P0613,technique,3,MRI·PET 영상,MRI / PET Imaging,0.334
P0116,keyword,1,Lurasidone Hydrochloride,Lurasidone Hydrochloride,0.73
P0116,keyword,2,Lurasidone,Lurasidone,0.649
P0116,keyword,3,Risperidone,Risperidone,0.464
P0116,keyword,4,Positive and Negative Syndrome Scale,Positive and Negative Syndrome Scale,0.432
P0116,keyword,5,Schizophrenia,Schizophrenia,0.371
P0116,keyword,6,Antipsychotic Agents,Antipsychotic Agents,0.359
P0116,keyword,7,Clinical Global Impression,Clinical Global Impression,0.302
P0116,keyword,8,Double-Blind Method,Double-Blind Method,0.24
P0116,keyword,9,Tolerability,Tolerability,0.185
P0116,keyword,10,Schizophrenia (object-oriented programming),Schizophrenia (object-oriented programming),0.181
P0116,keyword,11,"Discrimination, Psychological","Discrimination, Psychological",0.152
P0116,keyword,12,Obsessive-Compulsive Disorder,Obsessive-Compulsive Disorder,0.152
P0676,keyword,1,Helicobacter pylori,Helicobacter pylori,11.394
P0676,keyword,2,CagA,CagA,9.959
P0676,keyword,3,Evodiamine,Evodiamine,7.709
P0676,keyword,4,Helicobacter Infections,Helicobacter Infections,6.58
P0676,keyword,5,Schisandra chinensis,Schisandra chinensis,5.966
P0676,keyword,6,Hesperetin,Hesperetin,5.854
P0676,keyword,7,Endophyte,Endophyte,3.793
P0676,keyword,8,Type IV Secretion Systems,Type IV Secretion Systems,3.677
P0676,keyword,9,Schisandra,Schisandra,3.586
P0676,keyword,10,Urease,Urease,3.58
P0676,keyword,11,Virulence,Virulence,3.55
P0676,keyword,12,"Antigens, Bacterial","Antigens, Bacterial",3.011
P0676,technique,1,웨스턴블롯,Western Blot,1.831
P0676,technique,2,RNA-seq·전사체,RNA-seq / Transcriptomics,0.865
P0676,technique,3,질량분석,Mass Spectrometry,0.623
P0676,technique,4,생물정보·계산생물,Bioinformatics,0.299
P0274,keyword,1,R-SNARE Proteins,R-SNARE Proteins,14.449
P0274,keyword,2,Plant Immunity,Plant Immunity,13.565
P0274,keyword,3,SNARE Proteins,SNARE Proteins,11.41
P0274,keyword,4,Exocytosis,Exocytosis,8.908
P0274,keyword,5,Qa-SNARE Proteins,Qa-SNARE Proteins,7.879
P0274,keyword,6,Synaptotagmins,Synaptotagmins,6.279
P0274,keyword,7,Pseudomonas syringae,Pseudomonas syringae,5.836
P0274,keyword,8,Secretory Vesicles,Secretory Vesicles,5.796
P0274,keyword,9,"Gene Expression Regulation, Plant","Gene Expression Regulation, Plant",5.454
P0274,keyword,10,Synaptotagmin 1,Synaptotagmin 1,5.12
P0274,keyword,11,"Stress, Physiological","Stress, Physiological",3.975
P0274,keyword,12,Vesicle,Vesicle,3.822
P0274,technique,1,애기장대·식물 모델,Arabidopsis,17.915
P0274,technique,2,초파리,Drosophila,2.279
P0274,technique,3,생물정보·계산생물,Bioinformatics,0.499
P0274,technique,4,머신러닝·AI,Machine Learning / AI,0.152
P0754,keyword,1,Fermi resonance,Fermi resonance,5.374
P0754,keyword,2,Infrared spectroscopy,Infrared spectroscopy,4.859
P0754,keyword,3,Overtone,Overtone,4.56
P0754,keyword,4,"Spectrophotometry, Infrared","Spectrophotometry, Infrared",4.331
P0754,keyword,5,Antisymmetric relation,Antisymmetric relation,4.153
P0754,keyword,6,Anharmonicity,Anharmonicity,3.814
P0754,keyword,7,Spectral line,Spectral line,3.812
P0754,keyword,8,Hydrogen bond,Hydrogen bond,3.764
P0754,keyword,9,Infrared,Infrared,3.662
P0754,keyword,10,Spectroscopy,Spectroscopy,3.646
P0754,keyword,11,Heterodyne (poetry),Heterodyne (poetry),3.245
P0754,keyword,12,Exciton,Exciton,2.864
P0754,technique,1,분자도킹·시뮬레이션,Molecular Docking / Dynamics,2.074
P0754,technique,2,X선 결정학·구조분석,X-ray Crystallography,1.34
P0754,technique,3,나노입자·약물전달,Nanoparticles / Drug Delivery,0.127
P0754,technique,4,질량분석,Mass Spectrometry,0.059
P0758,keyword,1,Hand Strength,Hand Strength,3.15
P0758,keyword,2,Probiotics,Probiotics,3.121
P0758,keyword,3,Dietary Supplements,Dietary Supplements,3.074
P0758,keyword,4,Lactobacillus,Lactobacillus,2.864
P0758,keyword,5,"Muscle, Skeletal","Muscle, Skeletal",2.531
P0758,keyword,6,Seismic survey,Seismic survey,1.968
P0758,keyword,7,100-year flood,100-year flood,1.62
P0758,keyword,8,"Vaccines, DNA","Vaccines, DNA",1.599
P0758,keyword,9,Geological survey,Geological survey,1.554
P0758,keyword,10,Papillomavirus E7 Proteins,Papillomavirus E7 Proteins,1.474
P0758,keyword,11,Submarine pipeline,Submarine pipeline,1.449
P0758,keyword,12,Flood myth,Flood myth,1.432
P0758,technique,1,나노입자·약물전달,Nanoparticles / Drug Delivery,0.833
P0758,technique,2,생물정보·계산생물,Bioinformatics,0.438
P0433,keyword,1,Fallopian tube,Fallopian tube,3.873
P0433,keyword,2,Fallopian Tubes,Fallopian Tubes,3.087
P0433,keyword,3,Ovarian cancer,Ovarian cancer,2.635
P0433,keyword,4,Vesicle,Vesicle,2.345
P0433,keyword,5,Profiling (computer programming),Profiling (computer programming),2.317
P0433,keyword,6,Drug discovery,Drug discovery,2.187
P0433,keyword,7,Ovarian Neoplasms,Ovarian Neoplasms,2.024
P0433,keyword,8,Fluorescent Dyes,Fluorescent Dyes,1.94
P0433,keyword,9,Serous ovarian cancer,Serous ovarian cancer,1.878
P0433,keyword,10,Serous fluid,Serous fluid,1.77
P0433,keyword,11,3T3-L1 Cells,3T3-L1 Cells,1.647
P0433,keyword,12,X-Box Binding Protein 1,X-Box Binding Protein 1,1.637
P0433,technique,1,엑소좀·세포외소포,Exosomes / EVs,9.529
P0433,technique,2,단백체,Proteomics,1.686
P0433,technique,3,생물정보·계산생물,Bioinformatics,0.946
P0433,technique,4,나노입자·약물전달,Nanoparticles / Drug Delivery,0.337
P0433,technique,5,머신러닝·AI,Machine Learning / AI,0.13
P0802,keyword,1,"Drug Resistance, Multiple, Bacterial","Drug Resistance, Multiple, Bacterial",15.506
P0802,keyword,2,Multilocus sequence typing,Multilocus sequence typing,12.849
P0802,keyword,3,Pork Meat,Pork Meat,12.743
P0802,keyword,4,Food Microbiology,Food Microbiology,12.215
P0802,keyword,5,"Drug Resistance, Bacterial","Drug Resistance, Bacterial",12.172
P0802,keyword,6,Swine Diseases,Swine Diseases,12.013
P0802,keyword,7,Antibiotic resistance,Antibiotic resistance,11.966
P0802,keyword,8,Anti-Bacterial Agents,Anti-Bacterial Agents,11.567
P0802,keyword,9,Swine,Swine,10.782
P0802,keyword,10,Microbiology,Microbiology,10.733
P0802,keyword,11,Paratuberculosis,Paratuberculosis,10.723
P0802,keyword,12,Microbial Sensitivity Tests,Microbial Sensitivity Tests,10.653
P0802,technique,1,차세대 시퀀싱(NGS),Next-generation Sequencing,21.638
P0802,technique,2,생물정보·계산생물,Bioinformatics,2.682
P0802,technique,3,항체 개발,Antibody Engineering,2.2
P0802,technique,4,유세포분석,Flow Cytometry,1.861
P0802,technique,5,qPCR,Real-time PCR,0.97
P0802,technique,6,머신러닝·AI,Machine Learning / AI,0.501
P0802,technique,7,ELISA,ELISA,0.243
P0344,keyword,1,Triangular Fibrocartilage,Triangular Fibrocartilage,10.516
P0344,keyword,2,"Range of Motion, Articular","Range of Motion, Articular",9.366
P0344,keyword,3,Joint Instability,Joint Instability,7.331
P0344,keyword,4,Wrist Joint,Wrist Joint,7.217
P0344,keyword,5,"Fractures, Comminuted","Fractures, Comminuted",6.978
P0344,keyword,6,Scaphoid Bone,Scaphoid Bone,6.879
P0344,keyword,7,"Fracture Fixation, Internal","Fracture Fixation, Internal",6.655
P0344,keyword,8,Druj,Druj,6.603
P0344,keyword,9,Iliac crest,Iliac crest,6.509
P0344,keyword,10,Humeral Fractures,Humeral Fractures,6.497
P0344,keyword,11,Elbow Joint,Elbow Joint,6.156
P0344,keyword,12,Foveal,Foveal,6.119
P0344,technique,1,줄기세포·iPSC,Stem Cells / iPSC,1.293
P0237,keyword,1,Fourier transform spectroscopy,Fourier transform spectroscopy,1.072
P0237,keyword,2,Fourier transform,Fourier transform,0.937
P0237,keyword,3,Fourier transform infrared spectroscopy,Fourier transform infrared spectroscopy,0.777
P0237,keyword,4,Infrared,Infrared,0.641
P0237,keyword,5,Spectroscopy,Spectroscopy,0.535
P0237,keyword,6,Omega,Omega,0.527
P0237,keyword,7,Omega 3 fatty acid,Omega 3 fatty acid,0.482
P0237,keyword,8,Mycotoxin,Mycotoxin,0.457
P0237,keyword,9,Spectral analysis,Spectral analysis,0.421
P0237,keyword,10,Food spoilage,Food spoilage,0.387
P0237,keyword,11,Nuclear magnetic resonance spectroscopy,Nuclear magnetic resonance spectroscopy,0.385
P0237,keyword,12,Infrared spectroscopy,Infrared spectroscopy,0.323
P0237,technique,1,질량분석,Mass Spectrometry,0.006
P0296,keyword,1,Ferroptosis,Ferroptosis,4.401
P0296,keyword,2,beta Catenin,beta Catenin,3.028
P0296,keyword,3,Colonic Neoplasms,Colonic Neoplasms,2.791
P0296,keyword,4,Glycogen Synthase Kinase 3 beta,Glycogen Synthase Kinase 3 beta,2.413
P0296,keyword,5,Wnt signaling pathway,Wnt signaling pathway,2.348
P0296,keyword,6,Indoles,Indoles,1.86
P0296,keyword,7,Glycogen synthase,Glycogen synthase,1.588
P0296,keyword,8,LRP6,LRP6,1.515
P0296,keyword,9,Apoptosis,Apoptosis,1.405
P0296,keyword,10,Catenin,Catenin,1.208
P0296,keyword,11,GSK-3,GSK-3,1.181
P0296,keyword,12,Annexin,Annexin,1.173
P0643,keyword,1,Digestive System Surgical Procedures,Digestive System Surgical Procedures,5.097
P0643,keyword,2,Surgical Wound Infection,Surgical Wound Infection,4.281
P0643,keyword,3,Peripherally inserted central catheter,Peripherally inserted central catheter,3.467
P0643,keyword,4,Asepsis,Asepsis,3.443
P0643,keyword,5,"Intestine, Small","Intestine, Small",3.315
P0643,keyword,6,Stab,Stab,2.893
P0643,keyword,7,Colon,Colon,2.578
P0643,keyword,8,Catheter,Catheter,2.322
P0643,keyword,9,Length of Stay,Length of Stay,2.247
P0643,keyword,10,Stab wound,Stab wound,2.235
P0643,keyword,11,Cardiothoracic surgery,Cardiothoracic surgery,2.138
P0643,keyword,12,Vascular surgery,Vascular surgery,1.779
P0643,technique,1,임상시험,Clinical Trials,0.195
P0159,keyword,1,Fragile X Messenger Ribonucleoprotein 1,Fragile X Messenger Ribonucleoprotein 1,7.129
P0159,keyword,2,Fragile X Mental Retardation Protein,Fragile X Mental Retardation Protein,7.129
P0159,keyword,3,Ubiquitin-Protein Ligases,Ubiquitin-Protein Ligases,6.75
P0159,keyword,4,Inhibitor of Apoptosis Proteins,Inhibitor of Apoptosis Proteins,6.739
P0159,keyword,5,Baculoviral IAP Repeat-Containing 3 Protein,Baculoviral IAP Repeat-Containing 3 Protein,6.497
P0159,keyword,6,Stearoyl-CoA Desaturase,Stearoyl-CoA Desaturase,6.372
P0159,keyword,7,Endodeoxyribonucleases,Endodeoxyribonucleases,5.445
P0159,keyword,8,Adenosine deaminase,Adenosine deaminase,5.351
P0159,keyword,9,"RNA, Double-Stranded","RNA, Double-Stranded",5.254
P0159,keyword,10,Inhibitor of apoptosis,Inhibitor of apoptosis,4.958
P0159,keyword,11,Ubiquitination,Ubiquitination,4.654
P0159,keyword,12,Ferroptosis,Ferroptosis,4.401
P0159,technique,1,초파리,Drosophila,2.369
P0159,technique,2,생물정보·계산생물,Bioinformatics,0.149
P0159,technique,3,면역조직화학,Immunohistochemistry,0.043
P0422,keyword,1,Palatine Tonsil,Palatine Tonsil,28.64
P0422,keyword,2,Schwann Cells,Schwann Cells,25.921
P0422,keyword,3,Mesenchymal Stem Cell Transplantation,Mesenchymal Stem Cell Transplantation,21.246
P0422,keyword,4,Mesenchymal stem cell,Mesenchymal stem cell,15.347
P0422,keyword,5,Charcot-Marie-Tooth Disease,Charcot-Marie-Tooth Disease,14.416
P0422,keyword,6,Nerve Regeneration,Nerve Regeneration,14.004
P0422,keyword,7,Peripheral Nerve Injuries,Peripheral Nerve Injuries,12.272
P0422,keyword,8,Cell Differentiation,Cell Differentiation,11.067
P0422,keyword,9,Neuromuscular junction,Neuromuscular junction,10.926
P0422,keyword,10,Sciatic nerve,Sciatic nerve,10.345
P0422,keyword,11,Globotriaosylceramide,Globotriaosylceramide,8.734
P0422,keyword,12,Fabry disease,Fabry disease,8.622
P0422,technique,1,줄기세포·iPSC,Stem Cells / iPSC,25.197
P0422,technique,2,RNA-seq·전사체,RNA-seq / Transcriptomics,2.416
P0422,technique,3,차세대 시퀀싱(NGS),Next-generation Sequencing,1.96
P0422,technique,4,유전자변형 마우스,Genetically Modified Mice,1.705
P0422,technique,5,MRI·PET 영상,MRI / PET Imaging,1.084
P0422,technique,6,면역조직화학,Immunohistochemistry,0.917
P0422,technique,7,웨스턴블롯,Western Blot,0.531
P0422,technique,8,조직공학·바이오프린팅,Tissue Engineering / Bioprinting,0.472
P0592,keyword,1,Bone Transplantation,Bone Transplantation,6.207
P0592,keyword,2,Talus,Talus,6.156
P0592,keyword,3,Arthropathy,Arthropathy,5.519
P0592,keyword,4,Ankle,Ankle,5.142
P0592,keyword,5,Cuneiform,Cuneiform,4.865
P0592,keyword,6,Iliac bone,Iliac bone,4.648
P0592,keyword,7,Arthrodesis,Arthrodesis,4.337
P0592,keyword,8,Instability,Instability,4.046
P0592,keyword,9,Syndesmosis,Syndesmosis,4.004
P0592,keyword,10,Chondroblastoma,Chondroblastoma,4.001
P0592,keyword,11,Deltoid ligament,Deltoid ligament,3.993
P0592,keyword,12,"Transplantation, Autologous","Transplantation, Autologous",3.879
P0592,technique,1,MRI·PET 영상,MRI / PET Imaging,1.83
P0154,keyword,1,Amyotrophic Lateral Sclerosis,Amyotrophic Lateral Sclerosis,14.544
P0154,keyword,2,Frontotemporal Dementia,Frontotemporal Dementia,9.295
P0154,keyword,3,Dementia,Dementia,8.728
P0154,keyword,4,Deglutition Disorders,Deglutition Disorders,6.91
P0154,keyword,5,Pick Disease of the Brain,Pick Disease of the Brain,6.241
P0154,keyword,6,Gastrostomy,Gastrostomy,5.991
P0154,keyword,7,Weight Lifting,Weight Lifting,5.582
P0154,keyword,8,Gastroscopy,Gastroscopy,5.351
P0154,keyword,9,"Hematoma, Epidural, Spinal","Hematoma, Epidural, Spinal",4.925
P0154,keyword,10,Bed Rest,Bed Rest,4.161
P0154,keyword,11,Enteral Nutrition,Enteral Nutrition,4.112
P0154,keyword,12,Ileus,Ileus,3.89
P0154,technique,1,MRI·PET 영상,MRI / PET Imaging,1.599
P0254,keyword,1,Bone Wires,Bone Wires,42.343
P0254,keyword,2,"Fracture Fixation, Internal","Fracture Fixation, Internal",37.968
P0254,keyword,3,"Fractures, Bone","Fractures, Bone",27.173
P0254,keyword,4,Cadaver,Cadaver,26.145
P0254,keyword,5,Bone Nails,Bone Nails,25.241
P0254,keyword,6,Patella Fracture,Patella Fracture,20.944
P0254,keyword,7,Biomechanical Phenomena,Biomechanical Phenomena,20.216
P0254,keyword,8,Bone Screws,Bone Screws,18.323
P0254,keyword,9,Fixation (population genetics),Fixation (population genetics),18.319
P0254,keyword,10,Dogs,Dogs,17.608
P0254,keyword,11,Patella,Patella,15.696
P0254,keyword,12,Tension band wiring,Tension band wiring,13.67
P0254,technique,1,조직공학·바이오프린팅,Tissue Engineering / Bioprinting,6.517
P0254,technique,2,MRI·PET 영상,MRI / PET Imaging,2.846
P0254,technique,3,하이드로젤·스캐폴드,Hydrogels / Scaffolds,1.944
P0254,technique,4,나노입자·약물전달,Nanoparticles / Drug Delivery,1.823
P0254,technique,5,머신러닝·AI,Machine Learning / AI,1.469
P0254,technique,6,줄기세포·iPSC,Stem Cells / iPSC,1.276
P0254,technique,7,RNA-seq·전사체,RNA-seq / Transcriptomics,0.91
P0254,technique,8,임상시험,Clinical Trials,0.775
P0137,keyword,1,Rotifera,Rotifera,286.313
P0137,keyword,2,"Water Pollutants, Chemical","Water Pollutants, Chemical",262.004
P0137,keyword,3,Rotifer,Rotifer,192.513
P0137,keyword,4,Copepoda,Copepoda,186.065
P0137,keyword,5,Brachionus,Brachionus,178.294
P0137,keyword,6,Copepod,Copepod,112.625
P0137,keyword,7,Cladocera,Cladocera,92.276
P0137,keyword,8,Microplastics,Microplastics,87.451
P0137,keyword,9,Daphnia,Daphnia,75.104
P0137,keyword,10,Brachionus calyciflorus,Brachionus calyciflorus,73.417
P0137,keyword,11,Oryzias,Oryzias,73.135
P0137,keyword,12,Aquatic Organisms,Aquatic Organisms,71.199
P0137,technique,1,RNA-seq·전사체,RNA-seq / Transcriptomics,26.574
P0137,technique,2,CRISPR 유전자편집,CRISPR Gene Editing,13.723
P0137,technique,3,생물정보·계산생물,Bioinformatics,6.698
P0137,technique,4,조직공학·바이오프린팅,Tissue Engineering / Bioprinting,6.112
P0137,technique,5,나노입자·약물전달,Nanoparticles / Drug Delivery,5.752
P0137,technique,6,제브라피시,Zebrafish,5.38
P0137,technique,7,단백체,Proteomics,5.049
P0137,technique,8,차세대 시퀀싱(NGS),Next-generation Sequencing,4.224
P0647,keyword,1,Bagasse,Bagasse,2.569
P0647,keyword,2,Aldehyde Dehydrogenase,Aldehyde Dehydrogenase,1.961
P0647,keyword,3,Fluorodeoxyglucose F18,Fluorodeoxyglucose F18,1.933
P0647,keyword,4,Fluency,Fluency,1.93
P0647,keyword,5,Iodine Radioisotopes,Iodine Radioisotopes,1.897
P0647,keyword,6,HT29 Cells,HT29 Cells,1.886
P0647,keyword,7,Stuttering,Stuttering,1.828
P0647,keyword,8,Sodium-Iodide Symporters,Sodium-Iodide Symporters,1.816
P0647,keyword,9,Biological Assay,Biological Assay,1.742
P0647,keyword,10,Radiopharmaceuticals,Radiopharmaceuticals,1.739
P0647,keyword,11,Technetium Tc 99m Sestamibi,Technetium Tc 99m Sestamibi,1.705
P0647,keyword,12,Affect (linguistics),Affect (linguistics),1.685
P0647,technique,1,MRI·PET 영상,MRI / PET Imaging,1.236
P0647,technique,2,형광·공초점 이미징,Fluorescence / Confocal Imaging,0.88
P0647,technique,3,나노입자·약물전달,Nanoparticles / Drug Delivery,0.541
P0647,technique,4,유세포분석,Flow Cytometry,0.255
P0647,technique,5,RNA 치료제·siRNA,RNA Therapeutics,0.238
P0647,technique,6,웨스턴블롯,Western Blot,0.188
P0647,technique,7,전자현미경,Electron Microscopy,0.187
P0647,technique,8,X선 결정학·구조분석,X-ray Crystallography,0.093
P0542,keyword,1,Retrotransposon,Retrotransposon,23.429
P0542,keyword,2,Genome,Genome,22.453
P0542,keyword,3,Long Interspersed Nucleotide Elements,Long Interspersed Nucleotide Elements,16.047
P0542,keyword,4,Human genome,Human genome,15.727
P0542,keyword,5,Alu Elements,Alu Elements,15.579
P0542,keyword,6,Genetic Variation,Genetic Variation,15.223
P0542,keyword,7,Genetics,Genetics,15.187
P0542,keyword,8,Endogenous retrovirus,Endogenous retrovirus,14.271
P0542,keyword,9,Alu element,Alu element,14.251
P0542,keyword,10,Digital polymerase chain reaction,Digital polymerase chain reaction,13.72
P0542,keyword,11,Microbiota,Microbiota,13.503
P0542,keyword,12,Transposable element,Transposable element,12.936
P0542,technique,1,차세대 시퀀싱(NGS),Next-generation Sequencing,16.703
P0542,technique,2,생물정보·계산생물,Bioinformatics,11.283
P0542,technique,3,RNA-seq·전사체,RNA-seq / Transcriptomics,7.15
P0542,technique,4,GWAS·유전역학,GWAS / Genetic Epidemiology,3.46
P0542,technique,5,qPCR,Real-time PCR,3.273
P0542,technique,6,오가노이드,Organoids,1.864
P0542,technique,7,미세유체·장기칩,Microfluidics / Organ-on-a-chip,1.192
P0542,technique,8,분자도킹·시뮬레이션,Molecular Docking / Dynamics,1.04
P0216,keyword,1,Drug discovery,Drug discovery,8.523
P0216,keyword,2,"Receptor, Adenosine A2A","Receptor, Adenosine A2A",6.341
P0216,keyword,3,Protein Conformation,Protein Conformation,6.285
P0216,keyword,4,G protein-coupled receptor,G protein-coupled receptor,5.955
P0216,keyword,5,Nuclear Export Signals,Nuclear Export Signals,5.954
P0216,keyword,6,Drug Design,Drug Design,5.192
P0216,keyword,7,Capsaicin,Capsaicin,5.095
P0216,keyword,8,"Models, Molecular","Models, Molecular",4.332
P0216,keyword,9,Tetraspanins,Tetraspanins,4.221
P0216,keyword,10,"Evolution, Molecular","Evolution, Molecular",4.216
P0216,keyword,11,p21-Activated Kinases,p21-Activated Kinases,3.958
P0216,keyword,12,Ligands,Ligands,3.879
P0216,technique,1,분자도킹·시뮬레이션,Molecular Docking / Dynamics,6.686
P0216,technique,2,머신러닝·AI,Machine Learning / AI,4.139
P0216,technique,3,생물정보·계산생물,Bioinformatics,2.794
P0216,technique,4,유전자변형 마우스,Genetically Modified Mice,1.162
P0216,technique,5,X선 결정학·구조분석,X-ray Crystallography,1.14
P0216,technique,6,임상시험,Clinical Trials,0.784
P0216,technique,7,항체 개발,Antibody Engineering,0.674
P0216,technique,8,종양 이종이식 모델,Xenograft Models,0.605
P0640,keyword,1,Breast reconstruction,Breast reconstruction,4.634
P0640,keyword,2,Breast Cancer Lymphedema,Breast Cancer Lymphedema,4.43
P0640,keyword,3,Silver sulfadiazine,Silver sulfadiazine,3.644
P0640,keyword,4,Mammaplasty,Mammaplasty,3.604
P0640,keyword,5,Mastectomy,Mastectomy,2.841
P0640,keyword,6,Surgery,Surgery,2.787
P0640,keyword,7,Keloid,Keloid,2.769
P0640,keyword,8,Lymphedema,Lymphedema,2.747
P0640,keyword,9,Capsular contracture,Capsular contracture,2.722
P0640,keyword,10,Seroma,Seroma,2.55
P0640,keyword,11,Orbital Fracture,Orbital Fracture,2.524
P0640,keyword,12,Biguanide,Biguanide,2.229
P0228,keyword,1,Wave equation,Wave equation,10.659
P0228,keyword,2,Regenerative medicine,Regenerative medicine,9.534
P0228,keyword,3,Pluripotent Stem Cells,Pluripotent Stem Cells,7.995
P0228,keyword,4,Stem cell,Stem cell,7.785
P0228,keyword,5,Embryonic stem cell,Embryonic stem cell,7.052
P0228,keyword,6,Animal Testing Alternatives,Animal Testing Alternatives,6.923
P0228,keyword,7,"Myocytes, Cardiac","Myocytes, Cardiac",6.778
P0228,keyword,8,Radon transform,Radon transform,6.612
P0228,keyword,9,Stem Cell Transplantation,Stem Cell Transplantation,6.422
P0228,keyword,10,Cardiotoxicity,Cardiotoxicity,6.358
P0228,keyword,11,Spermatogonia,Spermatogonia,6.348
P0228,keyword,12,"Translational Research, Biomedical","Translational Research, Biomedical",6.253
P0228,technique,1,줄기세포·iPSC,Stem Cells / iPSC,18.7
P0228,technique,2,오가노이드,Organoids,11.901
P0228,technique,3,조직공학·바이오프린팅,Tissue Engineering / Bioprinting,5.592
P0228,technique,4,CRISPR 유전자편집,CRISPR Gene Editing,4.633
P0228,technique,5,엑소좀·세포외소포,Exosomes / EVs,2.023
P0228,technique,6,하이드로젤·스캐폴드,Hydrogels / Scaffolds,1.822
P0228,technique,7,머신러닝·AI,Machine Learning / AI,1.653
P0228,technique,8,RNA-seq·전사체,RNA-seq / Transcriptomics,1.514
P0585,keyword,1,Peritoneal Neoplasms,Peritoneal Neoplasms,6.503
P0585,keyword,2,Rectal Neoplasms,Rectal Neoplasms,3.691
P0585,keyword,3,Colorectal Neoplasms,Colorectal Neoplasms,2.873
P0585,keyword,4,Colorectal cancer,Colorectal cancer,2.787
P0585,keyword,5,Cytoreductive surgery,Cytoreductive surgery,2.72
P0585,keyword,6,Hyperthermic intraperitoneal chemotherapy,Hyperthermic intraperitoneal chemotherapy,2.658
P0585,keyword,7,Colonic Neoplasms,Colonic Neoplasms,2.486
P0585,keyword,8,Proto-Oncogene Proteins p21(ras),Proto-Oncogene Proteins p21(ras),2.438
P0585,keyword,9,Cytoreduction Surgical Procedures,Cytoreduction Surgical Procedures,2.358
P0585,keyword,10,Sigmoid colon,Sigmoid colon,2.16
P0585,keyword,11,Diverticulitis,Diverticulitis,2.095
P0585,keyword,12,Appendiceal Neoplasms,Appendiceal Neoplasms,1.958
P0585,technique,1,MRI·PET 영상,MRI / PET Imaging,0.641
P0585,technique,2,면역조직화학,Immunohistochemistry,0.33
P0585,technique,3,임상시험,Clinical Trials,0.069
P0355,keyword,1,Multiple Myeloma,Multiple Myeloma,15.203
P0355,keyword,2,Imatinib,Imatinib,12.77
P0355,keyword,3,Myeloid leukemia,Myeloid leukemia,11.837
P0355,keyword,4,Hematopoietic Stem Cell Transplantation,Hematopoietic Stem Cell Transplantation,10.403
P0355,keyword,5,Oncology,Oncology,8.223
P0355,keyword,6,Melphalan,Melphalan,8.049
P0355,keyword,7,Romiplostim,Romiplostim,7.586
P0355,keyword,8,Bortezomib,Bortezomib,7.399
P0355,keyword,9,Autologous stem-cell transplantation,Autologous stem-cell transplantation,7.132
P0355,keyword,10,Busulfan,Busulfan,6.167
P0355,keyword,11,Eltrombopag,Eltrombopag,5.917
P0355,keyword,12,Thalidomide,Thalidomide,5.841
P0355,technique,1,임상시험,Clinical Trials,3.635
P0355,technique,2,항체 개발,Antibody Engineering,1.337
P0355,technique,3,웨스턴블롯,Western Blot,0.677
P0355,technique,4,유세포분석,Flow Cytometry,0.603
P0355,technique,5,GWAS·유전역학,GWAS / Genetic Epidemiology,0.574
P0355,technique,6,MRI·PET 영상,MRI / PET Imaging,0.506
P0355,technique,7,RNA-seq·전사체,RNA-seq / Transcriptomics,0.456
P0355,technique,8,면역조직화학,Immunohistochemistry,0.389
P0335,keyword,1,Group Processes,Group Processes,1.958
P0335,keyword,2,Problem-based learning,Problem-based learning,1.823
P0335,keyword,3,"Education, Medical, Undergraduate","Education, Medical, Undergraduate",1.727
P0335,keyword,4,"Students, Medical","Students, Medical",1.25
P0335,keyword,5,"Schools, Medical","Schools, Medical",1.152
P0335,keyword,6,Curriculum,Curriculum,1.088
P0335,keyword,7,Team-based learning,Team-based learning,0.91
P0335,keyword,8,Experiential learning,Experiential learning,0.738
P0335,keyword,9,Moderation,Moderation,0.706
P0335,keyword,10,Medical education,Medical education,0.687
P0335,keyword,11,Entrepreneurship,Entrepreneurship,0.645
P0335,keyword,12,Secondary education,Secondary education,0.607
P0261,keyword,1,Ivermectin,Ivermectin,4.763
P0261,keyword,2,Anthelmintic,Anthelmintic,3.296
P0261,keyword,3,Infestation,Infestation,2.925
P0261,keyword,4,Histopathological examination,Histopathological examination,1.626
P0261,keyword,5,Genetically modified organism,Genetically modified organism,1.493
P0261,keyword,6,Feces,Feces,1.005
P0364,keyword,1,Brain Ischemia,Brain Ischemia,10.648
P0364,keyword,2,Noggin Protein,Noggin Protein,7.301
P0364,keyword,3,Noggin,Noggin,6.76
P0364,keyword,4,Iron,Iron,6.65
P0364,keyword,5,Hepcidins,Hepcidins,6.317
P0364,keyword,6,Intra-Abdominal Fat,Intra-Abdominal Fat,6.235
P0364,keyword,7,Brain,Brain,6.108
P0364,keyword,8,Microglia,Microglia,5.982
P0364,keyword,9,Myelin Sheath,Myelin Sheath,5.94
P0364,keyword,10,"Infarction, Middle Cerebral Artery","Infarction, Middle Cerebral Artery",5.828
P0364,keyword,11,Hepcidin,Hepcidin,5.827
P0364,keyword,12,Neuroprotection,Neuroprotection,5.043
P0364,technique,1,웨스턴블롯,Western Blot,2.047
P0364,technique,2,나노입자·약물전달,Nanoparticles / Drug Delivery,1.264
P0364,technique,3,qPCR,Real-time PCR,1.007
P0364,technique,4,유전자변형 마우스,Genetically Modified Mice,0.923
P0364,technique,5,RNA-seq·전사체,RNA-seq / Transcriptomics,0.766
P0364,technique,6,단백체,Proteomics,0.601
P0364,technique,7,전자현미경,Electron Microscopy,0.595
P0364,technique,8,RNA 치료제·siRNA,RNA Therapeutics,0.314
P0395,keyword,1,Median sternotomy,Median sternotomy,1.306
P0395,keyword,2,Bochdalek hernia,Bochdalek hernia,1.228
P0395,keyword,3,Mediastinitis,Mediastinitis,1.141
P0395,keyword,4,Chest tube,Chest tube,1.069
P0395,keyword,5,Thoracotomy,Thoracotomy,0.647
P0395,keyword,6,Inguinal hernia,Inguinal hernia,0.625
P0395,keyword,7,Hypoplasia,Hypoplasia,0.541
P0395,keyword,8,Constrictive pericarditis,Constrictive pericarditis,0.529
P0395,keyword,9,Pneumothorax,Pneumothorax,0.518
P0395,keyword,10,Tamponade,Tamponade,0.482
P0395,keyword,11,Sternum,Sternum,0.453
P0395,keyword,12,Suction,Suction,0.452
P0100,keyword,1,Glutaminolysis,Glutaminolysis,17.868
P0100,keyword,2,Glutamine,Glutamine,14.795
P0100,keyword,3,Amino Acid Transport System ASC,Amino Acid Transport System ASC,14.383
P0100,keyword,4,Leucine-tRNA Ligase,Leucine-tRNA Ligase,12.529
P0100,keyword,5,Minor Histocompatibility Antigens,Minor Histocompatibility Antigens,11.359
P0100,keyword,6,Neoplasms,Neoplasms,8.687
P0100,keyword,7,Trained Immunity,Trained Immunity,8.185
P0100,keyword,8,Signal transduction,Signal transduction,7.88
P0100,keyword,9,Mechanistic Target of Rapamycin Complex 1,Mechanistic Target of Rapamycin Complex 1,7.731
P0100,keyword,10,Amino Acids,Amino Acids,7.331
P0100,keyword,11,Leucine,Leucine,7.157
P0100,keyword,12,mTORC1,mTORC1,6.668
P0100,technique,1,종양 이종이식 모델,Xenograft Models,3.119
P0100,technique,2,유전자변형 마우스,Genetically Modified Mice,0.995
P0100,technique,3,오가노이드,Organoids,0.529
P0100,technique,4,항체 개발,Antibody Engineering,0.372
P0100,technique,5,ELISA,ELISA,0.36
P0100,technique,6,머신러닝·AI,Machine Learning / AI,0.36
P0100,technique,7,웨스턴블롯,Western Blot,0.317
P0100,technique,8,면역조직화학,Immunohistochemistry,0.309
P0473,keyword,1,Pluripotent Stem Cells,Pluripotent Stem Cells,17.497
P0473,keyword,2,"DNA, Mitochondrial","DNA, Mitochondrial",15.504
P0473,keyword,3,"Genome, Mitochondrial","Genome, Mitochondrial",10.929
P0473,keyword,4,Mitochondrial DNA,Mitochondrial DNA,10.653
P0473,keyword,5,Nuclear Transfer Techniques,Nuclear Transfer Techniques,9.994
P0473,keyword,6,Cell Differentiation,Cell Differentiation,9.327
P0473,keyword,7,Somatic cell,Somatic cell,7.976
P0473,keyword,8,Heteroplasmy,Heteroplasmy,7.115
P0473,keyword,9,Mitochondrial Diseases,Mitochondrial Diseases,7.11
P0473,keyword,10,Oocytes,Oocytes,7.087
P0473,keyword,11,Fasudil,Fasudil,6.063
P0473,keyword,12,"Killer Cells, Natural","Killer Cells, Natural",6.027
P0473,technique,1,줄기세포·iPSC,Stem Cells / iPSC,19.839
P0473,technique,2,X선 결정학·구조분석,X-ray Crystallography,1.163
P0473,technique,3,CRISPR 유전자편집,CRISPR Gene Editing,0.939
P0473,technique,4,차세대 시퀀싱(NGS),Next-generation Sequencing,0.924
P0473,technique,5,생물정보·계산생물,Bioinformatics,0.581
P0473,technique,6,유세포분석,Flow Cytometry,0.464
P0473,technique,7,RNA-seq·전사체,RNA-seq / Transcriptomics,0.362
P0473,technique,8,머신러닝·AI,Machine Learning / AI,0.248
P0798,keyword,1,Clinical Audit,Clinical Audit,8.756
P0798,keyword,2,Hepatitis A,Hepatitis A,7.501
P0798,keyword,3,Research Personnel,Research Personnel,7.292
P0798,keyword,4,"Drugs, Investigational","Drugs, Investigational",7.292
P0798,keyword,5,Medical Audit,Medical Audit,6.167
P0798,keyword,6,Stakeholder Participation,Stakeholder Participation,5.838
P0798,keyword,7,Hepatitis B,Hepatitis B,5.705
P0798,keyword,8,Meta-analysis,Meta-analysis,5.415
P0798,keyword,9,Hepatitis C,Hepatitis C,4.768
P0798,keyword,10,Drug Labeling,Drug Labeling,4.606
P0798,keyword,11,Drug repositioning,Drug repositioning,4.12
P0798,keyword,12,Nutrition Surveys,Nutrition Surveys,4.093
P0798,technique,1,임상시험,Clinical Trials,7.377
P0798,technique,2,머신러닝·AI,Machine Learning / AI,1.026
P0798,technique,3,생물정보·계산생물,Bioinformatics,0.543
P0723,keyword,1,Drug and Narcotic Control,Drug and Narcotic Control,7.832
P0723,keyword,2,Illicit Drugs,Illicit Drugs,7.832
P0723,keyword,3,Psychotropic Drugs,Psychotropic Drugs,7.292
P0723,keyword,4,Gastroesophageal Reflux,Gastroesophageal Reflux,7.211
P0723,keyword,5,Proton Pump Inhibitors,Proton Pump Inhibitors,6.863
P0723,keyword,6,Androgen Antagonists,Androgen Antagonists,6.156
P0723,keyword,7,Substance-Related Disorders,Substance-Related Disorders,5.835
P0723,keyword,8,"Pulmonary Disease, Chronic Obstructive","Pulmonary Disease, Chronic Obstructive",5.375
P0723,keyword,9,Delphi Technique,Delphi Technique,4.112
P0723,keyword,10,Ranibizumab,Ranibizumab,3.959
P0723,keyword,11,Intravitreal Injections,Intravitreal Injections,3.959
P0723,keyword,12,Acrylamides,Acrylamides,3.889
P0723,technique,1,항체 개발,Antibody Engineering,1.427
P0723,technique,2,임상시험,Clinical Trials,0.731
P0201,keyword,1,"Diabetes Mellitus, Type 2","Diabetes Mellitus, Type 2",42.037
P0201,keyword,2,Diabetes Mellitus,Diabetes Mellitus,32.807
P0201,keyword,3,Lipectomy,Lipectomy,23.601
P0201,keyword,4,Type 2 diabetes,Type 2 diabetes,23.126
P0201,keyword,5,Cohort,Cohort,18.894
P0201,keyword,6,Hypoglycemic Agents,Hypoglycemic Agents,18.225
P0201,keyword,7,Type 2 Diabetes Mellitus,Type 2 Diabetes Mellitus,16.65
P0201,keyword,8,Liposuction,Liposuction,15.305
P0201,keyword,9,Weight Loss,Weight Loss,15.245
P0201,keyword,10,COVID-19,COVID-19,15.11
P0201,keyword,11,Obesity,Obesity,14.412
P0201,keyword,12,Sodium-Glucose Transporter 2 Inhibitors,Sodium-Glucose Transporter 2 Inhibitors,14.387
P0201,technique,1,머신러닝·AI,Machine Learning / AI,14.004
P0201,technique,2,임상시험,Clinical Trials,6.042
P0201,technique,3,대사체·지질체,Metabolomics / Lipidomics,2.411
P0201,technique,4,GWAS·유전역학,GWAS / Genetic Epidemiology,1.899
P0201,technique,5,생물정보·계산생물,Bioinformatics,1.004
P0201,technique,6,항체 개발,Antibody Engineering,0.282
P0246,keyword,1,Regenerative medicine,Regenerative medicine,9.282
P0246,keyword,2,Microvesicles,Microvesicles,7.009
P0246,keyword,3,Cryptococcus neoformans,Cryptococcus neoformans,6.588
P0246,keyword,4,"Printing, Three-Dimensional","Printing, Three-Dimensional",6.172
P0246,keyword,5,Skin,Skin,6.03
P0246,keyword,6,"Dermatitis, Atopic","Dermatitis, Atopic",5.944
P0246,keyword,7,Vascular Diseases,Vascular Diseases,5.4
P0246,keyword,8,Biomimetic Materials,Biomimetic Materials,5.292
P0246,keyword,9,Mesenchymal stem cell,Mesenchymal stem cell,4.999
P0246,keyword,10,Microphysiological Systems,Microphysiological Systems,4.949
P0246,keyword,11,Wound Healing,Wound Healing,4.545
P0246,keyword,12,Regeneration (biology),Regeneration (biology),4.335
P0246,technique,1,엑소좀·세포외소포,Exosomes / EVs,16.099
P0246,technique,2,조직공학·바이오프린팅,Tissue Engineering / Bioprinting,8.3
P0246,technique,3,하이드로젤·스캐폴드,Hydrogels / Scaffolds,6.225
P0246,technique,4,미세유체·장기칩,Microfluidics / Organ-on-a-chip,5.981
P0246,technique,5,줄기세포·iPSC,Stem Cells / iPSC,3.865
P0246,technique,6,나노입자·약물전달,Nanoparticles / Drug Delivery,3.427
P0246,technique,7,오가노이드,Organoids,0.997
P0246,technique,8,생물정보·계산생물,Bioinformatics,0.535
P0230,keyword,1,Biofilms,Biofilms,120.818
P0230,keyword,2,Food Microbiology,Food Microbiology,100.046
P0230,keyword,3,Biofilm,Biofilm,99.917
P0230,keyword,4,Listeria monocytogenes,Listeria monocytogenes,58.21
P0230,keyword,5,Food Contamination,Food Contamination,50.277
P0230,keyword,6,Food science,Food science,48.841
P0230,keyword,7,Salmonella,Salmonella,43.737
P0230,keyword,8,Food Handling,Food Handling,43.298
P0230,keyword,9,Food Safety,Food Safety,40.463
P0230,keyword,10,Norovirus,Norovirus,39.941
P0230,keyword,11,Sodium Hypochlorite,Sodium Hypochlorite,38.068
P0230,keyword,12,Microbiology,Microbiology,37.016
P0230,technique,1,qPCR,Real-time PCR,5.981
P0230,technique,2,전자현미경,Electron Microscopy,3.182
P0230,technique,3,머신러닝·AI,Machine Learning / AI,1.577
P0230,technique,4,나노입자·약물전달,Nanoparticles / Drug Delivery,0.586
P0230,technique,5,항체 개발,Antibody Engineering,0.334
P0230,technique,6,생물정보·계산생물,Bioinformatics,0.264
P0230,technique,7,ELISA,ELISA,0.141
P0230,technique,8,형광·공초점 이미징,Fluorescence / Confocal Imaging,0.106
P0213,keyword,1,Uniporter,Uniporter,8.029
P0213,keyword,2,Tunicamycin,Tunicamycin,5.284
P0213,keyword,3,Quercetin,Quercetin,4.563
P0213,keyword,4,Digoxin,Digoxin,4.112
P0213,keyword,5,Penicillins,Penicillins,3.714
P0213,keyword,6,Anti-HIV Agents,Anti-HIV Agents,3.705
P0213,keyword,7,Calcium Channels,Calcium Channels,3.657
P0213,keyword,8,Biological Products,Biological Products,3.478
P0213,keyword,9,Glycosylation,Glycosylation,2.65
P0213,keyword,10,N-linked glycosylation,N-linked glycosylation,2.625
P0213,keyword,11,Natural (archaeology),Natural (archaeology),2.539
P0213,keyword,12,Endoplasmic Reticulum Stress,Endoplasmic Reticulum Stress,2.477
P0213,technique,1,크라이오전자현미경,Cryo-EM,7.649
P0213,technique,2,생물정보·계산생물,Bioinformatics,0.987
P0213,technique,3,X선 결정학·구조분석,X-ray Crystallography,0.92
P0213,technique,4,초파리,Drosophila,0.803
P0213,technique,5,항체 개발,Antibody Engineering,0.358
P0034,keyword,1,Lipidome,Lipidome,10.615
P0034,keyword,2,Principal component analysis,Principal component analysis,8.259
P0034,keyword,3,"Chromatography, High Pressure Liquid","Chromatography, High Pressure Liquid",7.85
P0034,keyword,4,Metabolome,Metabolome,7.597
P0034,keyword,5,Omics,Omics,7.492
P0034,keyword,6,Panax,Panax,7.483
P0034,keyword,7,Chromatography,Chromatography,7.381
P0034,keyword,8,Oryza,Oryza,6.483
P0034,keyword,9,Agarwood,Agarwood,6.414
P0034,keyword,10,Adverse Outcome Pathways,Adverse Outcome Pathways,5.788
P0034,keyword,11,Hepatocellular carcinoma,Hepatocellular carcinoma,5.782
P0034,keyword,12,Ginseng,Ginseng,5.513
P0034,technique,1,대사체·지질체,Metabolomics / Lipidomics,31.981
P0034,technique,2,질량분석,Mass Spectrometry,20.001
P0034,technique,3,예쁜꼬마선충,C. elegans,10.4
P0034,technique,4,생물정보·계산생물,Bioinformatics,6.25
P0034,technique,5,RNA-seq·전사체,RNA-seq / Transcriptomics,5.209
P0034,technique,6,머신러닝·AI,Machine Learning / AI,2.917
P0034,technique,7,줄기세포·iPSC,Stem Cells / iPSC,2.823
P0034,technique,8,단백체,Proteomics,2.516
P0562,keyword,1,Endoscopic ultrasound,Endoscopic ultrasound,31.483
P0562,keyword,2,Endosonography,Endosonography,28.462
P0562,keyword,3,"Cholangiopancreatography, Endoscopic Retrograde","Cholangiopancreatography, Endoscopic Retrograde",17.072
P0562,keyword,4,Pancreatic Neoplasms,Pancreatic Neoplasms,16.835
P0562,keyword,5,Pancreatitis,Pancreatitis,15.797
P0562,keyword,6,Radiofrequency ablation,Radiofrequency ablation,15.5
P0562,keyword,7,Radiology,Radiology,12.668
P0562,keyword,8,"Pancreatitis, Chronic","Pancreatitis, Chronic",11.774
P0562,keyword,9,"Sphincterotomy, Endoscopic","Sphincterotomy, Endoscopic",11.213
P0562,keyword,10,Pancreas,Pancreas,11.094
P0562,keyword,11,Cholestasis,Cholestasis,10.71
P0562,keyword,12,"Ribosomal Protein S6 Kinases, 70-kDa","Ribosomal Protein S6 Kinases, 70-kDa",10.194
P0562,technique,1,임상시험,Clinical Trials,1.846
P0562,technique,2,웨스턴블롯,Western Blot,1.621
P0562,technique,3,MRI·PET 영상,MRI / PET Imaging,1.045
P0562,technique,4,줄기세포·iPSC,Stem Cells / iPSC,0.852
P0562,technique,5,RNA 치료제·siRNA,RNA Therapeutics,0.846
P0562,technique,6,유전자변형 마우스,Genetically Modified Mice,0.541
P0562,technique,7,머신러닝·AI,Machine Learning / AI,0.518
P0562,technique,8,면역조직화학,Immunohistochemistry,0.501
P0566,keyword,1,"Receptor, Serotonin, 5-HT1B","Receptor, Serotonin, 5-HT1B",2.457
P0566,keyword,2,"Receptor, Serotonin, 5-HT2A","Receptor, Serotonin, 5-HT2A",1.637
P0566,keyword,3,Attention Deficit Disorder with Hyperactivity,Attention Deficit Disorder with Hyperactivity,1.449
P0566,keyword,4,East Asian People,East Asian People,0.873
P0566,keyword,5,Serotonergic,Serotonergic,0.762
P0566,keyword,6,Genetic Predisposition to Disease,Genetic Predisposition to Disease,0.683
P0566,keyword,7,"Polymorphism, Single Nucleotide","Polymorphism, Single Nucleotide",0.67
P0566,keyword,8,Genetic Association Studies,Genetic Association Studies,0.651
P0566,keyword,9,Gene Frequency,Gene Frequency,0.627
P0566,keyword,10,Case-control study,Case-control study,0.474
P0566,keyword,11,Asian People,Asian People,0.456
P0566,keyword,12,Single-nucleotide polymorphism,Single-nucleotide polymorphism,0.344
P0104,keyword,1,CD8,CD8,4.439
P0104,keyword,2,Immunologic Memory,Immunologic Memory,4.02
P0104,keyword,3,Immunology,Immunology,3.96
P0104,keyword,4,Memory T cell,Memory T cell,3.519
P0104,keyword,5,Immune system,Immune system,3.336
P0104,keyword,6,Cytotoxic T cell,Cytotoxic T cell,3.162
P0104,keyword,7,Lymphocytic choriomeningitis,Lymphocytic choriomeningitis,2.899
P0104,keyword,8,Typhoon,Typhoon,2.822
P0104,keyword,9,Homeostasis,Homeostasis,2.812
P0104,keyword,10,Interleukin-7,Interleukin-7,2.644
P0104,keyword,11,T-Cell Antigen Receptor Specificity,T-Cell Antigen Receptor Specificity,2.529
P0104,keyword,12,Anti-Allergic Agents,Anti-Allergic Agents,2.501
P0104,technique,1,나노입자·약물전달,Nanoparticles / Drug Delivery,1.646
P0104,technique,2,유전자변형 마우스,Genetically Modified Mice,1.063
P0104,technique,3,분자도킹·시뮬레이션,Molecular Docking / Dynamics,0.79
P0104,technique,4,X선 결정학·구조분석,X-ray Crystallography,0.766
P0104,technique,5,생물정보·계산생물,Bioinformatics,0.342
P0104,technique,6,전자현미경,Electron Microscopy,0.34
P0104,technique,7,ELISA,ELISA,0.264
P0104,technique,8,유세포분석,Flow Cytometry,0.121
P0764,keyword,1,RNA-Binding Protein EWS,RNA-Binding Protein EWS,6.91
P0764,keyword,2,Cell Self Renewal,Cell Self Renewal,5.991
P0764,keyword,3,Octamer Transcription Factor-3,Octamer Transcription Factor-3,4.5
P0764,keyword,4,"Oncogene Proteins, Fusion","Oncogene Proteins, Fusion",4.401
P0764,keyword,5,Teratoma,Teratoma,3.334
P0764,keyword,6,Embryonic stem cell,Embryonic stem cell,1.412
P0764,keyword,7,Cell Differentiation,Cell Differentiation,1.161
P0764,keyword,8,Fusion,Fusion,1.145
P0764,keyword,9,Mouse model of colorectal and intestinal cancer,Mouse model of colorectal and intestinal cancer,1.077
P0764,keyword,10,Cell Proliferation,Cell Proliferation,1.023
P0764,keyword,11,Fusion protein,Fusion protein,0.972
P0764,keyword,12,Teleconnection,Teleconnection,0.839
P0057,keyword,1,Cancer research,Cancer research,12.341
P0057,keyword,2,"Pleural Effusion, Malignant","Pleural Effusion, Malignant",11.29
P0057,keyword,3,Cancer,Cancer,11.187
P0057,keyword,4,Colorectal cancer,Colorectal cancer,10.355
P0057,keyword,5,Pancreatic Neoplasms,Pancreatic Neoplasms,10.193
P0057,keyword,6,"Drug Resistance, Neoplasm","Drug Resistance, Neoplasm",8.852
P0057,keyword,7,Pancreatic cancer,Pancreatic cancer,8.725
P0057,keyword,8,Glioblastoma,Glioblastoma,8.436
P0057,keyword,9,Druggability,Druggability,8.334
P0057,keyword,10,"Gene Expression Regulation, Neoplastic","Gene Expression Regulation, Neoplastic",8.277
P0057,keyword,11,Genetic Heterogeneity,Genetic Heterogeneity,7.2
P0057,keyword,12,"Carcinoma, Pancreatic Ductal","Carcinoma, Pancreatic Ductal",7.069
P0057,technique,1,오가노이드,Organoids,42.353
P0057,technique,2,RNA-seq·전사체,RNA-seq / Transcriptomics,10.722
P0057,technique,3,차세대 시퀀싱(NGS),Next-generation Sequencing,8.121
P0057,technique,4,생물정보·계산생물,Bioinformatics,5.378
P0057,technique,5,종양 이종이식 모델,Xenograft Models,1.575
P0057,technique,6,단일세포 분석,Single-cell Analysis,1.438
P0057,technique,7,후성유전 분석,Epigenomics (ChIP/ATAC-seq),1.044
P0057,technique,8,유세포분석,Flow Cytometry,0.45
P0443,keyword,1,Noise reduction,Noise reduction,25.818
P0443,keyword,2,Computer vision,Computer vision,16.948
P0443,keyword,3,Pattern recognition (psychology),Pattern recognition (psychology),16.942
P0443,keyword,4,Weight-Bearing,Weight-Bearing,15.917
P0443,keyword,5,Image quality,Image quality,14.454
P0443,keyword,6,Noise (video),Noise (video),12.488
P0443,keyword,7,Medical imaging,Medical imaging,12.207
P0443,keyword,8,Patellofemoral pain syndrome,Patellofemoral pain syndrome,12.147
P0443,keyword,9,Landmark,Landmark,11.405
P0443,keyword,10,"Tomography, X-Ray Computed","Tomography, X-Ray Computed",11.069
P0443,keyword,11,"Image Processing, Computer-Assisted","Image Processing, Computer-Assisted",10.938
P0443,keyword,12,"Phantoms, Imaging","Phantoms, Imaging",10.808
P0443,technique,1,머신러닝·AI,Machine Learning / AI,29.818
P0443,technique,2,생물정보·계산생물,Bioinformatics,2.932
P0443,technique,3,MRI·PET 영상,MRI / PET Imaging,2.236
P0560,keyword,1,Cosmetics,Cosmetics,25.852
P0560,keyword,2,Skin Absorption,Skin Absorption,20.796
P0560,keyword,3,Toxicokinetics,Toxicokinetics,18.351
P0560,keyword,4,"Preservatives, Pharmaceutical","Preservatives, Pharmaceutical",16.333
P0560,keyword,5,Stratum corneum,Stratum corneum,14.882
P0560,keyword,6,Absorption (acoustics),Absorption (acoustics),14.748
P0560,keyword,7,Proton Magnetic Resonance Spectroscopy,Proton Magnetic Resonance Spectroscopy,13.847
P0560,keyword,8,Dry Eye Syndromes,Dry Eye Syndromes,13.485
P0560,keyword,9,Lotion,Lotion,11.333
P0560,keyword,10,Skin,Skin,10.791
P0560,keyword,11,Disinfectants,Disinfectants,10.76
P0560,keyword,12,Skin Cream,Skin Cream,10.341
P0560,technique,1,대사체·지질체,Metabolomics / Lipidomics,24.241
P0560,technique,2,질량분석,Mass Spectrometry,9.14
P0560,technique,3,단백체,Proteomics,2.831
P0560,technique,4,RNA-seq·전사체,RNA-seq / Transcriptomics,1.802
P0560,technique,5,머신러닝·AI,Machine Learning / AI,1.566
P0560,technique,6,미세유체·장기칩,Microfluidics / Organ-on-a-chip,0.699
P0560,technique,7,종양 이종이식 모델,Xenograft Models,0.614
P0560,technique,8,웨스턴블롯,Western Blot,0.465
P0715,keyword,1,Cachexia,Cachexia,9.644
P0715,keyword,2,Adipogenesis,Adipogenesis,8.817
P0715,keyword,3,Cardiometabolic Risk Factors,Cardiometabolic Risk Factors,8.223
P0715,keyword,4,Aging,Aging,7.272
P0715,keyword,5,Reprogramming,Reprogramming,6.813
P0715,keyword,6,Wasting,Wasting,6.619
P0715,keyword,7,Thymus Plant,Thymus Plant,5.892
P0715,keyword,8,Adipocytes,Adipocytes,5.822
P0715,keyword,9,Metabolic Syndrome,Metabolic Syndrome,5.738
P0715,keyword,10,Poly ADP Ribosylation,Poly ADP Ribosylation,5.538
P0715,keyword,11,Fibroin,Fibroin,4.964
P0715,keyword,12,Neoplasms,Neoplasms,4.654
P0715,technique,1,나노입자·약물전달,Nanoparticles / Drug Delivery,2.555
P0715,technique,2,조직공학·바이오프린팅,Tissue Engineering / Bioprinting,1.87
P0715,technique,3,생물정보·계산생물,Bioinformatics,1.768
P0715,technique,4,RNA-seq·전사체,RNA-seq / Transcriptomics,1.721
P0715,technique,5,머신러닝·AI,Machine Learning / AI,1.276
P0715,technique,6,줄기세포·iPSC,Stem Cells / iPSC,1.02
P0715,technique,7,RNA 치료제·siRNA,RNA Therapeutics,0.985
P0715,technique,8,유전자변형 마우스,Genetically Modified Mice,0.679
P0646,keyword,1,Ionic liquid,Ionic liquid,2.435
P0646,keyword,2,Isobutane,Isobutane,1.727
P0646,keyword,3,Hexafluorophosphate,Hexafluorophosphate,1.465
P0646,keyword,4,Fischer–Tropsch process,Fischer–Tropsch process,1.287
P0646,keyword,5,Zeolite,Zeolite,1.203
P0646,keyword,6,Olefin fiber,Olefin fiber,1.064
P0646,keyword,7,Catalysis,Catalysis,1.064
P0646,keyword,8,Granule (geology),Granule (geology),1.02
P0646,keyword,9,Ionic bonding,Ionic bonding,0.999
P0646,keyword,10,Chemical engineering,Chemical engineering,0.926
P0646,keyword,11,Butene,Butene,0.921
P0646,keyword,12,Anatase,Anatase,0.863
P0139,keyword,1,Periplasmic Proteins,Periplasmic Proteins,11.139
P0139,keyword,2,Secretin,Secretin,10.822
P0139,keyword,3,Peptidoglycan,Peptidoglycan,9.847
P0139,keyword,4,Periplasmic space,Periplasmic space,9.33
P0139,keyword,5,N-Acetylmuramoyl-L-alanine Amidase,N-Acetylmuramoyl-L-alanine Amidase,8.756
P0139,keyword,6,Pilus,Pilus,8.322
P0139,keyword,7,Cell wall,Cell wall,7.452
P0139,keyword,8,"Fimbriae, Bacterial","Fimbriae, Bacterial",7.152
P0139,keyword,9,Pseudomonas aeruginosa,Pseudomonas aeruginosa,6.958
P0139,keyword,10,Escherichia coli Proteins,Escherichia coli Proteins,5.652
P0139,keyword,11,Bacterial Proteins,Bacterial Proteins,5.634
P0139,keyword,12,Anti-Bacterial Agents,Anti-Bacterial Agents,5.219
P0139,technique,1,생물정보·계산생물,Bioinformatics,0.518
P0289,keyword,1,"Arthritis, Juvenile","Arthritis, Juvenile",10.267
P0289,keyword,2,Genetic Markers,Genetic Markers,5.561
P0289,keyword,3,Genetic Predisposition to Disease,Genetic Predisposition to Disease,4.993
P0289,keyword,4,"Databases, Genetic","Databases, Genetic",4.716
P0289,keyword,5,Alopecia,Alopecia,4.266
P0289,keyword,6,Genetics,Genetics,4.174
P0289,keyword,7,Gene,Gene,4.169
P0289,keyword,8,Toxicogenetics,Toxicogenetics,4.128
P0289,keyword,9,Adverse Outcome Pathway,Adverse Outcome Pathway,4.069
P0289,keyword,10,"Pulmonary Disease, Chronic Obstructive","Pulmonary Disease, Chronic Obstructive",3.801
P0289,keyword,11,Leiomyoma,Leiomyoma,3.433
P0289,keyword,12,Gene Regulatory Networks,Gene Regulatory Networks,3.295
P0289,technique,1,RNA-seq·전사체,RNA-seq / Transcriptomics,14.178
P0289,technique,2,GWAS·유전역학,GWAS / Genetic Epidemiology,6.912
P0289,technique,3,생물정보·계산생물,Bioinformatics,5.626
P0289,technique,4,분자도킹·시뮬레이션,Molecular Docking / Dynamics,2.097
P0289,technique,5,머신러닝·AI,Machine Learning / AI,1.773
P0289,technique,6,엑소좀·세포외소포,Exosomes / EVs,1.335
P0289,technique,7,줄기세포·iPSC,Stem Cells / iPSC,0.812
P0289,technique,8,나노입자·약물전달,Nanoparticles / Drug Delivery,0.583
P0253,keyword,1,Broiler,Broiler,53.724
P0253,keyword,2,Chickens,Chickens,39.165
P0253,keyword,3,Yolk,Yolk,28.968
P0253,keyword,4,Animal science,Animal science,27.35
P0253,keyword,5,Animal feed,Animal feed,27.29
P0253,keyword,6,Laying,Laying,24.656
P0253,keyword,7,Coccidiosis,Coccidiosis,23.639
P0253,keyword,8,Poultry Diseases,Poultry Diseases,21.772
P0253,keyword,9,Diet,Diet,19.763
P0253,keyword,10,Dietary Supplements,Dietary Supplements,18.657
P0253,keyword,11,Feed conversion ratio,Feed conversion ratio,18.519
P0253,keyword,12,Animal Nutritional Physiological Phenomena,Animal Nutritional Physiological Phenomena,18.27
P0253,technique,1,ELISA,ELISA,3.282
P0253,technique,2,나노입자·약물전달,Nanoparticles / Drug Delivery,2.409
P0253,technique,3,항체 개발,Antibody Engineering,2.119
P0253,technique,4,RNA 치료제·siRNA,RNA Therapeutics,1.486
P0253,technique,5,머신러닝·AI,Machine Learning / AI,1.163
P0253,technique,6,조직공학·바이오프린팅,Tissue Engineering / Bioprinting,1.11
P0253,technique,7,임상시험,Clinical Trials,1.076
P0253,technique,8,면역조직화학,Immunohistochemistry,0.989
P0519,keyword,1,Azygos vein,Azygos vein,7.48
P0519,keyword,2,"Carotid Artery, Common","Carotid Artery, Common",5.991
P0519,keyword,3,Iliac Artery,Iliac Artery,5.696
P0519,keyword,4,Academic Success,Academic Success,5.632
P0519,keyword,5,Astrocytes,Astrocytes,5.588
P0519,keyword,6,Neuroglia,Neuroglia,4.803
P0519,keyword,7,"Students, Medical","Students, Medical",4.42
P0519,keyword,8,Anatomic Variation,Anatomic Variation,4.248
P0519,keyword,9,Branching (polymer chemistry),Branching (polymer chemistry),4.185
P0519,keyword,10,Cadaver,Cadaver,3.808
P0519,keyword,11,Neurodegenerative Diseases,Neurodegenerative Diseases,3.546
P0519,keyword,12,Brain Ischemia,Brain Ischemia,3.478
P0519,technique,1,RNA-seq·전사체,RNA-seq / Transcriptomics,2.114
P0519,technique,2,웨스턴블롯,Western Blot,1.378
P0519,technique,3,qPCR,Real-time PCR,0.777
P0519,technique,4,면역조직화학,Immunohistochemistry,0.464
P0550,keyword,1,Animal science,Animal science,321.05
P0550,keyword,2,Animal feed,Animal feed,208.78
P0550,keyword,3,Feed conversion ratio,Feed conversion ratio,205.919
P0550,keyword,4,Nutrient,Nutrient,203.902
P0550,keyword,5,Animal Nutritional Physiological Phenomena,Animal Nutritional Physiological Phenomena,189.085
P0550,keyword,6,Feces,Feces,188.008
P0550,keyword,7,Dry matter,Dry matter,180.212
P0550,keyword,8,Weaning,Weaning,165.329
P0550,keyword,9,Food science,Food science,144.687
P0550,keyword,10,Broiler,Broiler,144.127
P0550,keyword,11,Digestion,Digestion,133.903
P0550,keyword,12,Diet,Diet,132.446
P0550,technique,1,임상시험,Clinical Trials,1.285
P0550,technique,2,나노입자·약물전달,Nanoparticles / Drug Delivery,1.181
P0550,technique,3,미세유체·장기칩,Microfluidics / Organ-on-a-chip,0.849
P0550,technique,4,X선 결정학·구조분석,X-ray Crystallography,0.455
P0550,technique,5,면역조직화학,Immunohistochemistry,0.383
P0550,technique,6,전자현미경,Electron Microscopy,0.379
P0550,technique,7,생물정보·계산생물,Bioinformatics,0.334
P0550,technique,8,질량분석,Mass Spectrometry,0.265
P0371,keyword,1,Maxillary Sinusitis,Maxillary Sinusitis,9.477
P0371,keyword,2,Oroantral Fistula,Oroantral Fistula,8.756
P0371,keyword,3,Orbital Cellulitis,Orbital Cellulitis,7.546
P0371,keyword,4,Smell,Smell,7.181
P0371,keyword,5,Olfactory marker protein,Olfactory marker protein,6.552
P0371,keyword,6,Olfactory epithelium,Olfactory epithelium,6.497
P0371,keyword,7,Sinusitis,Sinusitis,6.009
P0371,keyword,8,Olfactory system,Olfactory system,5.801
P0371,keyword,9,Hypoxia,Hypoxia,5.672
P0371,keyword,10,Intermittent hypoxia,Intermittent hypoxia,5.381
P0371,keyword,11,Olfaction Disorders,Olfaction Disorders,5.156
P0371,keyword,12,Olfactory mucosa,Olfactory mucosa,4.679
P0371,technique,1,면역조직화학,Immunohistochemistry,0.182
P0371,technique,2,조직공학·바이오프린팅,Tissue Engineering / Bioprinting,0.157
P0371,technique,3,웨스턴블롯,Western Blot,0.094
P0398,keyword,1,"Arthroplasty, Replacement, Hip","Arthroplasty, Replacement, Hip",26.163
P0398,keyword,2,Hip Fractures,Hip Fractures,25.401
P0398,keyword,3,Hip Prosthesis,Hip Prosthesis,15.438
P0398,keyword,4,"Fracture Fixation, Internal","Fracture Fixation, Internal",15.032
P0398,keyword,5,Femoral head,Femoral head,14.338
P0398,keyword,6,Osteoporosis,Osteoporosis,10.183
P0398,keyword,7,Femur Head Necrosis,Femur Head Necrosis,10.092
P0398,keyword,8,Nonunion,Nonunion,9.842
P0398,keyword,9,Postoperative Complications,Postoperative Complications,9.301
P0398,keyword,10,Pelvic Bones,Pelvic Bones,8.989
P0398,keyword,11,Total hip arthroplasty,Total hip arthroplasty,8.698
P0398,keyword,12,Bone Nails,Bone Nails,8.531
P0398,technique,1,임상시험,Clinical Trials,3.783
P0398,technique,2,MRI·PET 영상,MRI / PET Imaging,1.04
P0398,technique,3,머신러닝·AI,Machine Learning / AI,0.514
P0398,technique,4,전자현미경,Electron Microscopy,0.483
P0398,technique,5,생물정보·계산생물,Bioinformatics,0.398
P0398,technique,6,X선 결정학·구조분석,X-ray Crystallography,0.214
P0692,keyword,1,Osteoclast,Osteoclast,21.726
P0692,keyword,2,RANKL,RANKL,17.464
P0692,keyword,3,Osteoporosis,Osteoporosis,10.497
P0692,keyword,4,Ovariectomized rat,Ovariectomized rat,10.006
P0692,keyword,5,Astragalus Plant,Astragalus Plant,9.829
P0692,keyword,6,RANK Ligand,RANK Ligand,9.432
P0692,keyword,7,Bone Resorption,Bone Resorption,9.217
P0692,keyword,8,Cathepsin K,Cathepsin K,8.998
P0692,keyword,9,Osteoclasts,Osteoclasts,8.777
P0692,keyword,10,Ground freezing,Ground freezing,8.701
P0692,keyword,11,Ovariectomy,Ovariectomy,7.58
P0692,keyword,12,Tartrate-Resistant Acid Phosphatase,Tartrate-Resistant Acid Phosphatase,7.176
P0692,technique,1,RNA-seq·전사체,RNA-seq / Transcriptomics,0.813
P0692,technique,2,대사체·지질체,Metabolomics / Lipidomics,0.683
P0692,technique,3,질량분석,Mass Spectrometry,0.489
P0692,technique,4,qPCR,Real-time PCR,0.348
P0692,technique,5,웨스턴블롯,Western Blot,0.209
P0692,technique,6,생물정보·계산생물,Bioinformatics,0.116
P0778,keyword,1,Cadaver,Cadaver,15.971
P0778,keyword,2,Thoracic Arteries,Thoracic Arteries,8.185
P0778,keyword,3,Muscle architecture,Muscle architecture,7.66
P0778,keyword,4,Abdominal Muscles,Abdominal Muscles,7.152
P0778,keyword,5,X-Ray Microtomography,X-Ray Microtomography,7.096
P0778,keyword,6,Axillary artery,Axillary artery,6.394
P0778,keyword,7,Hamstring muscles,Hamstring muscles,5.788
P0778,keyword,8,Anterior Cruciate Ligament Injuries,Anterior Cruciate Ligament Injuries,4.934
P0778,keyword,9,Axons,Axons,4.65
P0778,keyword,10,Head,Head,4.374
P0778,keyword,11,Plantar flexion,Plantar flexion,4.238
P0778,keyword,12,Face,Face,4.231
P0778,technique,1,면역조직화학,Immunohistochemistry,0.726
P0342,keyword,1,Gynecologic oncology,Gynecologic oncology,15.741
P0342,keyword,2,Ovarian Neoplasms,Ovarian Neoplasms,11.547
P0342,keyword,3,Endometrial cancer,Endometrial cancer,11.526
P0342,keyword,4,Radiation Oncologists,Radiation Oncologists,9.829
P0342,keyword,5,Ovarian cancer,Ovarian cancer,8.574
P0342,keyword,6,Uterine Cervical Neoplasms,Uterine Cervical Neoplasms,8.334
P0342,keyword,7,"Neoplasm Recurrence, Local","Neoplasm Recurrence, Local",7.882
P0342,keyword,8,Fallopian Tube Neoplasms,Fallopian Tube Neoplasms,7.635
P0342,keyword,9,Cervical cancer,Cervical cancer,7.593
P0342,keyword,10,"Carcinoma, Ovarian Epithelial","Carcinoma, Ovarian Epithelial",7.258
P0342,keyword,11,"Sexual Dysfunction, Physiological","Sexual Dysfunction, Physiological",6.942
P0342,keyword,12,Cytoreduction Surgical Procedures,Cytoreduction Surgical Procedures,6.868
P0342,technique,1,임상시험,Clinical Trials,3.642
P0342,technique,2,MRI·PET 영상,MRI / PET Imaging,2.798
P0342,technique,3,RNA-seq·전사체,RNA-seq / Transcriptomics,1.246
P0342,technique,4,ELISA,ELISA,0.405
P0342,technique,5,생물정보·계산생물,Bioinformatics,0.309
P0342,technique,6,질량분석,Mass Spectrometry,0.294
P0342,technique,7,머신러닝·AI,Machine Learning / AI,0.253
P0582,keyword,1,Dermatology,Dermatology,9.485
P0582,keyword,2,Alopecia,Alopecia,4.361
P0582,keyword,3,Discontinuation,Discontinuation,3.92
P0582,keyword,4,Lamellar ichthyosis,Lamellar ichthyosis,3.371
P0582,keyword,5,Cosmetics,Cosmetics,3.342
P0582,keyword,6,Prurigo nodularis,Prurigo nodularis,3.329
P0582,keyword,7,Psoriasis,Psoriasis,2.957
P0582,keyword,8,"Dermatitis, Allergic Contact","Dermatitis, Allergic Contact",2.918
P0582,keyword,9,Cooking and Eating Utensils,Cooking and Eating Utensils,2.894
P0582,keyword,10,Retrospective cohort study,Retrospective cohort study,2.754
P0582,keyword,11,Ichthyosis,Ichthyosis,2.607
P0582,keyword,12,Shampoo,Shampoo,2.59
P0582,technique,1,면역조직화학,Immunohistochemistry,0.548
P0582,technique,2,머신러닝·AI,Machine Learning / AI,0.191
P0283,keyword,1,Cellulose,Cellulose,6.471
P0283,keyword,2,Greenhouse gas,Greenhouse gas,5.25
P0283,keyword,3,Biofuel,Biofuel,4.961
P0283,keyword,4,Lignin,Lignin,4.898
P0283,keyword,5,Biomass (ecology),Biomass (ecology),4.719
P0283,keyword,6,Carbon sink,Carbon sink,4.696
P0283,keyword,7,Lignocellulosic biomass,Lignocellulosic biomass,4.481
P0283,keyword,8,Certification,Certification,4.169
P0283,keyword,9,Energy policy,Energy policy,3.875
P0283,keyword,10,Aerogel,Aerogel,3.734
P0283,keyword,11,Renewable energy,Renewable energy,3.472
P0283,keyword,12,Crystalline silicon,Crystalline silicon,3.342
P0283,technique,1,전자현미경,Electron Microscopy,0.54
P0283,technique,2,애기장대·식물 모델,Arabidopsis,0.516
P0283,technique,3,머신러닝·AI,Machine Learning / AI,0.402
P0283,technique,4,RNA-seq·전사체,RNA-seq / Transcriptomics,0.201
P0283,technique,5,X선 결정학·구조분석,X-ray Crystallography,0.009
P0597,keyword,1,Constipation,Constipation,16.071
P0597,keyword,2,Colonoscopy,Colonoscopy,12.503
P0597,keyword,3,Functional constipation,Functional constipation,10.507
P0597,keyword,4,Chronic constipation,Chronic constipation,9.087
P0597,keyword,5,Adenoma,Adenoma,8.876
P0597,keyword,6,Irritable Bowel Syndrome,Irritable Bowel Syndrome,8.78
P0597,keyword,7,Colonic Polyps,Colonic Polyps,8.613
P0597,keyword,8,Life Style,Life Style,7.866
P0597,keyword,9,Gastroenterology,Gastroenterology,6.311
P0597,keyword,10,Dyspepsia,Dyspepsia,5.803
P0597,keyword,11,Defecation,Defecation,5.492
P0597,keyword,12,Laxative,Laxative,5.162
P0597,technique,1,임상시험,Clinical Trials,2.221
P0597,technique,2,나노입자·약물전달,Nanoparticles / Drug Delivery,1.644
P0597,technique,3,항체 개발,Antibody Engineering,0.441
P0597,technique,4,MRI·PET 영상,MRI / PET Imaging,0.062
P0781,keyword,1,Mycobacterium tuberculosis,Mycobacterium tuberculosis,5.821
P0781,keyword,2,"Tuberculosis, Multidrug-Resistant","Tuberculosis, Multidrug-Resistant",5.33
P0781,keyword,3,Probiotics,Probiotics,5.12
P0781,keyword,4,Bacillus,Bacillus,4.823
P0781,keyword,5,Antitubercular Agents,Antitubercular Agents,4.308
P0781,keyword,6,TOEIC,TOEIC,3.693
P0781,keyword,7,Microbiota,Microbiota,3.561
P0781,keyword,8,Lactobacillus crispatus,Lactobacillus crispatus,3.166
P0781,keyword,9,Tuberculosis,Tuberculosis,3.05
P0781,keyword,10,Flagellin,Flagellin,2.667
P0781,keyword,11,Guinea Pigs,Guinea Pigs,2.286
P0781,keyword,12,Pediococcus acidilactici,Pediococcus acidilactici,2.124
P0781,technique,1,엑소좀·세포외소포,Exosomes / EVs,3.677
P0781,technique,2,생물정보·계산생물,Bioinformatics,0.219
P0175,keyword,1,Cellulose,Cellulose,12.804
P0175,keyword,2,Adsorption,Adsorption,4.863
P0175,keyword,3,Dissolution,Dissolution,3.946
P0175,keyword,4,Aqueous solution,Aqueous solution,3.914
P0175,keyword,5,Periodate,Periodate,3.771
P0175,keyword,6,Regenerated cellulose,Regenerated cellulose,3.695
P0175,keyword,7,Congo red,Congo red,3.609
P0175,keyword,8,Chitosan,Chitosan,3.595
P0175,keyword,9,Lithium bromide,Lithium bromide,3.488
P0175,keyword,10,Chemical engineering,Chemical engineering,3.46
P0175,keyword,11,Polymer chemistry,Polymer chemistry,3.421
P0175,keyword,12,Methylene Blue,Methylene Blue,2.97
P0175,technique,1,하이드로젤·스캐폴드,Hydrogels / Scaffolds,4.016
P0175,technique,2,조직공학·바이오프린팅,Tissue Engineering / Bioprinting,2.161
P0175,technique,3,나노입자·약물전달,Nanoparticles / Drug Delivery,1.001
P0175,technique,4,줄기세포·iPSC,Stem Cells / iPSC,0.336
P0175,technique,5,제브라피시,Zebrafish,0.31
P0175,technique,6,전자현미경,Electron Microscopy,0.31
P0175,technique,7,X선 결정학·구조분석,X-ray Crystallography,0.265
P0175,technique,8,생물정보·계산생물,Bioinformatics,0.125
P0247,keyword,1,Mucin 5AC,Mucin 5AC,0.167
P0247,keyword,2,Nasal Mucosa,Nasal Mucosa,0.133
P0247,keyword,3,Carpal tunnel syndrome,Carpal tunnel syndrome,0.133
P0247,keyword,4,Oxidants,Oxidants,0.122
P0247,keyword,5,Gallate,Gallate,0.103
P0247,keyword,6,Median nerve,Median nerve,0.102
P0247,keyword,7,Catechin,Catechin,0.091
P0247,keyword,8,Carpal tunnel,Carpal tunnel,0.087
P0247,keyword,9,Fluorescent Antibody Technique,Fluorescent Antibody Technique,0.08
P0247,keyword,10,Wrist,Wrist,0.076
P0247,keyword,11,ErbB Receptors,ErbB Receptors,0.07
P0247,keyword,12,Epithelial Cells,Epithelial Cells,0.064
P0580,keyword,1,Percutaneous coronary intervention,Percutaneous coronary intervention,20.926
P0580,keyword,2,Drug-Eluting Stents,Drug-Eluting Stents,13.724
P0580,keyword,3,Myocardial Infarction,Myocardial Infarction,12.412
P0580,keyword,4,Cardiogenic shock,Cardiogenic shock,10.244
P0580,keyword,5,Cardiology,Cardiology,9.426
P0580,keyword,6,Coronary Artery Disease,Coronary Artery Disease,8.866
P0580,keyword,7,Platelet Aggregation Inhibitors,Platelet Aggregation Inhibitors,8.509
P0580,keyword,8,Dual Anti-Platelet Therapy,Dual Anti-Platelet Therapy,8.499
P0580,keyword,9,Conventional PCI,Conventional PCI,7.032
P0580,keyword,10,Hemorrhage,Hemorrhage,6.286
P0580,keyword,11,Ticagrelor,Ticagrelor,5.802
P0580,keyword,12,Extracorporeal membrane oxygenation,Extracorporeal membrane oxygenation,5.672
P0580,technique,1,임상시험,Clinical Trials,3.804
P0580,technique,2,면역조직화학,Immunohistochemistry,0.044
P0119,keyword,1,Colonialism,Colonialism,15.849
P0119,keyword,2,Politics,Politics,10.213
P0119,keyword,3,Eugenics,Eugenics,8.944
P0119,keyword,4,"History, 20th Century","History, 20th Century",7.778
P0119,keyword,5,Nationalism,Nationalism,7.528
P0119,keyword,6,Hygiene,Hygiene,6.423
P0119,keyword,7,Diplomacy,Diplomacy,6.412
P0119,keyword,8,Sociology,Sociology,6.363
P0119,keyword,9,Masks,Masks,6.266
P0119,keyword,10,Ethnic group,Ethnic group,6.02
P0119,keyword,11,Anthropology,Anthropology,5.721
P0119,keyword,12,Political science,Political science,5.434
P0119,technique,1,머신러닝·AI,Machine Learning / AI,0.104
P0795,keyword,1,Antitubercular Agents,Antitubercular Agents,5.581
P0795,keyword,2,Mycobacterium tuberculosis,Mycobacterium tuberculosis,5.163
P0795,keyword,3,Tuberculosis,Tuberculosis,4.022
P0795,keyword,4,Isoniazid,Isoniazid,3.218
P0795,keyword,5,Bayes Theorem,Bayes Theorem,1.868
P0795,keyword,6,Dosing,Dosing,1.657
P0795,keyword,7,Structure-Activity Relationship,Structure-Activity Relationship,1.623
P0795,keyword,8,Drug Design,Drug Design,1.615
P0795,keyword,9,IMP Dehydrogenase,IMP Dehydrogenase,1.477
P0795,keyword,10,Throughflow,Throughflow,1.36
P0795,keyword,11,Cation Transport Proteins,Cation Transport Proteins,1.295
P0795,keyword,12,Spiro Compounds,Spiro Compounds,1.269
P0795,technique,1,분자도킹·시뮬레이션,Molecular Docking / Dynamics,1.336
P0795,technique,2,X선 결정학·구조분석,X-ray Crystallography,0.058
P0714,keyword,1,African swine fever virus,African swine fever virus,17.607
P0714,keyword,2,African Swine Fever,African Swine Fever,13.034
P0714,keyword,3,Pathological,Pathological,8.574
P0714,keyword,4,Paratuberculosis,Paratuberculosis,8.527
P0714,keyword,5,Swine,Swine,7.79
P0714,keyword,6,Decellularized Extracellular Matrix,Decellularized Extracellular Matrix,7.756
P0714,keyword,7,Mycobacterium avium subsp. paratuberculosis,Mycobacterium avium subsp. paratuberculosis,6.91
P0714,keyword,8,Swine Diseases,Swine Diseases,6.715
P0714,keyword,9,"Pregnancy Complications, Infectious","Pregnancy Complications, Infectious",6.613
P0714,keyword,10,Mites,Mites,6.553
P0714,keyword,11,Achilles Tendon,Achilles Tendon,6.55
P0714,keyword,12,Veterinary medicine,Veterinary medicine,6.518
P0714,technique,1,RNA-seq·전사체,RNA-seq / Transcriptomics,4.115
P0714,technique,2,qPCR,Real-time PCR,0.403
P0714,technique,3,나노입자·약물전달,Nanoparticles / Drug Delivery,0.12
P0714,technique,4,머신러닝·AI,Machine Learning / AI,0.108
P0529,keyword,1,Reverse Genetics,Reverse Genetics,11.154
P0529,keyword,2,Flavivirus,Flavivirus,6.561
P0529,keyword,3,Flaviviridae,Flaviviridae,5.789
P0529,keyword,4,Virus Replication,Virus Replication,5.711
P0529,keyword,5,Dengue,Dengue,5.652
P0529,keyword,6,Dengue Virus,Dengue Virus,5.309
P0529,keyword,7,"Chromosomes, Artificial, Bacterial","Chromosomes, Artificial, Bacterial",4.642
P0529,keyword,8,"Herpesvirus 8, Human","Herpesvirus 8, Human",3.543
P0529,keyword,9,"Genome, Viral","Genome, Viral",3.421
P0529,keyword,10,SARS-CoV-2,SARS-CoV-2,3.389
P0529,keyword,11,Vero Cells,Vero Cells,3.332
P0529,keyword,12,COVID-19,COVID-19,3.152
P0529,technique,1,생물정보·계산생물,Bioinformatics,0.353
P0681,keyword,1,Xylose,Xylose,43.773
P0681,keyword,2,Fermentation,Fermentation,41.296
P0681,keyword,3,Saccharomyces cerevisiae,Saccharomyces cerevisiae,39.925
P0681,keyword,4,Yeast,Yeast,28.971
P0681,keyword,5,Metabolic engineering,Metabolic engineering,27.666
P0681,keyword,6,Cellulosic ethanol,Cellulosic ethanol,24.53
P0681,keyword,7,Biomass (ecology),Biomass (ecology),19.951
P0681,keyword,8,Biomass,Biomass,18.175
P0681,keyword,9,Citrus,Citrus,15.318
P0681,keyword,10,Ethanol,Ethanol,13.882
P0681,keyword,11,Bioconversion,Bioconversion,13.469
P0681,keyword,12,Saccharomyces boulardii,Saccharomyces boulardii,12.73
P0681,technique,1,CRISPR 유전자편집,CRISPR Gene Editing,3.913
P0681,technique,2,질량분석,Mass Spectrometry,1.341
P0681,technique,3,RNA-seq·전사체,RNA-seq / Transcriptomics,0.888
P0681,technique,4,생물정보·계산생물,Bioinformatics,0.591
P0681,technique,5,전자현미경,Electron Microscopy,0.369
P0548,keyword,1,Probiotic,Probiotic,18.92
P0548,keyword,2,Lactobacillus,Lactobacillus,14.24
P0548,keyword,3,Levilactobacillus brevis,Levilactobacillus brevis,13.978
P0548,keyword,4,Gut flora,Gut flora,11.05
P0548,keyword,5,Microbiology,Microbiology,10.807
P0548,keyword,6,Feces,Feces,10.524
P0548,keyword,7,Bacteria,Bacteria,10.191
P0548,keyword,8,Limosilactobacillus fermentum,Limosilactobacillus fermentum,10.104
P0548,keyword,9,Bacteroidetes,Bacteroidetes,10.02
P0548,keyword,10,"Polysaccharides, Bacterial","Polysaccharides, Bacterial",9.902
P0548,keyword,11,Firmicutes,Firmicutes,9.815
P0548,keyword,12,Lactobacillus fermentum,Lactobacillus fermentum,9.355
P0548,technique,1,차세대 시퀀싱(NGS),Next-generation Sequencing,6.278
P0548,technique,2,단백체,Proteomics,3.945
P0548,technique,3,질량분석,Mass Spectrometry,2.361
P0548,technique,4,생물정보·계산생물,Bioinformatics,1.534
P0548,technique,5,RNA-seq·전사체,RNA-seq / Transcriptomics,0.415
P0123,keyword,1,Radiopharmaceuticals,Radiopharmaceuticals,23.646
P0123,keyword,2,"Tomography, Emission-Computed, Single-Photon","Tomography, Emission-Computed, Single-Photon",17.209
P0123,keyword,3,Nuclear medicine,Nuclear medicine,16.109
P0123,keyword,4,Fluorine Radioisotopes,Fluorine Radioisotopes,15.192
P0123,keyword,5,Fluorodeoxyglucose F18,Fluorodeoxyglucose F18,13.282
P0123,keyword,6,Translocator protein,Translocator protein,11.848
P0123,keyword,7,Organotechnetium Compounds,Organotechnetium Compounds,8.651
P0123,keyword,8,Flumazenil,Flumazenil,8.207
P0123,keyword,9,Parkinsonism,Parkinsonism,7.999
P0123,keyword,10,Tropanes,Tropanes,7.821
P0123,keyword,11,"Receptors, GABA","Receptors, GABA",7.455
P0123,keyword,12,Microdialysis,Microdialysis,7.445
P0123,technique,1,MRI·PET 영상,MRI / PET Imaging,26.862
P0123,technique,2,나노입자·약물전달,Nanoparticles / Drug Delivery,1.965
P0123,technique,3,종양 이종이식 모델,Xenograft Models,1.895
P0123,technique,4,항체 개발,Antibody Engineering,0.859
P0123,technique,5,유전자변형 마우스,Genetically Modified Mice,0.712
P0123,technique,6,머신러닝·AI,Machine Learning / AI,0.281
P0123,technique,7,생물정보·계산생물,Bioinformatics,0.021
P0145,keyword,1,Human liver,Human liver,10.131
P0145,keyword,2,Serostatus,Serostatus,6.252
P0145,keyword,3,Human cytomegalovirus,Human cytomegalovirus,5.466
P0145,keyword,4,Intussusception,Intussusception,5.097
P0145,keyword,5,Growth Disorders,Growth Disorders,5.003
P0145,keyword,6,"Emergency Service, Hospital","Emergency Service, Hospital",4.808
P0145,keyword,7,Crohn Disease,Crohn Disease,3.869
P0145,keyword,8,Emergency department,Emergency department,3.857
P0145,keyword,9,Abdominal pain,Abdominal pain,3.767
P0145,keyword,10,Triage,Triage,3.15
P0145,keyword,11,Body Height,Body Height,3.091
P0145,keyword,12,Gastrointestinal Agents,Gastrointestinal Agents,3.091
P0145,technique,1,RNA-seq·전사체,RNA-seq / Transcriptomics,1.03
P0145,technique,2,X선 결정학·구조분석,X-ray Crystallography,0.423
P0145,technique,3,생물정보·계산생물,Bioinformatics,0.075
P0708,keyword,1,Casein Kinase 1 epsilon,Casein Kinase 1 epsilon,13.789
P0708,keyword,2,Porcine circovirus,Porcine circovirus,11.781
P0708,keyword,3,Circovirus,Circovirus,10.038
P0708,keyword,4,"RNA, Long Noncoding","RNA, Long Noncoding",9.053
P0708,keyword,5,Virology,Virology,8.649
P0708,keyword,6,Aminopyridines,Aminopyridines,8.254
P0708,keyword,7,Foxes,Foxes,8.185
P0708,keyword,8,"Encephalitis Virus, Japanese","Encephalitis Virus, Japanese",8.165
P0708,keyword,9,"Encephalitis, Japanese","Encephalitis, Japanese",8.165
P0708,keyword,10,Arboviruses,Arboviruses,8.117
P0708,keyword,11,Ceratopogonidae,Ceratopogonidae,8.117
P0708,keyword,12,Virus,Virus,7.79
P0708,technique,1,유전자변형 마우스,Genetically Modified Mice,5.011
P0708,technique,2,RNA-seq·전사체,RNA-seq / Transcriptomics,4.231
P0708,technique,3,qPCR,Real-time PCR,1.796
P0708,technique,4,면역조직화학,Immunohistochemistry,1.286
P0708,technique,5,MRI·PET 영상,MRI / PET Imaging,0.901
P0708,technique,6,전자현미경,Electron Microscopy,0.412
P0708,technique,7,생물정보·계산생물,Bioinformatics,0.323
P0708,technique,8,유세포분석,Flow Cytometry,0.287
P0134,keyword,1,TMPRSS2,TMPRSS2,5.918
P0134,keyword,2,"Genes, Essential","Genes, Essential",4.926
P0134,keyword,3,Fusion gene,Fusion gene,4.171
P0134,keyword,4,"Gene Expression Regulation, Neoplastic","Gene Expression Regulation, Neoplastic",4.056
P0134,keyword,5,Gene Fusion,Gene Fusion,3.774
P0134,keyword,6,Prostate cancer,Prostate cancer,3.753
P0134,keyword,7,Prostatic Neoplasms,Prostatic Neoplasms,3.73
P0134,keyword,8,Refining (metallurgy),Refining (metallurgy),3.54
P0134,keyword,9,Housekeeping,Housekeeping,3.494
P0134,keyword,10,Hepatocyte Nuclear Factor 3-alpha,Hepatocyte Nuclear Factor 3-alpha,3.371
P0134,keyword,11,Transcriptional Regulator ERG,Transcriptional Regulator ERG,3.289
P0134,keyword,12,Erg,Erg,3.117
P0134,technique,1,RNA-seq·전사체,RNA-seq / Transcriptomics,3.163
P0134,technique,2,오가노이드,Organoids,2.111
P0134,technique,3,생물정보·계산생물,Bioinformatics,1.425
P0134,technique,4,분자도킹·시뮬레이션,Molecular Docking / Dynamics,1.286
P0134,technique,5,줄기세포·iPSC,Stem Cells / iPSC,0.824
P0134,technique,6,후성유전 분석,Epigenomics (ChIP/ATAC-seq),0.662
P0134,technique,7,항체 개발,Antibody Engineering,0.518
P0134,technique,8,웨스턴블롯,Western Blot,0.174
P0242,keyword,1,Postharvest,Postharvest,31.812
P0242,keyword,2,1-Methylcyclopropene,1-Methylcyclopropene,27.922
P0242,keyword,3,Cold storage,Cold storage,27.639
P0242,keyword,4,Horticulture,Horticulture,27.198
P0242,keyword,5,Titratable acid,Titratable acid,22.785
P0242,keyword,6,Cultivar,Cultivar,20.458
P0242,keyword,7,Ripening,Ripening,18.475
P0242,keyword,8,Browning,Browning,15.911
P0242,keyword,9,Bulb,Bulb,13.967
P0242,keyword,10,PEAR,PEAR,13.692
P0242,keyword,11,Malic acid,Malic acid,12.891
P0242,keyword,12,Preharvest,Preharvest,12.056
P0242,technique,1,대사체·지질체,Metabolomics / Lipidomics,2.498
P0242,technique,2,단백체,Proteomics,0.389
P0242,technique,3,RNA-seq·전사체,RNA-seq / Transcriptomics,0.179
P0083,keyword,1,Hypothalamus,Hypothalamus,24.838
P0083,keyword,2,Satiation,Satiation,23.11
P0083,keyword,3,Feeding Behavior,Feeding Behavior,23.031
P0083,keyword,4,Obesity,Obesity,15.43
P0083,keyword,5,Hunger,Hunger,12.077
P0083,keyword,6,"Hypothalamic Area, Lateral","Hypothalamic Area, Lateral",11.623
P0083,keyword,7,Agouti-Related Protein,Agouti-Related Protein,11.51
P0083,keyword,8,Motivation,Motivation,11.353
P0083,keyword,9,Glucagon-Like Peptide 1,Glucagon-Like Peptide 1,10.415
P0083,keyword,10,Eating disorders,Eating disorders,9.898
P0083,keyword,11,Glucagon-Like Peptide-1 Receptor Agonists,Glucagon-Like Peptide-1 Receptor Agonists,9.818
P0083,keyword,12,Eating,Eating,9.726
P0083,technique,1,광유전학,Optogenetics,7.573
P0083,technique,2,머신러닝·AI,Machine Learning / AI,3.853
P0083,technique,3,MRI·PET 영상,MRI / PET Imaging,3.754
P0083,technique,4,GWAS·유전역학,GWAS / Genetic Epidemiology,3.631
P0083,technique,5,임상시험,Clinical Trials,2.587
P0083,technique,6,단백체,Proteomics,1.931
P0083,technique,7,생물정보·계산생물,Bioinformatics,1.422
P0083,technique,8,유전자변형 마우스,Genetically Modified Mice,1.132
P0265,keyword,1,Dog Diseases,Dog Diseases,36.976
P0265,keyword,2,Dogs,Dogs,16.995
P0265,keyword,3,Corneal Ulcer,Corneal Ulcer,13.963
P0265,keyword,4,Phacoemulsification,Phacoemulsification,12.128
P0265,keyword,5,Ophthalmology,Ophthalmology,11.825
P0265,keyword,6,Keratoconjunctivitis Sicca,Keratoconjunctivitis Sicca,11.037
P0265,keyword,7,Cataract,Cataract,10.467
P0265,keyword,8,Nictitating membrane,Nictitating membrane,9.327
P0265,keyword,9,Dry Eye Syndromes,Dry Eye Syndromes,9.232
P0265,keyword,10,Cryosurgery,Cryosurgery,9.136
P0265,keyword,11,Corneal Endothelial Cell Loss,Corneal Endothelial Cell Loss,8.756
P0265,keyword,12,Eyelid,Eyelid,8.381
P0265,technique,1,전기생리,Electrophysiology,2.531
P0265,technique,2,MRI·PET 영상,MRI / PET Imaging,2.268
P0265,technique,3,머신러닝·AI,Machine Learning / AI,1.32
P0265,technique,4,후성유전 분석,Epigenomics (ChIP/ATAC-seq),0.46
P0265,technique,5,항체 개발,Antibody Engineering,0.34
P0265,technique,6,생물정보·계산생물,Bioinformatics,0.193
P0265,technique,7,RNA 치료제·siRNA,RNA Therapeutics,0.182
P0265,technique,8,면역조직화학,Immunohistochemistry,0.089
P0376,keyword,1,"Dermatitis, Allergic Contact","Dermatitis, Allergic Contact",8.46
P0376,keyword,2,Dermatology,Dermatology,8.4
P0376,keyword,3,Patch Tests,Patch Tests,8.044
P0376,keyword,4,Blister,Blister,5.892
P0376,keyword,5,Pemphigus,Pemphigus,5.892
P0376,keyword,6,Patch test,Patch test,4.962
P0376,keyword,7,Allergens,Allergens,4.324
P0376,keyword,8,MAP Kinase Kinase 3,MAP Kinase Kinase 3,4.104
P0376,keyword,9,Bullous pemphigoid,Bullous pemphigoid,3.749
P0376,keyword,10,Contact allergy,Contact allergy,3.572
P0376,keyword,11,Observer Variation,Observer Variation,3.407
P0376,keyword,12,Pyoderma Gangrenosum,Pyoderma Gangrenosum,2.754
P0376,technique,1,머신러닝·AI,Machine Learning / AI,2.325
P0376,technique,2,면역조직화학,Immunohistochemistry,0.816
P0307,keyword,1,Seed dispersal,Seed dispersal,15.709
P0307,keyword,2,Biological dispersal,Biological dispersal,12.066
P0307,keyword,3,Environmental science,Environmental science,7.679
P0307,keyword,4,Tree allometry,Tree allometry,6.349
P0307,keyword,5,Forestry,Forestry,5.614
P0307,keyword,6,Allometry,Allometry,5.248
P0307,keyword,7,Coarse woody debris,Coarse woody debris,5.15
P0307,keyword,8,Tree (set theory),Tree (set theory),4.824
P0307,keyword,9,Wind tunnel,Wind tunnel,4.793
P0307,keyword,10,Soil carbon,Soil carbon,4.491
P0307,keyword,11,Urban forestry,Urban forestry,4.246
P0307,keyword,12,Diaspore (botany),Diaspore (botany),4.034
P0511,keyword,1,Type 2 diabetes,Type 2 diabetes,12.068
P0511,keyword,2,Glycated Hemoglobin,Glycated Hemoglobin,11.61
P0511,keyword,3,"Diabetes Mellitus, Type 2","Diabetes Mellitus, Type 2",11.148
P0511,keyword,4,Hypoglycemic Agents,Hypoglycemic Agents,8.641
P0511,keyword,5,Diabetes Mellitus,Diabetes Mellitus,8.277
P0511,keyword,6,Metformin,Metformin,8.016
P0511,keyword,7,Double-Blind Method,Double-Blind Method,7.343
P0511,keyword,8,"Drug Therapy, Combination","Drug Therapy, Combination",6.557
P0511,keyword,9,Blood Glucose,Blood Glucose,5.894
P0511,keyword,10,Type 2 Diabetes Mellitus,Type 2 Diabetes Mellitus,5.321
P0511,keyword,11,Benzhydryl Compounds,Benzhydryl Compounds,4.13
P0511,keyword,12,Endocrinology,Endocrinology,3.978
P0511,technique,1,임상시험,Clinical Trials,3.166
P0567,keyword,1,Tinnitus,Tinnitus,7.004
P0567,keyword,2,Oxyhemoglobins,Oxyhemoglobins,4.594
P0567,keyword,3,Prepulse Inhibition,Prepulse Inhibition,4.366
P0567,keyword,4,Startle reaction,Startle reaction,3.767
P0567,keyword,5,"Education, Medical","Education, Medical",3.455
P0567,keyword,6,Problem Solving,Problem Solving,3.455
P0567,keyword,7,"Schools, Medical","Schools, Medical",3.455
P0567,keyword,8,Computers,Computers,3.307
P0567,keyword,9,Startle response,Startle response,3.212
P0567,keyword,10,Spinal Cord Injuries,Spinal Cord Injuries,3.011
P0567,keyword,11,Stimulus (psychology),Stimulus (psychology),2.676
P0567,keyword,12,Optical Imaging,Optical Imaging,2.399
P0567,technique,1,질량분석,Mass Spectrometry,0.632
P0567,technique,2,머신러닝·AI,Machine Learning / AI,0.549
P0298,keyword,1,Fermentation,Fermentation,5.941
P0298,keyword,2,Monascus,Monascus,5.024
P0298,keyword,3,Leucyl Aminopeptidase,Leucyl Aminopeptidase,4.36
P0298,keyword,4,Aspergillus,Aspergillus,3.892
P0298,keyword,5,Brick,Brick,3.634
P0298,keyword,6,Aflatoxins,Aflatoxins,3.373
P0298,keyword,7,Food Microbiology,Food Microbiology,3.316
P0298,keyword,8,Starter,Starter,3.299
P0298,keyword,9,Soy Foods,Soy Foods,3.128
P0298,keyword,10,Glycine max,Glycine max,3.079
P0298,keyword,11,Lovastatin,Lovastatin,2.957
P0298,keyword,12,Fungal Proteins,Fungal Proteins,2.949
P0515,keyword,1,Colorectal Neoplasms,Colorectal Neoplasms,5.881
P0515,keyword,2,Chemerin,Chemerin,2.912
P0515,keyword,3,Kidney transplantation,Kidney transplantation,2.686
P0515,keyword,4,Loop of Henle,Loop of Henle,2.45
P0515,keyword,5,Claudins,Claudins,2.409
P0515,keyword,6,Colorectal cancer,Colorectal cancer,2.355
P0515,keyword,7,Graft Survival,Graft Survival,2.21
P0515,keyword,8,"Calcium, Dietary","Calcium, Dietary",2.141
P0515,keyword,9,"Receptors, Calcium-Sensing","Receptors, Calcium-Sensing",2.141
P0515,keyword,10,Glucose Transporter Type 1,Glucose Transporter Type 1,2.1
P0515,keyword,11,Hypercalciuria,Hypercalciuria,2.072
P0515,keyword,12,Graft Rejection,Graft Rejection,2.051
P0515,technique,1,면역조직화학,Immunohistochemistry,2.951
P0538,keyword,1,Fire blight,Fire blight,15.023
P0538,keyword,2,Erwinia,Erwinia,12.386
P0538,keyword,3,Mushroom,Mushroom,10.096
P0538,keyword,4,Botany,Botany,7.582
P0538,keyword,5,Indoor air,Indoor air,6.496
P0538,keyword,6,Agaricus bisporus,Agaricus bisporus,6.267
P0538,keyword,7,Potato dextrose agar,Potato dextrose agar,5.437
P0538,keyword,8,Lentinula,Lentinula,5.348
P0538,keyword,9,Horticulture,Horticulture,5.295
P0538,keyword,10,Internal transcribed spacer,Internal transcribed spacer,4.885
P0538,keyword,11,Ophiostoma,Ophiostoma,4.875
P0538,keyword,12,Mycelium,Mycelium,4.76
P0538,technique,1,qPCR,Real-time PCR,0.834
P0538,technique,2,생물정보·계산생물,Bioinformatics,0.349
P0189,keyword,1,Fluorescein Angiography,Fluorescein Angiography,19.551
P0189,keyword,2,"Tomography, Optical Coherence","Tomography, Optical Coherence",18.421
P0189,keyword,3,Nosema ceranae,Nosema ceranae,15.916
P0189,keyword,4,Intravitreal Injections,Intravitreal Injections,13.621
P0189,keyword,5,American foulbrood,American foulbrood,11.865
P0189,keyword,6,Biofilm,Biofilm,11.595
P0189,keyword,7,Political science,Political science,11.579
P0189,keyword,8,Law,Law,11.548
P0189,keyword,9,Miconazole,Miconazole,10.556
P0189,keyword,10,beta-Defensins,beta-Defensins,10.498
P0189,keyword,11,Cultivar,Cultivar,10.134
P0189,keyword,12,Macular Edema,Macular Edema,9.934
P0189,technique,1,웨스턴블롯,Western Blot,1.376
P0189,technique,2,분자도킹·시뮬레이션,Molecular Docking / Dynamics,1.346
P0189,technique,3,머신러닝·AI,Machine Learning / AI,0.22
P0189,technique,4,RNA-seq·전사체,RNA-seq / Transcriptomics,0.138
P0189,technique,5,임상시험,Clinical Trials,0.048
P0189,technique,6,생물정보·계산생물,Bioinformatics,0.048
P0091,keyword,1,Enantioselective synthesis,Enantioselective synthesis,6.633
P0091,keyword,2,Chirality (physics),Chirality (physics),5.138
P0091,keyword,3,Stereocenter,Stereocenter,5.091
P0091,keyword,4,Kinetic resolution,Kinetic resolution,4.773
P0091,keyword,5,Aldol reaction,Aldol reaction,3.685
P0091,keyword,6,Oxazolidinones,Oxazolidinones,3.604
P0091,keyword,7,Total synthesis,Total synthesis,3.559
P0091,keyword,8,Intramolecular force,Intramolecular force,2.776
P0091,keyword,9,Pyrrolidinones,Pyrrolidinones,2.101
P0091,keyword,10,Biological Products,Biological Products,1.968
P0091,keyword,11,Stereochemistry,Stereochemistry,1.951
P0091,keyword,12,Stereoisomerism,Stereoisomerism,1.93
P0091,technique,1,분자도킹·시뮬레이션,Molecular Docking / Dynamics,1.07
P0091,technique,2,머신러닝·AI,Machine Learning / AI,0.557
P0091,technique,3,RNA-seq·전사체,RNA-seq / Transcriptomics,0.251
P0091,technique,4,생물정보·계산생물,Bioinformatics,0.172
P0734,keyword,1,Histone-Lysine N-Methyltransferase,Histone-Lysine N-Methyltransferase,12.254
P0734,keyword,2,Histones,Histones,10.762
P0734,keyword,3,Nucleosomes,Nucleosomes,10.443
P0734,keyword,4,Histone H2B,Histone H2B,10.175
P0734,keyword,5,Ubiquitination,Ubiquitination,9.759
P0734,keyword,6,Histone,Histone,9.167
P0734,keyword,7,DNA-Binding Proteins,DNA-Binding Proteins,8.702
P0734,keyword,8,Protein-Arginine N-Methyltransferases,Protein-Arginine N-Methyltransferases,8.656
P0734,keyword,9,Methylation,Methylation,7.804
P0734,keyword,10,Transcriptional Elongation Factors,Transcriptional Elongation Factors,7.22
P0734,keyword,11,Chromatin,Chromatin,7.066
P0734,keyword,12,Chromatin Assembly and Disassembly,Chromatin Assembly and Disassembly,6.343
P0734,technique,1,제브라피시,Zebrafish,2.621
P0734,technique,2,유전자변형 마우스,Genetically Modified Mice,1.587
P0734,technique,3,후성유전 분석,Epigenomics (ChIP/ATAC-seq),1.37
P0734,technique,4,줄기세포·iPSC,Stem Cells / iPSC,1.233
P0734,technique,5,생물정보·계산생물,Bioinformatics,1.119
P0734,technique,6,X선 결정학·구조분석,X-ray Crystallography,0.387
P0734,technique,7,머신러닝·AI,Machine Learning / AI,0.295
P0709,keyword,1,Porcine respiratory and reproductive syndrome virus,Porcine respiratory and reproductive syndrome virus,51.774
P0709,keyword,2,Porcine Reproductive and Respiratory Syndrome,Porcine Reproductive and Respiratory Syndrome,49.702
P0709,keyword,3,Porcine reproductive and respiratory syndrome virus,Porcine reproductive and respiratory syndrome virus,41.483
P0709,keyword,4,Swine,Swine,25.922
P0709,keyword,5,Swine Diseases,Swine Diseases,19.332
P0709,keyword,6,Virology,Virology,18.085
P0709,keyword,7,Viral Vaccines,Viral Vaccines,14.668
P0709,keyword,8,Circoviridae Infections,Circoviridae Infections,11.415
P0709,keyword,9,Virus,Virus,11.303
P0709,keyword,10,Circovirus,Circovirus,11.155
P0709,keyword,11,Porcine circovirus,Porcine circovirus,11.058
P0709,keyword,12,Virulence,Virulence,9.853
P0709,technique,1,차세대 시퀀싱(NGS),Next-generation Sequencing,5.23
P0709,technique,2,머신러닝·AI,Machine Learning / AI,2.504
P0709,technique,3,ELISA,ELISA,1.505
P0709,technique,4,생물정보·계산생물,Bioinformatics,1.267
P0709,technique,5,qPCR,Real-time PCR,1.186
P0709,technique,6,유세포분석,Flow Cytometry,0.826
P0709,technique,7,RNA-seq·전사체,RNA-seq / Transcriptomics,0.642
P0654,keyword,1,Lipase,Lipase,10.18
P0654,keyword,2,Pain Clinics,Pain Clinics,7.863
P0654,keyword,3,Emulsifying Agents,Emulsifying Agents,6.32
P0654,keyword,4,"Neuralgia, Postherpetic","Neuralgia, Postherpetic",5.939
P0654,keyword,5,Lauric acid,Lauric acid,5.735
P0654,keyword,6,Esterification,Esterification,5.506
P0654,keyword,7,Referral and Consultation,Referral and Consultation,4.9
P0654,keyword,8,Herpes Zoster,Herpes Zoster,4.637
P0654,keyword,9,Chitosan,Chitosan,4.576
P0654,keyword,10,"Enzymes, Immobilized","Enzymes, Immobilized",4.475
P0654,keyword,11,Emulsions,Emulsions,4.329
P0654,keyword,12,Solvents,Solvents,4.32
P0654,technique,1,나노입자·약물전달,Nanoparticles / Drug Delivery,1.047
P0272,keyword,1,Xanthomonas oryzae pv. oryzae,Xanthomonas oryzae pv. oryzae,61.366
P0272,keyword,2,Xanthomonas oryzae,Xanthomonas oryzae,52.245
P0272,keyword,3,Xanthomonas,Xanthomonas,28.471
P0272,keyword,4,beta-Lactamases,beta-Lactamases,14.579
P0272,keyword,5,Pathogen,Pathogen,13.945
P0272,keyword,6,Crystallization,Crystallization,13.385
P0272,keyword,7,"Models, Molecular","Models, Molecular",9.65
P0272,keyword,8,Bacterial Proteins,Bacterial Proteins,8.541
P0272,keyword,9,Stereochemistry,Stereochemistry,8.488
P0272,keyword,10,Pathogenicity,Pathogenicity,8.106
P0272,keyword,11,Gene Expression,Gene Expression,8.001
P0272,keyword,12,Acinetobacter baumannii,Acinetobacter baumannii,7.988
P0272,technique,1,X선 결정학·구조분석,X-ray Crystallography,19.309
P0272,technique,2,분자도킹·시뮬레이션,Molecular Docking / Dynamics,3.451
P0272,technique,3,RNA-seq·전사체,RNA-seq / Transcriptomics,2.554
P0272,technique,4,생물정보·계산생물,Bioinformatics,2.272
P0272,technique,5,CRISPR 유전자편집,CRISPR Gene Editing,1.02
P0272,technique,6,나노입자·약물전달,Nanoparticles / Drug Delivery,0.56
P0272,technique,7,전자현미경,Electron Microscopy,0.469
P0272,technique,8,초파리,Drosophila,0.219
P0179,keyword,1,Phytochrome,Phytochrome,13.418
P0179,keyword,2,Hypocotyl,Hypocotyl,11.59
P0179,keyword,3,"Gene Expression Regulation, Plant","Gene Expression Regulation, Plant",10.308
P0179,keyword,4,Circadian Clocks,Circadian Clocks,8.885
P0179,keyword,5,Photoperiod,Photoperiod,7.922
P0179,keyword,6,Indoleacetic Acids,Indoleacetic Acids,7.225
P0179,keyword,7,Seedlings,Seedlings,7.152
P0179,keyword,8,Auxin,Auxin,6.408
P0179,keyword,9,Basic Helix-Loop-Helix Proteins,Basic Helix-Loop-Helix Proteins,6.239
P0179,keyword,10,Reinfection,Reinfection,6.192
P0179,keyword,11,Heat exchanger,Heat exchanger,6.013
P0179,keyword,12,Circadian clock,Circadian clock,5.862
P0179,technique,1,애기장대·식물 모델,Arabidopsis,19.342
P0179,technique,2,나노입자·약물전달,Nanoparticles / Drug Delivery,1.291
P0179,technique,3,생물정보·계산생물,Bioinformatics,0.55
P0179,technique,4,RNA-seq·전사체,RNA-seq / Transcriptomics,0.492
P0719,keyword,1,p21-Activated Kinases,p21-Activated Kinases,9.477
P0719,keyword,2,Hepatocytes,Hepatocytes,7.741
P0719,keyword,3,Iron Overload,Iron Overload,7.036
P0719,keyword,4,Ferroportin,Ferroportin,6.196
P0719,keyword,5,Hepatic Stellate Cells,Hepatic Stellate Cells,6.096
P0719,keyword,6,Endoplasmic Reticulum Stress,Endoplasmic Reticulum Stress,4.792
P0719,keyword,7,Liver Cirrhosis,Liver Cirrhosis,4.678
P0719,keyword,8,Fatty Liver,Fatty Liver,4.612
P0719,keyword,9,Cation Transport Proteins,Cation Transport Proteins,4.549
P0719,keyword,10,Forkhead Box Protein O1,Forkhead Box Protein O1,4.418
P0719,keyword,11,Liver,Liver,4.269
P0719,keyword,12,YAP-Signaling Proteins,YAP-Signaling Proteins,3.536
P0719,technique,1,유전자변형 마우스,Genetically Modified Mice,2.994
P0719,technique,2,면역조직화학,Immunohistochemistry,0.22
P0389,keyword,1,Androgen deprivation therapy,Androgen deprivation therapy,8.472
P0389,keyword,2,Prostate cancer,Prostate cancer,7.548
P0389,keyword,3,Prostatectomy,Prostatectomy,7.046
P0389,keyword,4,"Lithotripsy, Laser","Lithotripsy, Laser",7.033
P0389,keyword,5,Thulium,Thulium,6.548
P0389,keyword,6,Ureteroscopy,Ureteroscopy,6.431
P0389,keyword,7,Prostatic Neoplasms,Prostatic Neoplasms,6.157
P0389,keyword,8,"Lasers, Solid-State","Lasers, Solid-State",5.538
P0389,keyword,9,Lithotripsy,Lithotripsy,5.115
P0389,keyword,10,Urinary Tract,Urinary Tract,4.125
P0389,keyword,11,Urology,Urology,3.201
P0389,keyword,12,Androgen Antagonists,Androgen Antagonists,2.974
P0389,technique,1,임상시험,Clinical Trials,1.371
P0389,technique,2,MRI·PET 영상,MRI / PET Imaging,0.749
P0389,technique,3,머신러닝·AI,Machine Learning / AI,0.69
P0058,keyword,1,Gastroparesis,Gastroparesis,10.064
P0058,keyword,2,Offspring,Offspring,7.41
P0058,keyword,3,Radiance,Radiance,6.793
P0058,keyword,4,Teleoperation,Teleoperation,6.029
P0058,keyword,5,Clusterin,Clusterin,5.802
P0058,keyword,6,Ghrelin,Ghrelin,5.506
P0058,keyword,7,Diabetes Mellitus,Diabetes Mellitus,4.485
P0058,keyword,8,Hypothalamus,Hypothalamus,4.438
P0058,keyword,9,Eating,Eating,4.424
P0058,keyword,10,Circadian Rhythm,Circadian Rhythm,4.281
P0058,keyword,11,Sucralose,Sucralose,4.184
P0058,keyword,12,Robot,Robot,3.996
P0058,technique,1,머신러닝·AI,Machine Learning / AI,2.714
P0058,technique,2,면역조직화학,Immunohistochemistry,0.402
P0058,technique,3,유전자변형 마우스,Genetically Modified Mice,0.292
P0058,technique,4,생물정보·계산생물,Bioinformatics,0.24
P0742,keyword,1,Astrocytes,Astrocytes,40.046
P0742,keyword,2,Synapses,Synapses,37.001
P0742,keyword,3,Phagocytosis,Phagocytosis,31.707
P0742,keyword,4,Synapse,Synapse,22.933
P0742,keyword,5,Microglia,Microglia,21.936
P0742,keyword,6,Astrocyte,Astrocyte,16.963
P0742,keyword,7,Neuroglia,Neuroglia,15.546
P0742,keyword,8,c-Mer Tyrosine Kinase,c-Mer Tyrosine Kinase,13.073
P0742,keyword,9,Neuronal Plasticity,Neuronal Plasticity,11.19
P0742,keyword,10,Neuroscience,Neuroscience,10.883
P0742,keyword,11,Synaptic pruning,Synaptic pruning,9.947
P0742,keyword,12,Synaptosomes,Synaptosomes,9.326
P0742,technique,1,유전자변형 마우스,Genetically Modified Mice,7.545
P0742,technique,2,제브라피시,Zebrafish,1.553
P0742,technique,3,형광·공초점 이미징,Fluorescence / Confocal Imaging,1.368
P0742,technique,4,RNA-seq·전사체,RNA-seq / Transcriptomics,1.212
P0742,technique,5,단일세포 분석,Single-cell Analysis,0.845
P0742,technique,6,RNA 치료제·siRNA,RNA Therapeutics,0.833
P0742,technique,7,초파리,Drosophila,0.665
P0742,technique,8,나노입자·약물전달,Nanoparticles / Drug Delivery,0.451
P0521,keyword,1,Microglia,Microglia,9.035
P0521,keyword,2,Stroke,Stroke,7.219
P0521,keyword,3,Neuralgia,Neuralgia,7.112
P0521,keyword,4,Inflammasomes,Inflammasomes,6.754
P0521,keyword,5,Brain Injuries,Brain Injuries,6.551
P0521,keyword,6,"NLR Family, Pyrin Domain-Containing 3 Protein","NLR Family, Pyrin Domain-Containing 3 Protein",6.125
P0521,keyword,7,Polylactic Acid-Polyglycolic Acid Copolymer,Polylactic Acid-Polyglycolic Acid Copolymer,5.47
P0521,keyword,8,Ischemic Stroke,Ischemic Stroke,4.954
P0521,keyword,9,Kainic Acid,Kainic Acid,4.74
P0521,keyword,10,Glycols,Glycols,4.656
P0521,keyword,11,Pyroptosis,Pyroptosis,4.341
P0521,keyword,12,Neuropathic pain,Neuropathic pain,4.198
P0521,technique,1,나노입자·약물전달,Nanoparticles / Drug Delivery,5.614
P0521,technique,2,RNA 치료제·siRNA,RNA Therapeutics,4.764
P0521,technique,3,유전자변형 마우스,Genetically Modified Mice,2.381
P0521,technique,4,초파리,Drosophila,0.891
P0521,technique,5,면역조직화학,Immunohistochemistry,0.534
P0521,technique,6,CRISPR 유전자편집,CRISPR Gene Editing,0.527
P0521,technique,7,생물정보·계산생물,Bioinformatics,0.25
P0203,keyword,1,Acupuncture,Acupuncture,3.447
P0203,keyword,2,Family systems theory,Family systems theory,2.972
P0203,keyword,3,Electroacupuncture,Electroacupuncture,2.223
P0203,keyword,4,Naturalism,Naturalism,2.206
P0203,keyword,5,Triangulation,Triangulation,2.132
P0203,keyword,6,Existentialism,Existentialism,1.951
P0203,keyword,7,Systems theory,Systems theory,1.916
P0203,keyword,8,Physical therapy,Physical therapy,1.546
P0203,keyword,9,Rating scale,Rating scale,1.45
P0203,keyword,10,Meta-analysis,Meta-analysis,1.204
P0203,keyword,11,Crying,Crying,1.184
P0203,keyword,12,Hypoglossal Nerve Injuries,Hypoglossal Nerve Injuries,1.095
P0203,technique,1,X선 결정학·구조분석,X-ray Crystallography,0.013
P0664,keyword,1,Pulse-width modulation,Pulse-width modulation,24.373
P0664,keyword,2,Work–life balance,Work–life balance,17.068
P0664,keyword,3,Personal life,Personal life,12.62
P0664,keyword,4,Rectenna,Rectenna,11.841
P0664,keyword,5,Balance (ability),Balance (ability),10.044
P0664,keyword,6,Antenna (radio),Antenna (radio),8.968
P0664,keyword,7,Power (physics),Power (physics),8.036
P0664,keyword,8,Electronic engineering,Electronic engineering,7.631
P0664,keyword,9,Inverter,Inverter,7.223
P0664,keyword,10,Work (physics),Work (physics),7.177
P0664,keyword,11,Capacitor,Capacitor,6.373
P0664,keyword,12,Electrical engineering,Electrical engineering,6.23
P0664,technique,1,머신러닝·AI,Machine Learning / AI,0.33
P0664,technique,2,X선 결정학·구조분석,X-ray Crystallography,0.304
P0369,keyword,1,Kluyveromyces,Kluyveromyces,0.323
P0369,keyword,2,Hexanoic acid,Hexanoic acid,0.294
P0369,keyword,3,Caproates,Caproates,0.28
P0369,keyword,4,Kluyveromyces marxianus,Kluyveromyces marxianus,0.266
P0369,keyword,5,Metabolic engineering,Metabolic engineering,0.184
P0369,keyword,6,Galactose,Galactose,0.172
P0369,keyword,7,Metabolic Networks and Pathways,Metabolic Networks and Pathways,0.16
P0369,keyword,8,Skull Fractures,Skull Fractures,0.128
P0369,keyword,9,Bone Substitutes,Bone Substitutes,0.119
P0369,keyword,10,Ethanol,Ethanol,0.107
P0369,keyword,11,Fermentation,Fermentation,0.105
P0369,keyword,12,Glucose,Glucose,0.1
P0803,keyword,1,Vascular permeability,Vascular permeability,7.935
P0803,keyword,2,Endothelial stem cell,Endothelial stem cell,5.108
P0803,keyword,3,Endothelial Cells,Endothelial Cells,4.987
P0803,keyword,4,Cadherin 5,Cadherin 5,4.275
P0803,keyword,5,Protein Deglycase DJ-1,Protein Deglycase DJ-1,4.148
P0803,keyword,6,"Cyclic Nucleotide Phosphodiesterases, Type 4","Cyclic Nucleotide Phosphodiesterases, Type 4",3.878
P0803,keyword,7,Vascular Diseases,Vascular Diseases,3.703
P0803,keyword,8,Integrin alpha5,Integrin alpha5,3.443
P0803,keyword,9,Integrin,Integrin,3.285
P0803,keyword,10,Inflammation,Inflammation,3.261
P0803,keyword,11,Endothelial activation,Endothelial activation,3.255
P0803,keyword,12,Permeability (electromagnetism),Permeability (electromagnetism),3.101
P0803,technique,1,RNA 치료제·siRNA,RNA Therapeutics,0.373
P0803,technique,2,유전자변형 마우스,Genetically Modified Mice,0.28
P0803,technique,3,X선 결정학·구조분석,X-ray Crystallography,0.209
P0803,technique,4,생물정보·계산생물,Bioinformatics,0.158
P0320,keyword,1,Multispectral image,Multispectral image,7.994
P0320,keyword,2,Image-based lighting,Image-based lighting,5.216
P0320,keyword,3,Multispectral pattern recognition,Multispectral pattern recognition,4.612
P0320,keyword,4,Ranging,Ranging,3.97
P0320,keyword,5,Diversity (politics),Diversity (politics),2.511
P0320,keyword,6,Reflectivity,Reflectivity,2.378
P0120,keyword,1,Human capital,Human capital,0.695
P0120,keyword,2,Norm (philosophy),Norm (philosophy),0.638
P0120,keyword,3,Gender discrimination,Gender discrimination,0.637
P0120,keyword,4,Empirical evidence,Empirical evidence,0.526
P0120,keyword,5,Social capital,Social capital,0.447
P0120,keyword,6,Convergence (economics),Convergence (economics),0.411
P0120,keyword,7,Empirical research,Empirical research,0.366
P0120,keyword,8,Variation (astronomy),Variation (astronomy),0.295
P0067,keyword,1,Macrophages,Macrophages,22.286
P0067,keyword,2,Macrophage,Macrophage,11.56
P0067,keyword,3,Tumor microenvironment,Tumor microenvironment,11.262
P0067,keyword,4,Cognitive reframing,Cognitive reframing,9.155
P0067,keyword,5,Preparedness,Preparedness,7.697
P0067,keyword,6,Animal Testing Alternatives,Animal Testing Alternatives,7.407
P0067,keyword,7,Immunology,Immunology,7.151
P0067,keyword,8,Animal welfare,Animal welfare,7.109
P0067,keyword,9,"Receptors, Histamine H4","Receptors, Histamine H4",6.978
P0067,keyword,10,"Receptors, Prostaglandin E, EP2 Subtype","Receptors, Prostaglandin E, EP2 Subtype",6.91
P0067,keyword,11,Tumor-Associated Macrophages,Tumor-Associated Macrophages,6.777
P0067,keyword,12,"Receptor, EphB4","Receptor, EphB4",6.553
P0067,technique,1,제브라피시,Zebrafish,15.687
P0067,technique,2,유세포분석,Flow Cytometry,5.419
P0067,technique,3,나노입자·약물전달,Nanoparticles / Drug Delivery,3.892
P0067,technique,4,단백체,Proteomics,2.722
P0067,technique,5,유전자변형 마우스,Genetically Modified Mice,1.9
P0067,technique,6,머신러닝·AI,Machine Learning / AI,1.671
P0067,technique,7,MRI·PET 영상,MRI / PET Imaging,1.524
P0067,technique,8,질량분석,Mass Spectrometry,1.348
P0078,keyword,1,Tumor microenvironment,Tumor microenvironment,11.456
P0078,keyword,2,Myeloid Cells,Myeloid Cells,10.195
P0078,keyword,3,Desmoplasia,Desmoplasia,8.417
P0078,keyword,4,Macrophage polarization,Macrophage polarization,7.881
P0078,keyword,5,Cancer research,Cancer research,7.211
P0078,keyword,6,Metabolic Reprogramming,Metabolic Reprogramming,7.152
P0078,keyword,7,Nicotinamide Phosphoribosyltransferase,Nicotinamide Phosphoribosyltransferase,6.253
P0078,keyword,8,VEGF receptors,VEGF receptors,5.869
P0078,keyword,9,"Carcinoma, Pancreatic Ductal","Carcinoma, Pancreatic Ductal",5.505
P0078,keyword,10,"Neovascularization, Pathologic","Neovascularization, Pathologic",5.293
P0078,keyword,11,Vascular Endothelial Growth Factor A,Vascular Endothelial Growth Factor A,4.872
P0078,keyword,12,Neutrophils,Neutrophils,4.75
P0078,technique,1,단일세포 분석,Single-cell Analysis,7.312
P0078,technique,2,형광·공초점 이미징,Fluorescence / Confocal Imaging,2.626
P0078,technique,3,RNA-seq·전사체,RNA-seq / Transcriptomics,1.849
P0078,technique,4,항체 개발,Antibody Engineering,1.787
P0078,technique,5,유전자변형 마우스,Genetically Modified Mice,1.315
P0078,technique,6,생물정보·계산생물,Bioinformatics,1.039
P0078,technique,7,CAR-T·입양세포치료,CAR-T / Adoptive Cell Therapy,0.843
P0078,technique,8,차세대 시퀀싱(NGS),Next-generation Sequencing,0.606
P0625,keyword,1,Cochlea,Cochlea,24.528
P0625,keyword,2,Low-Level Light Therapy,Low-Level Light Therapy,21.964
P0625,keyword,3,Hearing loss,Hearing loss,21.623
P0625,keyword,4,Audiology,Audiology,17.02
P0625,keyword,5,Inner ear,Inner ear,15.594
P0625,keyword,6,"Hair Cells, Auditory","Hair Cells, Auditory",15.206
P0625,keyword,7,Cochlear Implants,Cochlear Implants,13.049
P0625,keyword,8,"Ear, Inner","Ear, Inner",12.946
P0625,keyword,9,Cochlear Implantation,Cochlear Implantation,11.493
P0625,keyword,10,Vestibular system,Vestibular system,11.112
P0625,keyword,11,"Evoked Potentials, Auditory, Brain Stem","Evoked Potentials, Auditory, Brain Stem",10.863
P0625,keyword,12,Tinnitus,Tinnitus,10.016
P0625,technique,1,오가노이드,Organoids,13.127
P0625,technique,2,줄기세포·iPSC,Stem Cells / iPSC,4.493
P0625,technique,3,MRI·PET 영상,MRI / PET Imaging,2.944
P0625,technique,4,머신러닝·AI,Machine Learning / AI,1.861
P0625,technique,5,유전자변형 마우스,Genetically Modified Mice,1.023
P0625,technique,6,나노입자·약물전달,Nanoparticles / Drug Delivery,0.889
P0625,technique,7,전기생리,Electrophysiology,0.871
P0625,technique,8,RNA-seq·전사체,RNA-seq / Transcriptomics,0.738
P0596,keyword,1,Hepatocellular carcinoma,Hepatocellular carcinoma,10.806
P0596,keyword,2,"Hepatitis C, Chronic","Hepatitis C, Chronic",8.282
P0596,keyword,3,Chronic hepatitis,Chronic hepatitis,7.074
P0596,keyword,4,Hepatitis B virus,Hepatitis B virus,6.846
P0596,keyword,5,Liver Neoplasms,Liver Neoplasms,5.364
P0596,keyword,6,Hepatitis B,Hepatitis B,5.286
P0596,keyword,7,"Hepatitis B, Chronic","Hepatitis B, Chronic",5.077
P0596,keyword,8,"Carcinoma, Hepatocellular","Carcinoma, Hepatocellular",5.069
P0596,keyword,9,Antiviral therapy,Antiviral therapy,4.736
P0596,keyword,10,Antiviral Agents,Antiviral Agents,4.697
P0596,keyword,11,Entecavir,Entecavir,4.479
P0596,keyword,12,cccDNA,cccDNA,4.323
P0596,technique,1,MRI·PET 영상,MRI / PET Imaging,2.177
P0596,technique,2,면역조직화학,Immunohistochemistry,0.455
P0596,technique,3,임상시험,Clinical Trials,0.44
P0596,technique,4,유세포분석,Flow Cytometry,0.259
P0596,technique,5,GWAS·유전역학,GWAS / Genetic Epidemiology,0.255
P0071,keyword,1,Acinetobacter baumannii,Acinetobacter baumannii,10.19
P0071,keyword,2,Virulence,Virulence,7.961
P0071,keyword,3,Salmonella typhimurium,Salmonella typhimurium,7.851
P0071,keyword,4,"Gene Expression Regulation, Bacterial","Gene Expression Regulation, Bacterial",7.794
P0071,keyword,5,Bacterial Proteins,Bacterial Proteins,7.511
P0071,keyword,6,Bacteroides fragilis,Bacteroides fragilis,7.337
P0071,keyword,7,Reverse Vaccinology,Reverse Vaccinology,6.553
P0071,keyword,8,Multidrug tolerance,Multidrug tolerance,6.499
P0071,keyword,9,Bacteria,Bacteria,5.161
P0071,keyword,10,"Antigens, Bacterial","Antigens, Bacterial",4.788
P0071,keyword,11,Anti-Bacterial Agents,Anti-Bacterial Agents,4.719
P0071,keyword,12,Acinetobacter Infections,Acinetobacter Infections,4.673
P0071,technique,1,차세대 시퀀싱(NGS),Next-generation Sequencing,3.171
P0071,technique,2,대사체·지질체,Metabolomics / Lipidomics,1.676
P0071,technique,3,생물정보·계산생물,Bioinformatics,1.138
P0071,technique,4,유전자변형 마우스,Genetically Modified Mice,0.736
P0071,technique,5,RNA-seq·전사체,RNA-seq / Transcriptomics,0.273
P0259,keyword,1,Disinfectant,Disinfectant,11.244
P0259,keyword,2,Chlorine dioxide,Chlorine dioxide,7.388
P0259,keyword,3,Disinfectants,Disinfectants,6.049
P0259,keyword,4,Motor Vehicles,Motor Vehicles,4.353
P0259,keyword,5,Livestock,Livestock,4.219
P0259,keyword,6,Salmonella,Salmonella,3.506
P0259,keyword,7,Influenza A virus,Influenza A virus,3.205
P0259,keyword,8,Foot-and-mouth disease,Foot-and-mouth disease,3.127
P0259,keyword,9,Influenza in Birds,Influenza in Birds,3.062
P0259,keyword,10,Poultry Diseases,Poultry Diseases,2.765
P0259,keyword,11,Cattle Diseases,Cattle Diseases,2.725
P0259,keyword,12,Chickens,Chickens,2.57
P0259,technique,1,면역조직화학,Immunohistochemistry,0.242
P0651,keyword,1,Lysin,Lysin,26.885
P0651,keyword,2,Bacteriophage,Bacteriophage,19.858
P0651,keyword,3,Bacteriophages,Bacteriophages,14.826
P0651,keyword,4,Bacillus Phages,Bacillus Phages,11.545
P0651,keyword,5,Endopeptidases,Endopeptidases,10.051
P0651,keyword,6,Viral Tail Proteins,Viral Tail Proteins,9.829
P0651,keyword,7,Lytic cycle,Lytic cycle,9.387
P0651,keyword,8,"Genome, Viral","Genome, Viral",6.693
P0651,keyword,9,Bacillus cereus,Bacillus cereus,6.667
P0651,keyword,10,Siphoviridae,Siphoviridae,6.459
P0651,keyword,11,Host Specificity,Host Specificity,6.172
P0651,keyword,12,Bacillus amyloliquefaciens,Bacillus amyloliquefaciens,5.991
P0651,technique,1,나노입자·약물전달,Nanoparticles / Drug Delivery,2.246
P0651,technique,2,차세대 시퀀싱(NGS),Next-generation Sequencing,0.93
P0651,technique,3,생물정보·계산생물,Bioinformatics,0.621
P0651,technique,4,X선 결정학·구조분석,X-ray Crystallography,0.559
P0651,technique,5,유세포분석,Flow Cytometry,0.439
P0547,keyword,1,Skin Microbiome,Skin Microbiome,14.121
P0547,keyword,2,Microbiota,Microbiota,9.083
P0547,keyword,3,"Vaginosis, Bacterial","Vaginosis, Bacterial",7.423
P0547,keyword,4,Microbiome,Microbiome,6.996
P0547,keyword,5,Megasphaera,Megasphaera,6.553
P0547,keyword,6,Amplicon,Amplicon,6.522
P0547,keyword,7,Retrotransposon,Retrotransposon,6.301
P0547,keyword,8,UniFrac,UniFrac,6.241
P0547,keyword,9,Skin,Skin,6.15
P0547,keyword,10,Streptococcus,Streptococcus,5.473
P0547,keyword,11,Endogenous retrovirus,Endogenous retrovirus,5.451
P0547,keyword,12,Genome,Genome,5.442
P0547,technique,1,차세대 시퀀싱(NGS),Next-generation Sequencing,6.763
P0547,technique,2,RNA-seq·전사체,RNA-seq / Transcriptomics,6.361
P0547,technique,3,qPCR,Real-time PCR,3.502
P0547,technique,4,생물정보·계산생물,Bioinformatics,2.979
P0547,technique,5,오가노이드,Organoids,1.864
P0547,technique,6,머신러닝·AI,Machine Learning / AI,0.491
P0470,keyword,1,Carbon Tetrachloride,Carbon Tetrachloride,0.12
P0470,keyword,2,Liver Diseases,Liver Diseases,0.111
P0470,keyword,3,Chemical and Drug Induced Liver Injury,Chemical and Drug Induced Liver Injury,0.106
P0470,keyword,4,Placenta,Placenta,0.101
P0470,keyword,5,Mesenchymal Stem Cell Transplantation,Mesenchymal Stem Cell Transplantation,0.098
P0470,keyword,6,Transforming Growth Factor beta,Transforming Growth Factor beta,0.081
P0470,keyword,7,Hepatic stellate cell,Hepatic stellate cell,0.068
P0470,keyword,8,CCL4,CCL4,0.067
P0470,keyword,9,Reverse Transcriptase Polymerase Chain Reaction,Reverse Transcriptase Polymerase Chain Reaction,0.056
P0470,keyword,10,Cell Differentiation,Cell Differentiation,0.051
P0470,keyword,11,Mesenchymal stem cell,Mesenchymal stem cell,0.046
P0470,keyword,12,Transplantation,Transplantation,0.031
P0501,keyword,1,Brain–computer interface,Brain–computer interface,11.287
P0501,keyword,2,Electroencephalography,Electroencephalography,6.652
P0501,keyword,3,Brain-Computer Interfaces,Brain-Computer Interfaces,5.498
P0501,keyword,4,Motor imagery,Motor imagery,4.166
P0501,keyword,5,"Evoked Potentials, Visual","Evoked Potentials, Visual",2.942
P0501,keyword,6,Interface (matter),Interface (matter),2.938
P0501,keyword,7,Craving,Craving,2.795
P0501,keyword,8,Motion sickness,Motion sickness,2.618
P0501,keyword,9,Robotics,Robotics,2.218
P0501,keyword,10,Autism Spectrum Disorder,Autism Spectrum Disorder,2.043
P0501,keyword,11,Imagination,Imagination,1.958
P0501,keyword,12,Pupillary light reflex,Pupillary light reflex,1.907
P0501,technique,1,머신러닝·AI,Machine Learning / AI,1.333
P0501,technique,2,MRI·PET 영상,MRI / PET Imaging,0.333
P0403,keyword,1,"Emergency Service, Hospital","Emergency Service, Hospital",15.003
P0403,keyword,2,Point-of-Care Systems,Point-of-Care Systems,10.025
P0403,keyword,3,"Tomography, X-Ray Computed","Tomography, X-Ray Computed",9.816
P0403,keyword,4,Ultrasonography,Ultrasonography,9.62
P0403,keyword,5,Emergency department,Emergency department,9.557
P0403,keyword,6,Triage,Triage,8.827
P0403,keyword,7,Receiver operating characteristic,Receiver operating characteristic,8.353
P0403,keyword,8,Hospital Mortality,Hospital Mortality,7.196
P0403,keyword,9,Optic nerve,Optic nerve,6.924
P0403,keyword,10,Radiology,Radiology,6.517
P0403,keyword,11,Posterior Cruciate Ligament,Posterior Cruciate Ligament,5.148
P0403,keyword,12,Shoulder Joint,Shoulder Joint,5.137
P0403,technique,1,MRI·PET 영상,MRI / PET Imaging,7.393
P0403,technique,2,머신러닝·AI,Machine Learning / AI,2.4
P0403,technique,3,임상시험,Clinical Trials,0.527
P0403,technique,4,생물정보·계산생물,Bioinformatics,0.251
P0403,technique,5,나노입자·약물전달,Nanoparticles / Drug Delivery,0.094
P0818,keyword,1,Ataxia Telangiectasia Mutated Proteins,Ataxia Telangiectasia Mutated Proteins,21.861
P0818,keyword,2,Ataxia Telangiectasia,Ataxia Telangiectasia,13.739
P0818,keyword,3,MRE11 Homologue Protein,MRE11 Homologue Protein,12.361
P0818,keyword,4,Ataxia-telangiectasia,Ataxia-telangiectasia,9.565
P0818,keyword,5,DNA damage,DNA damage,8.426
P0818,keyword,6,DNA Repair Enzymes,DNA Repair Enzymes,7.058
P0818,keyword,7,Acid Anhydride Hydrolases,Acid Anhydride Hydrolases,6.713
P0818,keyword,8,Proteostasis,Proteostasis,6.651
P0818,keyword,9,DNA Repair,DNA Repair,6.008
P0818,keyword,10,Rad50,Rad50,4.595
P0818,keyword,11,Cell Cycle Proteins,Cell Cycle Proteins,4.557
P0818,keyword,12,"DNA Breaks, Single-Stranded","DNA Breaks, Single-Stranded",4.413
P0818,technique,1,애기장대·식물 모델,Arabidopsis,2.289
P0818,technique,2,초파리,Drosophila,0.88
P0818,technique,3,생물정보·계산생물,Bioinformatics,0.704
P0818,technique,4,머신러닝·AI,Machine Learning / AI,0.685
P0818,technique,5,유전자변형 마우스,Genetically Modified Mice,0.352
P0818,technique,6,전자현미경,Electron Microscopy,0.196
P0774,keyword,1,Neurogranin,Neurogranin,5.759
P0774,keyword,2,Long-Term Potentiation,Long-Term Potentiation,5.432
P0774,keyword,3,Synapses,Synapses,5.067
P0774,keyword,4,Neuronal Plasticity,Neuronal Plasticity,4.908
P0774,keyword,5,Cyclins,Cyclins,3.798
P0774,keyword,6,Hippocampus,Hippocampus,3.67
P0774,keyword,7,N-Acetylglucosaminyltransferases,N-Acetylglucosaminyltransferases,3.299
P0774,keyword,8,Synaptic plasticity,Synaptic plasticity,3.296
P0774,keyword,9,beta-N-Acetylhexosaminidases,beta-N-Acetylhexosaminidases,3.262
P0774,keyword,10,Acetylglucosamine,Acetylglucosamine,3.065
P0774,keyword,11,Neuroscience,Neuroscience,2.92
P0774,keyword,12,Panax,Panax,2.763
P0774,technique,1,전기생리,Electrophysiology,1.768
P0774,technique,2,유전자변형 마우스,Genetically Modified Mice,1.102
P0774,technique,3,생물정보·계산생물,Bioinformatics,0.472
P0602,keyword,1,Radiosurgery,Radiosurgery,2.43
P0602,keyword,2,Traumatic brain injury,Traumatic brain injury,2.29
P0602,keyword,3,Antithrombotic,Antithrombotic,2.247
P0602,keyword,4,Cage,Cage,2.082
P0602,keyword,5,Surgery,Surgery,1.847
P0602,keyword,6,Craniotomy,Craniotomy,1.65
P0602,keyword,7,Lumbar spinal stenosis,Lumbar spinal stenosis,1.449
P0602,keyword,8,Brachial plexus,Brachial plexus,1.324
P0602,keyword,9,Neurosurgery,Neurosurgery,1.282
P0602,keyword,10,Intraventricular hemorrhage,Intraventricular hemorrhage,1.188
P0602,keyword,11,Neurofibroma,Neurofibroma,1.152
P0602,keyword,12,Radiology,Radiology,1.145
P0602,technique,1,MRI·PET 영상,MRI / PET Imaging,0.504
P0602,technique,2,면역조직화학,Immunohistochemistry,0.15
P0330,keyword,1,"Myocytes, Cardiac","Myocytes, Cardiac",2.963
P0330,keyword,2,Time-Lapse Imaging,Time-Lapse Imaging,2.898
P0330,keyword,3,Lipoprotein Lipase,Lipoprotein Lipase,2.78
P0330,keyword,4,Molecular Diagnostic Techniques,Molecular Diagnostic Techniques,2.618
P0330,keyword,5,Mitochondrion,Mitochondrion,2.261
P0330,keyword,6,Malignant cells,Malignant cells,2.249
P0330,keyword,7,Microscopy,Microscopy,2.21
P0330,keyword,8,Myocardial Contraction,Myocardial Contraction,2.165
P0330,keyword,9,Video microscopy,Video microscopy,1.953
P0330,keyword,10,"Neoplastic Cells, Circulating","Neoplastic Cells, Circulating",1.932
P0330,keyword,11,Isolated Heart Preparation,Isolated Heart Preparation,1.929
P0330,keyword,12,Cell biology,Cell biology,1.842
P0330,technique,1,미세유체·장기칩,Microfluidics / Organ-on-a-chip,3.682
P0330,technique,2,엑소좀·세포외소포,Exosomes / EVs,1.424
P0330,technique,3,유전자변형 마우스,Genetically Modified Mice,1.184
P0330,technique,4,제브라피시,Zebrafish,0.816
P0330,technique,5,RNA 치료제·siRNA,RNA Therapeutics,0.372
P0330,technique,6,나노입자·약물전달,Nanoparticles / Drug Delivery,0.267
P0330,technique,7,생물정보·계산생물,Bioinformatics,0.112
P0233,keyword,1,Hedgehog,Hedgehog,21.002
P0233,keyword,2,Hedgehog signaling pathway,Hedgehog signaling pathway,18.954
P0233,keyword,3,GLI1,GLI1,16.364
P0233,keyword,4,Solasodine,Solasodine,10.292
P0233,keyword,5,Zinc Finger Protein GLI1,Zinc Finger Protein GLI1,9.798
P0233,keyword,6,Boraginaceae,Boraginaceae,7.832
P0233,keyword,7,Adipogenesis,Adipogenesis,6.924
P0233,keyword,8,Signal transduction,Signal transduction,6.922
P0233,keyword,9,Cyclin D1,Cyclin D1,5.736
P0233,keyword,10,Hedgehog Proteins,Hedgehog Proteins,5.57
P0233,keyword,11,Cancer research,Cancer research,5.458
P0233,keyword,12,Garcinia mangostana,Garcinia mangostana,4.678
P0233,technique,1,오가노이드,Organoids,1.576
P0233,technique,2,종양 이종이식 모델,Xenograft Models,1.568
P0233,technique,3,대사체·지질체,Metabolomics / Lipidomics,1.031
P0233,technique,4,질량분석,Mass Spectrometry,0.756
P0233,technique,5,웨스턴블롯,Western Blot,0.339
P0233,technique,6,분자도킹·시뮬레이션,Molecular Docking / Dynamics,0.301
P0233,technique,7,X선 결정학·구조분석,X-ray Crystallography,0.156
P0233,technique,8,면역조직화학,Immunohistochemistry,0.117
P0015,keyword,1,Riboswitch,Riboswitch,12.785
P0015,keyword,2,Synthetic biology,Synthetic biology,10.711
P0015,keyword,3,Metabolic engineering,Metabolic engineering,7.162
P0015,keyword,4,Industrial and production engineering,Industrial and production engineering,5.9
P0015,keyword,5,Biological Therapy,Biological Therapy,5.835
P0015,keyword,6,Genetic Engineering,Genetic Engineering,5.549
P0015,keyword,7,Interspersed Repetitive Sequences,Interspersed Repetitive Sequences,4.104
P0015,keyword,8,Metabolic Diseases,Metabolic Diseases,4.033
P0015,keyword,9,Escherichia coli,Escherichia coli,3.881
P0015,keyword,10,Biological Products,Biological Products,3.478
P0015,keyword,11,Flavanones,Flavanones,3.318
P0015,keyword,12,Biochemical engineering,Biochemical engineering,3.26
P0015,technique,1,생물정보·계산생물,Bioinformatics,3.552
P0015,technique,2,CRISPR 유전자편집,CRISPR Gene Editing,3.424
P0015,technique,3,미세유체·장기칩,Microfluidics / Organ-on-a-chip,1.555
P0015,technique,4,X선 결정학·구조분석,X-ray Crystallography,0.592
P0015,technique,5,머신러닝·AI,Machine Learning / AI,0.477
P0487,keyword,1,Coacervate,Coacervate,30.647
P0487,keyword,2,Gelatin,Gelatin,16.269
P0487,keyword,3,Cocrystal,Cocrystal,7.713
P0487,keyword,4,Wound Healing,Wound Healing,7.663
P0487,keyword,5,Emodin,Emodin,6.918
P0487,keyword,6,Alginates,Alginates,5.775
P0487,keyword,7,Sodium alginate,Sodium alginate,5.623
P0487,keyword,8,"Administration, Topical","Administration, Topical",5.107
P0487,keyword,9,Poloxamer,Poloxamer,5.097
P0487,keyword,10,Zeta potential,Zeta potential,4.963
P0487,keyword,11,Amidines,Amidines,4.848
P0487,keyword,12,Fluoroacetates,Fluoroacetates,4.848
P0487,technique,1,나노입자·약물전달,Nanoparticles / Drug Delivery,1.822
P0487,technique,2,X선 결정학·구조분석,X-ray Crystallography,1.709
P0487,technique,3,형광·공초점 이미징,Fluorescence / Confocal Imaging,1.666
P0487,technique,4,생물정보·계산생물,Bioinformatics,0.664
P0487,technique,5,면역조직화학,Immunohistochemistry,0.604
P0487,technique,6,차세대 시퀀싱(NGS),Next-generation Sequencing,0.22
P0487,technique,7,줄기세포·iPSC,Stem Cells / iPSC,0.2
P0487,technique,8,RNA-seq·전사체,RNA-seq / Transcriptomics,0.155
P0199,keyword,1,Genome editing,Genome editing,15.579
P0199,keyword,2,Duchenne muscular dystrophy,Duchenne muscular dystrophy,15.281
P0199,keyword,3,Genetic Therapy,Genetic Therapy,14.555
P0199,keyword,4,Dystrophin,Dystrophin,14.238
P0199,keyword,5,Dependovirus,Dependovirus,10.223
P0199,keyword,6,"Muscular Dystrophy, Duchenne","Muscular Dystrophy, Duchenne",7.882
P0199,keyword,7,Muscular dystrophy,Muscular dystrophy,7.862
P0199,keyword,8,Clustered Regularly Interspaced Short Palindromic Repeats,Clustered Regularly Interspaced Short Palindromic Repeats,6.272
P0199,keyword,9,Genetic Vectors,Genetic Vectors,6.163
P0199,keyword,10,Genetic enhancement,Genetic enhancement,5.521
P0199,keyword,11,Tauopathies,Tauopathies,5.337
P0199,keyword,12,Genome engineering,Genome engineering,4.499
P0199,technique,1,CRISPR 유전자편집,CRISPR Gene Editing,25.593
P0199,technique,2,생물정보·계산생물,Bioinformatics,2.736
P0199,technique,3,유전자변형 마우스,Genetically Modified Mice,1.12
P0199,technique,4,종양 이종이식 모델,Xenograft Models,1.037
P0199,technique,5,전자현미경,Electron Microscopy,0.474
P0199,technique,6,웨스턴블롯,Western Blot,0.445
P0810,keyword,1,Psychiatric hospital,Psychiatric hospital,0.852
P0810,keyword,2,Child and adolescent psychiatry,Child and adolescent psychiatry,0.833
P0810,keyword,3,Standardization,Standardization,0.612
P0810,keyword,4,"Burnout, Professional","Burnout, Professional",0.611
P0810,keyword,5,Period (music),Period (music),0.561
P0810,keyword,6,Marriage,Marriage,0.516
P0810,keyword,7,Empathy,Empathy,0.492
P0810,keyword,8,Child rearing,Child rearing,0.43
P0810,keyword,9,Depersonalization,Depersonalization,0.43
P0810,keyword,10,Psychiatry,Psychiatry,0.41
P0810,keyword,11,Internship and Residency,Internship and Residency,0.39
P0810,keyword,12,Psychology,Psychology,0.36
P0148,keyword,1,PLK1,PLK1,24.213
P0148,keyword,2,Polo-Like Kinase 1,Polo-Like Kinase 1,22.23
P0148,keyword,3,Protein Serine-Threonine Kinases,Protein Serine-Threonine Kinases,13.436
P0148,keyword,4,Cell Cycle Proteins,Cell Cycle Proteins,13.412
P0148,keyword,5,Pteridines,Pteridines,10.889
P0148,keyword,6,Proto-Oncogene Proteins,Proto-Oncogene Proteins,10.671
P0148,keyword,7,Hyaluronan Receptors,Hyaluronan Receptors,8.714
P0148,keyword,8,Tumor-Associated Macrophages,Tumor-Associated Macrophages,8.035
P0148,keyword,9,Adenocarcinoma of Lung,Adenocarcinoma of Lung,7.72
P0148,keyword,10,Lung Neoplasms,Lung Neoplasms,7.17
P0148,keyword,11,Cancer research,Cancer research,6.946
P0148,keyword,12,Spermine,Spermine,6.923
P0148,technique,1,종양 이종이식 모델,Xenograft Models,4.825
P0148,technique,2,질량분석,Mass Spectrometry,2.803
P0148,technique,3,임상시험,Clinical Trials,1.003
P0148,technique,4,생물정보·계산생물,Bioinformatics,0.92
P0148,technique,5,형광·공초점 이미징,Fluorescence / Confocal Imaging,0.45
P0148,technique,6,면역조직화학,Immunohistochemistry,0.428
P0148,technique,7,유세포분석,Flow Cytometry,0.255
P0148,technique,8,X선 결정학·구조분석,X-ray Crystallography,0.139
P0760,keyword,1,Plasma Gases,Plasma Gases,15.814
P0760,keyword,2,Saccharomyces cerevisiae Proteins,Saccharomyces cerevisiae Proteins,13.186
P0760,keyword,3,Radio Waves,Radio Waves,12.776
P0760,keyword,4,Electromagnetic Fields,Electromagnetic Fields,11.533
P0760,keyword,5,Processing Bodies,Processing Bodies,10.32
P0760,keyword,6,Atmospheric Pressure,Atmospheric Pressure,8.187
P0760,keyword,7,Saccharomyces cerevisiae,Saccharomyces cerevisiae,8.095
P0760,keyword,8,Mitosis,Mitosis,7.777
P0760,keyword,9,Cell Proliferation,Cell Proliferation,7.096
P0760,keyword,10,Magnetic Fields,Magnetic Fields,6.607
P0760,keyword,11,Cell biology,Cell biology,6.582
P0760,keyword,12,Anaphase,Anaphase,6.501
P0760,technique,1,오가노이드,Organoids,2.768
P0760,technique,2,줄기세포·iPSC,Stem Cells / iPSC,1.428
P0760,technique,3,유세포분석,Flow Cytometry,0.411
P0760,technique,4,임상시험,Clinical Trials,0.359
P0760,technique,5,나노입자·약물전달,Nanoparticles / Drug Delivery,0.317
P0760,technique,6,생물정보·계산생물,Bioinformatics,0.248
P0760,technique,7,머신러닝·AI,Machine Learning / AI,0.192
P0760,technique,8,초파리,Drosophila,0.085
P0431,keyword,1,Pacu,Pacu,7.596
P0431,keyword,2,Anesthesia,Anesthesia,5.371
P0431,keyword,3,"Anesthetics, Local","Anesthetics, Local",4.188
P0431,keyword,4,"Anesthesia, General","Anesthesia, General",4.146
P0431,keyword,5,Ropivacaine,Ropivacaine,3.471
P0431,keyword,6,Postoperative Pain,Postoperative Pain,3.406
P0431,keyword,7,Neuromuscular Blockade,Neuromuscular Blockade,2.828
P0431,keyword,8,Dexmedetomidine,Dexmedetomidine,2.735
P0431,keyword,9,Anesthesiology,Anesthesiology,2.673
P0431,keyword,10,"Anesthesia, Conduction","Anesthesia, Conduction",2.621
P0431,keyword,11,"Pain, Postoperative","Pain, Postoperative",2.611
P0431,keyword,12,Nerve Block,Nerve Block,2.536
P0431,technique,1,임상시험,Clinical Trials,1.116
P0431,technique,2,생물정보·계산생물,Bioinformatics,0.064
P0535,keyword,1,Ischemic Stroke,Ischemic Stroke,53.066
P0535,keyword,2,Stroke,Stroke,32.778
P0535,keyword,3,Stroke (engine),Stroke (engine),27.607
P0535,keyword,4,Brain Ischemia,Brain Ischemia,19.055
P0535,keyword,5,Registries,Registries,18.639
P0535,keyword,6,Thrombectomy,Thrombectomy,17.394
P0535,keyword,7,Endovascular Procedures,Endovascular Procedures,16.29
P0535,keyword,8,Modified Rankin Scale,Modified Rankin Scale,14.013
P0535,keyword,9,Atrial fibrillation,Atrial fibrillation,12.824
P0535,keyword,10,Cardiology,Cardiology,8.204
P0535,keyword,11,Thrombolytic Therapy,Thrombolytic Therapy,8.193
P0535,keyword,12,"Ischemic Attack, Transient","Ischemic Attack, Transient",8.139
P0535,technique,1,MRI·PET 영상,MRI / PET Imaging,5.177
P0535,technique,2,임상시험,Clinical Trials,5.091
P0535,technique,3,머신러닝·AI,Machine Learning / AI,1.94
P0535,technique,4,생물정보·계산생물,Bioinformatics,0.163
P0785,keyword,1,Osteoarthritis,Osteoarthritis,7.154
P0785,keyword,2,Chondrocytes,Chondrocytes,6.928
P0785,keyword,3,"Cartilage, Articular","Cartilage, Articular",6.045
P0785,keyword,4,Cartilage,Cartilage,3.871
P0785,keyword,5,Hypertrophy,Hypertrophy,3.448
P0785,keyword,6,Ascus (bryozoa),Ascus (bryozoa),3.067
P0785,keyword,7,Aging,Aging,2.81
P0785,keyword,8,Temporomandibular joint,Temporomandibular joint,2.425
P0785,keyword,9,Articular cartilage,Articular cartilage,2.404
P0785,keyword,10,Oxysterols,Oxysterols,2.335
P0785,keyword,11,Cytochrome P450 Family 7,Cytochrome P450 Family 7,2.335
P0785,keyword,12,Proteoglycan,Proteoglycan,2.245
P0785,technique,1,유전자변형 마우스,Genetically Modified Mice,0.292
P0785,technique,2,RNA-seq·전사체,RNA-seq / Transcriptomics,0.283
P0427,keyword,1,Creatinine,Creatinine,14.092
P0427,keyword,2,Glomerular Filtration Rate,Glomerular Filtration Rate,13.094
P0427,keyword,3,Vancomycin,Vancomycin,12.673
P0427,keyword,4,External quality assessment,External quality assessment,9.331
P0427,keyword,5,"Renal Insufficiency, Chronic","Renal Insufficiency, Chronic",7.936
P0427,keyword,6,Laboratories,Laboratories,7.924
P0427,keyword,7,Algorithms,Algorithms,7.516
P0427,keyword,8,Renal function,Renal function,7.456
P0427,keyword,9,Laboratory Proficiency Testing,Laboratory Proficiency Testing,6.15
P0427,keyword,10,Dosing,Dosing,6.079
P0427,keyword,11,Therapeutic drug monitoring,Therapeutic drug monitoring,5.662
P0427,keyword,12,Drug Monitoring,Drug Monitoring,5.21
P0427,technique,1,머신러닝·AI,Machine Learning / AI,2.594
P0427,technique,2,질량분석,Mass Spectrometry,0.984
P0427,technique,3,qPCR,Real-time PCR,0.714
P0427,technique,4,생물정보·계산생물,Bioinformatics,0.641
P0427,technique,5,항체 개발,Antibody Engineering,0.596
P0427,technique,6,면역조직화학,Immunohistochemistry,0.238
P0096,keyword,1,Monoamine Oxidase,Monoamine Oxidase,9.598
P0096,keyword,2,Gliosis,Gliosis,9.261
P0096,keyword,3,Astrocytes,Astrocytes,8.732
P0096,keyword,4,Alzheimer Disease,Alzheimer Disease,8.1
P0096,keyword,5,Astrogliosis,Astrogliosis,7.682
P0096,keyword,6,"Wounds, Stab","Wounds, Stab",4.413
P0096,keyword,7,Astrocyte,Astrocyte,4.364
P0096,keyword,8,Programmed Cell Death 1 Receptor,Programmed Cell Death 1 Receptor,4.309
P0096,keyword,9,"Plaque, Amyloid","Plaque, Amyloid",3.684
P0096,keyword,10,B7-H1 Antigen,B7-H1 Antigen,3.5
P0096,keyword,11,Fluorine Radioisotopes,Fluorine Radioisotopes,3.493
P0096,keyword,12,Neuroscience,Neuroscience,3.459
P0096,technique,1,유전자변형 마우스,Genetically Modified Mice,2.739
P0096,technique,2,MRI·PET 영상,MRI / PET Imaging,1.689
P0096,technique,3,형광·공초점 이미징,Fluorescence / Confocal Imaging,0.543
P0096,technique,4,RNA 치료제·siRNA,RNA Therapeutics,0.262
P0096,technique,5,머신러닝·AI,Machine Learning / AI,0.235
P0096,technique,6,면역조직화학,Immunohistochemistry,0.043
P0002,keyword,1,Metabolic engineering,Metabolic engineering,31.746
P0002,keyword,2,"Gene Expression Regulation, Bacterial","Gene Expression Regulation, Bacterial",24.073
P0002,keyword,3,Escherichia coli,Escherichia coli,23.154
P0002,keyword,4,Vibrio,Vibrio,21.551
P0002,keyword,5,Clustered Regularly Interspaced Short Palindromic Repeats,Clustered Regularly Interspaced Short Palindromic Repeats,20.738
P0002,keyword,6,Genetic Engineering,Genetic Engineering,17.192
P0002,keyword,7,Synthetic biology,Synthetic biology,15.632
P0002,keyword,8,Protein biosynthesis,Protein biosynthesis,13.974
P0002,keyword,9,Yarrowia,Yarrowia,12.792
P0002,keyword,10,Weightlessness,Weightlessness,10.325
P0002,keyword,11,Escherichia coli Proteins,Escherichia coli Proteins,8.489
P0002,keyword,12,Retinaldehyde,Retinaldehyde,6.923
P0002,technique,1,CRISPR 유전자편집,CRISPR Gene Editing,16.859
P0002,technique,2,생물정보·계산생물,Bioinformatics,6.228
P0002,technique,3,RNA-seq·전사체,RNA-seq / Transcriptomics,4.019
P0002,technique,4,차세대 시퀀싱(NGS),Next-generation Sequencing,1.06
P0002,technique,5,나노입자·약물전달,Nanoparticles / Drug Delivery,0.391
P0002,technique,6,머신러닝·AI,Machine Learning / AI,0.048
P0636,keyword,1,Chronic rhinosinusitis,Chronic rhinosinusitis,13.342
P0636,keyword,2,Rhinoplasty,Rhinoplasty,12.162
P0636,keyword,3,Nasal Polyps,Nasal Polyps,10.101
P0636,keyword,4,Sinusitis,Sinusitis,9.487
P0636,keyword,5,Costal Cartilage,Costal Cartilage,7.046
P0636,keyword,6,Olfaction Disorders,Olfaction Disorders,6.548
P0636,keyword,7,Olfactory mucosa,Olfactory mucosa,6.188
P0636,keyword,8,"Rhinitis, Allergic","Rhinitis, Allergic",5.791
P0636,keyword,9,Nasal dorsum,Nasal dorsum,5.714
P0636,keyword,10,Rhinitis,Rhinitis,4.896
P0636,keyword,11,Anosmia,Anosmia,4.767
P0636,keyword,12,Olfactory system,Olfactory system,4.71
P0636,technique,1,머신러닝·AI,Machine Learning / AI,0.076
P0045,keyword,1,Multifactorial Inheritance,Multifactorial Inheritance,1.215
P0045,keyword,2,"Heat-Shock Proteins, Small","Heat-Shock Proteins, Small",0.869
P0045,keyword,3,Gene-Environment Interaction,Gene-Environment Interaction,0.81
P0045,keyword,4,Genetic Linkage,Genetic Linkage,0.742
P0045,keyword,5,Disease Resistance,Disease Resistance,0.721
P0045,keyword,6,Quantitative Trait Loci,Quantitative Trait Loci,0.653
P0045,keyword,7,Nicotiana,Nicotiana,0.558
P0045,keyword,8,Association mapping,Association mapping,0.486
P0045,keyword,9,Plant Proteins,Plant Proteins,0.483
P0045,keyword,10,Genome,Genome,0.429
P0045,keyword,11,Heat-Shock Response,Heat-Shock Response,0.411
P0045,keyword,12,Genomics,Genomics,0.393
P0622,keyword,1,Micrognathism,Micrognathism,4.413
P0622,keyword,2,"Hand Deformities, Congenital","Hand Deformities, Congenital",3.947
P0622,keyword,3,Topic model,Topic model,3.875
P0622,keyword,4,Intellectual Disability,Intellectual Disability,3.26
P0622,keyword,5,"Abnormalities, Multiple","Abnormalities, Multiple",2.148
P0622,keyword,6,Osteoclasts,Osteoclasts,1.971
P0622,keyword,7,Regorafenib,Regorafenib,1.95
P0622,keyword,8,SDHB,SDHB,1.916
P0622,keyword,9,Face,Face,1.89
P0622,keyword,10,Radiation therapy,Radiation therapy,1.885
P0622,keyword,11,Adrenal Gland Neoplasms,Adrenal Gland Neoplasms,1.833
P0622,keyword,12,Paraganglioma,Paraganglioma,1.798
P0622,technique,1,MRI·PET 영상,MRI / PET Imaging,0.461
P0622,technique,2,유전자변형 마우스,Genetically Modified Mice,0.42
P0622,technique,3,GWAS·유전역학,GWAS / Genetic Epidemiology,0.407
P0345,keyword,1,Liver Transplantation,Liver Transplantation,9.446
P0345,keyword,2,Contrast Media,Contrast Media,8.344
P0345,keyword,3,"Tomography, X-Ray Computed","Tomography, X-Ray Computed",6.392
P0345,keyword,4,Hepatic Artery,Hepatic Artery,5.899
P0345,keyword,5,"Ultrasonography, Doppler","Ultrasonography, Doppler",5.545
P0345,keyword,6,Radiology,Radiology,5.118
P0345,keyword,7,Doppler ultrasound,Doppler ultrasound,5.055
P0345,keyword,8,Angiography,Angiography,3.681
P0345,keyword,9,Liver,Liver,3.507
P0345,keyword,10,Ultrasound,Ultrasound,3.205
P0345,keyword,11,Arterial Occlusive Diseases,Arterial Occlusive Diseases,3.112
P0345,keyword,12,Computed Tomography Angiography,Computed Tomography Angiography,3.083
P0345,technique,1,MRI·PET 영상,MRI / PET Imaging,3.038
P0345,technique,2,오가노이드,Organoids,1.249
P0345,technique,3,나노입자·약물전달,Nanoparticles / Drug Delivery,1.219
P0345,technique,4,머신러닝·AI,Machine Learning / AI,0.485
P0514,keyword,1,Gout,Gout,34.065
P0514,keyword,2,Gout Suppressants,Gout Suppressants,18.24
P0514,keyword,3,Hyperuricemia,Hyperuricemia,16.347
P0514,keyword,4,Uric Acid,Uric Acid,16.122
P0514,keyword,5,Febuxostat,Febuxostat,13.736
P0514,keyword,6,Ankylosing spondylitis,Ankylosing spondylitis,10.993
P0514,keyword,7,"Spondylitis, Ankylosing","Spondylitis, Ankylosing",9.255
P0514,keyword,8,"Renal Insufficiency, Chronic","Renal Insufficiency, Chronic",8.341
P0514,keyword,9,Allopurinol,Allopurinol,7.43
P0514,keyword,10,Rheumatoid arthritis,Rheumatoid arthritis,7.406
P0514,keyword,11,Receptor Activator of Nuclear Factor-kappa B,Receptor Activator of Nuclear Factor-kappa B,6.978
P0514,keyword,12,"Arthritis, Rheumatoid","Arthritis, Rheumatoid",6.135
P0514,technique,1,GWAS·유전역학,GWAS / Genetic Epidemiology,2.451
P0514,technique,2,제브라피시,Zebrafish,1.54
P0514,technique,3,유세포분석,Flow Cytometry,1.249
P0514,technique,4,생물정보·계산생물,Bioinformatics,0.759
P0514,technique,5,MRI·PET 영상,MRI / PET Imaging,0.466
P0514,technique,6,단백체,Proteomics,0.45
P0291,keyword,1,Halictidae,Halictidae,18.024
P0291,keyword,2,Eusociality,Eusociality,13.487
P0291,keyword,3,Endoglin,Endoglin,8.819
P0291,keyword,4,Shotgun,Shotgun,8.303
P0291,keyword,5,Shotgun sequencing,Shotgun sequencing,7.483
P0291,keyword,6,Convolution (computer science),Convolution (computer science),6.738
P0291,keyword,7,Metagenomics,Metagenomics,6.317
P0291,keyword,8,Graph,Graph,6.201
P0291,keyword,9,Potency,Potency,5.464
P0291,keyword,10,Vitiligo,Vitiligo,5.457
P0291,keyword,11,Representation (politics),Representation (politics),5.118
P0291,keyword,12,Streptococcus pneumoniae,Streptococcus pneumoniae,5.086
P0291,technique,1,차세대 시퀀싱(NGS),Next-generation Sequencing,8.876
P0291,technique,2,생물정보·계산생물,Bioinformatics,6.17
P0291,technique,3,머신러닝·AI,Machine Learning / AI,5.256
P0291,technique,4,오가노이드,Organoids,2.913
P0291,technique,5,RNA-seq·전사체,RNA-seq / Transcriptomics,2.206
P0291,technique,6,예쁜꼬마선충,C. elegans,1.52
P0291,technique,7,단일세포 분석,Single-cell Analysis,1.409
P0291,technique,8,GWAS·유전역학,GWAS / Genetic Epidemiology,1.345
P0174,keyword,1,"Evoked Potentials, Auditory, Brain Stem","Evoked Potentials, Auditory, Brain Stem",15.247
P0174,keyword,2,"Hearing Loss, Sensorineural","Hearing Loss, Sensorineural",14.899
P0174,keyword,3,Plant Extracts,Plant Extracts,14.211
P0174,keyword,4,"Hearing Loss, Noise-Induced","Hearing Loss, Noise-Induced",13.129
P0174,keyword,5,"Hair Cells, Auditory","Hair Cells, Auditory",12.31
P0174,keyword,6,Hearing loss,Hearing loss,12.123
P0174,keyword,7,Cochlea,Cochlea,10.054
P0174,keyword,8,Audiology,Audiology,8.71
P0174,keyword,9,Alloxan,Alloxan,8.197
P0174,keyword,10,Deep Eutectic Solvents,Deep Eutectic Solvents,7.832
P0174,keyword,11,"Hearing Loss, Central","Hearing Loss, Central",7.756
P0174,keyword,12,Cuscuta,Cuscuta,7.756
P0174,technique,1,제브라피시,Zebrafish,28.451
P0174,technique,2,분자도킹·시뮬레이션,Molecular Docking / Dynamics,3.671
P0174,technique,3,전기생리,Electrophysiology,1.646
P0174,technique,4,유전자변형 마우스,Genetically Modified Mice,1.02
P0174,technique,5,임상시험,Clinical Trials,0.414
P0174,technique,6,머신러닝·AI,Machine Learning / AI,0.14
P0044,keyword,1,Streptomyces,Streptomyces,66.081
P0044,keyword,2,Biosynthesis,Biosynthesis,25.216
P0044,keyword,3,Nonribosomal peptide,Nonribosomal peptide,20.452
P0044,keyword,4,Biosynthetic Pathways,Biosynthetic Pathways,18.045
P0044,keyword,5,Polyketide,Polyketide,17.857
P0044,keyword,6,Streptomyces clavuligerus,Streptomyces clavuligerus,16.581
P0044,keyword,7,Polyketide Synthases,Polyketide Synthases,16.194
P0044,keyword,8,Macrolides,Macrolides,14.944
P0044,keyword,9,International trade,International trade,13.955
P0044,keyword,10,Antinematodal Agents,Antinematodal Agents,13.341
P0044,keyword,11,Clavulanic Acid,Clavulanic Acid,13.326
P0044,keyword,12,Molecular Structure,Molecular Structure,13.212
P0044,technique,1,생물정보·계산생물,Bioinformatics,5.234
P0044,technique,2,RNA-seq·전사체,RNA-seq / Transcriptomics,3.035
P0044,technique,3,질량분석,Mass Spectrometry,2.769
P0044,technique,4,차세대 시퀀싱(NGS),Next-generation Sequencing,1.667
P0044,technique,5,X선 결정학·구조분석,X-ray Crystallography,0.932
P0044,technique,6,분자도킹·시뮬레이션,Molecular Docking / Dynamics,0.237
P0773,keyword,1,HIV Infections,HIV Infections,12.668
P0773,keyword,2,HIV-1,HIV-1,11.767
P0773,keyword,3,Virus Diseases,Virus Diseases,10.348
P0773,keyword,4,Vector Borne Diseases,Vector Borne Diseases,9.829
P0773,keyword,5,Virus Replication,Virus Replication,9.116
P0773,keyword,6,Host-Pathogen Interactions,Host-Pathogen Interactions,8.6
P0773,keyword,7,"Immunity, Innate","Immunity, Innate",7.924
P0773,keyword,8,Hypopharyngeal Neoplasms,Hypopharyngeal Neoplasms,6.497
P0773,keyword,9,Laryngeal Neoplasms,Laryngeal Neoplasms,5.892
P0773,keyword,10,Embryo Transfer,Embryo Transfer,5.507
P0773,keyword,11,Host-Directed Therapy,Host-Directed Therapy,5.457
P0773,keyword,12,"nef Gene Products, Human Immunodeficiency Virus","nef Gene Products, Human Immunodeficiency Virus",5.415
P0773,technique,1,엑소좀·세포외소포,Exosomes / EVs,11.327
P0773,technique,2,MRI·PET 영상,MRI / PET Imaging,2.291
P0773,technique,3,유전자변형 마우스,Genetically Modified Mice,0.862
P0773,technique,4,RNA 치료제·siRNA,RNA Therapeutics,0.446
P0773,technique,5,머신러닝·AI,Machine Learning / AI,0.365
P0773,technique,6,웨스턴블롯,Western Blot,0.118
P0773,technique,7,생물정보·계산생물,Bioinformatics,0.094
P0452,keyword,1,Malpractice,Malpractice,26.472
P0452,keyword,2,Mammaplasty,Mammaplasty,13.916
P0452,keyword,3,Breast reconstruction,Breast reconstruction,11.935
P0452,keyword,4,"Surgery, Plastic","Surgery, Plastic",11.176
P0452,keyword,5,Breast Implantation,Breast Implantation,8.402
P0452,keyword,6,Plastic Surgery Procedures,Plastic Surgery Procedures,7.589
P0452,keyword,7,Informed consent,Informed consent,7.119
P0452,keyword,8,Breast Implants,Breast Implants,6.725
P0452,keyword,9,Dermal Fillers,Dermal Fillers,5.676
P0452,keyword,10,Cosmetic Techniques,Cosmetic Techniques,5.199
P0452,keyword,11,Acellular Dermis,Acellular Dermis,5.052
P0452,keyword,12,"Liability, Legal","Liability, Legal",4.331
P0452,technique,1,임상시험,Clinical Trials,2.352
P0599,keyword,1,Eosinophilic Esophagitis,Eosinophilic Esophagitis,6.917
P0599,keyword,2,Crohn Disease,Crohn Disease,3.383
P0599,keyword,3,"Colitis, Ulcerative","Colitis, Ulcerative",2.845
P0599,keyword,4,Eosinophilic gastroenteritis,Eosinophilic gastroenteritis,2.333
P0599,keyword,5,Inflammatory Bowel Diseases,Inflammatory Bowel Diseases,2.322
P0599,keyword,6,Shigella,Shigella,2.071
P0599,keyword,7,GERD,GERD,2.04
P0599,keyword,8,Bacterial Infections,Bacterial Infections,1.862
P0599,keyword,9,Diarrhea,Diarrhea,1.835
P0599,keyword,10,Bead,Bead,1.646
P0599,keyword,11,Campylobacter,Campylobacter,1.62
P0599,keyword,12,Streptococcus pneumoniae,Streptococcus pneumoniae,1.559
P0761,keyword,1,Citric acid cycle,Citric acid cycle,8.828
P0761,keyword,2,Metabolome,Metabolome,4.251
P0761,keyword,3,Hyperlactatemia,Hyperlactatemia,4.177
P0761,keyword,4,Glycolysis,Glycolysis,4.028
P0761,keyword,5,Metabolism,Metabolism,3.66
P0761,keyword,6,Lactic acid,Lactic acid,3.636
P0761,keyword,7,Lipolysis,Lipolysis,3.622
P0761,keyword,8,Carbon Isotopes,Carbon Isotopes,3.563
P0761,keyword,9,Choledocholithiasis,Choledocholithiasis,3.482
P0761,keyword,10,Flux (metallurgy),Flux (metallurgy),3.312
P0761,keyword,11,Metabolic flux analysis,Metabolic flux analysis,3.287
P0761,keyword,12,Homeostasis,Homeostasis,3.248
P0761,technique,1,대사체·지질체,Metabolomics / Lipidomics,5.127
P0761,technique,2,CAR-T·입양세포치료,CAR-T / Adoptive Cell Therapy,1.716
P0761,technique,3,CRISPR 유전자편집,CRISPR Gene Editing,1.358
P0761,technique,4,유전자변형 마우스,Genetically Modified Mice,1.177
P0761,technique,5,질량분석,Mass Spectrometry,0.956
P0761,technique,6,머신러닝·AI,Machine Learning / AI,0.614
P0761,technique,7,생물정보·계산생물,Bioinformatics,0.564
P0513,keyword,1,Tuberculosis,Tuberculosis,0.524
P0513,keyword,2,Miliary tuberculosis,Miliary tuberculosis,0.444
P0513,keyword,3,Angioedema,Angioedema,0.433
P0513,keyword,4,Community-Acquired Infections,Community-Acquired Infections,0.421
P0513,keyword,5,"Tuberculosis, Pleural","Tuberculosis, Pleural",0.421
P0513,keyword,6,Extracellular Traps,Extracellular Traps,0.348
P0513,keyword,7,Tuberculous lymphadenitis,Tuberculous lymphadenitis,0.339
P0513,keyword,8,Rhinovirus,Rhinovirus,0.32
P0513,keyword,9,Tuberculoma,Tuberculoma,0.304
P0513,keyword,10,Acid-fast,Acid-fast,0.298
P0513,keyword,11,HIV Infections,HIV Infections,0.294
P0513,keyword,12,Neutrophil extracellular traps,Neutrophil extracellular traps,0.29
P0666,keyword,1,Root Canal Preparation,Root Canal Preparation,34.562
P0666,keyword,2,Nickel titanium,Nickel titanium,28.199
P0666,keyword,3,"Torsion, Mechanical","Torsion, Mechanical",23.993
P0666,keyword,4,Dental Alloys,Dental Alloys,20.266
P0666,keyword,5,Dental Instruments,Dental Instruments,19.761
P0666,keyword,6,Titanium,Titanium,19.013
P0666,keyword,7,Nickel,Nickel,17.832
P0666,keyword,8,Equipment Failure,Equipment Failure,12.231
P0666,keyword,9,Materials Testing,Materials Testing,11.482
P0666,keyword,10,Equipment Design,Equipment Design,10.317
P0666,keyword,11,Reciprocating motion,Reciprocating motion,9.931
P0666,keyword,12,"Stress, Mechanical","Stress, Mechanical",9.633
P0666,technique,1,전자현미경,Electron Microscopy,5.129
P0666,technique,2,머신러닝·AI,Machine Learning / AI,0.168
P0241,keyword,1,Virulence,Virulence,14.412
P0241,keyword,2,Xanthomonas,Xanthomonas,12.812
P0241,keyword,3,Xanthomonas axonopodis,Xanthomonas axonopodis,8.41
P0241,keyword,4,Erwinia,Erwinia,8.054
P0241,keyword,5,Xanthomonas oryzae,Xanthomonas oryzae,7.575
P0241,keyword,6,Plant Diseases,Plant Diseases,6.396
P0241,keyword,7,Microbiology,Microbiology,6.229
P0241,keyword,8,Xanthomonas campestris,Xanthomonas campestris,5.727
P0241,keyword,9,Bacterial Proteins,Bacterial Proteins,5.05
P0241,keyword,10,Fire blight,Fire blight,4.922
P0241,keyword,11,Xanthomonas oryzae pv. oryzae,Xanthomonas oryzae pv. oryzae,4.803
P0241,keyword,12,Siderophore,Siderophore,4.532
P0241,technique,1,단백체,Proteomics,8.19
P0241,technique,2,애기장대·식물 모델,Arabidopsis,1.343
P0241,technique,3,차세대 시퀀싱(NGS),Next-generation Sequencing,1.117
P0241,technique,4,생물정보·계산생물,Bioinformatics,0.753
P0241,technique,5,머신러닝·AI,Machine Learning / AI,0.05
P0184,keyword,1,Starch,Starch,31.48
P0184,keyword,2,Amylose,Amylose,12.255
P0184,keyword,3,Potato starch,Potato starch,11.449
P0184,keyword,4,Swelling,Swelling,11.391
P0184,keyword,5,Food science,Food science,11.298
P0184,keyword,6,Viscosity,Viscosity,9.64
P0184,keyword,7,Amylopectin,Amylopectin,7.663
P0184,keyword,8,Retrogradation (starch),Retrogradation (starch),7.029
P0184,keyword,9,Rheology,Rheology,6.66
P0184,keyword,10,Pectin,Pectin,5.422
P0184,keyword,11,Granule (geology),Granule (geology),5.294
P0184,keyword,12,Solubility,Solubility,5.255
P0184,technique,1,형광·공초점 이미징,Fluorescence / Confocal Imaging,1.814
P0184,technique,2,X선 결정학·구조분석,X-ray Crystallography,0.557
P0184,technique,3,전자현미경,Electron Microscopy,0.392
P0601,keyword,1,"Hemoglobins, Abnormal","Hemoglobins, Abnormal",7.801
P0601,keyword,2,Methemoglobinemia,Methemoglobinemia,6.156
P0601,keyword,3,Iron Deficiencies,Iron Deficiencies,2.431
P0601,keyword,4,Ectodomain,Ectodomain,2.149
P0601,keyword,5,Hepcidins,Hepcidins,2.124
P0601,keyword,6,Nephrotic syndrome,Nephrotic syndrome,1.96
P0601,keyword,7,Amino Acid Substitution,Amino Acid Substitution,1.957
P0601,keyword,8,"Anemia, Iron-Deficiency","Anemia, Iron-Deficiency",1.899
P0601,keyword,9,ADAM10 Protein,ADAM10 Protein,1.877
P0601,keyword,10,"Receptors, Tumor Necrosis Factor, Type I","Receptors, Tumor Necrosis Factor, Type I",1.877
P0601,keyword,11,Point Mutation,Point Mutation,1.807
P0601,keyword,12,Hepcidin,Hepcidin,1.793
P0601,technique,1,RNA 치료제·siRNA,RNA Therapeutics,0.495
P0601,technique,2,면역조직화학,Immunohistochemistry,0.256
P0008,keyword,1,Escherichia coli,Escherichia coli,6.647
P0008,keyword,2,Metabolic engineering,Metabolic engineering,5.302
P0008,keyword,3,"Chromatography, Supercritical Fluid","Chromatography, Supercritical Fluid",5.161
P0008,keyword,4,Synthetic biology,Synthetic biology,5.064
P0008,keyword,5,Clustered Regularly Interspaced Short Palindromic Repeats,Clustered Regularly Interspaced Short Palindromic Repeats,4.53
P0008,keyword,6,"Gene Expression Regulation, Bacterial","Gene Expression Regulation, Bacterial",4.316
P0008,keyword,7,Genetic Engineering,Genetic Engineering,3.299
P0008,keyword,8,Escherichia coli Proteins,Escherichia coli Proteins,3.276
P0008,keyword,9,Protein biosynthesis,Protein biosynthesis,3.265
P0008,keyword,10,Vibrio,Vibrio,3.081
P0008,keyword,11,Supercritical fluid chromatography,Supercritical fluid chromatography,2.834
P0008,keyword,12,Depression,Depression,2.255
P0008,technique,1,대사체·지질체,Metabolomics / Lipidomics,3.632
P0008,technique,2,CRISPR 유전자편집,CRISPR Gene Editing,3.485
P0008,technique,3,질량분석,Mass Spectrometry,2.832
P0008,technique,4,생물정보·계산생물,Bioinformatics,1.87
P0008,technique,5,머신러닝·AI,Machine Learning / AI,0.102
P0483,keyword,1,"Printing, Three-Dimensional","Printing, Three-Dimensional",10.706
P0483,keyword,2,Electrospinning,Electrospinning,7.622
P0483,keyword,3,Myoblasts,Myoblasts,6.046
P0483,keyword,4,Punctures,Punctures,5.834
P0483,keyword,5,Alginates,Alginates,5.804
P0483,keyword,6,Scaffold,Scaffold,4.821
P0483,keyword,7,Biomedical engineering,Biomedical engineering,4.185
P0483,keyword,8,Biofabrication,Biofabrication,4.092
P0483,keyword,9,Ink,Ink,3.918
P0483,keyword,10,Nanofibers,Nanofibers,3.769
P0483,keyword,11,Nanofiber,Nanofiber,3.747
P0483,keyword,12,Spheroid,Spheroid,3.74
P0483,technique,1,조직공학·바이오프린팅,Tissue Engineering / Bioprinting,19.272
P0483,technique,2,하이드로젤·스캐폴드,Hydrogels / Scaffolds,12.254
P0483,technique,3,면역조직화학,Immunohistochemistry,0.133
P0697,keyword,1,Cochlea,Cochlea,12.785
P0697,keyword,2,Calretinin,Calretinin,5.391
P0697,keyword,3,"Hair Cells, Auditory, Inner","Hair Cells, Auditory, Inner",4.989
P0697,keyword,4,Afferent,Afferent,4.727
P0697,keyword,5,Efferent,Efferent,4.658
P0697,keyword,6,Cochlear Nerve,Cochlear Nerve,4.574
P0697,keyword,7,Ribbon synapse,Ribbon synapse,4.476
P0697,keyword,8,"Neurons, Afferent","Neurons, Afferent",4.376
P0697,keyword,9,Nerve Fibers,Nerve Fibers,4.367
P0697,keyword,10,Spiral ganglion,Spiral ganglion,4.0
P0697,keyword,11,Calbindin 2,Calbindin 2,3.878
P0697,keyword,12,Inner ear,Inner ear,3.367
P0697,technique,1,전기생리,Electrophysiology,2.596
P0697,technique,2,차세대 시퀀싱(NGS),Next-generation Sequencing,0.465
P0697,technique,3,면역조직화학,Immunohistochemistry,0.438
P0697,technique,4,유전자변형 마우스,Genetically Modified Mice,0.174
P0401,keyword,1,Thyroid Nodule,Thyroid Nodule,10.25
P0401,keyword,2,Thyroid Neoplasms,Thyroid Neoplasms,5.567
P0401,keyword,3,Thyroid nodules,Thyroid nodules,4.785
P0401,keyword,4,Mammography,Mammography,4.351
P0401,keyword,5,Breast Neoplasms,Breast Neoplasms,3.889
P0401,keyword,6,Ultrasonography,Ultrasonography,3.786
P0401,keyword,7,"Neoplasms, Second Primary","Neoplasms, Second Primary",3.686
P0401,keyword,8,"Carcinoma, Papillary","Carcinoma, Papillary",3.536
P0401,keyword,9,CAD,CAD,3.398
P0401,keyword,10,Computer-aided diagnosis,Computer-aided diagnosis,3.254
P0401,keyword,11,Neuroradiology,Neuroradiology,3.244
P0401,keyword,12,Receiver operating characteristic,Receiver operating characteristic,3.194
P0401,technique,1,MRI·PET 영상,MRI / PET Imaging,4.535
P0401,technique,2,머신러닝·AI,Machine Learning / AI,4.01
P0401,technique,3,X선 결정학·구조분석,X-ray Crystallography,0.264
P0430,keyword,1,Hemifacial spasm,Hemifacial spasm,4.746
P0430,keyword,2,Systematized Nomenclature of Medicine,Systematized Nomenclature of Medicine,3.552
P0430,keyword,3,Terminology as Topic,Terminology as Topic,3.275
P0430,keyword,4,Multi-Institutional Systems,Multi-Institutional Systems,2.457
P0430,keyword,5,"Vocabulary, Controlled","Vocabulary, Controlled",2.457
P0430,keyword,6,Trigeminal neuralgia,Trigeminal neuralgia,2.273
P0430,keyword,7,SNOMED CT,SNOMED CT,2.269
P0430,keyword,8,Health Information Interoperability,Health Information Interoperability,2.198
P0430,keyword,9,Urogenital Neoplasms,Urogenital Neoplasms,2.189
P0430,keyword,10,Mental health service,Mental health service,2.164
P0430,keyword,11,Electronic Health Records,Electronic Health Records,2.153
P0430,keyword,12,Terminology,Terminology,2.004
P0745,keyword,1,Cryptochromes,Cryptochromes,10.894
P0745,keyword,2,Signal transduction,Signal transduction,9.915
P0745,keyword,3,Neurons,Neurons,9.778
P0745,keyword,4,Cell biology,Cell biology,9.299
P0745,keyword,5,Neuroscience,Neuroscience,9.248
P0745,keyword,6,Major Depressive Disorder,Major Depressive Disorder,9.105
P0745,keyword,7,Light,Light,8.617
P0745,keyword,8,Hippocampus,Hippocampus,8.124
P0745,keyword,9,"Receptor, trkB","Receptor, trkB",7.618
P0745,keyword,10,HeLa Cells,HeLa Cells,7.569
P0745,keyword,11,cdc42 GTP-Binding Protein,cdc42 GTP-Binding Protein,7.553
P0745,keyword,12,Tropomyosin receptor kinase B,Tropomyosin receptor kinase B,7.302
P0745,technique,1,광유전학,Optogenetics,82.357
P0745,technique,2,CRISPR 유전자편집,CRISPR Gene Editing,8.11
P0745,technique,3,유전자변형 마우스,Genetically Modified Mice,5.009
P0745,technique,4,머신러닝·AI,Machine Learning / AI,4.052
P0745,technique,5,형광·공초점 이미징,Fluorescence / Confocal Imaging,3.685
P0745,technique,6,단일세포 분석,Single-cell Analysis,2.949
P0745,technique,7,생물정보·계산생물,Bioinformatics,2.813
P0745,technique,8,애기장대·식물 모델,Arabidopsis,2.229
P0790,keyword,1,Intracranial Aneurysm,Intracranial Aneurysm,10.941
P0790,keyword,2,"Embolization, Therapeutic","Embolization, Therapeutic",7.581
P0790,keyword,3,Cerebral Angiography,Cerebral Angiography,5.808
P0790,keyword,4,Aneurysm,Aneurysm,5.802
P0790,keyword,5,Stents,Stents,5.118
P0790,keyword,6,Glymphatic System,Glymphatic System,4.992
P0790,keyword,7,Surgery,Surgery,4.831
P0790,keyword,8,"Epilepsies, Partial","Epilepsies, Partial",4.63
P0790,keyword,9,Radiology,Radiology,4.554
P0790,keyword,10,Modified Rankin Scale,Modified Rankin Scale,4.044
P0790,keyword,11,Embolization,Embolization,3.829
P0790,keyword,12,Stent,Stent,3.789
P0790,technique,1,MRI·PET 영상,MRI / PET Imaging,3.344
P0790,technique,2,후성유전 분석,Epigenomics (ChIP/ATAC-seq),0.755
P0790,technique,3,차세대 시퀀싱(NGS),Next-generation Sequencing,0.565
P0790,technique,4,나노입자·약물전달,Nanoparticles / Drug Delivery,0.2
P0790,technique,5,면역조직화학,Immunohistochemistry,0.116
P0790,technique,6,전자현미경,Electron Microscopy,0.104
P0790,technique,7,머신러닝·AI,Machine Learning / AI,0.104
P0790,technique,8,X선 결정학·구조분석,X-ray Crystallography,0.044
P0394,keyword,1,Breast cancer,Breast cancer,8.869
P0394,keyword,2,Breast Neoplasms,Breast Neoplasms,6.182
P0394,keyword,3,"Mastectomy, Segmental","Mastectomy, Segmental",5.546
P0394,keyword,4,Metastatic breast cancer,Metastatic breast cancer,5.225
P0394,keyword,5,Cancer,Cancer,4.307
P0394,keyword,6,Nipples,Nipples,4.136
P0394,keyword,7,Breast Implants,Breast Implants,4.113
P0394,keyword,8,Oncology,Oncology,4.01
P0394,keyword,9,Silicone Gels,Silicone Gels,3.71
P0394,keyword,10,Retrospective cohort study,Retrospective cohort study,3.27
P0394,keyword,11,Breast Implantation,Breast Implantation,3.102
P0394,keyword,12,Acellular Dermis,Acellular Dermis,3.102
P0394,technique,1,MRI·PET 영상,MRI / PET Imaging,1.468
P0394,technique,2,임상시험,Clinical Trials,0.887
P0394,technique,3,생물정보·계산생물,Bioinformatics,0.17
P0556,keyword,1,Raphanus,Raphanus,16.536
P0556,keyword,2,Cultivar,Cultivar,15.967
P0556,keyword,3,Horticulture,Horticulture,11.334
P0556,keyword,4,Fruit set,Fruit set,7.81
P0556,keyword,5,Pollen,Pollen,6.897
P0556,keyword,6,Heat stress,Heat stress,5.551
P0556,keyword,7,Vegetative reproduction,Vegetative reproduction,5.451
P0556,keyword,8,Botany,Botany,4.99
P0556,keyword,9,Photosynthesis,Photosynthesis,4.564
P0556,keyword,10,Agronomy,Agronomy,4.525
P0556,keyword,11,Greenhouse,Greenhouse,4.509
P0556,keyword,12,Thermotolerance,Thermotolerance,4.464
P0556,technique,1,애기장대·식물 모델,Arabidopsis,2.353
P0556,technique,2,생물정보·계산생물,Bioinformatics,0.178
P0556,technique,3,RNA-seq·전사체,RNA-seq / Transcriptomics,0.156
P0098,keyword,1,Amino Acid Transport System ASC,Amino Acid Transport System ASC,6.91
P0098,keyword,2,Breast Neoplasms,Breast Neoplasms,5.605
P0098,keyword,3,Minor Histocompatibility Antigens,Minor Histocompatibility Antigens,5.457
P0098,keyword,4,Ferroptosis,Ferroptosis,4.401
P0098,keyword,5,Basic Helix-Loop-Helix Transcription Factors,Basic Helix-Loop-Helix Transcription Factors,4.331
P0098,keyword,6,Endothelial PAS Domain-Containing Protein 1,Endothelial PAS Domain-Containing Protein 1,4.272
P0098,keyword,7,"Carcinoma, Renal Cell","Carcinoma, Renal Cell",4.265
P0098,keyword,8,Cancer research,Cancer research,4.248
P0098,keyword,9,Basic Helix-Loop-Helix Proteins,Basic Helix-Loop-Helix Proteins,4.19
P0098,keyword,10,Breast cancer,Breast cancer,4.094
P0098,keyword,11,Kidney Neoplasms,Kidney Neoplasms,4.033
P0098,keyword,12,Tamoxifen,Tamoxifen,3.868
P0098,technique,1,면역조직화학,Immunohistochemistry,1.106
P0098,technique,2,생물정보·계산생물,Bioinformatics,0.932
P0098,technique,3,RNA-seq·전사체,RNA-seq / Transcriptomics,0.746
P0098,technique,4,유전자변형 마우스,Genetically Modified Mice,0.565
P0098,technique,5,MRI·PET 영상,MRI / PET Imaging,0.288
P0568,keyword,1,Kelch-Like ECH-Associated Protein 1,Kelch-Like ECH-Associated Protein 1,7.986
P0568,keyword,2,Sequestosome-1 Protein,Sequestosome-1 Protein,6.988
P0568,keyword,3,NF-E2-Related Factor 2,NF-E2-Related Factor 2,5.895
P0568,keyword,4,KEAP1,KEAP1,4.568
P0568,keyword,5,Lipotoxicity,Lipotoxicity,4.292
P0568,keyword,6,Autophagy,Autophagy,3.378
P0568,keyword,7,"Adaptor Proteins, Signal Transducing","Adaptor Proteins, Signal Transducing",2.671
P0568,keyword,8,Heat-Shock Proteins,Heat-Shock Proteins,2.52
P0568,keyword,9,Ezetimibe,Ezetimibe,2.367
P0568,keyword,10,ULK1,ULK1,2.14
P0568,keyword,11,Drug repositioning,Drug repositioning,2.067
P0568,keyword,12,Cytoskeletal Proteins,Cytoskeletal Proteins,1.934
P0568,technique,1,RNA 치료제·siRNA,RNA Therapeutics,0.841
P0568,technique,2,유전자변형 마우스,Genetically Modified Mice,0.59
P0568,technique,3,나노입자·약물전달,Nanoparticles / Drug Delivery,0.58
P0568,technique,4,생물정보·계산생물,Bioinformatics,0.079
P0572,keyword,1,Students,Students,3.394
P0572,keyword,2,"Education, Medical","Education, Medical",2.764
P0572,keyword,3,Problem Solving,Problem Solving,2.764
P0572,keyword,4,"Schools, Medical","Schools, Medical",2.764
P0572,keyword,5,Computers,Computers,2.645
P0572,keyword,6,Skin Tests,Skin Tests,2.488
P0572,keyword,7,Reaction Time,Reaction Time,1.916
P0572,keyword,8,Hypersensitivity,Hypersensitivity,1.897
P0572,keyword,9,Motivation,Motivation,1.699
P0572,keyword,10,Universities,Universities,1.699
P0572,keyword,11,Educational Measurement,Educational Measurement,1.645
P0572,keyword,12,Item response theory,Item response theory,1.553
P0478,keyword,1,Zygote,Zygote,1.7
P0478,keyword,2,Oogenesis,Oogenesis,1.69
P0478,keyword,3,Reproduction,Reproduction,1.119
P0478,keyword,4,Oocyte,Oocyte,1.097
P0478,keyword,5,Mitochondrion,Mitochondrion,1.095
P0478,keyword,6,Nomograms,Nomograms,1.007
P0478,keyword,7,Mitochondrial DNA,Mitochondrial DNA,0.85
P0478,keyword,8,Embryo,Embryo,0.805
P0478,keyword,9,Karyotyping,Karyotyping,0.572
P0478,keyword,10,Testosterone (patch),Testosterone (patch),0.502
P0478,keyword,11,Nomogram,Nomogram,0.476
P0478,keyword,12,Karyotype,Karyotype,0.46
P0347,keyword,1,Bacteremia,Bacteremia,12.991
P0347,keyword,2,Acinetobacter baumannii,Acinetobacter baumannii,9.363
P0347,keyword,3,Acinetobacter Infections,Acinetobacter Infections,5.759
P0347,keyword,4,"Tuberculosis, Spinal","Tuberculosis, Spinal",4.953
P0347,keyword,5,Anti-Bacterial Agents,Anti-Bacterial Agents,4.857
P0347,keyword,6,Antimicrobial Stewardship,Antimicrobial Stewardship,4.833
P0347,keyword,7,"Endocarditis, Bacterial","Endocarditis, Bacterial",4.543
P0347,keyword,8,Staphylococcal Infections,Staphylococcal Infections,4.374
P0347,keyword,9,Antibiotics,Antibiotics,4.345
P0347,keyword,10,Pseudomonas aeruginosa,Pseudomonas aeruginosa,4.239
P0347,keyword,11,Osteomyelitis,Osteomyelitis,3.776
P0347,keyword,12,Microbial Sensitivity Tests,Microbial Sensitivity Tests,3.728
P0347,technique,1,임상시험,Clinical Trials,0.209
P0328,keyword,1,Trendelenburg position,Trendelenburg position,4.492
P0328,keyword,2,Pulmonary Atelectasis,Pulmonary Atelectasis,4.014
P0328,keyword,3,Anesthesia,Anesthesia,3.85
P0328,keyword,4,Head-Down Tilt,Head-Down Tilt,3.677
P0328,keyword,5,Pneumoperitoneum,Pneumoperitoneum,3.596
P0328,keyword,6,Propofol,Propofol,2.667
P0328,keyword,7,Trendelenburg,Trendelenburg,2.51
P0328,keyword,8,Laparoscopy,Laparoscopy,2.301
P0328,keyword,9,Sevoflurane,Sevoflurane,2.096
P0328,keyword,10,"Respiration, Artificial","Respiration, Artificial",2.011
P0328,keyword,11,Remifentanil,Remifentanil,1.962
P0328,keyword,12,Atelectasis,Atelectasis,1.762
P0328,technique,1,MRI·PET 영상,MRI / PET Imaging,0.288
P0328,technique,2,임상시험,Clinical Trials,0.231
P0456,keyword,1,Palatine Tonsil,Palatine Tonsil,26.016
P0456,keyword,2,Mesenchymal stem cell,Mesenchymal stem cell,14.26
P0456,keyword,3,Mesenchymal Stem Cell Transplantation,Mesenchymal Stem Cell Transplantation,11.094
P0456,keyword,4,Bone Marrow Transplantation,Bone Marrow Transplantation,9.917
P0456,keyword,5,"Culture Media, Conditioned","Culture Media, Conditioned",7.853
P0456,keyword,6,Tonsil,Tonsil,7.154
P0456,keyword,7,Stem cell,Stem cell,6.243
P0456,keyword,8,Bone Marrow,Bone Marrow,6.242
P0456,keyword,9,Hematopoietic Stem Cell Transplantation,Hematopoietic Stem Cell Transplantation,5.686
P0456,keyword,10,Bone Marrow Cells,Bone Marrow Cells,4.729
P0456,keyword,11,Transplantation,Transplantation,4.036
P0456,keyword,12,Immunology,Immunology,4.024
P0456,technique,1,줄기세포·iPSC,Stem Cells / iPSC,19.17
P0456,technique,2,유세포분석,Flow Cytometry,1.368
P0456,technique,3,RNA-seq·전사체,RNA-seq / Transcriptomics,1.11
P0456,technique,4,엑소좀·세포외소포,Exosomes / EVs,0.946
P0456,technique,5,유전자변형 마우스,Genetically Modified Mice,0.876
P0456,technique,6,하이드로젤·스캐폴드,Hydrogels / Scaffolds,0.616
P0456,technique,7,전자현미경,Electron Microscopy,0.59
P0456,technique,8,면역조직화학,Immunohistochemistry,0.54
P0525,keyword,1,Laos,Laos,3.438
P0525,keyword,2,"Water Pollutants, Chemical","Water Pollutants, Chemical",3.112
P0525,keyword,3,Phosphorus,Phosphorus,2.827
P0525,keyword,4,Charcoal,Charcoal,2.824
P0525,keyword,5,Biochar,Biochar,2.803
P0525,keyword,6,Adsorption,Adsorption,1.414
P0525,keyword,7,Water,Water,1.31
P0525,keyword,8,Kinetics,Kinetics,0.994
P0525,keyword,9,Plasma homocysteine,Plasma homocysteine,0.838
P0525,keyword,10,"Obesity, Abdominal","Obesity, Abdominal",0.722
P0525,keyword,11,Menopause,Menopause,0.721
P0525,keyword,12,Mechanism (biology),Mechanism (biology),0.719
P0337,keyword,1,Premature birth,Premature birth,76.267
P0337,keyword,2,Obstetrics,Obstetrics,47.349
P0337,keyword,3,Vagina,Vagina,25.907
P0337,keyword,4,Pre-Eclampsia,Pre-Eclampsia,23.639
P0337,keyword,5,Gestational Age,Gestational Age,23.011
P0337,keyword,6,Pregnancy Outcome,Pregnancy Outcome,22.042
P0337,keyword,7,"Diabetes, Gestational","Diabetes, Gestational",21.294
P0337,keyword,8,Preeclampsia,Preeclampsia,21.242
P0337,keyword,9,Maternal Exposure,Maternal Exposure,20.431
P0337,keyword,10,Air Pollutants,Air Pollutants,20.408
P0337,keyword,11,Prenatal Exposure Delayed Effects,Prenatal Exposure Delayed Effects,20.207
P0337,keyword,12,Distillation,Distillation,19.916
P0337,technique,1,GWAS·유전역학,GWAS / Genetic Epidemiology,6.23
P0337,technique,2,생물정보·계산생물,Bioinformatics,4.652
P0337,technique,3,머신러닝·AI,Machine Learning / AI,4.238
P0337,technique,4,질량분석,Mass Spectrometry,3.143
P0337,technique,5,대사체·지질체,Metabolomics / Lipidomics,3.106
P0337,technique,6,MRI·PET 영상,MRI / PET Imaging,2.843
P0337,technique,7,RNA-seq·전사체,RNA-seq / Transcriptomics,2.636
P0337,technique,8,단백체,Proteomics,2.225
P0269,keyword,1,Dog Diseases,Dog Diseases,23.919
P0269,keyword,2,Dogs,Dogs,11.873
P0269,keyword,3,Plant Poisoning,Plant Poisoning,9.829
P0269,keyword,4,Hemoperfusion,Hemoperfusion,8.791
P0269,keyword,5,Lethargy,Lethargy,8.267
P0269,keyword,6,Tracheal Stenosis,Tracheal Stenosis,6.045
P0269,keyword,7,Play and Playthings,Play and Playthings,5.861
P0269,keyword,8,Ibuprofen,Ibuprofen,5.613
P0269,keyword,9,Renal Dialysis,Renal Dialysis,5.448
P0269,keyword,10,"Neoplasms, Muscle Tissue","Neoplasms, Muscle Tissue",5.201
P0269,keyword,11,Cat Diseases,Cat Diseases,5.08
P0269,keyword,12,Acorn,Acorn,4.887
P0269,technique,1,줄기세포·iPSC,Stem Cells / iPSC,1.454
P0269,technique,2,웨스턴블롯,Western Blot,0.912
P0269,technique,3,임상시험,Clinical Trials,0.463
P0269,technique,4,면역조직화학,Immunohistochemistry,0.359
P0649,keyword,1,Neuromorphic engineering,Neuromorphic engineering,58.219
P0649,keyword,2,Transistor,Transistor,18.069
P0649,keyword,3,Ion,Ion,17.163
P0649,keyword,4,Electrolyte,Electrolyte,12.661
P0649,keyword,5,Synapse,Synapse,10.887
P0649,keyword,6,Graphene,Graphene,10.244
P0649,keyword,7,Nanotechnology,Nanotechnology,9.829
P0649,keyword,8,MNIST database,MNIST database,9.06
P0649,keyword,9,Synapses,Synapses,8.871
P0649,keyword,10,Optoelectronics,Optoelectronics,8.519
P0649,keyword,11,Side chain,Side chain,8.115
P0649,keyword,12,Conjugated system,Conjugated system,8.111
P0649,technique,1,머신러닝·AI,Machine Learning / AI,8.677
P0649,technique,2,X선 결정학·구조분석,X-ray Crystallography,0.194
P0461,keyword,1,Special education,Special education,7.2
P0461,keyword,2,Mainstreaming,Mainstreaming,5.282
P0461,keyword,3,S-Nitrosylation,S-Nitrosylation,4.537
P0461,keyword,4,Action research,Action research,3.44
P0461,keyword,5,Skin Diseases,Skin Diseases,3.233
P0461,keyword,6,Nitrosylation,Nitrosylation,3.093
P0461,keyword,7,Nitric oxide,Nitric oxide,3.028
P0461,keyword,8,Hidradenitis Suppurativa,Hidradenitis Suppurativa,2.93
P0461,keyword,9,Digital media,Digital media,2.852
P0461,keyword,10,Participatory action research,Participatory action research,2.836
P0461,keyword,11,Acanthosis Nigricans,Acanthosis Nigricans,2.585
P0461,keyword,12,Digital inclusion,Digital inclusion,2.54
P0461,technique,1,전자현미경,Electron Microscopy,0.155
P0469,keyword,1,Acetaminophen,Acetaminophen,2.93
P0469,keyword,2,Acinus,Acinus,2.927
P0469,keyword,3,Chemical and Drug Induced Liver Injury,Chemical and Drug Induced Liver Injury,2.541
P0469,keyword,4,Immunoassay,Immunoassay,2.458
P0469,keyword,5,Biosensing Techniques,Biosensing Techniques,2.4
P0469,keyword,6,Gold,Gold,2.146
P0469,keyword,7,Electrodes,Electrodes,1.746
P0469,keyword,8,Electrochemical Techniques,Electrochemical Techniques,1.728
P0469,keyword,9,Surface plasmon resonance,Surface plasmon resonance,1.522
P0469,keyword,10,Hep G2 Cells,Hep G2 Cells,1.394
P0469,keyword,11,Prostate-specific antigen,Prostate-specific antigen,1.234
P0469,keyword,12,Biosensor,Biosensor,1.163
P0469,technique,1,나노입자·약물전달,Nanoparticles / Drug Delivery,1.026
P0469,technique,2,미세유체·장기칩,Microfluidics / Organ-on-a-chip,0.457
P0712,keyword,1,Brucellosis,Brucellosis,14.474
P0712,keyword,2,Salmonella,Salmonella,14.261
P0712,keyword,3,Brucella abortus,Brucella abortus,12.289
P0712,keyword,4,"Antibodies, Bacterial","Antibodies, Bacterial",12.22
P0712,keyword,5,Brucella Vaccine,Brucella Vaccine,11.982
P0712,keyword,6,Escherichia coli Infections,Escherichia coli Infections,10.54
P0712,keyword,7,Salmonella Vaccines,Salmonella Vaccines,9.818
P0712,keyword,8,Brucella,Brucella,9.471
P0712,keyword,9,Swine Diseases,Swine Diseases,9.351
P0712,keyword,10,Microbiology,Microbiology,9.011
P0712,keyword,11,Bacterial Vaccines,Bacterial Vaccines,8.46
P0712,keyword,12,Salmonella typhimurium,Salmonella typhimurium,7.963
P0712,technique,1,ELISA,ELISA,3.469
P0712,technique,2,RNA-seq·전사체,RNA-seq / Transcriptomics,0.934
P0712,technique,3,웨스턴블롯,Western Blot,0.455
P0022,keyword,1,Quantum dot,Quantum dot,48.507
P0022,keyword,2,Quantum Dots,Quantum Dots,19.965
P0022,keyword,3,Nanocrystal,Nanocrystal,18.545
P0022,keyword,4,Photoluminescence,Photoluminescence,16.045
P0022,keyword,5,Nanotechnology,Nanotechnology,14.817
P0022,keyword,6,Prussian blue,Prussian blue,11.416
P0022,keyword,7,Colloid,Colloid,9.977
P0022,keyword,8,Optoelectronics,Optoelectronics,8.789
P0022,keyword,9,Ferrocyanide,Ferrocyanide,8.698
P0022,keyword,10,Gold,Gold,8.19
P0022,keyword,11,Colloids,Colloids,7.814
P0022,keyword,12,Photoacoustic Techniques,Photoacoustic Techniques,6.728
P0022,technique,1,나노입자·약물전달,Nanoparticles / Drug Delivery,10.575
P0022,technique,2,X선 결정학·구조분석,X-ray Crystallography,3.155
P0022,technique,3,하이드로젤·스캐폴드,Hydrogels / Scaffolds,2.871
P0022,technique,4,전자현미경,Electron Microscopy,2.315
P0022,technique,5,형광·공초점 이미징,Fluorescence / Confocal Imaging,1.816
P0022,technique,6,머신러닝·AI,Machine Learning / AI,0.688
P0022,technique,7,RNA 치료제·siRNA,RNA Therapeutics,0.669
P0022,technique,8,줄기세포·iPSC,Stem Cells / iPSC,0.534
P0475,keyword,1,Uterus,Uterus,23.524
P0475,keyword,2,Endometrium,Endometrium,17.81
P0475,keyword,3,Embryo Implantation,Embryo Implantation,14.852
P0475,keyword,4,Blastocyst,Blastocyst,13.413
P0475,keyword,5,EGR1,EGR1,11.706
P0475,keyword,6,Reproduction,Reproduction,10.41
P0475,keyword,7,Embryo,Embryo,9.018
P0475,keyword,8,Vitrification,Vitrification,8.964
P0475,keyword,9,Progesterone,Progesterone,8.595
P0475,keyword,10,Gynatresia,Gynatresia,8.492
P0475,keyword,11,Embryonic Development,Embryonic Development,7.955
P0475,keyword,12,Uterine Diseases,Uterine Diseases,7.832
P0475,technique,1,유전자변형 마우스,Genetically Modified Mice,3.069
P0475,technique,2,줄기세포·iPSC,Stem Cells / iPSC,2.102
P0475,technique,3,나노입자·약물전달,Nanoparticles / Drug Delivery,1.734
P0475,technique,4,RNA-seq·전사체,RNA-seq / Transcriptomics,1.667
P0475,technique,5,분자도킹·시뮬레이션,Molecular Docking / Dynamics,0.747
P0475,technique,6,CRISPR 유전자편집,CRISPR Gene Editing,0.597
P0475,technique,7,후성유전 분석,Epigenomics (ChIP/ATAC-seq),0.583
P0475,technique,8,웨스턴블롯,Western Blot,0.491
P0471,keyword,1,"Gene Products, tat","Gene Products, tat",6.923
P0471,keyword,2,Calpain,Calpain,6.253
P0471,keyword,3,Matrix Metalloproteinase 3,Matrix Metalloproteinase 3,5.796
P0471,keyword,4,"Receptors, Corticotropin-Releasing Hormone","Receptors, Corticotropin-Releasing Hormone",5.457
P0471,keyword,5,Rosacea,Rosacea,4.95
P0471,keyword,6,Dermal papillae,Dermal papillae,4.489
P0471,keyword,7,Nuclear Localization Signals,Nuclear Localization Signals,4.367
P0471,keyword,8,Pulsatilla,Pulsatilla,4.093
P0471,keyword,9,Hair Follicle,Hair Follicle,3.892
P0471,keyword,10,Cuscuta,Cuscuta,3.455
P0471,keyword,11,"Diet, High-Fat","Diet, High-Fat",3.397
P0471,keyword,12,Hair,Hair,3.224
P0471,technique,1,줄기세포·iPSC,Stem Cells / iPSC,0.752
P0471,technique,2,RNA 치료제·siRNA,RNA Therapeutics,0.7
P0471,technique,3,qPCR,Real-time PCR,0.516
P0471,technique,4,형광·공초점 이미징,Fluorescence / Confocal Imaging,0.506
P0471,technique,5,유세포분석,Flow Cytometry,0.489
P0471,technique,6,웨스턴블롯,Western Blot,0.368
P0471,technique,7,후성유전 분석,Epigenomics (ChIP/ATAC-seq),0.347
P0471,technique,8,나노입자·약물전달,Nanoparticles / Drug Delivery,0.328
P0589,keyword,1,Radiology,Radiology,2.418
P0589,keyword,2,Hospital Units,Hospital Units,2.375
P0589,keyword,3,Tertiary level,Tertiary level,2.127
P0589,keyword,4,Hepatic Diseases,Hepatic Diseases,2.116
P0589,keyword,5,Leiomyoma,Leiomyoma,2.028
P0589,keyword,6,"Ethics, Nursing","Ethics, Nursing",1.966
P0589,keyword,7,Intrahepatic bile ducts,Intrahepatic bile ducts,1.67
P0589,keyword,8,Nurse's Role,Nurse's Role,1.637
P0589,keyword,9,Centrality,Centrality,1.63
P0589,keyword,10,Tertiary care,Tertiary care,1.624
P0589,keyword,11,"Embolization, Therapeutic","Embolization, Therapeutic",1.596
P0589,keyword,12,Bronchial Arteries,Bronchial Arteries,1.554
P0589,technique,1,MRI·PET 영상,MRI / PET Imaging,1.645
P0589,technique,2,나노입자·약물전달,Nanoparticles / Drug Delivery,0.522
P0589,technique,3,줄기세포·iPSC,Stem Cells / iPSC,0.26
P0623,keyword,1,Hypothyroidism,Hypothyroidism,11.347
P0623,keyword,2,Thyroid,Thyroid,9.078
P0623,keyword,3,Thyroid Neoplasms,Thyroid Neoplasms,8.025
P0623,keyword,4,Thyrotropin,Thyrotropin,7.58
P0623,keyword,5,Subclinical infection,Subclinical infection,6.078
P0623,keyword,6,Thyrotoxicosis,Thyrotoxicosis,5.56
P0623,keyword,7,Thyroid-stimulating hormone,Thyroid-stimulating hormone,4.706
P0623,keyword,8,Hyperthyroidism,Hyperthyroidism,4.208
P0623,keyword,9,Thyroidectomy,Thyroidectomy,3.886
P0623,keyword,10,Retinal Neoplasms,Retinal Neoplasms,3.675
P0623,keyword,11,Hypoparathyroidism,Hypoparathyroidism,3.644
P0623,keyword,12,Thyroxine,Thyroxine,3.491
P0623,technique,1,임상시험,Clinical Trials,0.818
P0256,keyword,1,Dog Diseases,Dog Diseases,13.429
P0256,keyword,2,Dogs,Dogs,9.519
P0256,keyword,3,Surgery,Surgery,9.516
P0256,keyword,4,Foal,Foal,7.808
P0256,keyword,5,Lameness,Lameness,6.67
P0256,keyword,6,Breed,Breed,5.316
P0256,keyword,7,Cadaver,Cadaver,4.93
P0256,keyword,8,Glaucoma valve,Glaucoma valve,4.815
P0256,keyword,9,Glaucoma Drainage Implants,Glaucoma Drainage Implants,4.781
P0256,keyword,10,Ophthalmology,Ophthalmology,4.642
P0256,keyword,11,Ureter,Ureter,4.431
P0256,keyword,12,Cruciate ligament,Cruciate ligament,4.362
P0256,technique,1,MRI·PET 영상,MRI / PET Imaging,0.869
P0256,technique,2,면역조직화학,Immunohistochemistry,0.012
P0776,keyword,1,Pelvis,Pelvis,4.691
P0776,keyword,2,Cadaver,Cadaver,4.46
P0776,keyword,3,Thigh,Thigh,4.221
P0776,keyword,4,Anatomic Variation,Anatomic Variation,4.046
P0776,keyword,5,Uterine artery,Uterine artery,3.537
P0776,keyword,6,Hypogastric Plexus,Hypogastric Plexus,3.516
P0776,keyword,7,Internal iliac artery,Internal iliac artery,3.324
P0776,keyword,8,Splanchnic Nerves,Splanchnic Nerves,2.621
P0776,keyword,9,Femoral nerve,Femoral nerve,2.602
P0776,keyword,10,Forensic Anthropology,Forensic Anthropology,2.593
P0776,keyword,11,Femoral Artery,Femoral Artery,2.507
P0776,keyword,12,Iliac Artery,Iliac Artery,2.411
P0776,technique,1,머신러닝·AI,Machine Learning / AI,0.235
P0776,technique,2,생물정보·계산생물,Bioinformatics,0.171
P0689,keyword,1,Sphingosine N-Acyltransferase,Sphingosine N-Acyltransferase,6.428
P0689,keyword,2,Sphingolipid,Sphingolipid,4.507
P0689,keyword,3,Palatine Tonsil,Palatine Tonsil,4.441
P0689,keyword,4,Ceramides,Ceramides,4.202
P0689,keyword,5,Sphingolipids,Sphingolipids,4.177
P0689,keyword,6,Ceramide,Ceramide,3.669
P0689,keyword,7,Ellipse,Ellipse,3.562
P0689,keyword,8,"Influenza A Virus, H9N2 Subtype","Influenza A Virus, H9N2 Subtype",3.389
P0689,keyword,9,Nucleic Acids,Nucleic Acids,2.921
P0689,keyword,10,Autoimmune hemolytic anemia,Autoimmune hemolytic anemia,2.805
P0689,keyword,11,Flap Endonucleases,Flap Endonucleases,2.75
P0689,keyword,12,Bioaerosol,Bioaerosol,2.652
P0689,technique,1,줄기세포·iPSC,Stem Cells / iPSC,2.698
P0689,technique,2,유전자변형 마우스,Genetically Modified Mice,1.856
P0689,technique,3,웨스턴블롯,Western Blot,1.109
P0689,technique,4,qPCR,Real-time PCR,0.859
P0689,technique,5,ELISA,ELISA,0.697
P0689,technique,6,유세포분석,Flow Cytometry,0.508
P0689,technique,7,머신러닝·AI,Machine Learning / AI,0.499
P0689,technique,8,RNA-seq·전사체,RNA-seq / Transcriptomics,0.401
P0488,keyword,1,Topoisomerase II Inhibitors,Topoisomerase II Inhibitors,13.204
P0488,keyword,2,"DNA Topoisomerases, Type II","DNA Topoisomerases, Type II",10.15
P0488,keyword,3,Hsp27,Hsp27,9.078
P0488,keyword,4,Chalcone,Chalcone,8.877
P0488,keyword,5,Topoisomerase,Topoisomerase,8.853
P0488,keyword,6,Topoisomerase I Inhibitors,Topoisomerase I Inhibitors,7.745
P0488,keyword,7,Pyrazoline,Pyrazoline,7.115
P0488,keyword,8,"DNA Topoisomerases, Type I","DNA Topoisomerases, Type I",6.392
P0488,keyword,9,Antineoplastic Agents,Antineoplastic Agents,6.333
P0488,keyword,10,Structure-Activity Relationship,Structure-Activity Relationship,5.531
P0488,keyword,11,Xanthones,Xanthones,5.371
P0488,keyword,12,HSP27 Heat-Shock Proteins,HSP27 Heat-Shock Proteins,5.236
P0488,technique,1,분자도킹·시뮬레이션,Molecular Docking / Dynamics,1.892
P0488,technique,2,종양 이종이식 모델,Xenograft Models,1.348
P0488,technique,3,생물정보·계산생물,Bioinformatics,0.164
P0178,keyword,1,Decidualization,Decidualization,11.733
P0178,keyword,2,"Carcinoma, Pancreatic Ductal","Carcinoma, Pancreatic Ductal",11.691
P0178,keyword,3,Endometrium,Endometrium,11.332
P0178,keyword,4,Pancreatic cancer,Pancreatic cancer,9.782
P0178,keyword,5,Gemcitabine,Gemcitabine,9.624
P0178,keyword,6,Apoptosis,Apoptosis,9.02
P0178,keyword,7,Pancreatic ductal adenocarcinoma,Pancreatic ductal adenocarcinoma,8.948
P0178,keyword,8,Endoplasmic Reticulum Stress,Endoplasmic Reticulum Stress,7.953
P0178,keyword,9,Ribonucleotide reductase,Ribonucleotide reductase,7.846
P0178,keyword,10,Network Pharmacology,Network Pharmacology,7.756
P0178,keyword,11,Pancreatic Neoplasms,Pancreatic Neoplasms,7.298
P0178,keyword,12,FOXM1,FOXM1,7.241
P0178,technique,1,분자도킹·시뮬레이션,Molecular Docking / Dynamics,5.467
P0178,technique,2,제브라피시,Zebrafish,4.063
P0178,technique,3,RNA-seq·전사체,RNA-seq / Transcriptomics,0.76
P0612,keyword,1,Emergency Medical Services,Emergency Medical Services,6.889
P0612,keyword,2,Medical emergency,Medical emergency,6.027
P0612,keyword,3,Cardiopulmonary Resuscitation,Cardiopulmonary Resuscitation,5.246
P0612,keyword,4,Return of spontaneous circulation,Return of spontaneous circulation,5.033
P0612,keyword,5,Carbon monoxide poisoning,Carbon monoxide poisoning,4.947
P0612,keyword,6,Out-of-Hospital Cardiac Arrest,Out-of-Hospital Cardiac Arrest,4.268
P0612,keyword,7,CO poisoning,CO poisoning,4.001
P0612,keyword,8,Emergency medicine,Emergency medicine,3.826
P0612,keyword,9,Resuscitation,Resuscitation,3.361
P0612,keyword,10,Ventricular Fibrillation,Ventricular Fibrillation,3.143
P0612,keyword,11,Triage,Triage,2.683
P0612,keyword,12,Hyperbaric oxygen,Hyperbaric oxygen,2.644
P0517,keyword,1,"Hospitals, Psychiatric","Hospitals, Psychiatric",8.756
P0517,keyword,2,Health Personnel,Health Personnel,5.254
P0517,keyword,3,Quarantine,Quarantine,5.253
P0517,keyword,4,Human rights,Human rights,4.606
P0517,keyword,5,COVID-19,COVID-19,4.22
P0517,keyword,6,Phlebovirus,Phlebovirus,4.166
P0517,keyword,7,Medically Underserved Area,Medically Underserved Area,3.554
P0517,keyword,8,SARS-CoV-2,SARS-CoV-2,3.38
P0517,keyword,9,Public health,Public health,3.177
P0517,keyword,10,Coronavirus disease 2019 (COVID-19),Coronavirus disease 2019 (COVID-19),3.049
P0517,keyword,11,Thrombocytopenia,Thrombocytopenia,2.903
P0517,keyword,12,Rural Health Services,Rural Health Services,2.78
P0517,technique,1,유세포분석,Flow Cytometry,0.177
P0684,keyword,1,Hair,Hair,15.543
P0684,keyword,2,Hair Follicle,Hair Follicle,14.67
P0684,keyword,3,PIN1,PIN1,14.106
P0684,keyword,4,HaCaT,HaCaT,11.978
P0684,keyword,5,Terminalia,Terminalia,11.64
P0684,keyword,6,RAW 264.7 Cells,RAW 264.7 Cells,11.45
P0684,keyword,7,Plant Extracts,Plant Extracts,11.409
P0684,keyword,8,Signal transduction,Signal transduction,10.873
P0684,keyword,9,Lipopolysaccharides,Lipopolysaccharides,10.688
P0684,keyword,10,Antioxidant,Antioxidant,10.498
P0684,keyword,11,Anti-Inflammatory Agents,Anti-Inflammatory Agents,10.471
P0684,keyword,12,Nitric Oxide Synthase Type II,Nitric Oxide Synthase Type II,9.991
P0684,technique,1,웨스턴블롯,Western Blot,3.979
P0684,technique,2,종양 이종이식 모델,Xenograft Models,1.492
P0684,technique,3,분자도킹·시뮬레이션,Molecular Docking / Dynamics,1.112
P0684,technique,4,면역조직화학,Immunohistochemistry,0.353
P0684,technique,5,RNA 치료제·siRNA,RNA Therapeutics,0.198
P0684,technique,6,유전자변형 마우스,Genetically Modified Mice,0.178
P0684,technique,7,머신러닝·AI,Machine Learning / AI,0.039
P0381,keyword,1,Tinnitus,Tinnitus,29.477
P0381,keyword,2,Hyperacusis,Hyperacusis,16.388
P0381,keyword,3,"Hearing Loss, Sudden","Hearing Loss, Sudden",8.296
P0381,keyword,4,Hearing loss,Hearing loss,7.488
P0381,keyword,5,Loudness,Loudness,7.462
P0381,keyword,6,Delta Rhythm,Delta Rhythm,7.033
P0381,keyword,7,Gamma Rhythm,Gamma Rhythm,7.033
P0381,keyword,8,Audiology,Audiology,6.7
P0381,keyword,9,"Audiometry, Pure-Tone","Audiometry, Pure-Tone",6.589
P0381,keyword,10,"Hearing Loss, Sensorineural","Hearing Loss, Sensorineural",6.099
P0381,keyword,11,Loudness Perception,Loudness Perception,5.197
P0381,keyword,12,Auditory Threshold,Auditory Threshold,5.014
P0494,keyword,1,Semiconductors,Semiconductors,5.698
P0494,keyword,2,Night Blindness,Night Blindness,4.43
P0494,keyword,3,TNF inhibitor,TNF inhibitor,3.438
P0494,keyword,4,Antirheumatic Agents,Antirheumatic Agents,3.268
P0494,keyword,5,Rheumatoid arthritis,Rheumatoid arthritis,3.045
P0494,keyword,6,Rheumatology,Rheumatology,2.356
P0494,keyword,7,Tumor Necrosis Factor Inhibitors,Tumor Necrosis Factor Inhibitors,2.326
P0494,keyword,8,Hematopoietic Stem Cell Transplantation,Hematopoietic Stem Cell Transplantation,2.03
P0494,keyword,9,Retina,Retina,2.006
P0494,keyword,10,Workplace,Workplace,2.003
P0494,keyword,11,"Arthritis, Rheumatoid","Arthritis, Rheumatoid",1.919
P0494,keyword,12,Graft vs Host Disease,Graft vs Host Disease,1.756
P0494,technique,1,임상시험,Clinical Trials,0.322
P0477,keyword,1,Foot Injuries,Foot Injuries,9.231
P0477,keyword,2,"Ligaments, Articular","Ligaments, Articular",7.509
P0477,keyword,3,RNAi Therapeutics,RNAi Therapeutics,7.033
P0477,keyword,4,"Nanotubes, Carbon","Nanotubes, Carbon",6.507
P0477,keyword,5,"Fracture Fixation, Internal","Fracture Fixation, Internal",6.193
P0477,keyword,6,Acrylic Resins,Acrylic Resins,6.007
P0477,keyword,7,Suture Techniques,Suture Techniques,5.987
P0477,keyword,8,Gyrification,Gyrification,5.722
P0477,keyword,9,Nanofibers,Nanofibers,5.45
P0477,keyword,10,Dendritic spine,Dendritic spine,5.436
P0477,keyword,11,"Fractures, Bone","Fractures, Bone",5.303
P0477,keyword,12,Dendritic Spines,Dendritic Spines,5.157
P0477,technique,1,조직공학·바이오프린팅,Tissue Engineering / Bioprinting,4.073
P0477,technique,2,하이드로젤·스캐폴드,Hydrogels / Scaffolds,3.828
P0477,technique,3,줄기세포·iPSC,Stem Cells / iPSC,3.648
P0477,technique,4,나노입자·약물전달,Nanoparticles / Drug Delivery,2.438
P0477,technique,5,RNA 치료제·siRNA,RNA Therapeutics,2.249
P0477,technique,6,대사체·지질체,Metabolomics / Lipidomics,2.216
P0477,technique,7,유전자변형 마우스,Genetically Modified Mice,2.075
P0477,technique,8,RNA-seq·전사체,RNA-seq / Transcriptomics,1.252
P0739,keyword,1,Glioblastoma,Glioblastoma,32.63
P0739,keyword,2,Immune system,Immune system,30.103
P0739,keyword,3,Brain Neoplasms,Brain Neoplasms,29.667
P0739,keyword,4,Tumor microenvironment,Tumor microenvironment,29.366
P0739,keyword,5,Immunotherapy,Immunotherapy,26.689
P0739,keyword,6,Immunology,Immunology,21.285
P0739,keyword,7,Glioma,Glioma,20.168
P0739,keyword,8,Immune Checkpoint Inhibitors,Immune Checkpoint Inhibitors,16.25
P0739,keyword,9,Immunity,Immunity,16.134
P0739,keyword,10,"Receptors, Antigen, T-Cell, gamma-delta","Receptors, Antigen, T-Cell, gamma-delta",15.802
P0739,keyword,11,Dysbiosis,Dysbiosis,15.249
P0739,keyword,12,Immunosurveillance,Immunosurveillance,14.408
P0739,technique,1,유전자변형 마우스,Genetically Modified Mice,6.09
P0739,technique,2,RNA-seq·전사체,RNA-seq / Transcriptomics,3.504
P0739,technique,3,유세포분석,Flow Cytometry,2.692
P0739,technique,4,단일세포 분석,Single-cell Analysis,2.205
P0739,technique,5,생물정보·계산생물,Bioinformatics,1.815
P0739,technique,6,머신러닝·AI,Machine Learning / AI,0.822
P0739,technique,7,나노입자·약물전달,Nanoparticles / Drug Delivery,0.773
P0739,technique,8,ELISA,ELISA,0.272
P0628,keyword,1,Plecoglossus altivelis,Plecoglossus altivelis,3.939
P0628,keyword,2,Fish migration,Fish migration,3.369
P0628,keyword,3,Cypriniformes,Cypriniformes,3.281
P0628,keyword,4,Embolization,Embolization,2.932
P0628,keyword,5,"Embolization, Therapeutic","Embolization, Therapeutic",2.579
P0628,keyword,6,Postpartum Hemorrhage,Postpartum Hemorrhage,2.298
P0628,keyword,7,Arterial Embolization,Arterial Embolization,2.225
P0628,keyword,8,Radiology,Radiology,1.972
P0628,keyword,9,"Nephrostomy, Percutaneous","Nephrostomy, Percutaneous",1.861
P0628,keyword,10,Hemostatics,Hemostatics,1.839
P0628,keyword,11,Fish <Actinopterygii>,Fish <Actinopterygii>,1.705
P0628,keyword,12,Portal vein thrombosis,Portal vein thrombosis,1.67
P0628,technique,1,MRI·PET 영상,MRI / PET Imaging,0.696
P0030,keyword,1,"Diabetes Mellitus, Type 2","Diabetes Mellitus, Type 2",39.998
P0030,keyword,2,Diabetes Mellitus,Diabetes Mellitus,32.638
P0030,keyword,3,Blood Glucose,Blood Glucose,19.959
P0030,keyword,4,Type 2 diabetes,Type 2 diabetes,19.488
P0030,keyword,5,Cardiovascular Diseases,Cardiovascular Diseases,18.59
P0030,keyword,6,Suicide,Suicide,17.319
P0030,keyword,7,Proportional Hazards Models,Proportional Hazards Models,14.555
P0030,keyword,8,Body mass index,Body mass index,13.05
P0030,keyword,9,Hypoglycemic Agents,Hypoglycemic Agents,12.653
P0030,keyword,10,Metabolic Syndrome,Metabolic Syndrome,11.965
P0030,keyword,11,Cause of Death,Cause of Death,11.582
P0030,keyword,12,Quartile,Quartile,11.044
P0030,technique,1,엑소좀·세포외소포,Exosomes / EVs,9.879
P0030,technique,2,임상시험,Clinical Trials,5.16
P0030,technique,3,CAR-T·입양세포치료,CAR-T / Adoptive Cell Therapy,3.763
P0030,technique,4,유전자변형 마우스,Genetically Modified Mice,2.069
P0030,technique,5,유세포분석,Flow Cytometry,1.577
P0030,technique,6,차세대 시퀀싱(NGS),Next-generation Sequencing,1.385
P0030,technique,7,생물정보·계산생물,Bioinformatics,1.348
P0030,technique,8,항체 개발,Antibody Engineering,1.207
P0143,keyword,1,"RNA, Nuclear","RNA, Nuclear",9.829
P0143,keyword,2,Alzheimer Disease,Alzheimer Disease,9.695
P0143,keyword,3,"RNA, Untranslated","RNA, Untranslated",9.562
P0143,keyword,4,"RNA, Long Noncoding","RNA, Long Noncoding",7.828
P0143,keyword,5,Brain Diseases,Brain Diseases,7.232
P0143,keyword,6,Neurodegenerative Diseases,Neurodegenerative Diseases,6.973
P0143,keyword,7,Hallucinogens,Hallucinogens,6.91
P0143,keyword,8,Lysergic Acid Diethylamide,Lysergic Acid Diethylamide,5.838
P0143,keyword,9,Neuropilin 1,Neuropilin 1,5.828
P0143,keyword,10,tau Proteins,tau Proteins,5.722
P0143,keyword,11,CD48 Antigen,CD48 Antigen,5.538
P0143,keyword,12,Phosphoinositide Phospholipase C,Phosphoinositide Phospholipase C,5.339
P0143,technique,1,GWAS·유전역학,GWAS / Genetic Epidemiology,7.552
P0143,technique,2,머신러닝·AI,Machine Learning / AI,6.707
P0143,technique,3,생물정보·계산생물,Bioinformatics,3.397
P0143,technique,4,단백체,Proteomics,2.691
P0143,technique,5,유전자변형 마우스,Genetically Modified Mice,2.681
P0143,technique,6,RNA-seq·전사체,RNA-seq / Transcriptomics,2.642
P0143,technique,7,분자도킹·시뮬레이션,Molecular Docking / Dynamics,1.997
P0143,technique,8,면역조직화학,Immunohistochemistry,0.188
P0180,keyword,1,Vicia faba,Vicia faba,18.149
P0180,keyword,2,Anthocyanin,Anthocyanin,14.642
P0180,keyword,3,Genistin,Genistin,14.37
P0180,keyword,4,Momordica charantia,Momordica charantia,12.794
P0180,keyword,5,Methyl jasmonate,Methyl jasmonate,12.024
P0180,keyword,6,Botany,Botany,11.446
P0180,keyword,7,Horticulture,Horticulture,11.027
P0180,keyword,8,Microcystis,Microcystis,10.944
P0180,keyword,9,Antioxidant,Antioxidant,10.808
P0180,keyword,10,"Gene Expression Regulation, Plant","Gene Expression Regulation, Plant",10.763
P0180,keyword,11,Daidzin,Daidzin,10.75
P0180,keyword,12,Isoflavones,Isoflavones,10.472
P0180,technique,1,질량분석,Mass Spectrometry,0.882
P0180,technique,2,애기장대·식물 모델,Arabidopsis,0.805
P0180,technique,3,RNA-seq·전사체,RNA-seq / Transcriptomics,0.778
P0180,technique,4,GWAS·유전역학,GWAS / Genetic Epidemiology,0.756
P0587,keyword,1,Nasal Polyps,Nasal Polyps,35.975
P0587,keyword,2,Sinusitis,Sinusitis,33.46
P0587,keyword,3,Chronic rhinosinusitis,Chronic rhinosinusitis,33.401
P0587,keyword,4,"Rhinitis, Allergic","Rhinitis, Allergic",26.727
P0587,keyword,5,Rhinitis,Rhinitis,18.065
P0587,keyword,6,Nasal Mucosa,Nasal Mucosa,16.298
P0587,keyword,7,Eosinophil,Eosinophil,13.882
P0587,keyword,8,Mucous membrane of nose,Mucous membrane of nose,10.725
P0587,keyword,9,Immunoglobulin E,Immunoglobulin E,10.042
P0587,keyword,10,Eosinophilic,Eosinophilic,8.663
P0587,keyword,11,Anosmia,Anosmia,8.439
P0587,keyword,12,Eosinophils,Eosinophils,8.276
P0587,technique,1,줄기세포·iPSC,Stem Cells / iPSC,3.309
P0587,technique,2,면역조직화학,Immunohistochemistry,2.683
P0587,technique,3,웨스턴블롯,Western Blot,1.586
P0587,technique,4,오가노이드,Organoids,1.585
P0587,technique,5,유세포분석,Flow Cytometry,1.016
P0587,technique,6,항체 개발,Antibody Engineering,0.772
P0587,technique,7,유전자변형 마우스,Genetically Modified Mice,0.653
P0587,technique,8,임상시험,Clinical Trials,0.568
P0340,keyword,1,Lumbar,Lumbar,8.793
P0340,keyword,2,"Injections, Epidural","Injections, Epidural",7.351
P0340,keyword,3,Ropivacaine,Ropivacaine,6.576
P0340,keyword,4,Anesthesia,Anesthesia,6.435
P0340,keyword,5,Nanoimprint lithography,Nanoimprint lithography,6.326
P0340,keyword,6,Surgery,Surgery,6.194
P0340,keyword,7,Postherpetic neuralgia,Postherpetic neuralgia,6.18
P0340,keyword,8,Analgesia,Analgesia,5.875
P0340,keyword,9,Nerve Block,Nerve Block,5.645
P0340,keyword,10,Radicular pain,Radicular pain,5.272
P0340,keyword,11,Cervical Vertebrae,Cervical Vertebrae,4.896
P0340,keyword,12,Brazing,Brazing,4.811
P0340,technique,1,임상시험,Clinical Trials,2.635
P0340,technique,2,MRI·PET 영상,MRI / PET Imaging,2.188
P0340,technique,3,형광·공초점 이미징,Fluorescence / Confocal Imaging,0.49
P0340,technique,4,나노입자·약물전달,Nanoparticles / Drug Delivery,0.246
P0340,technique,5,전자현미경,Electron Microscopy,0.16
P0340,technique,6,머신러닝·AI,Machine Learning / AI,0.144
P0340,technique,7,면역조직화학,Immunohistochemistry,0.079
P0208,keyword,1,PEGylation,PEGylation,10.073
P0208,keyword,2,Dendrimer,Dendrimer,10.069
P0208,keyword,3,Polyethylene Glycols,Polyethylene Glycols,9.183
P0208,keyword,4,Chromatography,Chromatography,8.493
P0208,keyword,5,Glucagon-Like Peptides,Glucagon-Like Peptides,7.413
P0208,keyword,6,Immunomodulating Agents,Immunomodulating Agents,7.292
P0208,keyword,7,"Drugs, Generic","Drugs, Generic",6.613
P0208,keyword,8,Peptide mapping,Peptide mapping,6.167
P0208,keyword,9,"Electrophoresis, Capillary","Electrophoresis, Capillary",5.995
P0208,keyword,10,Exenatide,Exenatide,5.73
P0208,keyword,11,Liraglutide,Liraglutide,5.696
P0208,keyword,12,Dyspepsia,Dyspepsia,5.571
P0208,technique,1,나노입자·약물전달,Nanoparticles / Drug Delivery,6.622
P0208,technique,2,질량분석,Mass Spectrometry,3.184
P0208,technique,3,임상시험,Clinical Trials,2.477
P0208,technique,4,항체 개발,Antibody Engineering,0.451
P0208,technique,5,생물정보·계산생물,Bioinformatics,0.387
P0208,technique,6,유전자변형 마우스,Genetically Modified Mice,0.373
P0482,keyword,1,Noninvasive Prenatal Testing,Noninvasive Prenatal Testing,11.369
P0482,keyword,2,Prenatal diagnosis,Prenatal diagnosis,10.815
P0482,keyword,3,Trisomy,Trisomy,9.13
P0482,keyword,4,Sex Chromosome Disorders,Sex Chromosome Disorders,7.801
P0482,keyword,5,Aneuploidy,Aneuploidy,7.696
P0482,keyword,6,XYY Karyotype,XYY Karyotype,6.978
P0482,keyword,7,Sex Chromosome Aberrations,Sex Chromosome Aberrations,6.902
P0482,keyword,8,Hereditary spastic paraplegia,Hereditary spastic paraplegia,6.782
P0482,keyword,9,Karyotype,Karyotype,6.709
P0482,keyword,10,Infertility,Infertility,6.468
P0482,keyword,11,Male infertility,Male infertility,6.173
P0482,keyword,12,Primary Ovarian Insufficiency,Primary Ovarian Insufficiency,5.924
P0482,technique,1,줄기세포·iPSC,Stem Cells / iPSC,3.758
P0482,technique,2,차세대 시퀀싱(NGS),Next-generation Sequencing,1.647
P0482,technique,3,RNA-seq·전사체,RNA-seq / Transcriptomics,1.331
P0482,technique,4,생물정보·계산생물,Bioinformatics,1.296
P0482,technique,5,형광·공초점 이미징,Fluorescence / Confocal Imaging,1.021
P0482,technique,6,유세포분석,Flow Cytometry,0.696
P0482,technique,7,GWAS·유전역학,GWAS / Genetic Epidemiology,0.621
P0482,technique,8,나노입자·약물전달,Nanoparticles / Drug Delivery,0.313
P0020,keyword,1,Multiple Myeloma,Multiple Myeloma,65.547
P0020,keyword,2,Bortezomib,Bortezomib,19.722
P0020,keyword,3,Hematopoietic Stem Cell Transplantation,Hematopoietic Stem Cell Transplantation,18.436
P0020,keyword,4,Antineoplastic Combined Chemotherapy Protocols,Antineoplastic Combined Chemotherapy Protocols,16.408
P0020,keyword,5,Lenalidomide,Lenalidomide,16.372
P0020,keyword,6,Dexamethasone,Dexamethasone,14.678
P0020,keyword,7,Autologous stem-cell transplantation,Autologous stem-cell transplantation,13.534
P0020,keyword,8,Daratumumab,Daratumumab,12.551
P0020,keyword,9,Thalidomide,Thalidomide,12.448
P0020,keyword,10,Pomalidomide,Pomalidomide,11.829
P0020,keyword,11,Oncology,Oncology,11.094
P0020,keyword,12,"Transplantation, Autologous","Transplantation, Autologous",10.01
P0020,technique,1,항체 개발,Antibody Engineering,8.824
P0020,technique,2,CAR-T·입양세포치료,CAR-T / Adoptive Cell Therapy,6.607
P0020,technique,3,MRI·PET 영상,MRI / PET Imaging,5.068
P0020,technique,4,임상시험,Clinical Trials,2.051
P0020,technique,5,차세대 시퀀싱(NGS),Next-generation Sequencing,0.659
P0020,technique,6,생물정보·계산생물,Bioinformatics,0.52
P0020,technique,7,나노입자·약물전달,Nanoparticles / Drug Delivery,0.313
P0020,technique,8,유세포분석,Flow Cytometry,0.284
P0618,keyword,1,Thyroid Diseases,Thyroid Diseases,7.964
P0618,keyword,2,Kidney disease,Kidney disease,7.675
P0618,keyword,3,Renal Dialysis,Renal Dialysis,7.275
P0618,keyword,4,Selenium deficiency,Selenium deficiency,7.041
P0618,keyword,5,Selenium,Selenium,6.318
P0618,keyword,6,Thyroid Gland,Thyroid Gland,5.831
P0618,keyword,7,Hemodialysis,Hemodialysis,4.841
P0618,keyword,8,Thyroid dysfunction,Thyroid dysfunction,4.698
P0618,keyword,9,Renal function,Renal function,4.598
P0618,keyword,10,Cystatin C,Cystatin C,4.548
P0618,keyword,11,Cardiovascular Diseases,Cardiovascular Diseases,3.785
P0618,keyword,12,"Renal Insufficiency, Chronic","Renal Insufficiency, Chronic",3.499
P0618,technique,1,MRI·PET 영상,MRI / PET Imaging,0.142
P0724,keyword,1,Hepatitis C,Hepatitis C,1.735
P0724,keyword,2,Hepatitis C virus,Hepatitis C virus,0.849
P0724,keyword,3,Current (fluid),Current (fluid),0.76
P0724,keyword,4,Hepatitis,Hepatitis,0.651
P0724,keyword,5,Key (lock),Key (lock),0.613
P0724,keyword,6,MEDLINE,MEDLINE,0.441
P0263,keyword,1,DC-Specific ICAM-3 Grabbing Nonintegrin,DC-Specific ICAM-3 Grabbing Nonintegrin,11.858
P0263,keyword,2,"Lectins, C-Type","Lectins, C-Type",9.523
P0263,keyword,3,DC-SIGN,DC-SIGN,8.723
P0263,keyword,4,Interleukin-10,Interleukin-10,7.697
P0263,keyword,5,"Immunoglobulins, Intravenous","Immunoglobulins, Intravenous",7.693
P0263,keyword,6,"Receptors, Cell Surface","Receptors, Cell Surface",5.866
P0263,keyword,7,Cell Adhesion Molecules,Cell Adhesion Molecules,5.793
P0263,keyword,8,Dry Eye Syndromes,Dry Eye Syndromes,5.199
P0263,keyword,9,Mucin-4,Mucin-4,4.652
P0263,keyword,10,Autoimmune Diseases,Autoimmune Diseases,4.297
P0263,keyword,11,Pre-Eclampsia,Pre-Eclampsia,3.784
P0263,keyword,12,Benzalkonium Compounds,Benzalkonium Compounds,3.663
P0263,technique,1,질량분석,Mass Spectrometry,1.656
P0263,technique,2,나노입자·약물전달,Nanoparticles / Drug Delivery,0.853
P0263,technique,3,유전자변형 마우스,Genetically Modified Mice,0.644
P0263,technique,4,생물정보·계산생물,Bioinformatics,0.383
P0263,technique,5,항체 개발,Antibody Engineering,0.225
P0263,technique,6,웨스턴블롯,Western Blot,0.154
P0263,technique,7,면역조직화학,Immunohistochemistry,0.107
P0176,keyword,1,Populus,Populus,46.235
P0176,keyword,2,"Gene Expression Regulation, Plant","Gene Expression Regulation, Plant",36.447
P0176,keyword,3,Xylem,Xylem,29.852
P0176,keyword,4,"Plants, Genetically Modified","Plants, Genetically Modified",26.921
P0176,keyword,5,Wood,Wood,26.373
P0176,keyword,6,Lignin,Lignin,22.914
P0176,keyword,7,Plant Proteins,Plant Proteins,21.199
P0176,keyword,8,Gymnosperm,Gymnosperm,16.535
P0176,keyword,9,Pinus,Pinus,13.799
P0176,keyword,10,Cambium,Cambium,13.607
P0176,keyword,11,Cell wall,Cell wall,12.188
P0176,keyword,12,Trees,Trees,10.863
P0176,technique,1,애기장대·식물 모델,Arabidopsis,30.399
P0176,technique,2,RNA-seq·전사체,RNA-seq / Transcriptomics,6.407
P0176,technique,3,CRISPR 유전자편집,CRISPR Gene Editing,3.777
P0176,technique,4,생물정보·계산생물,Bioinformatics,1.026
P0176,technique,5,후성유전 분석,Epigenomics (ChIP/ATAC-seq),0.613
P0176,technique,6,하이드로젤·스캐폴드,Hydrogels / Scaffolds,0.149
P0176,technique,7,머신러닝·AI,Machine Learning / AI,0.027
P0405,keyword,1,Gastrectomy,Gastrectomy,9.841
P0405,keyword,2,Laparoscopy,Laparoscopy,5.737
P0405,keyword,3,Stomach Neoplasms,Stomach Neoplasms,4.204
P0405,keyword,4,Surgery,Surgery,2.493
P0405,keyword,5,Lymph Node Excision,Lymph Node Excision,2.25
P0405,keyword,6,General surgery,General surgery,2.188
P0405,keyword,7,Cancer,Cancer,2.066
P0405,keyword,8,Operative Time,Operative Time,2.021
P0405,keyword,9,Length of Stay,Length of Stay,1.883
P0405,keyword,10,Obesity Surgery,Obesity Surgery,1.734
P0405,keyword,11,Internal hernia,Internal hernia,1.719
P0405,keyword,12,Postoperative Complications,Postoperative Complications,1.679
P0405,technique,1,임상시험,Clinical Trials,0.83
P0219,keyword,1,"Lupus Erythematosus, Systemic","Lupus Erythematosus, Systemic",23.825
P0219,keyword,2,Hydroxychloroquine,Hydroxychloroquine,15.561
P0219,keyword,3,Pregnancy Outcome,Pregnancy Outcome,15.303
P0219,keyword,4,Antirheumatic Agents,Antirheumatic Agents,13.03
P0219,keyword,5,Chronic pain,Chronic pain,10.925
P0219,keyword,6,Pregnancy Complications,Pregnancy Complications,10.703
P0219,keyword,7,"Databases, Factual","Databases, Factual",9.661
P0219,keyword,8,Benzodiazepines,Benzodiazepines,9.602
P0219,keyword,9,Immunosuppressive Agents,Immunosuppressive Agents,8.673
P0219,keyword,10,Premature birth,Premature birth,8.507
P0219,keyword,11,Medical prescription,Medical prescription,8.286
P0219,keyword,12,Multimorbidity,Multimorbidity,8.185
P0219,technique,1,엑소좀·세포외소포,Exosomes / EVs,3.519
P0219,technique,2,줄기세포·iPSC,Stem Cells / iPSC,2.006
P0219,technique,3,단일세포 분석,Single-cell Analysis,1.486
P0219,technique,4,MRI·PET 영상,MRI / PET Imaging,1.12
P0219,technique,5,RNA-seq·전사체,RNA-seq / Transcriptomics,1.093
P0219,technique,6,qPCR,Real-time PCR,0.771
P0219,technique,7,머신러닝·AI,Machine Learning / AI,0.705
P0219,technique,8,항체 개발,Antibody Engineering,0.698
P0656,keyword,1,Optometry,Optometry,10.285
P0656,keyword,2,Biomedical Research,Biomedical Research,8.88
P0656,keyword,3,Paracoccus denitrificans,Paracoccus denitrificans,8.152
P0656,keyword,4,Bibliometrics,Bibliometrics,7.223
P0656,keyword,5,Contact lens,Contact lens,6.992
P0656,keyword,6,Economic Status,Economic Status,6.95
P0656,keyword,7,Copper protein,Copper protein,6.816
P0656,keyword,8,Oxidoreductases Acting on CH-NH Group Donors,Oxidoreductases Acting on CH-NH Group Donors,6.52
P0656,keyword,9,"Asia, Eastern","Asia, Eastern",6.175
P0656,keyword,10,Health Policy,Health Policy,6.167
P0656,keyword,11,"Contact Lenses, Hydrophilic","Contact Lenses, Hydrophilic",5.516
P0656,keyword,12,Phthalate,Phthalate,4.705
P0656,technique,1,하이드로젤·스캐폴드,Hydrogels / Scaffolds,3.728
P0656,technique,2,제브라피시,Zebrafish,2.845
P0656,technique,3,X선 결정학·구조분석,X-ray Crystallography,0.911
P0656,technique,4,생물정보·계산생물,Bioinformatics,0.079
P0155,keyword,1,alpha-Synuclein,alpha-Synuclein,6.718
P0155,keyword,2,Lewy Bodies,Lewy Bodies,5.623
P0155,keyword,3,Parkinson Disease,Parkinson Disease,5.17
P0155,keyword,4,Parkinson's disease,Parkinson's disease,4.391
P0155,keyword,5,Synucleinopathies,Synucleinopathies,4.267
P0155,keyword,6,Chondrogenesis,Chondrogenesis,3.868
P0155,keyword,7,Dementia with Lewy bodies,Dementia with Lewy bodies,3.217
P0155,keyword,8,Lewy body,Lewy body,3.185
P0155,keyword,9,Transforming Growth Factor beta,Transforming Growth Factor beta,2.744
P0155,keyword,10,Neuroscience,Neuroscience,2.564
P0155,keyword,11,Cell Differentiation,Cell Differentiation,2.302
P0155,keyword,12,Amyotrophic Lateral Sclerosis,Amyotrophic Lateral Sclerosis,2.286
P0155,technique,1,줄기세포·iPSC,Stem Cells / iPSC,7.698
P0155,technique,2,광유전학,Optogenetics,7.392
P0155,technique,3,유전자변형 마우스,Genetically Modified Mice,0.341
P0155,technique,4,웨스턴블롯,Western Blot,0.284
P0155,technique,5,RNA-seq·전사체,RNA-seq / Transcriptomics,0.246
P0155,technique,6,RNA 치료제·siRNA,RNA Therapeutics,0.165
P0155,technique,7,머신러닝·AI,Machine Learning / AI,0.142
P0155,technique,8,생물정보·계산생물,Bioinformatics,0.123
P0432,keyword,1,Visual Acuity,Visual Acuity,16.017
P0432,keyword,2,Vitrectomy,Vitrectomy,15.912
P0432,keyword,3,"Tomography, Optical Coherence","Tomography, Optical Coherence",13.401
P0432,keyword,4,Retinal detachment,Retinal detachment,12.451
P0432,keyword,5,Retinal Perforations,Retinal Perforations,11.091
P0432,keyword,6,Macular Degeneration,Macular Degeneration,8.818
P0432,keyword,7,Fluorescein Angiography,Fluorescein Angiography,7.659
P0432,keyword,8,Wet Macular Degeneration,Wet Macular Degeneration,7.584
P0432,keyword,9,Fundus Oculi,Fundus Oculi,7.014
P0432,keyword,10,Intravitreal Injections,Intravitreal Injections,6.934
P0432,keyword,11,Epiretinal Membrane,Epiretinal Membrane,6.372
P0432,keyword,12,Ophthalmology,Ophthalmology,6.292
P0224,keyword,1,Chickens,Chickens,59.393
P0224,keyword,2,Influenza in Birds,Influenza in Birds,47.851
P0224,keyword,3,"Influenza A Virus, H5N1 Subtype","Influenza A Virus, H5N1 Subtype",44.576
P0224,keyword,4,Poultry Diseases,Poultry Diseases,33.192
P0224,keyword,5,Influenza A virus subtype H5N1,Influenza A virus subtype H5N1,30.703
P0224,keyword,6,Avian Proteins,Avian Proteins,26.305
P0224,keyword,7,Influenza A virus,Influenza A virus,23.4
P0224,keyword,8,MicroRNAs,MicroRNAs,19.646
P0224,keyword,9,Immune system,Immune system,13.89
P0224,keyword,10,STAT Transcription Factors,STAT Transcription Factors,13.858
P0224,keyword,11,Eimeria,Eimeria,13.322
P0224,keyword,12,"Immunity, Innate","Immunity, Innate",13.081
P0224,technique,1,엑소좀·세포외소포,Exosomes / EVs,27.404
P0224,technique,2,RNA-seq·전사체,RNA-seq / Transcriptomics,8.115
P0224,technique,3,생물정보·계산생물,Bioinformatics,1.751
P0224,technique,4,qPCR,Real-time PCR,1.577
P0224,technique,5,웨스턴블롯,Western Blot,1.156
P0224,technique,6,항체 개발,Antibody Engineering,0.98
P0224,technique,7,ELISA,ELISA,0.874
P0224,technique,8,유세포분석,Flow Cytometry,0.694
P0075,keyword,1,Uremic toxins,Uremic toxins,13.657
P0075,keyword,2,Indican,Indican,12.876
P0075,keyword,3,Immune system,Immune system,11.25
P0075,keyword,4,Neuromorphic engineering,Neuromorphic engineering,11.036
P0075,keyword,5,Monocytes,Monocytes,10.608
P0075,keyword,6,Immunology,Immunology,10.153
P0075,keyword,7,Radiopharmaceuticals,Radiopharmaceuticals,9.474
P0075,keyword,8,Trained Immunity,Trained Immunity,8.72
P0075,keyword,9,End stage renal disease,End stage renal disease,8.589
P0075,keyword,10,Alarmins,Alarmins,7.832
P0075,keyword,11,Inflammation,Inflammation,7.698
P0075,keyword,12,Th17 Cells,Th17 Cells,7.664
P0075,technique,1,MRI·PET 영상,MRI / PET Imaging,4.332
P0075,technique,2,유세포분석,Flow Cytometry,2.684
P0075,technique,3,제브라피시,Zebrafish,2.078
P0075,technique,4,RNA-seq·전사체,RNA-seq / Transcriptomics,1.404
P0075,technique,5,종양 이종이식 모델,Xenograft Models,1.309
P0075,technique,6,ELISA,ELISA,0.806
P0075,technique,7,유전자변형 마우스,Genetically Modified Mice,0.725
P0075,technique,8,머신러닝·AI,Machine Learning / AI,0.614
P0379,keyword,1,Stroke,Stroke,36.068
P0379,keyword,2,Oral Hygiene,Oral Hygiene,34.82
P0379,keyword,3,Stroke (engine),Stroke (engine),32.9
P0379,keyword,4,Ischemic Stroke,Ischemic Stroke,32.565
P0379,keyword,5,Atrial fibrillation,Atrial fibrillation,29.155
P0379,keyword,6,Cohort,Cohort,28.48
P0379,keyword,7,Cohort study,Cohort study,28.077
P0379,keyword,8,Migraine,Migraine,24.056
P0379,keyword,9,Oral health,Oral health,22.844
P0379,keyword,10,Interquartile range,Interquartile range,21.424
P0379,keyword,11,Periodontitis,Periodontitis,21.162
P0379,keyword,12,Varicose Veins,Varicose Veins,19.975
P0379,technique,1,임상시험,Clinical Trials,8.815
P0379,technique,2,GWAS·유전역학,GWAS / Genetic Epidemiology,2.771
P0379,technique,3,MRI·PET 영상,MRI / PET Imaging,2.421
P0379,technique,4,생물정보·계산생물,Bioinformatics,0.635
P0379,technique,5,머신러닝·AI,Machine Learning / AI,0.63
P0234,keyword,1,Biosensing Techniques,Biosensing Techniques,46.607
P0234,keyword,2,Electrochemical Techniques,Electrochemical Techniques,32.044
P0234,keyword,3,Biosensor,Biosensor,31.56
P0234,keyword,4,Limit of Detection,Limit of Detection,24.641
P0234,keyword,5,Metal-Organic Frameworks,Metal-Organic Frameworks,21.265
P0234,keyword,6,Detection limit,Detection limit,20.38
P0234,keyword,7,Peptides,Peptides,20.118
P0234,keyword,8,Peptide,Peptide,19.333
P0234,keyword,9,Gold,Gold,16.584
P0234,keyword,10,Phage display,Phage display,16.529
P0234,keyword,11,Electrochemistry,Electrochemistry,15.667
P0234,keyword,12,Bacteriophage M13,Bacteriophage M13,15.512
P0234,technique,1,나노입자·약물전달,Nanoparticles / Drug Delivery,13.746
P0234,technique,2,ELISA,ELISA,9.371
P0234,technique,3,하이드로젤·스캐폴드,Hydrogels / Scaffolds,6.781
P0234,technique,4,CRISPR 유전자편집,CRISPR Gene Editing,3.426
P0234,technique,5,생물정보·계산생물,Bioinformatics,1.875
P0234,technique,6,전자현미경,Electron Microscopy,1.063
P0234,technique,7,미세유체·장기칩,Microfluidics / Organ-on-a-chip,0.968
P0234,technique,8,X선 결정학·구조분석,X-ray Crystallography,0.548
P0198,keyword,1,Ketamine,Ketamine,27.246
P0198,keyword,2,Antidepressive Agents,Antidepressive Agents,18.666
P0198,keyword,3,Neuronal Plasticity,Neuronal Plasticity,12.756
P0198,keyword,4,Valproic Acid,Valproic Acid,9.444
P0198,keyword,5,Antidepressant,Antidepressant,8.896
P0198,keyword,6,Hippocampus,Hippocampus,8.286
P0198,keyword,7,"Depressive Disorder, Major","Depressive Disorder, Major",7.725
P0198,keyword,8,Major Depressive Disorder,Major Depressive Disorder,7.14
P0198,keyword,9,Psilocybin,Psilocybin,6.91
P0198,keyword,10,Reelin Protein,Reelin Protein,6.631
P0198,keyword,11,"Receptors, N-Methyl-D-Aspartate","Receptors, N-Methyl-D-Aspartate",6.584
P0198,keyword,12,"Behavior, Animal","Behavior, Animal",6.567
P0198,technique,1,유전자변형 마우스,Genetically Modified Mice,2.743
P0198,technique,2,면역조직화학,Immunohistochemistry,0.344
P0198,technique,3,RNA 치료제·siRNA,RNA Therapeutics,0.261
P0657,keyword,1,Zernike polynomials,Zernike polynomials,8.158
P0657,keyword,2,"Spheroids, Cellular","Spheroids, Cellular",8.148
P0657,keyword,3,Spheroid,Spheroid,8.063
P0657,keyword,4,Interferometry,Interferometry,7.63
P0657,keyword,5,"Neovascularization, Physiologic","Neovascularization, Physiologic",7.306
P0657,keyword,6,Osteogenesis,Osteogenesis,6.734
P0657,keyword,7,Blank,Blank,6.345
P0657,keyword,8,Biomedical engineering,Biomedical engineering,6.095
P0657,keyword,9,Nanotechnology,Nanotechnology,5.879
P0657,keyword,10,Regenerative medicine,Regenerative medicine,5.321
P0657,keyword,11,Cell Differentiation,Cell Differentiation,4.689
P0657,keyword,12,Nanostructures,Nanostructures,4.688
P0657,technique,1,조직공학·바이오프린팅,Tissue Engineering / Bioprinting,18.655
P0657,technique,2,하이드로젤·스캐폴드,Hydrogels / Scaffolds,13.147
P0657,technique,3,줄기세포·iPSC,Stem Cells / iPSC,7.688
P0657,technique,4,나노입자·약물전달,Nanoparticles / Drug Delivery,5.659
P0657,technique,5,머신러닝·AI,Machine Learning / AI,0.889
P0657,technique,6,전자현미경,Electron Microscopy,0.856
P0657,technique,7,생물정보·계산생물,Bioinformatics,0.589
P0657,technique,8,X선 결정학·구조분석,X-ray Crystallography,0.537
P0770,keyword,1,Tetanus Toxin,Tetanus Toxin,1.311
P0770,keyword,2,Brain Waves,Brain Waves,1.034
P0770,keyword,3,alpha-Amino-3-hydroxy-5-methyl-4-isoxazolepropionic Acid,alpha-Amino-3-hydroxy-5-methyl-4-isoxazolepropionic Acid,0.954
P0770,keyword,4,Metalloendopeptidases,Metalloendopeptidases,0.923
P0770,keyword,5,Carbachol,Carbachol,0.873
P0770,keyword,6,"Recognition, Psychology","Recognition, Psychology",0.853
P0770,keyword,7,"Models, Neurological","Models, Neurological",0.817
P0770,keyword,8,Tissue Culture Techniques,Tissue Culture Techniques,0.817
P0770,keyword,9,Nerve Net,Nerve Net,0.773
P0770,keyword,10,Synaptic Transmission,Synaptic Transmission,0.604
P0770,keyword,11,Calcium Signaling,Calcium Signaling,0.588
P0770,keyword,12,Electroencephalography,Electroencephalography,0.534
P0577,keyword,1,Head and neck cancer,Head and neck cancer,2.009
P0577,keyword,2,Tongue,Tongue,1.792
P0577,keyword,3,Mandible (arthropod mouthpart),Mandible (arthropod mouthpart),1.602
P0577,keyword,4,Nasal Polyps,Nasal Polyps,1.544
P0577,keyword,5,Methacrylates,Methacrylates,1.192
P0577,keyword,6,Rhinitis,Rhinitis,1.17
P0577,keyword,7,Head and neck,Head and neck,1.112
P0577,keyword,8,Chronic rhinosinusitis,Chronic rhinosinusitis,1.051
P0577,keyword,9,Sinusitis,Sinusitis,0.991
P0577,keyword,10,Regeneration,Regeneration,0.867
P0577,keyword,11,"Diabetes Mellitus, Experimental","Diabetes Mellitus, Experimental",0.846
P0577,keyword,12,Root canal,Root canal,0.802
P0577,technique,1,하이드로젤·스캐폴드,Hydrogels / Scaffolds,1.49
P0023,keyword,1,"Evolution, Molecular","Evolution, Molecular",11.07
P0023,keyword,2,Gene Regulatory Networks,Gene Regulatory Networks,8.466
P0023,keyword,3,Skin Microbiome,Skin Microbiome,8.185
P0023,keyword,4,"Databases, Protein","Databases, Protein",7.903
P0023,keyword,5,Quantum,Quantum,7.781
P0023,keyword,6,Drug-Related Side Effects and Adverse Reactions,Drug-Related Side Effects and Adverse Reactions,7.051
P0023,keyword,7,Drug Approval,Drug Approval,6.201
P0023,keyword,8,Protein Interaction Maps,Protein Interaction Maps,5.761
P0023,keyword,9,Biological Evolution,Biological Evolution,5.644
P0023,keyword,10,Protein Engineering,Protein Engineering,5.16
P0023,keyword,11,Neoplasms,Neoplasms,5.017
P0023,keyword,12,Quantum mechanics,Quantum mechanics,4.942
P0023,technique,1,생물정보·계산생물,Bioinformatics,10.163
P0023,technique,2,머신러닝·AI,Machine Learning / AI,7.623
P0023,technique,3,오가노이드,Organoids,5.896
P0023,technique,4,RNA-seq·전사체,RNA-seq / Transcriptomics,3.092
P0023,technique,5,예쁜꼬마선충,C. elegans,2.351
P0023,technique,6,차세대 시퀀싱(NGS),Next-generation Sequencing,2.277
P0023,technique,7,분자도킹·시뮬레이션,Molecular Docking / Dynamics,2.265
P0023,technique,8,GWAS·유전역학,GWAS / Genetic Epidemiology,1.254
P0634,keyword,1,Mycoplasma genitalium,Mycoplasma genitalium,11.462
P0634,keyword,2,Mycoplasma Infections,Mycoplasma Infections,5.678
P0634,keyword,3,Macrolides,Macrolides,3.714
P0634,keyword,4,Ultrasound,Ultrasound,3.469
P0634,keyword,5,"Drug Resistance, Bacterial","Drug Resistance, Bacterial",3.427
P0634,keyword,6,Contraceptive implant,Contraceptive implant,3.323
P0634,keyword,7,"RNA, Ribosomal, 23S","RNA, Ribosomal, 23S",3.203
P0634,keyword,8,Ulnar nerve,Ulnar nerve,3.163
P0634,keyword,9,Implant,Implant,2.628
P0634,keyword,10,Fluoroquinolones,Fluoroquinolones,2.56
P0634,keyword,11,Transarterial embolization,Transarterial embolization,2.395
P0634,keyword,12,Landmark,Landmark,2.004
P0315,keyword,1,Lutein,Lutein,9.065
P0315,keyword,2,Glymphatic System,Glymphatic System,7.152
P0315,keyword,3,Fatty Liver,Fatty Liver,6.568
P0315,keyword,4,Apolipoproteins E,Apolipoproteins E,6.213
P0315,keyword,5,"Food, Formulated","Food, Formulated",6.201
P0315,keyword,6,Ellagic acid,Ellagic acid,6.007
P0315,keyword,7,Micronutrients,Micronutrients,5.861
P0315,keyword,8,Macaca mulatta,Macaca mulatta,5.802
P0315,keyword,9,Non-alcoholic Fatty Liver Disease,Non-alcoholic Fatty Liver Disease,5.511
P0315,keyword,10,Ceramide,Ceramide,5.037
P0315,keyword,11,"Liver Diseases, Alcoholic","Liver Diseases, Alcoholic",5.028
P0315,keyword,12,Ceramides,Ceramides,4.943
P0315,technique,1,유전자변형 마우스,Genetically Modified Mice,1.679
P0315,technique,2,질량분석,Mass Spectrometry,0.739
P0315,technique,3,생물정보·계산생물,Bioinformatics,0.16
P0297,keyword,1,Taste,Taste,74.629
P0297,keyword,2,Taste Perception,Taste Perception,40.753
P0297,keyword,3,Melanogaster,Melanogaster,37.125
P0297,keyword,4,Ionotropic effect,Ionotropic effect,33.378
P0297,keyword,5,"Receptors, Ionotropic Glutamate","Receptors, Ionotropic Glutamate",27.047
P0297,keyword,6,"Receptors, Cell Surface","Receptors, Cell Surface",26.12
P0297,keyword,7,Feeding Behavior,Feeding Behavior,23.325
P0297,keyword,8,Pharynx,Pharynx,18.297
P0297,keyword,9,Taste receptor,Taste receptor,16.57
P0297,keyword,10,Sensilla,Sensilla,15.234
P0297,keyword,11,Transient Receptor Potential Channels,Transient Receptor Potential Channels,15.059
P0297,keyword,12,Memory,Memory,13.46
P0297,technique,1,초파리,Drosophila,161.688
P0297,technique,2,엑소좀·세포외소포,Exosomes / EVs,6.012
P0297,technique,3,광유전학,Optogenetics,4.525
P0297,technique,4,전기생리,Electrophysiology,4.192
P0297,technique,5,줄기세포·iPSC,Stem Cells / iPSC,2.438
P0297,technique,6,오가노이드,Organoids,1.835
P0297,technique,7,면역조직화학,Immunohistochemistry,1.7
P0297,technique,8,생물정보·계산생물,Bioinformatics,1.417
P0786,keyword,1,Ibrutinib,Ibrutinib,12.562
P0786,keyword,2,Bruton's tyrosine kinase,Bruton's tyrosine kinase,7.999
P0786,keyword,3,Burkitt Lymphoma,Burkitt Lymphoma,5.835
P0786,keyword,4,Enhancer of Zeste Homolog 2 Protein,Enhancer of Zeste Homolog 2 Protein,5.457
P0786,keyword,5,Graft vs Host Disease,Graft vs Host Disease,5.12
P0786,keyword,6,Lymphoma,Lymphoma,5.089
P0786,keyword,7,Burkitt's lymphoma,Burkitt's lymphoma,3.946
P0786,keyword,8,Immune Checkpoint Inhibitors,Immune Checkpoint Inhibitors,3.868
P0786,keyword,9,"T-Lymphocytes, Regulatory","T-Lymphocytes, Regulatory",3.582
P0786,keyword,10,B7-H1 Antigen,B7-H1 Antigen,3.5
P0786,keyword,11,EZH2,EZH2,2.976
P0786,keyword,12,Lapatinib,Lapatinib,2.912
P0786,technique,1,종양 이종이식 모델,Xenograft Models,2.16
P0786,technique,2,줄기세포·iPSC,Stem Cells / iPSC,1.671
P0786,technique,3,유전자변형 마우스,Genetically Modified Mice,0.498
P0728,keyword,1,Cancer Survivors,Cancer Survivors,22.592
P0728,keyword,2,Childhood cancer,Childhood cancer,16.499
P0728,keyword,3,Pericyte,Pericyte,15.527
P0728,keyword,4,East Asian People,East Asian People,14.773
P0728,keyword,5,"Polymorphism, Single Nucleotide","Polymorphism, Single Nucleotide",11.758
P0728,keyword,6,CXCR4,CXCR4,11.255
P0728,keyword,7,Oncology,Oncology,10.998
P0728,keyword,8,Genetic Predisposition to Disease,Genetic Predisposition to Disease,10.9
P0728,keyword,9,dNaM,dNaM,9.724
P0728,keyword,10,"Epigenesis, Genetic","Epigenesis, Genetic",9.722
P0728,keyword,11,Lymphangiogenesis,Lymphangiogenesis,9.712
P0728,keyword,12,DNA Methylation,DNA Methylation,9.688
P0728,technique,1,GWAS·유전역학,GWAS / Genetic Epidemiology,23.969
P0728,technique,2,생물정보·계산생물,Bioinformatics,3.308
P0728,technique,3,머신러닝·AI,Machine Learning / AI,3.062
P0728,technique,4,유전자변형 마우스,Genetically Modified Mice,2.626
P0728,technique,5,나노입자·약물전달,Nanoparticles / Drug Delivery,2.099
P0728,technique,6,RNA-seq·전사체,RNA-seq / Transcriptomics,1.595
P0728,technique,7,임상시험,Clinical Trials,1.479
P0728,technique,8,항체 개발,Antibody Engineering,1.417
P0212,keyword,1,Catalysis,Catalysis,37.717
P0212,keyword,2,Combinatorial chemistry,Combinatorial chemistry,20.973
P0212,keyword,3,Tandem,Tandem,20.839
P0212,keyword,4,Alkene,Alkene,18.009
P0212,keyword,5,Medicinal chemistry,Medicinal chemistry,16.459
P0212,keyword,6,Radical,Radical,15.704
P0212,keyword,7,Friedel–Crafts reaction,Friedel–Crafts reaction,15.298
P0212,keyword,8,Keto–enol tautomerism,Keto–enol tautomerism,15.245
P0212,keyword,9,Organic chemistry,Organic chemistry,15.038
P0212,keyword,10,Aryl,Aryl,14.899
P0212,keyword,11,Brucine,Brucine,14.438
P0212,keyword,12,Photochemistry,Photochemistry,14.199
P0212,technique,1,X선 결정학·구조분석,X-ray Crystallography,6.668
P0212,technique,2,질량분석,Mass Spectrometry,0.678
P0212,technique,3,분자도킹·시뮬레이션,Molecular Docking / Dynamics,0.595
P0212,technique,4,나노입자·약물전달,Nanoparticles / Drug Delivery,0.33
P0212,technique,5,생물정보·계산생물,Bioinformatics,0.163
P0048,keyword,1,Plant Immunity,Plant Immunity,1.048
P0048,keyword,2,Rejuvenation,Rejuvenation,0.785
P0048,keyword,3,Pathogen-Associated Molecular Pattern Molecules,Pathogen-Associated Molecular Pattern Molecules,0.646
P0048,keyword,4,Nonsense Mediated mRNA Decay,Nonsense Mediated mRNA Decay,0.596
P0048,keyword,5,Pseudomonas syringae,Pseudomonas syringae,0.532
P0048,keyword,6,Paracrine signalling,Paracrine signalling,0.482
P0048,keyword,7,RNA Stability,RNA Stability,0.442
P0048,keyword,8,Carboxypeptidases,Carboxypeptidases,0.407
P0048,keyword,9,Proteolysis,Proteolysis,0.392
P0048,keyword,10,Autoimmunity,Autoimmunity,0.377
P0048,keyword,11,Thermotolerance,Thermotolerance,0.375
P0048,keyword,12,"Gene Expression Regulation, Plant","Gene Expression Regulation, Plant",0.351
P0048,technique,1,애기장대·식물 모델,Arabidopsis,0.691
P0361,keyword,1,Atherosclerosis,Atherosclerosis,6.918
P0361,keyword,2,Vimentin,Vimentin,6.403
P0361,keyword,3,CD36,CD36,5.048
P0361,keyword,4,"Fatty Acids, Nonesterified","Fatty Acids, Nonesterified",4.247
P0361,keyword,5,Foam cell,Foam cell,4.243
P0361,keyword,6,"Lipoproteins, LDL","Lipoproteins, LDL",3.761
P0361,keyword,7,CD36 Antigens,CD36 Antigens,3.677
P0361,keyword,8,Adipocytes,Adipocytes,3.52
P0361,keyword,9,Periodontitis,Periodontitis,3.289
P0361,keyword,10,Lactates,Lactates,2.832
P0361,keyword,11,Adipocyte,Adipocyte,2.691
P0361,keyword,12,Glucose Transporter Type 1,Glucose Transporter Type 1,2.646
P0361,technique,1,웨스턴블롯,Western Blot,0.905
P0361,technique,2,유전자변형 마우스,Genetically Modified Mice,0.634
P0361,technique,3,머신러닝·AI,Machine Learning / AI,0.549
P0361,technique,4,RNA-seq·전사체,RNA-seq / Transcriptomics,0.48
P0361,technique,5,면역조직화학,Immunohistochemistry,0.308
P0546,keyword,1,Biosensor,Biosensor,8.177
P0546,keyword,2,Supercooling,Supercooling,7.507
P0546,keyword,3,Complex matrix,Complex matrix,5.386
P0546,keyword,4,Sample preparation,Sample preparation,4.104
P0546,keyword,5,Surface plasmon resonance,Surface plasmon resonance,3.6
P0546,keyword,6,Foodborne pathogen,Foodborne pathogen,3.213
P0546,keyword,7,Food Safety,Food Safety,3.03
P0546,keyword,8,Nanotechnology,Nanotechnology,2.812
P0546,keyword,9,Red yeast rice,Red yeast rice,2.583
P0546,keyword,10,Antioxidant capacity,Antioxidant capacity,2.542
P0546,keyword,11,Linker,Linker,2.536
P0546,keyword,12,Ice nucleus,Ice nucleus,2.339
P0546,technique,1,나노입자·약물전달,Nanoparticles / Drug Delivery,2.282
P0546,technique,2,줄기세포·iPSC,Stem Cells / iPSC,1.086
P0546,technique,3,생물정보·계산생물,Bioinformatics,0.349
P0284,keyword,1,PCSK9 Inhibitors,PCSK9 Inhibitors,4.903
P0284,keyword,2,Proprotein Convertase 9,Proprotein Convertase 9,3.49
P0284,keyword,3,Stereochemistry,Stereochemistry,3.187
P0284,keyword,4,Kexin,Kexin,3.077
P0284,keyword,5,Benzofurans,Benzofurans,2.829
P0284,keyword,6,PCSK9,PCSK9,2.778
P0284,keyword,7,COVID-19 Drug Treatment,COVID-19 Drug Treatment,2.743
P0284,keyword,8,Molecular Structure,Molecular Structure,2.614
P0284,keyword,9,Stilbenes,Stilbenes,2.605
P0284,keyword,10,Adenosine,Adenosine,2.584
P0284,keyword,11,Stereoselectivity,Stereoselectivity,2.551
P0284,keyword,12,Cytokine Release Syndrome,Cytokine Release Syndrome,2.247
P0284,technique,1,분자도킹·시뮬레이션,Molecular Docking / Dynamics,1.188
P0284,technique,2,줄기세포·iPSC,Stem Cells / iPSC,0.82
P0284,technique,3,X선 결정학·구조분석,X-ray Crystallography,0.437
P0284,technique,4,질량분석,Mass Spectrometry,0.172
P0284,technique,5,생물정보·계산생물,Bioinformatics,0.116
P0429,keyword,1,Clinical microbiology,Clinical microbiology,11.921
P0429,keyword,2,Clostridioides,Clostridioides,10.004
P0429,keyword,3,Colistin,Colistin,9.722
P0429,keyword,4,Acinetobacter baumannii,Acinetobacter baumannii,9.176
P0429,keyword,5,Microbial Sensitivity Tests,Microbial Sensitivity Tests,8.426
P0429,keyword,6,Microbiology,Microbiology,7.93
P0429,keyword,7,"Drug Resistance, Multiple, Bacterial","Drug Resistance, Multiple, Bacterial",7.797
P0429,keyword,8,Clostridium Infections,Clostridium Infections,7.782
P0429,keyword,9,Anti-Bacterial Agents,Anti-Bacterial Agents,7.446
P0429,keyword,10,Bacterial Proteins,Bacterial Proteins,6.121
P0429,keyword,11,Streptococcus agalactiae,Streptococcus agalactiae,5.934
P0429,keyword,12,Clostridioides difficile,Clostridioides difficile,5.921
P0429,technique,1,차세대 시퀀싱(NGS),Next-generation Sequencing,4.473
P0429,technique,2,qPCR,Real-time PCR,3.717
P0429,technique,3,생물정보·계산생물,Bioinformatics,1.035
P0429,technique,4,RNA-seq·전사체,RNA-seq / Transcriptomics,0.397
P0429,technique,5,질량분석,Mass Spectrometry,0.33
P0429,technique,6,머신러닝·AI,Machine Learning / AI,0.153
P0165,keyword,1,Plant Immunity,Plant Immunity,4.848
P0165,keyword,2,Flagellin,Flagellin,4.456
P0165,keyword,3,Biological pest control,Biological pest control,3.897
P0165,keyword,4,Pseudomonas,Pseudomonas,3.543
P0165,keyword,5,Strain (injury),Strain (injury),3.464
P0165,keyword,6,Genome,Genome,3.388
P0165,keyword,7,Antibiosis,Antibiosis,3.25
P0165,keyword,8,Pseudomonas fluorescens,Pseudomonas fluorescens,3.25
P0165,keyword,9,Polysome,Polysome,2.74
P0165,keyword,10,Sequence (biology),Sequence (biology),2.738
P0165,keyword,11,EIF4E,EIF4E,2.682
P0165,keyword,12,Photomorphogenesis,Photomorphogenesis,2.398
P0165,technique,1,애기장대·식물 모델,Arabidopsis,7.955
P0165,technique,2,차세대 시퀀싱(NGS),Next-generation Sequencing,4.273
P0165,technique,3,생물정보·계산생물,Bioinformatics,0.672
P0710,keyword,1,Thioacetamide,Thioacetamide,5.835
P0710,keyword,2,Arachidonic acid,Arachidonic acid,4.309
P0710,keyword,3,Chemical and Drug Induced Liver Injury,Chemical and Drug Induced Liver Injury,3.728
P0710,keyword,4,Nigella sativa,Nigella sativa,3.049
P0710,keyword,5,Magnesium,Magnesium,3.035
P0710,keyword,6,Malunion,Malunion,2.547
P0710,keyword,7,Mitogen-Activated Protein Kinases,Mitogen-Activated Protein Kinases,2.514
P0710,keyword,8,Liver,Liver,2.448
P0710,keyword,9,Kidney,Kidney,2.442
P0710,keyword,10,Kitten,Kitten,2.413
P0710,keyword,11,"Membrane Potential, Mitochondrial","Membrane Potential, Mitochondrial",2.313
P0710,keyword,12,Columbidae,Columbidae,2.297
P0710,technique,1,전기생리,Electrophysiology,0.876
P0710,technique,2,웨스턴블롯,Western Blot,0.122
P0811,keyword,1,Medulloblastoma,Medulloblastoma,15.0
P0811,keyword,2,Vismodegib,Vismodegib,12.798
P0811,keyword,3,Micelle,Micelle,12.546
P0811,keyword,4,Micelles,Micelles,7.628
P0811,keyword,5,Paclitaxel,Paclitaxel,5.193
P0811,keyword,6,Bioequivalence,Bioequivalence,5.158
P0811,keyword,7,Oxazoles,Oxazoles,5.044
P0811,keyword,8,Cerebellar Neoplasms,Cerebellar Neoplasms,5.002
P0811,keyword,9,Basal Cell Carcinoma,Basal Cell Carcinoma,4.764
P0811,keyword,10,Pharmacokinetics,Pharmacokinetics,4.462
P0811,keyword,11,Dry-powder inhaler,Dry-powder inhaler,4.309
P0811,keyword,12,Drug,Drug,4.275
P0811,technique,1,나노입자·약물전달,Nanoparticles / Drug Delivery,9.593
P0811,technique,2,엑소좀·세포외소포,Exosomes / EVs,1.655
P0811,technique,3,유전자변형 마우스,Genetically Modified Mice,0.49
P0811,technique,4,생물정보·계산생물,Bioinformatics,0.238
P0762,keyword,1,Immunosurveillance,Immunosurveillance,47.331
P0762,keyword,2,Lymphocytic choriomeningitis,Lymphocytic choriomeningitis,25.379
P0762,keyword,3,Interferon,Interferon,16.275
P0762,keyword,4,Immunotherapy,Immunotherapy,16.206
P0762,keyword,5,Immune system,Immune system,15.418
P0762,keyword,6,Tumor microenvironment,Tumor microenvironment,14.784
P0762,keyword,7,Lymphocytic choriomeningitis virus,Lymphocytic choriomeningitis virus,14.66
P0762,keyword,8,Immunology,Immunology,13.977
P0762,keyword,9,CD8-Positive T-Lymphocytes,CD8-Positive T-Lymphocytes,13.736
P0762,keyword,10,Mycobacterium tuberculosis,Mycobacterium tuberculosis,11.886
P0762,keyword,11,"T-Lymphocytes, Regulatory","T-Lymphocytes, Regulatory",11.723
P0762,keyword,12,CD8,CD8,11.091
P0762,technique,1,유전자변형 마우스,Genetically Modified Mice,5.834
P0762,technique,2,나노입자·약물전달,Nanoparticles / Drug Delivery,2.665
P0762,technique,3,종양 이종이식 모델,Xenograft Models,2.279
P0762,technique,4,단일세포 분석,Single-cell Analysis,2.093
P0762,technique,5,유세포분석,Flow Cytometry,1.981
P0762,technique,6,생물정보·계산생물,Bioinformatics,1.692
P0762,technique,7,CRISPR 유전자편집,CRISPR Gene Editing,1.33
P0762,technique,8,RNA-seq·전사체,RNA-seq / Transcriptomics,1.001
P0650,keyword,1,Joule heating,Joule heating,8.11
P0650,keyword,2,Retort,Retort,7.448
P0650,keyword,3,Ohmic contact,Ohmic contact,6.878
P0650,keyword,4,Food science,Food science,5.0
P0650,keyword,5,Superheated steam,Superheated steam,3.546
P0650,keyword,6,Roasting,Roasting,3.047
P0650,keyword,7,Curry,Curry,2.459
P0650,keyword,8,Orange juice,Orange juice,2.405
P0650,keyword,9,Sterilization (economics),Sterilization (economics),2.325
P0650,keyword,10,Pasteurization,Pasteurization,2.098
P0650,keyword,11,Sublimation (psychology),Sublimation (psychology),2.072
P0650,keyword,12,Instant,Instant,1.975
P0217,keyword,1,Quantitative structure–activity relationship,Quantitative structure–activity relationship,3.312
P0217,keyword,2,Quantitative Structure-Activity Relationship,Quantitative Structure-Activity Relationship,1.373
P0217,keyword,3,Thiazolidines,Thiazolidines,1.201
P0217,keyword,4,Stereochemistry,Stereochemistry,1.174
P0217,keyword,5,Thiazolidine,Thiazolidine,1.158
P0217,keyword,6,Aurora Kinase A,Aurora Kinase A,1.074
P0217,keyword,7,Sulfonamide,Sulfonamide,0.835
P0217,keyword,8,Cytotoxicity,Cytotoxicity,0.82
P0217,keyword,9,Guanidine,Guanidine,0.683
P0217,keyword,10,MTT assay,MTT assay,0.669
P0217,keyword,11,Antimitotic Agent,Antimitotic Agent,0.645
P0217,keyword,12,Docking (animal),Docking (animal),0.629
P0068,keyword,1,Inflammasome,Inflammasome,9.472
P0068,keyword,2,Atopic dermatitis,Atopic dermatitis,8.278
P0068,keyword,3,Agonist,Agonist,7.507
P0068,keyword,4,"Dermatitis, Atopic","Dermatitis, Atopic",7.239
P0068,keyword,5,Taurodeoxycholic Acid,Taurodeoxycholic Acid,6.828
P0068,keyword,6,Inflammasomes,Inflammasomes,6.725
P0068,keyword,7,"NLR Family, Pyrin Domain-Containing 3 Protein","NLR Family, Pyrin Domain-Containing 3 Protein",5.781
P0068,keyword,8,Dendritic Cells,Dendritic Cells,5.646
P0068,keyword,9,Immunology,Immunology,4.821
P0068,keyword,10,Myeloid-Derived Suppressor Cells,Myeloid-Derived Suppressor Cells,4.655
P0068,keyword,11,Thymic stromal lymphopoietin,Thymic stromal lymphopoietin,4.623
P0068,keyword,12,"Receptors, G-Protein-Coupled","Receptors, G-Protein-Coupled",4.429
P0068,technique,1,유전자변형 마우스,Genetically Modified Mice,1.986
P0068,technique,2,단백체,Proteomics,1.399
P0068,technique,3,항체 개발,Antibody Engineering,0.998
P0068,technique,4,ELISA,ELISA,0.988
P0068,technique,5,임상시험,Clinical Trials,0.965
P0068,technique,6,나노입자·약물전달,Nanoparticles / Drug Delivery,0.787
P0068,technique,7,전기생리,Electrophysiology,0.429
P0068,technique,8,면역조직화학,Immunohistochemistry,0.398
P0026,keyword,1,Immunotherapy,Immunotherapy,14.934
P0026,keyword,2,Neoplasms,Neoplasms,14.021
P0026,keyword,3,Photochemotherapy,Photochemotherapy,11.92
P0026,keyword,4,Radiation-Sensitizing Agents,Radiation-Sensitizing Agents,11.756
P0026,keyword,5,Phospholipid Hydroperoxide Glutathione Peroxidase,Phospholipid Hydroperoxide Glutathione Peroxidase,11.562
P0026,keyword,6,Cancer immunotherapy,Cancer immunotherapy,10.953
P0026,keyword,7,Electroporation,Electroporation,10.241
P0026,keyword,8,Ferroptosis,Ferroptosis,9.34
P0026,keyword,9,Tumor microenvironment,Tumor microenvironment,9.021
P0026,keyword,10,Hafnium,Hafnium,8.756
P0026,keyword,11,Lipids,Lipids,8.724
P0026,keyword,12,Photosensitizing Agents,Photosensitizing Agents,8.531
P0026,technique,1,나노입자·약물전달,Nanoparticles / Drug Delivery,28.113
P0026,technique,2,CAR-T·입양세포치료,CAR-T / Adoptive Cell Therapy,10.217
P0026,technique,3,RNA 치료제·siRNA,RNA Therapeutics,5.271
P0026,technique,4,MRI·PET 영상,MRI / PET Imaging,2.002
P0026,technique,5,하이드로젤·스캐폴드,Hydrogels / Scaffolds,1.988
P0026,technique,6,종양 이종이식 모델,Xenograft Models,1.755
P0026,technique,7,머신러닝·AI,Machine Learning / AI,1.625
P0026,technique,8,줄기세포·iPSC,Stem Cells / iPSC,1.293
P0594,keyword,1,Proto-oncogene tyrosine-protein kinase Src,Proto-oncogene tyrosine-protein kinase Src,4.936
P0594,keyword,2,Colorectal Neoplasms,Colorectal Neoplasms,4.904
P0594,keyword,3,Liver Transplantation,Liver Transplantation,4.828
P0594,keyword,4,Cancer research,Cancer research,4.528
P0594,keyword,5,Olaparib,Olaparib,4.413
P0594,keyword,6,ABL,ABL,4.076
P0594,keyword,7,Cancer,Cancer,3.892
P0594,keyword,8,Pancreatic head,Pancreatic head,3.638
P0594,keyword,9,PARP inhibitor,PARP inhibitor,3.585
P0594,keyword,10,Intestinal Perforation,Intestinal Perforation,3.454
P0594,keyword,11,Surgery,Surgery,3.141
P0594,keyword,12,Flounder,Flounder,2.995
P0594,technique,1,오가노이드,Organoids,3.365
P0594,technique,2,종양 이종이식 모델,Xenograft Models,1.34
P0594,technique,3,단일세포 분석,Single-cell Analysis,1.227
P0594,technique,4,RNA 치료제·siRNA,RNA Therapeutics,0.868
P0594,technique,5,생물정보·계산생물,Bioinformatics,0.727
P0594,technique,6,줄기세포·iPSC,Stem Cells / iPSC,0.717
P0594,technique,7,차세대 시퀀싱(NGS),Next-generation Sequencing,0.629
P0594,technique,8,유전자변형 마우스,Genetically Modified Mice,0.464
P0243,keyword,1,Raphanus,Raphanus,55.055
P0243,keyword,2,Vernalization,Vernalization,47.295
P0243,keyword,3,"Gene Expression Regulation, Plant","Gene Expression Regulation, Plant",30.052
P0243,keyword,4,Glucosinolate,Glucosinolate,26.505
P0243,keyword,5,Glucosinolates,Glucosinolates,24.814
P0243,keyword,6,Brassicaceae,Brassicaceae,24.139
P0243,keyword,7,Brassica rapa,Brassica rapa,21.554
P0243,keyword,8,Brassica,Brassica,19.492
P0243,keyword,9,Botany,Botany,13.641
P0243,keyword,10,Flowering Locus C,Flowering Locus C,12.829
P0243,keyword,11,"Plants, Genetically Modified","Plants, Genetically Modified",11.743
P0243,keyword,12,Flowers,Flowers,11.082
P0243,technique,1,애기장대·식물 모델,Arabidopsis,45.927
P0243,technique,2,RNA-seq·전사체,RNA-seq / Transcriptomics,12.766
P0243,technique,3,대사체·지질체,Metabolomics / Lipidomics,2.973
P0243,technique,4,생물정보·계산생물,Bioinformatics,1.561
P0243,technique,5,차세대 시퀀싱(NGS),Next-generation Sequencing,1.445
P0243,technique,6,후성유전 분석,Epigenomics (ChIP/ATAC-seq),1.015
P0243,technique,7,머신러닝·AI,Machine Learning / AI,0.52
P0243,technique,8,질량분석,Mass Spectrometry,0.437
P0223,keyword,1,Bacteriocin,Bacteriocin,28.067
P0223,keyword,2,Bifidobacterium breve,Bifidobacterium breve,25.259
P0223,keyword,3,"Linoleic Acids, Conjugated","Linoleic Acids, Conjugated",18.397
P0223,keyword,4,Isomerases,Isomerases,14.81
P0223,keyword,5,Bacteriocins,Bacteriocins,11.676
P0223,keyword,6,Probiotic,Probiotic,11.547
P0223,keyword,7,Enterococcus faecalis,Enterococcus faecalis,11.477
P0223,keyword,8,Bifidobacterium,Bifidobacterium,11.468
P0223,keyword,9,Microbiology,Microbiology,10.523
P0223,keyword,10,Listeria monocytogenes,Listeria monocytogenes,10.444
P0223,keyword,11,Probiotics,Probiotics,9.548
P0223,keyword,12,Conjugated linoleic acid,Conjugated linoleic acid,8.671
P0223,technique,1,차세대 시퀀싱(NGS),Next-generation Sequencing,5.425
P0223,technique,2,분자도킹·시뮬레이션,Molecular Docking / Dynamics,3.882
P0223,technique,3,생물정보·계산생물,Bioinformatics,0.415
P0223,technique,4,머신러닝·AI,Machine Learning / AI,0.048
P0722,keyword,1,National Health and Nutrition Examination Survey,National Health and Nutrition Examination Survey,22.034
P0722,keyword,2,"Diabetes Mellitus, Type 1","Diabetes Mellitus, Type 1",21.58
P0722,keyword,3,Type 1 diabetes,Type 1 diabetes,18.66
P0722,keyword,4,Obesity,Obesity,18.231
P0722,keyword,5,Percentile,Percentile,17.64
P0722,keyword,6,Diabetes Mellitus,Diabetes Mellitus,14.282
P0722,keyword,7,Pediatrics,Pediatrics,13.827
P0722,keyword,8,Metabolic Syndrome,Metabolic Syndrome,13.187
P0722,keyword,9,Body mass index,Body mass index,13.094
P0722,keyword,10,Overweight,Overweight,11.892
P0722,keyword,11,Anthropometry,Anthropometry,10.893
P0722,keyword,12,Waist,Waist,10.883
P0722,technique,1,MRI·PET 영상,MRI / PET Imaging,2.196
P0722,technique,2,차세대 시퀀싱(NGS),Next-generation Sequencing,0.516
P0722,technique,3,임상시험,Clinical Trials,0.41
P0722,technique,4,질량분석,Mass Spectrometry,0.409
P0722,technique,5,생물정보·계산생물,Bioinformatics,0.392
P0549,keyword,1,Glycine max,Glycine max,10.414
P0549,keyword,2,Genetic Linkage,Genetic Linkage,10.406
P0549,keyword,3,Quantitative trait locus,Quantitative trait locus,10.362
P0549,keyword,4,Aphid,Aphid,9.147
P0549,keyword,5,Chromosome Mapping,Chromosome Mapping,8.3
P0549,keyword,6,Soybean aphid,Soybean aphid,7.705
P0549,keyword,7,Aphids,Aphids,7.465
P0549,keyword,8,Quantitative Trait Loci,Quantitative Trait Loci,5.794
P0549,keyword,9,"Polymorphism, Single Nucleotide","Polymorphism, Single Nucleotide",5.411
P0549,keyword,10,"Chromosomes, Plant","Chromosomes, Plant",5.309
P0549,keyword,11,Gene mapping,Gene mapping,5.097
P0549,keyword,12,Genotype,Genotype,4.204
P0549,technique,1,GWAS·유전역학,GWAS / Genetic Epidemiology,3.78
P0549,technique,2,생물정보·계산생물,Bioinformatics,0.146
P0245,keyword,1,"Genome, Microbial","Genome, Microbial",22.759
P0245,keyword,2,Escherichia coli,Escherichia coli,19.389
P0245,keyword,3,Genome editing,Genome editing,18.839
P0245,keyword,4,"Genome, Bacterial","Genome, Bacterial",15.25
P0245,keyword,5,Nucleotides,Nucleotides,13.773
P0245,keyword,6,Bacteriophage lambda,Bacteriophage lambda,12.448
P0245,keyword,7,Phosphoenolpyruvate Sugar Phosphotransferase System,Phosphoenolpyruvate Sugar Phosphotransferase System,12.448
P0245,keyword,8,Enterobacter aerogenes,Enterobacter aerogenes,10.245
P0245,keyword,9,Guide RNA,Guide RNA,10.233
P0245,keyword,10,PEP group translocation,PEP group translocation,9.585
P0245,keyword,11,Genome,Genome,9.262
P0245,keyword,12,Clustered Regularly Interspaced Short Palindromic Repeats,Clustered Regularly Interspaced Short Palindromic Repeats,9.02
P0245,technique,1,CRISPR 유전자편집,CRISPR Gene Editing,46.164
P0245,technique,2,생물정보·계산생물,Bioinformatics,8.042
P0245,technique,3,차세대 시퀀싱(NGS),Next-generation Sequencing,3.608
P0245,technique,4,미세유체·장기칩,Microfluidics / Organ-on-a-chip,1.986
P0245,technique,5,RNA-seq·전사체,RNA-seq / Transcriptomics,1.897
P0245,technique,6,대사체·지질체,Metabolomics / Lipidomics,1.286
P0245,technique,7,머신러닝·AI,Machine Learning / AI,1.111
P0245,technique,8,형광·공초점 이미징,Fluorescence / Confocal Imaging,0.787
P0025,keyword,1,Ovarian cancer,Ovarian cancer,37.146
P0025,keyword,2,Ovarian Neoplasms,Ovarian Neoplasms,34.82
P0025,keyword,3,Uterine Cervical Neoplasms,Uterine Cervical Neoplasms,29.04
P0025,keyword,4,Oncology,Oncology,26.543
P0025,keyword,5,Endometrial cancer,Endometrial cancer,24.236
P0025,keyword,6,Cervical cancer,Cervical cancer,24.222
P0025,keyword,7,"Carcinoma, Ovarian Epithelial","Carcinoma, Ovarian Epithelial",23.519
P0025,keyword,8,"Neoplasm Recurrence, Local","Neoplasm Recurrence, Local",19.638
P0025,keyword,9,Cancer,Cancer,19.44
P0025,keyword,10,Hysterectomy,Hysterectomy,18.717
P0025,keyword,11,Laparoscopy,Laparoscopy,17.547
P0025,keyword,12,Gynecologic oncology,Gynecologic oncology,16.752
P0025,technique,1,임상시험,Clinical Trials,5.326
P0025,technique,2,항체 개발,Antibody Engineering,5.199
P0025,technique,3,MRI·PET 영상,MRI / PET Imaging,5.134
P0025,technique,4,면역조직화학,Immunohistochemistry,4.564
P0025,technique,5,RNA-seq·전사체,RNA-seq / Transcriptomics,2.2
P0025,technique,6,RNA 치료제·siRNA,RNA Therapeutics,1.885
P0025,technique,7,종양 이종이식 모델,Xenograft Models,1.634
P0025,technique,8,생물정보·계산생물,Bioinformatics,1.579
P0747,keyword,1,Traffic congestion,Traffic congestion,0.842
P0747,keyword,2,Reinforcement learning,Reinforcement learning,0.654
P0747,keyword,3,Baseline (sea),Baseline (sea),0.452
P0747,keyword,4,Quality of service,Quality of service,0.427
P0747,keyword,5,Limiting,Limiting,0.426
P0747,keyword,6,Variable (mathematics),Variable (mathematics),0.363
P0747,keyword,7,Service quality,Service quality,0.343
P0747,keyword,8,Service (business),Service (business),0.23
P0016,keyword,1,"Killer Cells, Natural","Killer Cells, Natural",13.934
P0016,keyword,2,Feeder Cells,Feeder Cells,7.327
P0016,keyword,3,Dogs,Dogs,7.077
P0016,keyword,4,K562 Cells,K562 Cells,6.197
P0016,keyword,5,Interleukin-15,Interleukin-15,4.686
P0016,keyword,6,"Cytotoxicity, Immunologic","Cytotoxicity, Immunologic",4.113
P0016,keyword,7,Antibody-Dependent Cell Cytotoxicity,Antibody-Dependent Cell Cytotoxicity,3.79
P0016,keyword,8,Interleukin 21,Interleukin 21,3.627
P0016,keyword,9,Interleukin 12,Interleukin 12,3.512
P0016,keyword,10,Coculture Techniques,Coculture Techniques,3.424
P0016,keyword,11,Cytotoxic T cell,Cytotoxic T cell,3.234
P0016,keyword,12,Perforin,Perforin,3.217
P0016,technique,1,유세포분석,Flow Cytometry,4.045
P0016,technique,2,CAR-T·입양세포치료,CAR-T / Adoptive Cell Therapy,1.301
P0016,technique,3,항체 개발,Antibody Engineering,1.158
P0016,technique,4,ELISA,ELISA,0.978
P0016,technique,5,나노입자·약물전달,Nanoparticles / Drug Delivery,0.176
P0016,technique,6,면역조직화학,Immunohistochemistry,0.032
P0016,technique,7,머신러닝·AI,Machine Learning / AI,0.019
P0417,keyword,1,Knee Joint,Knee Joint,8.415
P0417,keyword,2,"Osteoarthritis, Knee","Osteoarthritis, Knee",8.363
P0417,keyword,3,Anterior cruciate ligament reconstruction,Anterior cruciate ligament reconstruction,8.144
P0417,keyword,4,Hyaline cartilage,Hyaline cartilage,6.923
P0417,keyword,5,Tibia,Tibia,5.896
P0417,keyword,6,Anterior cruciate ligament,Anterior cruciate ligament,5.657
P0417,keyword,7,"Menisci, Tibial","Menisci, Tibial",5.46
P0417,keyword,8,Osteotomy,Osteotomy,5.446
P0417,keyword,9,Joint Instability,Joint Instability,4.857
P0417,keyword,10,Anterior Cruciate Ligament Injuries,Anterior Cruciate Ligament Injuries,4.396
P0417,keyword,11,"Arthroplasty, Replacement, Knee","Arthroplasty, Replacement, Knee",4.367
P0417,keyword,12,Tibial Meniscus Injuries,Tibial Meniscus Injuries,4.177
P0417,technique,1,임상시험,Clinical Trials,1.212
P0138,keyword,1,"Adipose Tissue, Brown","Adipose Tissue, Brown",13.574
P0138,keyword,2,Brown adipose tissue,Brown adipose tissue,6.408
P0138,keyword,3,Thermogenesis,Thermogenesis,6.122
P0138,keyword,4,Adipose Tissue,Adipose Tissue,4.257
P0138,keyword,5,Phospholipids,Phospholipids,4.149
P0138,keyword,6,"Adipocytes, Brown","Adipocytes, Brown",3.888
P0138,keyword,7,Signal transduction,Signal transduction,3.719
P0138,keyword,8,Energy Metabolism,Energy Metabolism,3.576
P0138,keyword,9,Rapamycin-Insensitive Companion of mTOR Protein,Rapamycin-Insensitive Companion of mTOR Protein,3.473
P0138,keyword,10,Lysophospholipids,Lysophospholipids,3.367
P0138,keyword,11,mTORC2,mTORC2,2.876
P0138,keyword,12,White adipose tissue,White adipose tissue,2.545
P0138,technique,1,대사체·지질체,Metabolomics / Lipidomics,4.577
P0138,technique,2,유전자변형 마우스,Genetically Modified Mice,0.728
P0138,technique,3,생물정보·계산생물,Bioinformatics,0.623
P0128,keyword,1,Enhancer,Enhancer,0.303
P0128,keyword,2,Context (archaeology),Context (archaeology),0.222
P0128,keyword,3,Biotechnology,Biotechnology,0.102
P0128,keyword,4,Genetics,Genetics,0.062
P0128,keyword,5,Arachidonic Acids,Arachidonic Acids,0.052
P0128,keyword,6,Inositol Phosphates,Inositol Phosphates,0.044
P0128,keyword,7,Ions,Ions,0.031
P0128,keyword,8,Gene,Gene,0.03
P0128,keyword,9,Neutrophils,Neutrophils,0.021
P0128,keyword,10,Gene Expression,Gene Expression,0.015
P0128,keyword,11,Oxygen,Oxygen,0.015
P0128,keyword,12,Calcium,Calcium,0.012
P0128,technique,1,생물정보·계산생물,Bioinformatics,0.134
P0190,keyword,1,Bifidobacterium longum,Bifidobacterium longum,1.782
P0190,keyword,2,Lactiplantibacillus plantarum,Lactiplantibacillus plantarum,1.586
P0190,keyword,3,"Fatty Liver, Alcoholic","Fatty Liver, Alcoholic",1.514
P0190,keyword,4,Lactobacillus plantarum,Lactobacillus plantarum,1.247
P0190,keyword,5,Kupffer Cells,Kupffer Cells,1.207
P0190,keyword,6,Gastrointestinal Microbiome,Gastrointestinal Microbiome,0.986
P0190,keyword,7,Caco-2 Cells,Caco-2 Cells,0.905
P0190,keyword,8,Probiotics,Probiotics,0.741
P0190,keyword,9,Cryptosporidium parvum,Cryptosporidium parvum,0.664
P0190,keyword,10,Steatosis,Steatosis,0.619
P0190,keyword,11,"Mice, Inbred ICR","Mice, Inbred ICR",0.591
P0190,keyword,12,Lipopolysaccharides,Lipopolysaccharides,0.546
P0779,keyword,1,Receptor Protein-Tyrosine Kinases,Receptor Protein-Tyrosine Kinases,3.22
P0779,keyword,2,Mesenchyme,Mesenchyme,2.956
P0779,keyword,3,beta Catenin,beta Catenin,2.521
P0779,keyword,4,Mesoderm,Mesoderm,2.416
P0779,keyword,5,Lung,Lung,2.411
P0779,keyword,6,Goblet Cells,Goblet Cells,2.334
P0779,keyword,7,Pneumonia,Pneumonia,2.187
P0779,keyword,8,Wnt signaling pathway,Wnt signaling pathway,2.093
P0779,keyword,9,Cancer research,Cancer research,2.01
P0779,keyword,10,Polygraph,Polygraph,1.823
P0779,keyword,11,Cancer,Cancer,1.742
P0779,keyword,12,Ethylnitrosourea,Ethylnitrosourea,1.732
P0779,technique,1,제브라피시,Zebrafish,3.941
P0779,technique,2,RNA 치료제·siRNA,RNA Therapeutics,0.455
P0779,technique,3,머신러닝·AI,Machine Learning / AI,0.164
P0779,technique,4,면역조직화학,Immunohistochemistry,0.067
P0698,keyword,1,"Intestine, Large","Intestine, Large",1.571
P0698,keyword,2,Prebiotics,Prebiotics,1.271
P0698,keyword,3,Bifidobacterium longum,Bifidobacterium longum,1.139
P0698,keyword,4,Bifidobacterium,Bifidobacterium,1.08
P0698,keyword,5,Probiotics,Probiotics,0.973
P0698,keyword,6,Human feces,Human feces,0.917
P0698,keyword,7,Starch,Starch,0.872
P0698,keyword,8,Resistant Starch,Resistant Starch,0.836
P0698,keyword,9,Prebiotic,Prebiotic,0.823
P0698,keyword,10,Synbiotics,Synbiotics,0.701
P0698,keyword,11,Actinomycetaceae,Actinomycetaceae,0.629
P0698,keyword,12,Feces,Feces,0.61
P0451,keyword,1,"Diabetes Mellitus, Type 1","Diabetes Mellitus, Type 1",9.691
P0451,keyword,2,Galectin 4,Galectin 4,9.139
P0451,keyword,3,Influenza Vaccines,Influenza Vaccines,7.962
P0451,keyword,4,Hyperglycemia,Hyperglycemia,7.286
P0451,keyword,5,Internal Ribosome Entry Sites,Internal Ribosome Entry Sites,7.139
P0451,keyword,6,"Mice, Inbred NOD","Mice, Inbred NOD",6.706
P0451,keyword,7,Islets of Langerhans Transplantation,Islets of Langerhans Transplantation,6.667
P0451,keyword,8,Orthomyxoviridae Infections,Orthomyxoviridae Infections,5.464
P0451,keyword,9,CD8-Positive T-Lymphocytes,CD8-Positive T-Lymphocytes,5.311
P0451,keyword,10,Immune system,Immune system,5.258
P0451,keyword,11,Encephalomyocarditis virus,Encephalomyocarditis virus,5.249
P0451,keyword,12,Parabens,Parabens,4.755
P0451,technique,1,유전자변형 마우스,Genetically Modified Mice,2.08
P0451,technique,2,RNA-seq·전사체,RNA-seq / Transcriptomics,1.745
P0451,technique,3,유세포분석,Flow Cytometry,0.611
P0451,technique,4,항체 개발,Antibody Engineering,0.499
P0451,technique,5,RNA 치료제·siRNA,RNA Therapeutics,0.479
P0451,technique,6,줄기세포·iPSC,Stem Cells / iPSC,0.143
P0451,technique,7,형광·공초점 이미징,Fluorescence / Confocal Imaging,0.108
P0451,technique,8,웨스턴블롯,Western Blot,0.069
P0066,keyword,1,Genome editing,Genome editing,54.95
P0066,keyword,2,DNA,DNA,18.303
P0066,keyword,3,Bystander effect,Bystander effect,17.835
P0066,keyword,4,Prime (order theory),Prime (order theory),17.556
P0066,keyword,5,"RNA, Guide, Kinetoplastida","RNA, Guide, Kinetoplastida",16.403
P0066,keyword,6,Cytosine,Cytosine,15.043
P0066,keyword,7,Guide RNA,Guide RNA,12.959
P0066,keyword,8,Genetics,Genetics,12.352
P0066,keyword,9,Genome,Genome,11.62
P0066,keyword,10,Clustered Regularly Interspaced Short Palindromic Repeats,Clustered Regularly Interspaced Short Palindromic Repeats,11.492
P0066,keyword,11,DNA Cleavage,DNA Cleavage,11.186
P0066,keyword,12,Internet,Internet,11.139
P0066,technique,1,CRISPR 유전자편집,CRISPR Gene Editing,104.705
P0066,technique,2,생물정보·계산생물,Bioinformatics,15.887
P0066,technique,3,애기장대·식물 모델,Arabidopsis,4.997
P0066,technique,4,차세대 시퀀싱(NGS),Next-generation Sequencing,4.762
P0066,technique,5,줄기세포·iPSC,Stem Cells / iPSC,4.198
P0066,technique,6,질량분석,Mass Spectrometry,1.227
P0066,technique,7,종양 이종이식 모델,Xenograft Models,0.999
P0066,technique,8,RNA-seq·전사체,RNA-seq / Transcriptomics,0.939
P0036,keyword,1,PPAR gamma,PPAR gamma,25.795
P0036,keyword,2,Adipogenesis,Adipogenesis,23.315
P0036,keyword,3,Adiponectin,Adiponectin,22.985
P0036,keyword,4,Keratinocytes,Keratinocytes,16.043
P0036,keyword,5,Sunscreening Agents,Sunscreening Agents,13.43
P0036,keyword,6,Peroxisome proliferator-activated receptor,Peroxisome proliferator-activated receptor,12.047
P0036,keyword,7,Peptide Nucleic Acids,Peptide Nucleic Acids,10.397
P0036,keyword,8,Benzophenones,Benzophenones,9.817
P0036,keyword,9,Molecular Structure,Molecular Structure,9.109
P0036,keyword,10,Thiadiazines,Thiadiazines,8.756
P0036,keyword,11,Structure-Activity Relationship,Structure-Activity Relationship,7.969
P0036,keyword,12,Partial agonist,Partial agonist,7.335
P0036,technique,1,줄기세포·iPSC,Stem Cells / iPSC,19.031
P0036,technique,2,분자도킹·시뮬레이션,Molecular Docking / Dynamics,11.099
P0036,technique,3,RNA-seq·전사체,RNA-seq / Transcriptomics,3.679
P0036,technique,4,생물정보·계산생물,Bioinformatics,2.143
P0036,technique,5,단일세포 분석,Single-cell Analysis,1.836
P0036,technique,6,머신러닝·AI,Machine Learning / AI,1.506
P0036,technique,7,GWAS·유전역학,GWAS / Genetic Epidemiology,1.255
P0036,technique,8,qPCR,Real-time PCR,1.111
P0727,keyword,1,Chitinase-3-Like Protein 1,Chitinase-3-Like Protein 1,11.272
P0727,keyword,2,Arthralgia,Arthralgia,10.016
P0727,keyword,3,"Cartilage, Articular","Cartilage, Articular",9.802
P0727,keyword,4,Iodoacetic Acid,Iodoacetic Acid,8.278
P0727,keyword,5,Iodoacetates,Iodoacetates,6.923
P0727,keyword,6,Osteoarthritis,Osteoarthritis,6.808
P0727,keyword,7,Salmon,Salmon,6.725
P0727,keyword,8,Nasal cartilages,Nasal cartilages,6.55
P0727,keyword,9,Egg Shell,Egg Shell,5.676
P0727,keyword,10,Inflammation,Inflammation,5.612
P0727,keyword,11,Proteoglycans,Proteoglycans,5.45
P0727,keyword,12,Signal transduction,Signal transduction,4.096
P0727,technique,1,유전자변형 마우스,Genetically Modified Mice,5.722
P0727,technique,2,종양 이종이식 모델,Xenograft Models,1.082
P0727,technique,3,줄기세포·iPSC,Stem Cells / iPSC,1.082
P0727,technique,4,분자도킹·시뮬레이션,Molecular Docking / Dynamics,0.655
P0727,technique,5,RNA 치료제·siRNA,RNA Therapeutics,0.629
P0727,technique,6,웨스턴블롯,Western Blot,0.49
P0727,technique,7,면역조직화학,Immunohistochemistry,0.434
P0727,technique,8,항체 개발,Antibody Engineering,0.422
P0444,keyword,1,Bacteremia,Bacteremia,12.94
P0444,keyword,2,Acinetobacter baumannii,Acinetobacter baumannii,9.895
P0444,keyword,3,Anti-Bacterial Agents,Anti-Bacterial Agents,9.171
P0444,keyword,4,Catheter-Related Infections,Catheter-Related Infections,8.935
P0444,keyword,5,HIV Infections,HIV Infections,8.111
P0444,keyword,6,"Catheterization, Central Venous","Catheterization, Central Venous",7.272
P0444,keyword,7,Proguanil,Proguanil,6.978
P0444,keyword,8,Opportunistic Infections,Opportunistic Infections,6.725
P0444,keyword,9,Atovaquone,Atovaquone,6.497
P0444,keyword,10,Cross Infection,Cross Infection,6.402
P0444,keyword,11,Communicable Diseases,Communicable Diseases,5.985
P0444,keyword,12,Carbapenems,Carbapenems,5.953
P0444,technique,1,임상시험,Clinical Trials,0.393
P0444,technique,2,유세포분석,Flow Cytometry,0.323
P0444,technique,3,질량분석,Mass Spectrometry,0.251
P0444,technique,4,면역조직화학,Immunohistochemistry,0.159
P0444,technique,5,머신러닝·AI,Machine Learning / AI,0.094
P0309,keyword,1,Climate change,Climate change,31.275
P0309,keyword,2,Environmental science,Environmental science,15.052
P0309,keyword,3,Physical geography,Physical geography,13.467
P0309,keyword,4,Environmental resource management,Environmental resource management,13.398
P0309,keyword,5,Geography,Geography,12.494
P0309,keyword,6,Land use,Land use,12.426
P0309,keyword,7,Ecosystem services,Ecosystem services,11.281
P0309,keyword,8,Land cover,Land cover,11.153
P0309,keyword,9,Flood myth,Flood myth,10.232
P0309,keyword,10,Deforestation (computer science),Deforestation (computer science),9.577
P0309,keyword,11,Climatology,Climatology,8.608
P0309,keyword,12,Mangrove,Mangrove,8.443
P0309,technique,1,머신러닝·AI,Machine Learning / AI,0.136
P0103,keyword,1,Vertebral compression fracture,Vertebral compression fracture,0.216
P0103,keyword,2,Discectomy,Discectomy,0.205
P0103,keyword,3,Lumbar disc herniation,Lumbar disc herniation,0.152
P0103,keyword,4,Diskectomy,Diskectomy,0.133
P0103,keyword,5,Compression (physics),Compression (physics),0.113
P0103,keyword,6,Disc herniation,Disc herniation,0.105
P0103,keyword,7,Fracture (geology),Fracture (geology),0.085
P0103,keyword,8,Lumbar,Lumbar,0.05
P0103,keyword,9,Lumbar vertebrae,Lumbar vertebrae,0.043
P0103,keyword,10,Surgery,Surgery,0.042
P0103,keyword,11,Retrospective cohort study,Retrospective cohort study,0.035
P0103,keyword,12,Composite material,Composite material,0.013
P0267,keyword,1,Neuroblast,Neuroblast,16.899
P0267,keyword,2,Dentate gyrus,Dentate gyrus,16.435
P0267,keyword,3,Gerbillinae,Gerbillinae,16.069
P0267,keyword,4,Hippocampus,Hippocampus,15.459
P0267,keyword,5,Doublecortin,Doublecortin,13.874
P0267,keyword,6,Hippocampal formation,Hippocampal formation,11.521
P0267,keyword,7,Neurogenesis,Neurogenesis,11.234
P0267,keyword,8,Gerbil,Gerbil,10.344
P0267,keyword,9,Doublecortin Protein,Doublecortin Protein,10.335
P0267,keyword,10,Neuroprotective Agents,Neuroprotective Agents,8.732
P0267,keyword,11,Cuprizone,Cuprizone,8.241
P0267,keyword,12,Ischemia,Ischemia,7.833
P0267,technique,1,면역조직화학,Immunohistochemistry,2.359
P0267,technique,2,웨스턴블롯,Western Blot,1.891
P0267,technique,3,MRI·PET 영상,MRI / PET Imaging,0.857
P0267,technique,4,단백체,Proteomics,0.605
P0267,technique,5,종양 이종이식 모델,Xenograft Models,0.579
P0267,technique,6,나노입자·약물전달,Nanoparticles / Drug Delivery,0.394
P0267,technique,7,유전자변형 마우스,Genetically Modified Mice,0.369
P0267,technique,8,전기생리,Electrophysiology,0.311
P0042,keyword,1,Molecular Structure,Molecular Structure,32.825
P0042,keyword,2,Erythrina,Erythrina,29.682
P0042,keyword,3,"Protein Tyrosine Phosphatase, Non-Receptor Type 1","Protein Tyrosine Phosphatase, Non-Receptor Type 1",27.775
P0042,keyword,4,Plant Extracts,Plant Extracts,24.456
P0042,keyword,5,Triterpenes,Triterpenes,24.162
P0042,keyword,6,Plant Leaves,Plant Leaves,24.157
P0042,keyword,7,Oleanane,Oleanane,19.508
P0042,keyword,8,Neuraminidase,Neuraminidase,18.194
P0042,keyword,9,"Influenza A Virus, H1N1 Subtype","Influenza A Virus, H1N1 Subtype",18.08
P0042,keyword,10,Stereochemistry,Stereochemistry,17.208
P0042,keyword,11,Cellular Senescence,Cellular Senescence,15.322
P0042,keyword,12,Antiviral Agents,Antiviral Agents,15.179
P0042,technique,1,분자도킹·시뮬레이션,Molecular Docking / Dynamics,16.681
P0042,technique,2,질량분석,Mass Spectrometry,12.731
P0042,technique,3,대사체·지질체,Metabolomics / Lipidomics,6.401
P0042,technique,4,X선 결정학·구조분석,X-ray Crystallography,4.933
P0042,technique,5,웨스턴블롯,Western Blot,4.75
P0042,technique,6,오가노이드,Organoids,2.415
P0042,technique,7,제브라피시,Zebrafish,1.088
P0042,technique,8,qPCR,Real-time PCR,0.913
P0472,keyword,1,Probiotic,Probiotic,0.517
P0472,keyword,2,Enterococcus,Enterococcus,0.429
P0472,keyword,3,Virulence,Virulence,0.269
P0472,keyword,4,16S ribosomal RNA,16S ribosomal RNA,0.252
P0472,keyword,5,Candidate gene,Candidate gene,0.249
P0472,keyword,6,Antibiotic resistance,Antibiotic resistance,0.186
P0472,keyword,7,Phenotype,Phenotype,0.146
P0472,keyword,8,Gene,Gene,0.143
P0667,keyword,1,Muscle Spindles,Muscle Spindles,0.145
P0667,keyword,2,"Trigeminal Nucleus, Spinal","Trigeminal Nucleus, Spinal",0.145
P0667,keyword,3,Jaw,Jaw,0.13
P0667,keyword,4,"Microscopy, Immunoelectron","Microscopy, Immunoelectron",0.105
P0667,keyword,5,Nerve Fibers,Nerve Fibers,0.096
P0667,keyword,6,Horseradish peroxidase,Horseradish peroxidase,0.09
P0667,keyword,7,Presynaptic Terminals,Presynaptic Terminals,0.081
P0667,keyword,8,Motor Neurons,Motor Neurons,0.08
P0667,keyword,9,Axons,Axons,0.079
P0667,keyword,10,Reflex,Reflex,0.076
P0667,keyword,11,Cats,Cats,0.07
P0667,keyword,12,gamma-Aminobutyric Acid,gamma-Aminobutyric Acid,0.068
P0574,keyword,1,Microvesicles,Microvesicles,8.554
P0574,keyword,2,Triple Negative Breast Neoplasms,Triple Negative Breast Neoplasms,8.052
P0574,keyword,3,Citrus sinensis,Citrus sinensis,7.423
P0574,keyword,4,Geopolitics,Geopolitics,6.975
P0574,keyword,5,Multinational corporation,Multinational corporation,6.06
P0574,keyword,6,Triple-negative breast cancer,Triple-negative breast cancer,5.466
P0574,keyword,7,Cancer research,Cancer research,5.107
P0574,keyword,8,Janus Kinase 2,Janus Kinase 2,5.08
P0574,keyword,9,Antineoplastic Agents,Antineoplastic Agents,4.551
P0574,keyword,10,Gefitinib,Gefitinib,4.292
P0574,keyword,11,Proto-Oncogene Proteins c-akt,Proto-Oncogene Proteins c-akt,4.139
P0574,keyword,12,Cash,Cash,4.12
P0574,technique,1,엑소좀·세포외소포,Exosomes / EVs,12.483
P0574,technique,2,줄기세포·iPSC,Stem Cells / iPSC,3.287
P0574,technique,3,나노입자·약물전달,Nanoparticles / Drug Delivery,1.633
P0574,technique,4,질량분석,Mass Spectrometry,0.953
P0574,technique,5,항체 개발,Antibody Engineering,0.687
P0574,technique,6,RNA 치료제·siRNA,RNA Therapeutics,0.548
P0574,technique,7,웨스턴블롯,Western Blot,0.454
P0574,technique,8,생물정보·계산생물,Bioinformatics,0.454
P0393,keyword,1,Palatine Tonsil,Palatine Tonsil,21.062
P0393,keyword,2,Mast Cells,Mast Cells,12.474
P0393,keyword,3,Mesenchymal stem cell,Mesenchymal stem cell,12.454
P0393,keyword,4,Mast cell,Mast cell,8.229
P0393,keyword,5,Toll-Like Receptor 6,Toll-Like Receptor 6,7.832
P0393,keyword,6,Immunology,Immunology,7.558
P0393,keyword,7,HaCaT,HaCaT,7.487
P0393,keyword,8,Mesenchymal Stem Cell Transplantation,Mesenchymal Stem Cell Transplantation,7.28
P0393,keyword,9,Dermatitis,Dermatitis,7.136
P0393,keyword,10,Keratinocytes,Keratinocytes,6.843
P0393,keyword,11,Immune system,Immune system,6.689
P0393,keyword,12,Cell Movement,Cell Movement,6.478
P0393,technique,1,줄기세포·iPSC,Stem Cells / iPSC,18.479
P0393,technique,2,엑소좀·세포외소포,Exosomes / EVs,11.008
P0393,technique,3,RNA 치료제·siRNA,RNA Therapeutics,1.473
P0393,technique,4,유세포분석,Flow Cytometry,1.42
P0393,technique,5,전자현미경,Electron Microscopy,1.411
P0393,technique,6,면역조직화학,Immunohistochemistry,1.274
P0393,technique,7,RNA-seq·전사체,RNA-seq / Transcriptomics,0.947
P0393,technique,8,유전자변형 마우스,Genetically Modified Mice,0.737
P0305,keyword,1,Edaphic,Edaphic,0.778
P0305,keyword,2,Community structure,Community structure,0.777
P0305,keyword,3,Ordination,Ordination,0.759
P0305,keyword,4,Soil pH,Soil pH,0.637
P0305,keyword,5,Soil carbon,Soil carbon,0.613
P0305,keyword,6,Amplicon sequencing,Amplicon sequencing,0.6
P0305,keyword,7,Pairwise comparison,Pairwise comparison,0.573
P0305,keyword,8,Peninsula,Peninsula,0.539
P0305,keyword,9,Biome,Biome,0.489
P0305,keyword,10,Species richness,Species richness,0.386
P0305,keyword,11,Soil water,Soil water,0.375
P0305,keyword,12,Niche,Niche,0.259
P0327,keyword,1,Lung transplantation,Lung transplantation,6.719
P0327,keyword,2,Ozone,Ozone,3.732
P0327,keyword,3,Air Pollution,Air Pollution,3.686
P0327,keyword,4,COPD,COPD,3.47
P0327,keyword,5,Environmental Exposure,Environmental Exposure,3.145
P0327,keyword,6,Particulate Matter,Particulate Matter,2.979
P0327,keyword,7,Extracorporeal membrane oxygenation,Extracorporeal membrane oxygenation,2.795
P0327,keyword,8,Rifle,Rifle,2.47
P0327,keyword,9,Cross Infection,Cross Infection,2.381
P0327,keyword,10,Pneumonia,Pneumonia,2.31
P0327,keyword,11,Acute Kidney Injury,Acute Kidney Injury,2.304
P0327,keyword,12,Nursing Homes,Nursing Homes,2.141
P0327,technique,1,분자도킹·시뮬레이션,Molecular Docking / Dynamics,0.23
P0327,technique,2,생물정보·계산생물,Bioinformatics,0.083
P0445,keyword,1,Antithrombotic,Antithrombotic,13.4
P0445,keyword,2,Endoscopic Mucosal Resection,Endoscopic Mucosal Resection,9.405
P0445,keyword,3,Gastrointestinal Hemorrhage,Gastrointestinal Hemorrhage,8.072
P0445,keyword,4,Helicobacter pylori,Helicobacter pylori,7.654
P0445,keyword,5,Stomach Neoplasms,Stomach Neoplasms,7.65
P0445,keyword,6,Fibrinolytic Agents,Fibrinolytic Agents,6.976
P0445,keyword,7,"Endoscopy, Gastrointestinal","Endoscopy, Gastrointestinal",6.768
P0445,keyword,8,Proton Pump Inhibitors,Proton Pump Inhibitors,6.548
P0445,keyword,9,Endoscopic submucosal dissection,Endoscopic submucosal dissection,6.529
P0445,keyword,10,Helicobacter Infections,Helicobacter Infections,6.203
P0445,keyword,11,Gastrectomy,Gastrectomy,6.126
P0445,keyword,12,Guideline,Guideline,5.833
P0445,technique,1,임상시험,Clinical Trials,1.506
P0445,technique,2,줄기세포·iPSC,Stem Cells / iPSC,1.463
P0445,technique,3,전자현미경,Electron Microscopy,1.237
P0445,technique,4,MRI·PET 영상,MRI / PET Imaging,0.882
P0445,technique,5,면역조직화학,Immunohistochemistry,0.69
P0700,keyword,1,Deoxycholic Acid,Deoxycholic Acid,17.356
P0700,keyword,2,Caco-2 Cells,Caco-2 Cells,13.736
P0700,keyword,3,Bioavailability,Bioavailability,10.263
P0700,keyword,4,Skin Absorption,Skin Absorption,9.591
P0700,keyword,5,"Administration, Oral","Administration, Oral",9.41
P0700,keyword,6,Oxaliplatin,Oxaliplatin,8.727
P0700,keyword,7,"Administration, Metronomic","Administration, Metronomic",8.446
P0700,keyword,8,Biological Availability,Biological Availability,8.369
P0700,keyword,9,Pharmacology,Pharmacology,7.13
P0700,keyword,10,Alopecia,Alopecia,7.046
P0700,keyword,11,Chenodeoxycholic acid,Chenodeoxycholic acid,6.94
P0700,keyword,12,Pemetrexed,Pemetrexed,6.689
P0700,technique,1,나노입자·약물전달,Nanoparticles / Drug Delivery,11.924
P0700,technique,2,제브라피시,Zebrafish,2.359
P0700,technique,3,종양 이종이식 모델,Xenograft Models,2.065
P0700,technique,4,면역조직화학,Immunohistochemistry,0.274
P0321,keyword,1,Bloating,Bloating,1.062
P0321,keyword,2,Irritable Bowel Syndrome,Irritable Bowel Syndrome,0.571
P0321,keyword,3,Nurses,Nurses,0.433
P0321,keyword,4,Physicians,Physicians,0.319
P0321,keyword,5,Pain management,Pain management,0.312
P0321,keyword,6,"Health Knowledge, Attitudes, Practice","Health Knowledge, Attitudes, Practice",0.293
P0321,keyword,7,Guideline Adherence,Guideline Adherence,0.255
P0321,keyword,8,Pain,Pain,0.254
P0321,keyword,9,"Analgesics, Opioid","Analgesics, Opioid",0.21
P0321,keyword,10,Cancer pain,Cancer pain,0.207
P0321,keyword,11,Gastroenterology,Gastroenterology,0.199
P0321,keyword,12,Diarrhea,Diarrhea,0.166
P0480,keyword,1,"Carcinoma, Embryonal","Carcinoma, Embryonal",9.47
P0480,keyword,2,Nanog Homeobox Protein,Nanog Homeobox Protein,7.363
P0480,keyword,3,Homeobox protein NANOG,Homeobox protein NANOG,5.617
P0480,keyword,4,Octamer Transcription Factor-3,Octamer Transcription Factor-3,5.496
P0480,keyword,5,"Gene Expression Regulation, Neoplastic","Gene Expression Regulation, Neoplastic",4.995
P0480,keyword,6,Proto-Oncogene Proteins c-ets,Proto-Oncogene Proteins c-ets,4.938
P0480,keyword,7,Growth Differentiation Factor 3,Growth Differentiation Factor 3,4.014
P0480,keyword,8,Embryonic stem cell,Embryonic stem cell,3.314
P0480,keyword,9,Rex1,Rex1,3.273
P0480,keyword,10,Embryonal Carcinoma Stem Cells,Embryonal Carcinoma Stem Cells,2.987
P0480,keyword,11,"Nuclear Receptor Subfamily 6, Group A, Member 1","Nuclear Receptor Subfamily 6, Group A, Member 1",2.896
P0480,keyword,12,"Leukemia, T-Cell","Leukemia, T-Cell",2.611
P0480,technique,1,줄기세포·iPSC,Stem Cells / iPSC,2.61
P0480,technique,2,RNA 치료제·siRNA,RNA Therapeutics,0.691
P0480,technique,3,나노입자·약물전달,Nanoparticles / Drug Delivery,0.683
P0480,technique,4,웨스턴블롯,Western Blot,0.381
P0480,technique,5,유세포분석,Flow Cytometry,0.328
P0480,technique,6,면역조직화학,Immunohistochemistry,0.262
